day,dir,entry,exit,qty,pnl,pnl_gross,stop_dist,why,min_in,min_out,R,R_gross,atr,market
2010-09-07,-1,1856.75,1857.5,7,-19.04,-3.5,33.5625,time,930,955,-0.04052141527001862,-0.0074487895716946,67.125,NQ
2010-09-13,1,1915.75,1918.0,7,22.96,38.5,31.348214285714285,time,930,955,0.05231557960694959,0.08772429507262888,62.69642857142857,NQ
2010-09-20,1,1985.0,1986.25,8,10.24,28.0,30.348214285714285,time,930,955,0.021088555457487498,0.057664018829067375,60.69642857142857,NQ
2010-09-27,-1,2017.0,2010.0,8,102.24,120.0,30.3125,time,930,955,0.2108041237113402,0.24742268041237114,60.625,NQ
2010-10-04,-1,1972.75,1972.75,9,-10.98,9.0,27.517857142857142,time,930,955,-0.022167423750811162,0.018170019467878003,55.035714285714285,NQ
2010-10-11,1,2022.0,2024.75,9,38.519999999999996,58.5,27.625,time,930,955,0.07746606334841628,0.11764705882352941,55.25,NQ
2010-10-18,1,2101.75,2102.25,9,-1.9800000000000004,18.0,26.339285714285715,time,930,955,-0.0041762711864406785,0.03796610169491525,52.67857142857143,NQ
2010-10-25,1,2118.75,2110.75,8,-137.76,-120.0,28.098214285714285,time,930,955,-0.30642516682554816,-0.2669208770257388,56.19642857142857,NQ
2010-11-01,1,2121.75,2125.25,9,52.019999999999996,72.0,26.383928571428573,time,930,955,0.1095363790186125,0.1516074450084602,52.767857142857146,NQ
2010-11-08,-1,2186.75,2185.75,9,7.02,27.0,26.803571428571427,time,930,955,0.014550299800133245,0.05596269153897402,53.607142857142854,NQ
2010-11-15,-1,2130.5,2128.0,8,30.240000000000002,48.0,28.330357142857142,time,930,955,0.06671289000945478,0.10589347620548377,56.660714285714285,NQ
2010-11-22,1,2141.25,2150.75,9,160.02,180.0,26.401785714285715,time,930,955,0.33671964829218803,0.3787622590463307,52.80357142857143,NQ
2010-11-29,-1,2145.25,2144.5,9,2.5199999999999996,22.5,25.616071428571427,time,930,955,0.0054653189264552106,0.048797490414778676,51.232142857142854,NQ
2010-12-06,-1,2190.0,2189.25,10,2.8000000000000007,25.0,23.044642857142858,time,930,955,0.006075164664858583,0.05424254165052305,46.089285714285715,NQ
2010-12-13,-1,2212.75,2206.75,10,107.8,130.0,24.214285714285715,time,930,955,0.22259587020648966,0.2684365781710914,48.42857142857143,NQ
2010-12-20,-1,2224.25,2222.25,10,27.8,50.0,23.133928571428573,time,930,955,0.06008490930142802,0.1080663836356619,46.267857142857146,NQ
2010-12-27,-1,2231.5,2230.0,11,19.58,44.0,21.419642857142858,time,930,955,0.04155064610254272,0.09337223843268028,42.839285714285715,NQ
2011-01-03,1,2253.5,2252.0,11,-46.42,-22.0,21.026785714285715,time,930,955,-0.10034819532908705,-0.04755838641188959,42.05357142857143,NQ
2011-01-10,-1,2285.25,2283.75,12,21.36,48.0,20.642857142857142,time,930,955,0.04311418685121107,0.09688581314878893,41.285714285714285,NQ
2011-01-18,1,2326.5,2327.25,14,3.9200000000000017,35.0,17.491071428571427,time,930,955,0.00800408371618173,0.07146503318019398,34.982142857142854,NQ
2011-01-24,-1,2294.0,2298.5,13,-132.86,-104.0,18.044642857142858,time,930,955,-0.28318654131618015,-0.22167243938644235,36.089285714285715,NQ
2011-01-31,-1,2276.5,2280.25,13,-113.36,-84.5,18.9375,time,930,955,-0.23023102310231022,-0.1716171617161716,37.875,NQ
2011-02-07,1,2347.25,2346.5,13,-35.36,-6.5,18.214285714285715,time,930,955,-0.07466666666666666,-0.01372549019607843,36.42857142857143,NQ
2011-02-14,1,2383.25,2384.0,13,3.6400000000000006,32.5,18.955357142857142,time,930,955,0.007385774846914744,0.06594441827602449,37.910714285714285,NQ
2011-02-22,-1,2321.75,2321.25,12,-2.6400000000000006,24.0,19.383928571428573,time,930,955,-0.005674804237678489,0.0515891294334408,38.767857142857146,NQ
2011-02-28,1,2350.5,2351.0,12,-2.6400000000000006,24.0,20.017857142857142,time,930,955,-0.005495093666369314,0.049955396966993755,40.035714285714285,NQ
2011-03-07,-1,2331.5,2328.25,12,63.36,90.0,19.75,time,930,955,0.13367088607594937,0.189873417721519,39.5,NQ
2011-03-14,1,2285.5,2288.0,12,45.36,72.0,20.8125,time,930,955,0.09081081081081081,0.14414414414414414,41.625,NQ
2011-03-15,1,2262.5,2256.25,11,-150.92,-126.5,21.973214285714285,time,930,955,-0.31219829337667615,-0.26168224299065423,43.94642857142857,NQ
2011-03-21,1,2259.75,2258.75,10,-32.2,-10.0,23.678571428571427,time,930,955,-0.06799396681749624,-0.021116138763197588,47.357142857142854,NQ
2011-03-22,-1,2256.75,2256.75,10,-12.2,10.0,23.205357142857142,time,930,955,-0.026287033474413236,0.02154674874951905,46.410714285714285,NQ
2011-03-25,1,2313.75,2313.75,11,-13.42,11.0,22.446428571428573,time,930,955,-0.027175815433571993,0.02227525855210819,44.892857142857146,NQ
2011-03-28,-1,2310.5,2301.25,10,172.8,195.0,24.4375,time,930,955,0.35355498721227624,0.3989769820971867,48.875,NQ
2011-03-31,1,2336.75,2338.5,10,22.8,45.0,23.955357142857142,time,930,955,0.047588520313082375,0.09392471114424153,47.910714285714285,NQ
2011-04-04,-1,2328.0,2332.5,10,-102.2,-80.0,23.214285714285715,time,930,955,-0.2201230769230769,-0.1723076923076923,46.42857142857143,NQ
2011-04-11,-1,2304.5,2310.0,11,-134.42,-110.0,22.616071428571427,time,930,955,-0.27016186340307935,-0.22108172127911568,45.232142857142854,NQ
2011-04-14,-1,2308.0,2308.5,11,-24.42,-0.0,20.848214285714285,time,930,955,-0.05324197002141328,-0.0,41.69642857142857,NQ
2011-04-15,-1,2303.5,2304.5,12,-38.64,-12.0,20.267857142857142,time,930,955,-0.07943612334801763,-0.024669603524229075,40.535714285714285,NQ
2011-04-18,-1,2286.25,2288.5,12,-68.64,-42.0,20.410714285714285,time,930,955,-0.14012248468941382,-0.0857392825896763,40.82142857142857,NQ
2011-04-19,-1,2298.25,2302.75,12,-122.64,-96.0,20.526785714285715,time,930,955,-0.24894301870378424,-0.1948673336233145,41.05357142857143,NQ
2011-04-20,1,2353.25,2354.5,12,15.36,42.0,19.741071428571427,time,930,955,0.03241971958389869,0.08864767073722299,39.482142857142854,NQ
2011-04-25,1,2380.25,2379.75,12,-26.64,0.0,19.375,time,930,955,-0.05729032258064516,0.0,38.75,NQ
2011-05-02,-1,2399.25,2401.0,13,-61.36,-32.5,18.285714285714285,time,930,955,-0.1290625,-0.068359375,36.57142857142857,NQ
2011-05-05,1,2370.75,2371.75,14,10.920000000000002,42.0,16.875,time,930,955,0.023111111111111114,0.08888888888888889,33.75,NQ
2011-05-06,-1,2381.0,2379.75,14,17.92,49.0,17.321428571428573,time,930,955,0.036948453608247424,0.10103092783505153,34.642857142857146,NQ
2011-05-09,-1,2390.25,2388.0,13,42.64,71.5,18.1875,time,930,955,0.09017182130584192,0.15120274914089346,36.375,NQ
2011-05-24,-1,2309.0,2301.5,14,192.92000000000002,224.0,17.625,time,930,955,0.3909219858156029,0.45390070921985815,35.25,NQ
2011-05-25,1,2315.75,2310.0,14,-178.07999999999998,-147.0,17.419642857142858,time,930,955,-0.3651050743208611,-0.30138390568939005,34.839285714285715,NQ
2011-05-31,-1,2360.5,2372.0,14,-339.08,-308.0,17.178571428571427,time,930,955,-0.704948024948025,-0.6403326403326404,34.357142857142854,NQ
2011-06-02,1,2329.25,2327.0,14,-80.08,-49.0,17.705357142857142,time,930,955,-0.16153303076147252,-0.09884014120020171,35.410714285714285,NQ
2011-06-06,1,2279.5,2273.25,13,-178.36,-149.5,18.875,time,930,955,-0.36344370860927155,-0.304635761589404,37.75,NQ
2011-06-08,-1,2249.5,2252.75,13,-100.36,-71.5,18.901785714285715,time,930,955,-0.2042135096835144,-0.14548889938592346,37.80357142857143,NQ
2011-06-09,1,2262.0,2256.0,13,-171.86,-143.0,19.142857142857142,time,930,955,-0.3452985074626866,-0.2873134328358209,38.285714285714285,NQ
2011-06-10,-1,2232.75,2221.75,13,270.14,299.0,17.955357142857142,time,930,955,0.5786573843858777,0.6404773744405768,35.910714285714285,NQ
2011-06-13,1,2221.0,2217.75,13,-100.36,-71.5,18.294642857142858,time,930,955,-0.2109907271839922,-0.15031722791605662,36.589285714285715,NQ
2011-06-20,1,2199.5,2199.75,14,-10.079999999999998,21.0,17.732142857142858,time,930,955,-0.020302114803625374,0.04229607250755287,35.464285714285715,NQ
2011-06-27,1,2257.0,2247.5,14,-283.08,-252.0,17.669642857142858,time,930,955,-0.5721677614957049,-0.5093481556341587,35.339285714285715,NQ
2011-07-11,1,2358.0,2359.5,12,21.36,48.0,20.419642857142858,time,930,955,0.04358548316571928,0.09794490599038042,40.839285714285715,NQ
2011-07-18,-1,2336.25,2341.5,12,-140.64,-114.0,20.571428571428573,time,930,955,-0.28486111111111106,-0.23090277777777773,41.142857142857146,NQ
2011-07-25,1,2423.5,2421.5,11,-57.42,-33.0,21.196428571428573,time,930,955,-0.12313395113732097,-0.07076663858466722,42.392857142857146,NQ
2011-08-01,-1,2342.0,2350.5,10,-182.2,-160.0,23.571428571428573,time,930,955,-0.38648484848484843,-0.33939393939393936,47.142857142857146,NQ
2011-08-08,1,2085.0,2059.25,9,-474.48,-454.5,25.776785714285715,time,930,955,-1.022625562868029,-0.979563560789747,51.55357142857143,NQ
2011-08-15,1,2204.5,2210.75,7,78.96000000000001,94.5,34.13392857142857,time,930,955,0.16523149359142036,0.19775045775568925,68.26785714285714,NQ
2011-08-22,-1,2049.25,2042.25,6,76.68,90.0,37.607142857142854,time,930,955,0.16991452991452996,0.19943019943019946,75.21428571428571,NQ
2011-08-29,1,2220.5,2221.75,5,6.4,17.5,42.88392857142857,time,930,955,0.01492400582968978,0.04080782844055799,85.76785714285714,NQ
2011-09-06,1,2143.75,2167.75,4,187.12,196.0,51.38392857142857,time,930,955,0.45520069504778454,0.47680278019113814,102.76785714285714,NQ
2011-09-12,1,2166.5,2187.5,4,163.12,172.0,52.8125,time,930,955,0.3860828402366864,0.40710059171597635,105.625,NQ
2011-09-19,-1,2311.75,2303.5,4,61.12,70.0,53.473214285714285,time,930,955,0.14287527133077307,0.1636333277675739,106.94642857142857,NQ
2011-09-26,-1,2209.25,2226.5,4,-142.88,-134.0,55.857142857142854,time,930,955,-0.3197442455242967,-0.29987212276214836,111.71428571428571,NQ
2011-10-03,-1,2086.75,2078.0,4,65.12,74.0,56.589285714285715,time,930,955,0.14384348374881667,0.16345850426001893,113.17857142857143,NQ
2011-10-10,1,2253.25,2273.25,4,155.12,164.0,61.3125,time,930,955,0.3162487257900102,0.3343527013251784,122.625,NQ
2011-10-17,-1,2329.25,2330.75,3,-12.66,-6.0,66.9375,time,930,955,-0.031521942110177406,-0.014939309056956116,133.875,NQ
2011-10-24,1,2374.0,2379.25,3,27.84,34.5,68.66071428571429,time,930,955,0.06757867360208061,0.08374512353706111,137.32142857142858,NQ
2011-10-31,-1,2364.0,2356.5,3,41.34,48.0,67.30357142857143,time,930,955,0.10237198195807908,0.11886442027062882,134.60714285714286,NQ
2011-11-07,1,2360.0,2367.75,3,42.84,49.5,64.76785714285714,time,930,955,0.11023986765922252,0.1273779983457403,129.53571428571428,NQ
2011-11-14,1,2340.25,2338.75,4,-16.88,-8.0,55.964285714285715,time,930,955,-0.037702616464582,-0.017868538608806637,111.92857142857143,NQ
2011-11-21,-1,2217.25,2209.75,4,55.12,64.0,51.901785714285715,time,930,955,0.13275073111990365,0.15413727851367623,103.80357142857143,NQ
2011-11-28,1,2212.25,2224.5,5,116.4,127.5,47.035714285714285,time,930,955,0.2474715261958998,0.27107061503416857,94.07142857142857,NQ
2011-12-05,-1,2319.25,2327.5,5,-88.6,-77.5,45.776785714285715,time,930,955,-0.19354788375268187,-0.16929978544958063,91.55357142857143,NQ
2011-12-12,-1,2284.25,2290.5,5,-68.6,-57.5,47.910714285714285,time,930,955,-0.14318300409988818,-0.12001490868430861,95.82142857142857,NQ
2011-12-19,1,2208.25,2210.5,5,16.4,27.5,48.026785714285715,time,930,955,0.034147611080126414,0.05725971370143149,96.05357142857143,NQ
2011-12-27,1,2293.75,2288.5,5,-58.6,-47.5,46.57142857142857,time,930,955,-0.12582822085889572,-0.10199386503067485,93.14285714285714,NQ
2012-01-03,1,2320.5,2316.0,5,-51.1,-40.0,44.598214285714285,time,930,955,-0.11457857857857859,-0.0896896896896897,89.19642857142857,NQ
2012-01-09,-1,2349.25,2347.5,6,13.68,27.0,40.6875,time,930,955,0.028018433179723502,0.055299539170506916,81.375,NQ
2012-01-17,1,2387.5,2389.25,7,15.96,31.5,33.464285714285715,time,930,955,0.034066168623265745,0.0672358591248666,66.92857142857143,NQ
2012-01-23,1,2433.75,2434.5,7,1.9600000000000009,17.5,32.17857142857143,time,930,955,0.004350721420643731,0.038845726970033294,64.35714285714286,NQ
2012-01-30,-1,2458.75,2462.25,7,-57.54,-42.0,33.348214285714285,time,930,955,-0.12324497991967871,-0.08995983935742972,66.69642857142857,NQ
2012-02-06,1,2522.75,2525.0,7,22.96,38.5,33.044642857142854,time,930,955,0.049629829775736295,0.0832207511483383,66.08928571428571,NQ
2012-02-13,1,2567.75,2567.0,7,-19.04,-3.5,33.955357142857146,time,930,955,-0.040052590060478566,-0.007362608466999736,67.91071428571429,NQ
2012-02-21,-1,2578.0,2591.0,8,-217.76,-200.0,28.696428571428573,time,930,955,-0.47427504667081516,-0.4355942750466708,57.392857142857146,NQ
2012-02-27,-1,2611.5,2608.25,9,47.519999999999996,67.5,26.875,time,930,955,0.09823255813953488,0.13953488372093023,53.75,NQ
2012-03-05,-1,2617.75,2614.25,10,57.8,80.0,23.982142857142858,time,930,955,0.12050632911392403,0.16679076693968725,47.964285714285715,NQ
2012-03-12,1,2647.0,2647.5,10,-2.1999999999999993,20.0,23.276785714285715,time,930,955,-0.00472573839662447,0.04296125815113157,46.55357142857143,NQ
2012-03-19,1,2732.25,2728.25,11,-101.42,-77.0,21.535714285714285,time,930,955,-0.21406301824212273,-0.1625207296849088,43.07142857142857,NQ
2012-03-26,1,2770.5,2773.5,11,52.58,77.0,21.589285714285715,time,930,955,0.11070306038047972,0.1621174524400331,43.17857142857143,NQ
2012-04-09,-1,2741.0,2737.0,11,74.58,99.0,21.660714285714285,time,930,955,0.1565045342126958,0.20774938169826876,43.32142857142857,NQ
2012-04-16,-1,2667.5,2666.25,11,14.08,38.5,22.473214285714285,time,930,955,0.028478347238776323,0.07787048073102901,44.94642857142857,NQ
2012-04-23,-1,2650.25,2650.75,10,-22.2,-0.0,24.651785714285715,time,930,955,-0.045027164070988765,-0.0,49.30357142857143,NQ
2012-04-30,-1,2719.25,2718.5,10,2.8000000000000007,25.0,23.875,time,930,955,0.00586387434554974,0.05235602094240838,47.75,NQ
2012-05-07,1,2644.25,2635.5,9,-168.48,-148.5,25.571428571428573,time,930,955,-0.36603351955307256,-0.3226256983240223,51.142857142857146,NQ
2012-05-14,1,2593.75,2587.0,9,-132.48,-112.5,26.928571428571427,time,930,955,-0.273315649867374,-0.2320954907161804,53.857142857142854,NQ
2012-05-21,1,2542.5,2542.25,9,-15.48,4.5,27.151785714285715,time,930,955,-0.0316737915159487,0.009207497533706017,54.30357142857143,NQ
2012-05-29,-1,2550.0,2556.75,8,-117.76,-100.0,29.508928571428573,time,930,955,-0.2494160363086233,-0.2118003025718608,59.017857142857146,NQ
2012-06-04,-1,2463.5,2476.0,8,-209.76,-192.0,29.410714285714285,time,930,955,-0.4457559198542805,-0.4080145719489982,58.82142857142857,NQ
2012-06-11,-1,2518.75,2512.75,7,75.46000000000001,91.0,32.125,time,930,955,0.1677821011673152,0.20233463035019456,64.25,NQ
2012-06-18,1,2586.25,2587.0,7,1.9600000000000009,17.5,34.285714285714285,time,930,955,0.0040833333333333355,0.036458333333333336,68.57142857142857,NQ
2012-06-25,-1,2531.5,2527.25,7,50.96,66.5,34.098214285714285,time,930,955,0.1067504582351401,0.13930348258706468,68.19642857142857,NQ
2012-07-02,-1,2613.75,2618.5,7,-75.03999999999999,-59.5,34.830357142857146,time,930,955,-0.1538887464752627,-0.12201999487310944,69.66071428571429,NQ
2012-07-05,-1,2647.75,2643.25,6,46.68,60.0,36.723214285714285,time,930,955,0.10592754680282032,0.1361536591295891,73.44642857142857,NQ
2012-07-09,-1,2601.25,2604.75,6,-49.32,-36.0,35.88392857142857,time,930,955,-0.11453595421746704,-0.08360288629012193,71.76785714285714,NQ
2012-07-16,-1,2573.5,2571.75,7,15.96,31.5,34.857142857142854,time,930,955,0.03270491803278689,0.06454918032786885,69.71428571428571,NQ
2012-07-23,-1,2587.5,2583.0,7,54.46,70.0,34.9375,time,930,955,0.11134168157423971,0.14311270125223613,69.875,NQ
2012-07-30,1,2636.0,2636.25,7,-5.039999999999999,10.5,33.651785714285715,time,930,955,-0.010697797824356592,0.0222870788007429,67.30357142857143,NQ
2012-08-06,1,2697.75,2689.0,7,-131.04,-115.5,32.69642857142857,time,930,955,-0.2862697979246313,-0.2523211359912616,65.39285714285714,NQ
2012-08-13,1,2721.75,2726.75,7,61.46,77.0,33.160714285714285,time,930,955,0.13238556812062466,0.16585891222401722,66.32142857142857,NQ
2012-08-20,-1,2782.0,2783.5,8,-33.76,-16.0,30.544642857142858,time,930,955,-0.06907921660333236,-0.03273896521484946,61.089285714285715,NQ
2012-08-21,1,2767.0,2772.5,7,68.46000000000001,84.0,32.25892857142857,time,930,955,0.1515859396623305,0.18599501799058954,64.51785714285714,NQ
2012-08-22,1,2781.75,2783.0,7,8.96,24.5,32.464285714285715,time,930,955,0.019713971397139717,0.0539053905390539,64.92857142857143,NQ
2012-08-23,-1,2764.0,2762.0,8,22.240000000000002,40.0,29.508928571428573,time,930,955,0.047104387291981846,0.08472012102874432,59.017857142857146,NQ
2012-08-24,-1,2778.25,2778.25,9,-10.98,9.0,27.0625,time,930,955,-0.02254041570438799,0.018475750577367205,54.125,NQ
2012-08-27,-1,2779.75,2783.0,9,-69.48,-49.5,25.375,time,930,955,-0.15211822660098523,-0.10837438423645321,50.75,NQ
2012-08-28,-1,2782.75,2783.0,10,-17.2,5.0,23.633928571428573,time,930,955,-0.0363883641858708,0.010578012844729883,47.267857142857146,NQ
2012-08-29,-1,2784.75,2783.25,11,19.58,44.0,21.0,time,930,955,0.04238095238095238,0.09523809523809523,42.0,NQ
2012-08-31,-1,2767.25,2772.5,12,-140.64,-114.0,20.348214285714285,time,930,955,-0.28798595875383937,-0.23343571741992103,40.69642857142857,NQ
2012-09-04,1,2775.5,2770.5,13,-145.86,-117.0,18.723214285714285,time,930,955,-0.29962804005722465,-0.240343347639485,37.44642857142857,NQ
2012-09-05,1,2769.5,2766.5,13,-93.86,-65.0,18.366071428571427,time,930,955,-0.19655809431210503,-0.13612056392805058,36.732142857142854,NQ
2012-09-06,1,2826.75,2827.0,15,-10.8,22.5,16.446428571428573,time,930,955,-0.021889250814332246,0.04560260586319218,32.892857142857146,NQ
2012-09-07,-1,2822.5,2824.0,15,-63.3,-30.0,16.357142857142858,time,930,955,-0.1289956331877729,-0.0611353711790393,32.714285714285715,NQ
2012-09-10,-1,2792.75,2789.0,16,100.48,136.0,15.455357142857142,time,930,955,0.20316580011554017,0.2749855574812247,30.910714285714285,NQ
2012-09-11,1,2783.5,2784.25,16,4.48,40.0,14.732142857142858,time,930,955,0.009503030303030303,0.08484848484848484,29.464285714285715,NQ
2012-09-12,-1,2784.25,2792.75,17,-309.74,-272.0,13.991071428571429,time,930,955,-0.6511295469049139,-0.5717932354818124,27.982142857142858,NQ
2012-09-13,1,2832.75,2829.5,18,-138.96,-99.0,13.758928571428571,time,930,955,-0.28054510058403637,-0.199870214146658,27.517857142857142,NQ
2012-09-14,1,2850.75,2855.25,17,132.26,170.0,14.535714285714286,time,930,955,0.2676167076167076,0.343980343980344,29.071428571428573,NQ
2012-09-17,-1,2842.0,2850.25,17,-301.24,-263.5,14.5625,time,930,955,-0.608412017167382,-0.5321888412017167,29.125,NQ
2012-09-18,1,2851.5,2852.5,17,13.260000000000002,51.0,14.491071428571429,time,930,955,0.026913123844731983,0.10351201478743069,28.982142857142858,NQ
2012-09-19,-1,2862.5,2858.75,17,106.76,144.5,14.214285714285714,time,930,955,0.22090452261306534,0.2989949748743719,28.428571428571427,NQ
2012-09-20,-1,2855.5,2855.75,17,-29.24,8.5,14.294642857142858,time,930,955,-0.06016239850093691,0.017489069331667707,28.589285714285715,NQ
2012-09-24,1,2839.0,2837.75,17,-63.239999999999995,-25.5,13.955357142857142,time,930,955,-0.13328214971209212,-0.053742802303262956,27.910714285714285,NQ
2012-09-25,-1,2813.25,2799.5,18,473.04,513.0,13.6875,time,930,955,0.9600000000000001,1.0410958904109588,27.375,NQ
2012-09-26,-1,2774.75,2777.25,16,-99.52,-64.0,14.883928571428571,time,930,955,-0.2089502099580084,-0.13437312537492502,29.767857142857142,NQ
2012-09-27,-1,2818.5,2815.5,17,81.26,119.0,13.964285714285714,time,930,955,0.17115089514066498,0.2506393861892583,27.928571428571427,NQ
2012-09-28,-1,2794.0,2792.25,16,36.480000000000004,72.0,15.098214285714286,time,930,955,0.0755056179775281,0.14902424600827913,30.196428571428573,NQ
2012-10-01,-1,2782.75,2787.5,16,-171.52,-136.0,14.723214285714286,time,930,955,-0.3640509399636143,-0.28865979381443296,29.446428571428573,NQ
2012-10-02,-1,2785.75,2794.75,16,-307.52,-272.0,15.598214285714286,time,930,955,-0.6160961648540354,-0.5449341728677733,31.196428571428573,NQ
2012-10-03,-1,2808.25,2812.0,15,-130.8,-97.5,15.991071428571429,time,930,955,-0.2726521496370743,-0.20323841429369066,31.982142857142858,NQ
2012-10-04,-1,2826.5,2822.5,16,108.48,144.0,15.125,time,930,955,0.2241322314049587,0.2975206611570248,30.25,NQ
2012-10-10,-1,2719.25,2722.5,15,-115.8,-82.5,15.803571428571429,time,930,955,-0.24424858757062146,-0.17401129943502824,31.607142857142858,NQ
2012-10-15,-1,2729.25,2733.0,14,-122.08,-91.0,17.678571428571427,time,930,955,-0.24662626262626264,-0.18383838383838386,35.357142857142854,NQ
2012-10-16,1,2769.75,2771.5,13,29.64,58.5,17.964285714285715,time,930,955,0.06345924453280317,0.12524850894632206,35.92857142857143,NQ
2012-10-17,1,2772.25,2769.75,13,-80.86,-52.0,18.705357142857142,time,930,955,-0.16626252983293555,-0.10692124105011933,37.410714285714285,NQ
2012-10-18,1,2739.75,2738.25,13,-54.86,-26.0,18.946428571428573,time,930,955,-0.11136663524976437,-0.05278039585296889,37.892857142857146,NQ
2012-10-19,-1,2674.0,2672.0,12,33.36,60.0,19.383928571428573,time,930,955,0.07170888991248271,0.12897282358360201,38.767857142857146,NQ
2012-10-22,1,2678.75,2686.25,12,165.36,192.0,19.946428571428573,time,930,955,0.3454252461951656,0.4010743061772605,39.892857142857146,NQ
2012-10-23,-1,2663.0,2659.25,12,75.36,102.0,19.616071428571427,time,930,955,0.16007282658170235,0.21665908056440603,39.232142857142854,NQ
2012-10-24,-1,2651.0,2648.75,12,39.36,66.0,19.285714285714285,time,930,955,0.08503703703703704,0.1425925925925926,38.57142857142857,NQ
2012-10-25,-1,2648.5,2650.25,12,-56.64,-30.0,19.517857142857142,time,930,955,-0.1209149130832571,-0.06404391582799634,39.035714285714285,NQ
2012-10-26,1,2664.75,2658.25,13,-184.86,-156.0,19.035714285714285,time,930,955,-0.3735084427767355,-0.3151969981238274,38.07142857142857,NQ
2012-10-31,-1,2642.75,2640.5,13,42.64,71.5,19.1875,time,930,955,0.08547231270358306,0.14332247557003258,38.375,NQ
2012-11-01,1,2679.75,2679.25,13,-28.86,0.0,19.223214285714285,time,930,955,-0.057742684626103116,0.0,38.44642857142857,NQ
2012-11-02,-1,2655.0,2649.25,12,123.36,150.0,20.017857142857142,time,930,955,0.2567707404103479,0.31222123104371097,40.035714285714285,NQ
2012-11-05,1,2661.75,2667.75,12,129.36,156.0,19.919642857142858,time,930,955,0.2705871806364859,0.32631107126848946,39.839285714285715,NQ
2012-11-07,-1,2623.5,2610.75,13,315.64,344.5,18.625,time,930,955,0.6518120805369128,0.7114093959731543,37.25,NQ
2012-11-09,1,2584.75,2579.0,12,-152.64,-126.0,20.035714285714285,time,930,955,-0.3174331550802139,-0.2620320855614973,40.07142857142857,NQ
2012-11-12,-1,2580.25,2579.25,12,9.36,36.0,20.026785714285715,time,930,955,0.01947391885867142,0.074899687917967,40.05357142857143,NQ
2012-11-19,1,2589.25,2592.0,12,51.36,78.0,20.026785714285715,time,930,955,0.10685688809629959,0.16228265715559517,40.05357142857143,NQ
2012-11-20,-1,2586.75,2593.0,12,-164.64,-138.0,19.767857142857142,time,930,955,-0.34702800361336944,-0.2908762420957543,39.535714285714285,NQ
2012-11-26,1,2645.0,2649.5,13,101.14,130.0,18.928571428571427,time,930,955,0.20550943396226418,0.2641509433962264,37.857142857142854,NQ
2012-11-28,-1,2663.0,2663.5,13,-28.86,-0.0,18.651785714285715,time,930,955,-0.059511728099569165,-0.0,37.30357142857143,NQ
2012-11-29,1,2680.5,2679.25,12,-44.64,-18.0,19.401785714285715,time,930,955,-0.0958674643350207,-0.038656235618959964,38.80357142857143,NQ
2012-12-03,-1,2672.25,2671.75,13,-2.8599999999999994,26.0,19.1875,time,930,955,-0.005732899022801302,0.05211726384364821,38.375,NQ
2012-12-05,-1,2647.0,2638.0,13,218.14,247.0,18.830357142857142,time,930,955,0.4455571360834518,0.5045045045045045,37.660714285714285,NQ
2012-12-06,1,2650.75,2654.25,12,69.36,96.0,19.571428571428573,time,930,955,0.14766423357664232,0.2043795620437956,39.142857142857146,NQ
2012-12-07,-1,2636.75,2638.75,12,-62.64,-36.0,19.392857142857142,time,930,955,-0.13458563535911602,-0.07734806629834254,38.785714285714285,NQ
2012-12-10,1,2647.75,2646.5,12,-44.64,-18.0,19.267857142857142,time,930,955,-0.09653382761816497,-0.03892493049119555,38.535714285714285,NQ
2012-12-11,1,2680.0,2681.25,12,15.36,42.0,19.321428571428573,time,930,955,0.03312384473197781,0.09057301293900183,38.642857142857146,NQ
2012-12-14,-1,2626.75,2629.5,13,-87.36,-58.5,18.633928571428573,time,930,955,-0.18031624341159558,-0.12074748442740775,37.267857142857146,NQ
2012-12-17,1,2647.75,2659.25,12,261.36,288.0,19.339285714285715,time,930,955,0.5631024930747922,0.6204986149584487,38.67857142857143,NQ
2012-12-18,-1,2698.75,2703.5,12,-128.64,-102.0,19.785714285714285,time,930,955,-0.27090252707581225,-0.2148014440433213,39.57142857142857,NQ
2012-12-19,-1,2698.0,2691.5,12,141.36,168.0,20.223214285714285,time,930,955,0.29124944812362036,0.34613686534216337,40.44642857142857,NQ
2012-12-20,-1,2687.0,2689.5,12,-74.64,-48.0,19.946428571428573,time,930,955,-0.15591763652641,-0.10026857654431512,39.892857142857146,NQ
2012-12-21,1,2658.25,2659.25,13,10.14,39.0,19.008928571428573,time,930,955,0.020516674495068107,0.07891028651949271,38.017857142857146,NQ
2012-12-28,1,2617.0,2600.5,13,-444.86,-416.0,18.830357142857142,time,930,955,-0.9086391654812708,-0.8496917970602181,37.660714285714285,NQ
2012-12-31,1,2649.25,2655.75,13,153.14,182.0,18.928571428571427,time,930,955,0.3111698113207547,0.369811320754717,37.857142857142854,NQ
2013-01-02,1,2729.75,2741.5,12,267.36,294.0,19.669642857142858,time,930,955,0.5663549704947799,0.6227871084884249,39.339285714285715,NQ
2013-01-07,-1,2720.75,2719.25,11,19.58,44.0,21.348214285714285,time,930,955,0.041689669594312,0.09368465077373483,42.69642857142857,NQ
2013-01-08,-1,2714.25,2713.5,11,3.08,27.5,21.267857142857142,time,930,955,0.00658270361041142,0.05877413937867339,42.535714285714285,NQ
2013-01-10,-1,2737.75,2738.5,11,-29.92,-5.5,21.151785714285715,time,930,955,-0.06429717180244829,-0.011819333051920641,42.30357142857143,NQ
2013-01-11,-1,2741.5,2743.25,12,-56.64,-30.0,20.455357142857142,time,930,955,-0.11537319947621126,-0.06110868616324749,40.910714285714285,NQ
2013-01-14,-1,2728.25,2730.75,13,-80.86,-52.0,18.678571428571427,time,930,955,-0.16650095602294457,-0.10707456978967496,37.357142857142854,NQ
2013-01-15,-1,2717.5,2717.5,13,-15.86,13.0,18.178571428571427,time,930,955,-0.033555992141453835,0.0275049115913556,36.357142857142854,NQ
2013-01-17,1,2745.5,2741.25,14,-136.07999999999998,-105.0,17.383928571428573,time,930,955,-0.2795685670261941,-0.21571648690292755,34.767857142857146,NQ
2013-01-18,1,2734.75,2736.0,13,16.64,45.5,17.875,time,930,955,0.035804195804195804,0.0979020979020979,35.75,NQ
2013-01-22,-1,2734.0,2740.0,14,-185.07999999999998,-154.0,17.848214285714285,time,930,955,-0.3703451725862931,-0.30815407703851927,35.69642857142857,NQ
2013-01-24,1,2724.5,2717.25,14,-220.07999999999998,-189.0,16.696428571428573,time,930,955,-0.47075935828876997,-0.4042780748663101,33.392857142857146,NQ
2013-01-28,1,2740.75,2737.25,14,-115.08,-84.0,17.330357142857142,time,930,955,-0.23715610510046367,-0.1731066460587326,34.660714285714285,NQ
2013-01-29,-1,2743.25,2739.0,14,101.92,133.0,17.089285714285715,time,930,955,0.21299895506792058,0.2779519331243469,34.17857142857143,NQ
2013-02-01,-1,2755.75,2758.5,14,-94.08,-63.0,16.946428571428573,time,930,955,-0.19827186512118017,-0.1327713382507903,33.892857142857146,NQ
2013-02-04,1,2716.25,2709.75,16,-227.52,-192.0,15.526785714285714,time,930,955,-0.4579183438757907,-0.38642898217366306,31.053571428571427,NQ
2013-02-06,1,2739.5,2741.0,17,30.26,68.0,14.1875,time,930,955,0.06273127753303966,0.14096916299559473,28.375,NQ
2013-02-07,-1,2729.0,2743.848214285714,17,-525.5792857142835,-487.8392857142835,14.348214285714286,stop,930,950,-1.0773615432482841,-0.9999999999999954,28.696428571428573,NQ
2013-02-11,-1,2772.75,2772.5,17,-12.239999999999998,25.5,14.616071428571429,time,930,955,-0.02463042150274893,0.05131337813072694,29.232142857142858,NQ
2013-02-12,-1,2764.0,2761.0,17,81.26,119.0,14.660714285714286,time,930,955,0.16302070645554204,0.2387332521315469,29.321428571428573,NQ
2013-02-13,1,2766.25,2771.25,16,140.48,176.0,14.803571428571429,time,930,955,0.29655006031363085,0.3715319662243667,29.607142857142858,NQ
2013-02-19,1,2778.5,2782.0,17,98.26,136.0,14.705357142857142,time,930,955,0.1965270188221008,0.2720097146326655,29.410714285714285,NQ
2013-02-21,-1,2714.75,2710.0,17,140.76,178.5,14.401785714285714,time,930,955,0.28746435213887167,0.3645381277123373,28.803571428571427,NQ
2013-02-25,1,2719.0,2702.3839285714284,15,-516.7821428571467,-483.48214285714675,16.116071428571427,stop,930,955,-1.068875346260396,-1.0000000000000082,32.232142857142854,NQ
2013-03-01,-1,2748.25,2746.75,14,24.92,56.0,17.714285714285715,time,930,955,0.05024193548387097,0.11290322580645161,35.42857142857143,NQ
2013-03-04,1,2756.75,2758.25,13,23.14,52.0,18.75,time,930,955,0.04746666666666667,0.10666666666666667,37.5,NQ
2013-03-11,-1,2807.75,2811.75,13,-119.86,-91.0,18.607142857142858,time,930,955,-0.24775431861804223,-0.18809980806142035,37.214285714285715,NQ
2013-03-12,1,2793.5,2796.25,12,51.36,78.0,19.455357142857142,time,930,955,0.10999541073887104,0.16704910509407986,38.910714285714285,NQ
2013-03-13,-1,2794.25,2792.5,12,27.36,54.0,19.473214285714285,time,930,955,0.058541953232462175,0.1155433287482806,38.94642857142857,NQ
2013-03-14,1,2800.0,2800.75,13,3.6400000000000006,32.5,19.169642857142858,time,930,955,0.007303213786679088,0.06520726595249185,38.339285714285715,NQ
2013-03-15,-1,2789.75,2792.0,13,-74.36,-45.5,17.964285714285715,time,930,955,-0.15920477137176936,-0.09741550695825049,35.92857142857143,NQ
2013-03-18,1,2784.5,2785.0,14,-3.0799999999999983,28.0,17.089285714285715,time,930,955,-0.006436781609195399,0.05851619644723093,34.17857142857143,NQ
2013-03-19,1,2771.75,2780.5,14,227.92000000000002,259.0,17.223214285714285,time,930,955,0.47261793675479524,0.5370658372213583,34.44642857142857,NQ
2013-03-20,-1,2798.5,2799.25,14,-38.08,-7.0,17.696428571428573,time,930,955,-0.07685166498486376,-0.014127144298688192,35.392857142857146,NQ
2013-03-21,1,2773.25,2767.75,13,-158.86,-130.0,18.053571428571427,time,930,955,-0.33843719090009894,-0.2769535113748764,36.107142857142854,NQ
2013-03-22,1,2790.25,2794.25,13,88.14,117.0,18.651785714285715,time,930,955,0.1817520344662518,0.24126376256582094,37.30357142857143,NQ
2013-03-25,1,2779.75,2783.25,13,75.14,104.0,19.116071428571427,time,930,955,0.1511816907986922,0.2092480149462868,38.232142857142854,NQ
2013-03-26,1,2799.75,2799.5,14,-24.08,7.0,17.571428571428573,time,930,955,-0.0489430894308943,0.014227642276422762,35.142857142857146,NQ
2013-03-27,1,2804.5,2804.25,15,-25.8,7.5,15.928571428571429,time,930,955,-0.053991031390134524,0.01569506726457399,31.857142857142858,NQ
2013-03-28,-1,2810.0,2812.0,16,-83.52,-48.0,15.205357142857142,time,930,955,-0.17165002935995302,-0.09864944216089254,30.410714285714285,NQ
2013-04-01,-1,2784.75,2791.75,16,-243.52,-208.0,14.883928571428571,time,930,955,-0.5112897420515897,-0.4367126574685063,29.767857142857142,NQ
2013-04-02,1,2813.25,2812.75,17,-37.739999999999995,0.0,14.089285714285714,time,930,955,-0.07878326996197718,0.0,28.178571428571427,NQ
2013-04-03,-1,2784.0,2788.5,17,-173.74,-136.0,14.1875,time,930,955,-0.3601762114537445,-0.28193832599118945,28.375,NQ
2013-04-04,1,2782.75,2788.25,16,156.48,192.0,14.830357142857142,time,930,955,0.3297290788681517,0.4045755568934377,29.660714285714285,NQ
2013-04-05,-1,2753.25,2768.8303571428573,16,-518.0914285714348,-482.5714285714348,15.080357142857142,stop,930,955,-1.0736056838366026,-1.0000000000000129,30.160714285714285,NQ
2013-04-08,-1,2773.25,2779.75,15,-213.3,-180.0,16.214285714285715,time,930,955,-0.4385022026431718,-0.3700440528634361,32.42857142857143,NQ
2013-04-09,-1,2803.25,2798.25,15,131.7,165.0,15.696428571428571,time,930,955,0.27968145620022755,0.3503981797497156,31.392857142857142,NQ
2013-04-11,-1,2850.75,2852.25,16,-67.52,-32.0,15.410714285714286,time,930,955,-0.13691772885283893,-0.06488991888760139,30.821428571428573,NQ
2013-04-15,-1,2795.0,2792.5,15,56.7,90.0,16.151785714285715,time,930,955,0.11701492537313433,0.1857379767827529,32.30357142857143,NQ
2013-04-16,-1,2828.75,2831.0,14,-80.08,-49.0,17.25,time,930,955,-0.16579710144927537,-0.10144927536231885,34.5,NQ
2013-04-17,-1,2771.5,2775.0,14,-115.08,-84.0,17.3125,time,930,955,-0.23740072202166065,-0.17328519855595667,34.625,NQ
2013-04-18,-1,2732.75,2735.5,12,-80.64,-54.0,19.267857142857142,time,930,955,-0.17438368860055606,-0.11677479147358664,38.535714285714285,NQ
2013-04-19,1,2774.25,2772.5,12,-56.64,-30.0,20.339285714285715,time,930,955,-0.11603160667251974,-0.061457418788410885,40.67857142857143,NQ
2013-04-22,1,2811.5,2802.0,11,-222.42,-198.0,21.330357142857142,time,930,955,-0.4739723733779824,-0.4219338635412307,42.660714285714285,NQ
2013-04-23,1,2831.5,2828.5,11,-79.42,-55.0,21.625,time,930,955,-0.1669364161849711,-0.11560693641618497,43.25,NQ
2013-04-24,1,2831.25,2828.0,11,-84.92,-60.5,21.8125,time,930,955,-0.17696275071633238,-0.12607449856733524,43.625,NQ
2013-04-25,1,2842.0,2843.25,11,14.08,38.5,21.214285714285715,time,930,955,0.030168350168350167,0.08249158249158249,42.42857142857143,NQ
2013-04-26,1,2841.75,2834.0,11,-183.92,-159.5,21.357142857142858,time,930,955,-0.39143812709030096,-0.3394648829431438,42.714285714285715,NQ
2013-04-29,1,2865.5,2860.25,12,-140.64,-114.0,20.294642857142858,time,930,955,-0.2887461504619446,-0.23405191377034756,40.589285714285715,NQ
2013-04-30,-1,2877.25,2881.75,12,-122.64,-96.0,20.8125,time,930,955,-0.24552552552552553,-0.1921921921921922,41.625,NQ
2013-05-01,-1,2868.25,2868.75,12,-26.64,-0.0,20.535714285714285,time,930,955,-0.05405217391304348,-0.0,41.07142857142857,NQ
2013-05-02,1,2908.25,2904.0,12,-116.64,-90.0,19.258928571428573,time,930,955,-0.2523504867872044,-0.19471488178025032,38.517857142857146,NQ
2013-05-03,1,2940.5,2938.75,12,-56.64,-30.0,19.910714285714285,time,930,955,-0.1185291479820628,-0.06278026905829596,39.82142857142857,NQ
2013-05-06,1,2950.0,2949.5,12,-26.64,0.0,19.303571428571427,time,930,955,-0.05750231267345052,0.0,38.607142857142854,NQ
2013-05-07,1,2947.75,2946.5,13,-48.36,-19.5,18.366071428571427,time,930,955,-0.10127369956246962,-0.04083616917841517,36.732142857142854,NQ
2013-05-08,1,2963.25,2961.75,15,-63.3,-30.0,16.473214285714285,time,930,955,-0.12808672086720868,-0.06070460704607046,32.94642857142857,NQ
2013-05-09,1,2962.25,2958.5,16,-139.52,-104.0,15.178571428571429,time,930,955,-0.2872470588235294,-0.21411764705882352,30.357142857142858,NQ
2013-05-10,1,2973.0,2976.75,17,106.76,144.5,14.517857142857142,time,930,955,0.21628536285362857,0.2927429274292743,29.035714285714285,NQ
2013-05-13,1,2977.25,2980.25,18,86.03999999999999,126.0,13.776785714285714,time,930,955,0.1734802333117304,0.254050550874919,27.553571428571427,NQ
2013-05-14,1,2993.25,2995.0,19,43.32,85.5,13.151785714285714,time,930,955,0.08668024439918534,0.17107942973523424,26.303571428571427,NQ
2013-05-15,1,2994.5,3001.0,18,212.04,252.0,13.267857142857142,time,930,955,0.4439300134589502,0.5275908479138628,26.535714285714285,NQ
2013-05-16,1,3003.75,2997.75,19,-251.18,-209.0,13.116071428571429,time,930,955,-0.5039618788291355,-0.4193328795098707,26.232142857142858,NQ
2013-05-17,-1,3024.25,3027.25,18,-129.96,-90.0,13.169642857142858,time,930,955,-0.2741152542372881,-0.18983050847457625,26.339285714285715,NQ
2013-05-20,1,3021.25,3021.0,19,-32.68,9.5,12.910714285714286,time,930,955,-0.06661134163208851,0.01936376210235131,25.821428571428573,NQ
2013-05-21,1,3031.5,3025.5,19,-251.18,-209.0,12.660714285714286,time,930,955,-0.5220874471086037,-0.43441466854724964,25.321428571428573,NQ
2013-05-22,1,2988.25,2999.75,19,413.82,456.0,12.732142857142858,time,930,955,0.8553155680224404,0.9424964936886395,25.464285714285715,NQ
2013-05-23,-1,2993.0,2991.75,18,23.04,63.0,13.723214285714286,time,930,955,0.04663630448926479,0.12752114508783344,27.446428571428573,NQ
2013-05-24,-1,2981.5,2991.25,18,-372.96,-333.0,13.446428571428571,time,930,955,-0.7704648074369189,-0.6879150066401063,26.892857142857142,NQ
2013-05-28,1,3014.25,3010.0,17,-165.24,-127.5,13.910714285714286,time,930,955,-0.3493709884467266,-0.26957637997432604,27.821428571428573,NQ
2013-05-29,-1,3003.25,2995.75,16,220.48,256.0,14.848214285714286,time,930,955,0.4640288634996993,0.5387853277209862,29.696428571428573,NQ
2013-05-30,1,3017.75,3011.0,16,-235.52,-200.0,15.160714285714286,time,930,955,-0.48546525323910483,-0.4122497055359246,30.321428571428573,NQ
2013-05-31,1,2998.25,2982.4375,16,-525.52,-490.0,15.3125,stop,930,955,-1.0724897959183672,-1.0,30.625,NQ
2013-06-03,-1,2980.5,2989.0,15,-273.3,-240.0,16.125,time,930,955,-0.5649612403100776,-0.49612403100775193,32.25,NQ
2013-06-04,1,2980.0,2972.75,14,-220.07999999999998,-189.0,16.857142857142858,time,930,955,-0.46627118644067794,-0.4004237288135593,33.714285714285715,NQ
2013-06-05,1,2939.5,2935.25,14,-136.07999999999998,-105.0,17.589285714285715,time,930,955,-0.27630456852791874,-0.2131979695431472,35.17857142857143,NQ
2013-06-06,1,2941.75,2947.25,13,127.14,156.0,18.330357142857142,time,930,955,0.26677057963955186,0.3273258645884072,36.660714285714285,NQ
2013-06-07,1,2986.25,2988.75,13,49.14,78.0,18.875,time,930,955,0.10013245033112583,0.15894039735099338,37.75,NQ
2013-06-10,-1,2989.75,2990.0,12,-20.64,6.0,19.383928571428573,time,930,955,-0.04436665131275909,0.0128972823583602,38.767857142857146,NQ
2013-06-11,1,2966.25,2960.25,12,-158.64,-132.0,19.330357142857142,time,930,955,-0.3419491916859122,-0.28452655889145495,38.660714285714285,NQ
2013-06-12,-1,2923.5,2925.75,12,-68.64,-42.0,19.8125,time,930,955,-0.14435331230283913,-0.08832807570977919,39.625,NQ
2013-06-13,1,2957.75,2962.0,12,87.36,114.0,19.401785714285715,time,930,955,0.18761159687068568,0.24482282558674642,38.80357142857143,NQ
2013-06-14,1,2947.25,2943.5,12,-104.64,-78.0,20.125,time,930,955,-0.21664596273291925,-0.16149068322981366,40.25,NQ
2013-06-17,1,2966.5,2965.75,12,-32.64,-6.0,20.133928571428573,time,930,955,-0.06754767184035476,-0.012416851441241683,40.267857142857146,NQ
2013-06-18,1,2994.5,2991.5,12,-86.64,-60.0,19.973214285714285,time,930,955,-0.18074206526598124,-0.12516763522574878,39.94642857142857,NQ
2013-06-19,-1,2969.75,2956.25,12,309.36,336.0,19.964285714285715,time,930,955,0.6456529516994634,0.701252236135957,39.92857142857143,NQ
2013-06-20,1,2878.75,2882.75,12,81.36,108.0,20.383928571428573,time,930,955,0.16630749014454663,0.2207621550591327,40.767857142857146,NQ
2013-06-21,-1,2872.5,2871.5,11,8.58,33.0,21.758928571428573,time,930,955,0.017923676651620844,0.0689372178908494,43.517857142857146,NQ
2013-06-24,-1,2851.0,2841.75,11,190.08,214.5,21.964285714285715,time,930,955,0.3933658536585366,0.44390243902439025,43.92857142857143,NQ
2013-06-25,-1,2866.75,2860.25,11,129.58,154.0,22.232142857142858,time,930,955,0.2649317269076305,0.314859437751004,44.464285714285715,NQ
2013-06-27,1,2902.75,2900.0,11,-73.92,-49.5,21.669642857142858,time,930,955,-0.1550556242274413,-0.103831891223733,43.339285714285715,NQ
2013-06-28,-1,2919.5,2902.25,11,366.08,390.5,21.223214285714285,time,930,955,0.784047118216239,0.8363483382414809,42.44642857142857,NQ
2013-07-01,1,2925.0,2921.75,11,-84.92,-60.5,21.839285714285715,time,930,955,-0.17674570727718725,-0.1259198691741619,43.67857142857143,NQ
2013-07-02,1,2914.25,2922.25,11,162.58,187.0,22.0,time,930,955,0.33590909090909093,0.38636363636363635,44.0,NQ
2013-07-05,-1,2950.75,2956.5,12,-152.64,-126.0,20.526785714285715,time,930,955,-0.30983906046107,-0.25576337538060023,41.05357142857143,NQ
2013-07-08,-1,2956.0,2960.0,12,-110.64,-84.0,20.616071428571427,time,930,955,-0.223611953226505,-0.16977046340407104,41.232142857142854,NQ
2013-07-09,-1,2983.5,2978.25,12,111.36,138.0,20.053571428571427,time,930,955,0.23138023152270706,0.2867319679430098,40.107142857142854,NQ
2013-07-10,1,2995.25,2995.0,12,-20.64,6.0,19.821428571428573,time,930,955,-0.043387387387387386,0.01261261261261261,39.642857142857146,NQ
2013-07-11,1,3052.0,3055.25,12,63.36,90.0,19.285714285714285,time,930,955,0.1368888888888889,0.19444444444444445,38.57142857142857,NQ
2013-07-12,-1,3062.5,3070.0,13,-210.86,-182.0,18.580357142857142,time,930,955,-0.4364824603555983,-0.3767419509851033,37.160714285714285,NQ
2013-07-15,-1,3075.0,3075.25,14,-24.08,7.0,17.714285714285715,time,930,955,-0.04854838709677419,0.014112903225806451,35.42857142857143,NQ
2013-07-16,-1,3070.25,3072.25,15,-78.3,-45.0,16.285714285714285,time,930,955,-0.16026315789473683,-0.09210526315789475,32.57142857142857,NQ
2013-07-17,-1,3073.75,3079.0,15,-175.8,-142.5,15.723214285714286,time,930,955,-0.3726973310618966,-0.3021010789324247,31.446428571428573,NQ
2013-07-19,-1,3034.75,3040.25,16,-195.52,-160.0,15.133928571428571,time,930,955,-0.40372861356932155,-0.3303834808259587,30.267857142857142,NQ
2013-07-22,-1,3049.25,3048.75,15,-3.3000000000000007,30.0,15.714285714285714,time,930,955,-0.007000000000000002,0.06363636363636364,31.428571428571427,NQ
2013-07-23,-1,3034.25,3027.0,16,212.48,248.0,14.964285714285714,time,930,955,0.44372315035799526,0.5178997613365155,29.928571428571427,NQ
2013-07-24,-1,3033.5,3035.25,17,-80.24,-42.5,14.473214285714286,time,930,955,-0.16305983960518197,-0.0863664404688464,28.946428571428573,NQ
2013-07-25,-1,3053.75,3055.5,17,-80.24,-42.5,14.348214285714286,time,930,955,-0.1644803982576229,-0.08711885500933417,28.696428571428573,NQ
2013-07-26,1,3064.25,3071.0,18,221.04,261.0,13.821428571428571,time,930,955,0.44423772609819123,0.524547803617571,27.642857142857142,NQ
2013-07-29,1,3068.5,3064.25,17,-165.24,-127.5,13.928571428571429,time,930,955,-0.34892307692307695,-0.2692307692307692,27.857142857142858,NQ
2013-07-30,-1,3085.0,3080.75,18,131.04,171.0,13.794642857142858,time,930,955,0.26387055016181227,0.344336569579288,27.589285714285715,NQ
2013-07-31,1,3092.25,3086.0,17,-233.24,-195.5,13.973214285714286,time,930,955,-0.49093929712460066,-0.41150159744408943,27.946428571428573,NQ
2013-08-01,-1,3117.25,3119.0,17,-80.24,-42.5,13.892857142857142,time,930,955,-0.16987146529562983,-0.08997429305912596,27.785714285714285,NQ
2013-08-02,-1,3131.5,3136.25,19,-203.68,-161.5,13.0625,time,930,955,-0.4103349282296651,-0.3253588516746411,26.125,NQ
2013-08-05,1,3136.5,3137.25,18,5.039999999999999,45.0,13.169642857142858,time,930,955,0.01063050847457627,0.09491525423728812,26.339285714285715,NQ
2013-08-06,-1,3116.75,3118.75,19,-99.18,-57.0,13.125,time,930,955,-0.19885714285714287,-0.11428571428571428,26.25,NQ
2013-08-07,-1,3113.75,3114.0,18,-30.96,9.0,13.651785714285714,time,930,955,-0.06299542184434272,0.018312622629169394,27.303571428571427,NQ
2013-08-08,-1,3130.25,3128.5,17,38.760000000000005,76.5,14.098214285714286,time,930,955,0.08086130462317924,0.15959468017732742,28.196428571428573,NQ
2013-08-09,1,3116.75,3116.25,18,-39.96,0.0,13.375,time,930,955,-0.08299065420560747,0.0,26.75,NQ
2013-08-12,1,3123.25,3123.0,18,-30.96,9.0,13.767857142857142,time,930,955,-0.062464332036316475,0.018158236057068743,27.535714285714285,NQ
2013-08-13,-1,3147.5,3140.5,18,230.04,270.0,13.571428571428571,time,930,955,0.4708421052631579,0.5526315789473685,27.142857142857142,NQ
2013-08-14,1,3129.75,3128.25,17,-71.74,-34.0,14.026785714285714,time,930,955,-0.150426479949077,-0.07129217059197963,28.053571428571427,NQ
2013-08-15,-1,3073.75,3076.25,18,-111.96000000000001,-72.0,13.866071428571429,time,930,955,-0.22428847392144238,-0.1442369607211848,27.732142857142858,NQ
2013-08-16,1,3079.5,3073.0,16,-227.52,-192.0,14.875,time,930,955,-0.4779831932773109,-0.40336134453781514,29.75,NQ
2013-08-19,1,3074.75,3068.5,16,-219.52,-184.0,14.866071428571429,time,930,955,-0.46145345345345345,-0.3867867867867868,29.732142857142858,NQ
2013-08-20,1,3090.25,3082.25,16,-275.52,-240.0,14.9375,time,930,955,-0.5764016736401674,-0.502092050209205,29.875,NQ
2013-08-21,1,3085.75,3070.1785714285716,16,-517.8057142857101,-482.2857142857101,15.071428571428571,stop,930,955,-1.0736492890995175,-0.9999999999999915,30.142857142857142,NQ
2013-08-22,1,3098.5,3101.0,16,60.480000000000004,96.0,15.133928571428571,time,930,955,0.1248849557522124,0.19823008849557522,30.267857142857142,NQ
2013-08-23,-1,3120.25,3122.25,16,-83.52,-48.0,15.419642857142858,time,930,955,-0.16926462072958887,-0.09727851766068327,30.839285714285715,NQ
2013-08-26,1,3126.5,3121.75,15,-160.8,-127.5,15.883928571428571,time,930,955,-0.3374480044969084,-0.26756604834176506,31.767857142857142,NQ
2013-08-27,1,3054.5,3058.5,15,101.7,135.0,15.839285714285714,time,930,955,0.21402480270574975,0.28410372040586246,31.678571428571427,NQ
2013-08-28,1,3082.0,3071.5,14,-311.08,-280.0,17.294642857142858,time,930,955,-0.6423954568921012,-0.5782137325761487,34.589285714285715,NQ
2013-08-29,1,3092.0,3092.0,14,-17.08,14.0,17.321428571428573,time,930,955,-0.03521649484536082,0.028865979381443297,34.642857142857146,NQ
2013-08-30,-1,3073.5,3073.25,14,-10.079999999999998,21.0,17.839285714285715,time,930,955,-0.020180180180180175,0.042042042042042045,35.67857142857143,NQ
2013-09-03,1,3094.0,3090.0,13,-119.86,-91.0,18.151785714285715,time,930,955,-0.2539695031972454,-0.19281849483521887,36.30357142857143,NQ
2013-09-04,1,3121.5,3124.0,13,49.14,78.0,18.035714285714285,time,930,955,0.1047920792079208,0.16633663366336635,36.07142857142857,NQ
2013-09-05,1,3129.25,3129.5,13,-9.36,19.5,18.723214285714285,time,930,955,-0.019227467811158798,0.04005722460658084,37.44642857142857,NQ
2013-09-06,-1,3137.0,3133.25,14,87.92,119.0,16.991071428571427,time,930,955,0.1848029427220179,0.2501313715186548,33.982142857142854,NQ
2013-09-09,1,3170.25,3168.75,13,-54.86,-26.0,18.142857142857142,time,930,955,-0.1162992125984252,-0.05511811023622047,36.285714285714285,NQ
2013-09-10,-1,3183.0,3184.5,13,-54.86,-26.0,18.5,time,930,955,-0.11405405405405405,-0.05405405405405406,37.0,NQ
2013-09-12,1,3176.25,3176.25,14,-17.08,14.0,17.6875,time,930,955,-0.03448763250883392,0.028268551236749116,35.375,NQ
2013-09-13,-1,3175.5,3179.0,14,-115.08,-84.0,17.125,time,930,955,-0.24,-0.17518248175182483,34.25,NQ
2013-09-16,-1,3160.75,3163.25,14,-87.08,-56.0,16.964285714285715,time,930,955,-0.18332631578947367,-0.11789473684210526,33.92857142857143,NQ
2013-09-17,1,3185.5,3185.0,14,-31.08,0.0,17.446428571428573,time,930,955,-0.06362333674513816,0.0,34.892857142857146,NQ
2013-09-18,1,3222.0,3222.75,15,4.199999999999999,37.5,15.892857142857142,time,930,955,0.008808988764044942,0.07865168539325842,31.785714285714285,NQ
2013-09-19,1,3233.0,3229.5,15,-123.3,-90.0,16.526785714285715,time,930,955,-0.24868719611021067,-0.18152350081037277,33.05357142857143,NQ
2013-09-23,-1,3213.0,3214.0,17,-54.739999999999995,-17.0,14.669642857142858,time,930,955,-0.10975045648204503,-0.03408399269628728,29.339285714285715,NQ
2013-09-24,-1,3215.25,3213.25,17,47.260000000000005,85.0,14.633928571428571,time,930,955,0.09498474679682734,0.17083587553386212,29.267857142857142,NQ
2013-09-25,-1,3205.75,3203.25,17,64.26,102.0,14.241071428571429,time,930,955,0.13271473354231977,0.21065830721003134,28.482142857142858,NQ
2013-09-26,1,3222.0,3226.25,17,123.76,161.5,14.642857142857142,time,930,955,0.24858536585365856,0.32439024390243903,29.285714285714285,NQ
2013-09-27,1,3220.25,3222.25,18,50.04,90.0,13.875,time,930,955,0.10018018018018018,0.18018018018018017,27.75,NQ
2013-09-30,1,3207.0,3213.0,18,194.04,234.0,13.276785714285714,time,930,955,0.4059717552118359,0.4895763281775387,26.553571428571427,NQ
2013-10-01,1,3237.25,3245.75,17,268.26,306.0,14.160714285714286,time,930,955,0.5571752837326608,0.635561160151324,28.321428571428573,NQ
2013-10-02,1,3244.5,3245.0,17,-3.7399999999999984,34.0,14.571428571428571,time,930,955,-0.007549019607843134,0.06862745098039215,29.142857142857142,NQ
2013-10-03,-1,3206.5,3207.25,16,-43.519999999999996,-8.0,15.017857142857142,time,930,955,-0.09055885850178358,-0.016646848989298454,30.035714285714285,NQ
2013-10-04,1,3234.75,3234.5,15,-25.8,7.5,16.375,time,930,955,-0.05251908396946565,0.015267175572519083,32.75,NQ
2013-10-07,1,3216.0,3208.25,15,-250.8,-217.5,16.089285714285715,time,930,955,-0.5196004439511653,-0.4506104328523862,32.17857142857143,NQ
2013-10-08,-1,3154.0,3147.5,15,176.7,210.0,16.232142857142858,time,930,955,0.3628602860286028,0.4312431243124312,32.464285714285715,NQ
2013-10-09,-1,3147.5,3135.5,14,318.92,350.0,16.955357142857142,time,930,955,0.6717640863612427,0.7372301211163771,33.910714285714285,NQ
2013-10-10,1,3204.5,3201.25,13,-100.36,-71.5,18.0,time,930,955,-0.21444444444444444,-0.1527777777777778,36.0,NQ
2013-10-11,1,3224.25,3226.5,12,39.36,66.0,20.303571428571427,time,930,955,0.08077396657871593,0.13544415127528586,40.607142857142854,NQ
2013-10-14,1,3247.25,3249.25,12,33.36,60.0,20.223214285714285,time,930,955,0.06873289183222958,0.12362030905077263,40.44642857142857,NQ
2013-10-15,1,3242.25,3238.25,11,-101.42,-77.0,20.857142857142858,time,930,955,-0.22102739726027396,-0.16780821917808217,41.714285714285715,NQ
2013-10-16,1,3269.5,3274.0,11,85.58,110.0,21.026785714285715,time,930,955,0.18500212314225054,0.23779193205944799,42.05357142857143,NQ
2013-10-17,1,3289.25,3292.0,11,47.08,71.5,21.232142857142858,time,930,955,0.10079058031959628,0.15306980656013455,42.464285714285715,NQ
2013-10-18,1,3341.25,3346.25,11,96.58,121.0,21.6875,time,930,955,0.2024207492795389,0.25360230547550433,43.375,NQ
2013-10-21,1,3348.25,3352.0,11,69.08,93.5,22.071428571428573,time,930,955,0.14226537216828478,0.1925566343042071,44.142857142857146,NQ
2013-10-22,1,3361.5,3357.25,11,-106.92,-82.5,21.473214285714285,time,930,955,-0.22632848232848232,-0.17463617463617465,42.94642857142857,NQ
2013-10-23,-1,3336.0,3339.25,11,-84.92,-60.5,21.839285714285715,time,930,955,-0.17674570727718725,-0.1259198691741619,43.67857142857143,NQ
2013-10-24,1,3356.25,3353.5,11,-73.92,-49.5,21.0,time,930,955,-0.16,-0.10714285714285714,42.0,NQ
2013-10-25,1,3371.5,3375.75,12,87.36,114.0,20.625,time,930,955,0.1764848484848485,0.23030303030303031,41.25,NQ
2013-10-28,-1,3373.75,3378.0,11,-106.92,-82.5,20.946428571428573,time,930,955,-0.23202046035805626,-0.17902813299232734,41.892857142857146,NQ
2013-10-29,-1,3379.0,3384.0,12,-134.64,-108.0,19.294642857142858,time,930,955,-0.2907542804257288,-0.23322535863026378,38.589285714285715,NQ
2013-10-30,1,3381.25,3380.0,13,-48.36,-19.5,18.553571428571427,time,930,955,-0.10025024061597691,-0.04042348411934553,37.107142857142854,NQ
2013-10-31,-1,3379.75,3373.5,14,157.92000000000002,189.0,17.241071428571427,time,930,955,0.3271258415328846,0.3915069911962714,34.482142857142854,NQ
2013-11-04,-1,3371.75,3378.25,15,-213.3,-180.0,16.589285714285715,time,930,955,-0.4285898815931109,-0.36167922497308935,33.17857142857143,NQ
2013-11-08,-1,3355.75,3362.5,15,-220.8,-187.5,16.1875,time,930,955,-0.4546718146718147,-0.3861003861003861,32.375,NQ
2013-11-11,1,3358.5,3356.75,14,-66.08,-35.0,16.892857142857142,time,930,955,-0.13970401691331924,-0.07399577167019028,33.785714285714285,NQ
2013-11-14,1,3411.25,3411.25,15,-18.3,15.0,16.241071428571427,time,930,955,-0.03755909840571743,0.030786146234194615,32.482142857142854,NQ
2013-11-15,-1,3417.75,3420.0,15,-85.8,-52.5,16.348214285714285,time,930,955,-0.1749426542872747,-0.10704533042053523,32.69642857142857,NQ
2013-11-18,-1,3383.0,3387.25,15,-145.8,-112.5,16.196428571428573,time,930,955,-0.30006615214994486,-0.23153252480705622,32.392857142857146,NQ
2013-11-21,1,3403.75,3402.0,15,-70.8,-37.5,16.419642857142858,time,930,955,-0.14373028820010875,-0.07612833061446438,32.839285714285715,NQ
2013-11-22,1,3420.5,3421.0,15,-3.3000000000000007,30.0,16.098214285714285,time,930,955,-0.006833056017748199,0.06211869107043816,32.19642857142857,NQ
2013-11-25,-1,3427.0,3429.0,15,-78.3,-45.0,15.928571428571429,time,930,955,-0.16385650224215245,-0.09417040358744394,31.857142857142858,NQ
2013-11-27,1,3468.75,3471.0,16,52.480000000000004,88.0,15.116071428571429,time,930,955,0.10849379799173066,0.18192557590076786,30.232142857142858,NQ
2013-12-02,-1,3479.25,3481.75,15,-93.3,-60.0,16.008928571428573,time,930,955,-0.1942665923034021,-0.1249302844394869,32.017857142857146,NQ
2013-12-04,1,3486.25,3482.75,16,-131.52,-96.0,15.544642857142858,time,930,955,-0.2643997702469845,-0.19299253302699598,31.089285714285715,NQ
2013-12-09,1,3514.75,3516.0,15,19.2,52.5,15.8125,time,930,955,0.04047430830039526,0.11067193675889328,31.625,NQ
2013-12-11,-1,3472.75,3470.25,15,56.7,90.0,16.196428571428573,time,930,955,0.11669239250275634,0.18522601984564496,32.392857142857146,NQ
2013-12-12,-1,3472.75,3461.0,14,311.92,343.0,17.508928571428573,time,930,955,0.6362468128505864,0.6996430392656807,35.017857142857146,NQ
2013-12-13,-1,3461.5,3456.0,15,146.7,180.0,16.214285714285715,time,930,955,0.3015859030837004,0.3700440528634361,32.42857142857143,NQ
2013-12-16,1,3468.75,3470.0,15,19.2,52.5,16.517857142857142,time,930,955,0.038745945945945943,0.10594594594594595,33.035714285714285,NQ
2013-12-23,-1,3562.0,3566.25,15,-145.8,-112.5,15.6875,time,930,955,-0.309800796812749,-0.23904382470119523,31.375,NQ
2013-12-26,-1,3582.5,3580.25,13,42.64,71.5,18.607142857142858,time,930,955,0.08813819577735126,0.14779270633397312,37.214285714285715,NQ
2013-12-27,-1,3570.25,3571.75,14,-59.08,-28.0,17.598214285714285,time,930,955,-0.11989852866565195,-0.056823947234906136,35.19642857142857,NQ
2013-12-30,-1,3567.0,3566.25,14,3.9200000000000017,35.0,17.392857142857142,time,930,955,0.00804928131416838,0.07186858316221766,34.785714285714285,NQ
2013-12-31,1,3581.75,3588.5,14,171.92000000000002,203.0,17.223214285714285,time,930,955,0.3564955935717989,0.42094349403836184,34.44642857142857,NQ
2014-01-02,-1,3556.25,3560.0,14,-122.08,-91.0,17.464285714285715,time,930,955,-0.2496523517382413,-0.18609406952965235,34.92857142857143,NQ
2014-01-06,-1,3522.5,3520.0,14,52.92,84.0,17.330357142857142,time,930,955,0.10905718701700155,0.1731066460587326,34.660714285714285,NQ
2014-01-09,-1,3546.0,3548.25,13,-74.36,-45.5,18.357142857142858,time,930,955,-0.1557976653696498,-0.0953307392996109,36.714285714285715,NQ
2014-01-10,-1,3555.5,3559.5,12,-110.64,-84.0,19.401785714285715,time,930,955,-0.2376069949378739,-0.18039576622181316,38.80357142857143,NQ
2014-01-13,1,3497.5,3506.75,13,224.64,253.5,19.160714285714285,time,930,955,0.4509226467847158,0.5088536812674744,38.32142857142857,NQ
2014-01-15,1,3606.0,3601.25,12,-128.64,-102.0,20.3125,time,930,955,-0.26387692307692306,-0.20923076923076922,40.625,NQ
2014-01-16,1,3602.5,3604.25,11,25.08,49.5,22.035714285714285,time,930,955,0.051734197730956236,0.10210696920583469,44.07142857142857,NQ
2014-01-17,-1,3574.75,3583.25,11,-200.42,-176.0,21.776785714285715,time,930,955,-0.4183353833538335,-0.3673636736367364,43.55357142857143,NQ
2014-01-21,1,3605.25,3609.75,11,85.58,110.0,21.839285714285715,time,930,955,0.178119378577269,0.22894521668029436,43.67857142857143,NQ
2014-01-27,-1,3516.25,3502.5,11,289.08,313.5,21.732142857142858,time,930,955,0.6046343467543138,0.6557107641741988,43.464285714285715,NQ
2014-01-31,1,3517.75,3513.25,10,-102.2,-80.0,23.089285714285715,time,930,955,-0.22131477184841453,-0.17324052590873934,46.17857142857143,NQ
2014-02-03,-1,3434.5,3436.0,10,-42.2,-20.0,24.294642857142858,time,930,955,-0.08685042263873576,-0.04116133774347666,48.589285714285715,NQ
2014-02-05,-1,3456.5,3450.25,9,101.52,121.5,27.125,time,930,955,0.20792626728110597,0.2488479262672811,54.25,NQ
2014-02-06,1,3493.0,3493.5,8,-1.7599999999999998,16.0,28.401785714285715,time,930,955,-0.0038729959132348312,0.035209053756680285,56.80357142857143,NQ
2014-02-10,1,3574.25,3577.5,8,42.24,60.0,29.339285714285715,time,930,955,0.08998174071819842,0.1278149726110773,58.67857142857143,NQ
2014-02-12,1,3622.0,3624.5,8,30.240000000000002,48.0,30.973214285714285,time,930,955,0.061020466993369854,0.09685788411646008,61.94642857142857,NQ
2014-02-13,1,3653.75,3653.5,8,-13.76,4.0,31.035714285714285,time,930,955,-0.027710011507479863,0.00805523590333717,62.07142857142857,NQ
2014-02-14,-1,3661.5,3660.25,8,10.24,28.0,31.169642857142858,time,930,955,0.020532798625035806,0.05614437124033228,62.339285714285715,NQ
2014-02-18,-1,3683.0,3678.0,8,70.24,88.0,30.9375,time,930,955,0.14189898989898989,0.17777777777777778,61.875,NQ
2014-02-20,-1,3672.75,3670.25,8,30.240000000000002,48.0,29.294642857142858,time,930,955,0.06451691557451997,0.10240780249923803,58.589285714285715,NQ
2014-02-21,1,3670.5,3662.5,9,-154.98,-135.0,26.964285714285715,time,930,955,-0.31931125827814566,-0.2781456953642384,53.92857142857143,NQ
2014-02-24,1,3691.25,3686.5,9,-96.48,-76.5,27.383928571428573,time,930,955,-0.19573524616889468,-0.15520052168242582,54.767857142857146,NQ
2014-02-26,-1,3675.0,3677.0,9,-46.980000000000004,-27.0,27.6875,time,930,955,-0.09426636568848759,-0.05417607223476298,55.375,NQ
2014-03-03,1,3659.5,3668.75,8,138.24,156.0,27.946428571428573,time,930,955,0.30916293929712463,0.34888178913738016,55.892857142857146,NQ
2014-03-06,-1,3723.5,3722.25,10,12.8,35.0,24.669642857142858,time,930,955,0.025942815779949332,0.07093738689829894,49.339285714285715,NQ
2014-03-07,-1,3693.25,3704.5,9,-213.48,-193.5,25.285714285714285,time,930,955,-0.4690395480225989,-0.42514124293785316,50.57142857142857,NQ
2014-03-10,1,3703.25,3707.25,10,67.8,90.0,23.607142857142858,time,930,955,0.1436006051437216,0.19062027231467474,47.214285714285715,NQ
2014-03-11,-1,3691.5,3692.0,11,-24.42,-0.0,22.705357142857142,time,930,955,-0.048887141171844284,-0.0,45.410714285714285,NQ
2014-03-12,-1,3697.0,3706.25,11,-216.92,-192.5,22.553571428571427,time,930,955,-0.437181314330958,-0.3879651623119557,45.107142857142854,NQ
2014-03-13,-1,3642.25,3653.25,11,-255.42,-231.0,21.169642857142858,time,930,955,-0.5484268241248418,-0.4959932517924926,42.339285714285715,NQ
2014-03-14,-1,3636.0,3627.25,11,179.08,203.5,22.214285714285715,time,930,955,0.3664308681672026,0.41639871382636656,44.42857142857143,NQ
2014-03-17,1,3659.0,3653.25,11,-139.92,-115.5,21.267857142857142,time,930,955,-0.2990428211586902,-0.24685138539042822,42.535714285714285,NQ
2014-03-18,1,3697.25,3697.75,11,-2.42,22.0,21.928571428571427,time,930,955,-0.00501628664495114,0.04560260586319219,43.857142857142854,NQ
2014-03-19,1,3671.25,3676.75,11,107.58,132.0,22.669642857142858,time,930,955,0.21570697124852303,0.2646711303662859,45.339285714285715,NQ
2014-03-20,1,3682.25,3686.25,10,67.8,90.0,23.107142857142858,time,930,955,0.14670788253477587,0.19474497681607417,46.214285714285715,NQ
2014-03-21,-1,3638.25,3640.0,10,-47.2,-25.0,23.633928571428573,time,930,955,-0.0998564412542501,-0.05289006422364941,47.267857142857146,NQ
2014-03-24,-1,3619.5,3610.25,10,172.8,195.0,24.973214285714285,time,930,955,0.34597068287450844,0.39041830532713623,49.94642857142857,NQ
2014-03-25,1,3618.75,3620.75,9,25.02,45.0,26.464285714285715,time,930,955,0.05252361673414305,0.09446693657219972,52.92857142857143,NQ
2014-03-26,-1,3594.0,3575.0,9,331.02,351.0,27.116071428571427,time,930,955,0.6781955877510701,0.719130721106355,54.232142857142854,NQ
2014-03-27,-1,3556.5,3554.25,9,29.52,49.5,27.3125,time,930,955,0.060045766590389016,0.10068649885583524,54.625,NQ
2014-03-28,1,3561.25,3561.5,9,-6.48,13.5,27.214285714285715,time,930,955,-0.013228346456692913,0.027559055118110236,54.42857142857143,NQ
2014-03-31,1,3595.25,3586.0,8,-157.76,-140.0,28.0625,time,930,955,-0.35135857461024494,-0.311804008908686,56.125,NQ
2014-04-01,1,3639.0,3649.25,8,154.24,172.0,28.223214285714285,time,930,955,0.34156279658335975,0.38089212274596645,56.44642857142857,NQ
2014-04-02,-1,3655.75,3659.5,8,-69.76,-52.0,28.892857142857142,time,930,955,-0.15090234857849197,-0.11248454882571075,57.785714285714285,NQ
2014-04-03,1,3627.25,3629.25,9,25.02,45.0,26.785714285714285,time,930,955,0.05189333333333333,0.09333333333333334,53.57142857142857,NQ
2014-04-04,-1,3539.0,3531.25,8,114.24,132.0,27.821428571428573,time,930,955,0.2566367137355584,0.29653401797175866,55.642857142857146,NQ
2014-04-07,1,3511.25,3499.25,8,-201.76,-184.0,31.0,time,930,955,-0.40677419354838706,-0.3709677419354839,62.0,NQ
2014-04-08,1,3533.25,3531.25,7,-36.54,-21.0,31.696428571428573,time,930,955,-0.08234366197183099,-0.04732394366197183,63.392857142857146,NQ
2014-04-09,-1,3588.75,3591.5,7,-47.04,-31.5,31.526785714285715,time,930,955,-0.10657604078164826,-0.0713678844519966,63.05357142857143,NQ
2014-04-11,1,3442.25,3439.25,7,-50.54,-35.0,32.3125,time,930,955,-0.11172147001934236,-0.07736943907156674,64.625,NQ
2014-04-14,-1,3451.25,3467.25,7,-232.54,-217.0,35.294642857142854,time,930,955,-0.47060966354667344,-0.4391601315456616,70.58928571428571,NQ
2014-04-15,1,3482.25,3477.5,7,-75.03999999999999,-59.5,34.1875,time,930,955,-0.15678244972577696,-0.12431444241316271,68.375,NQ
2014-04-16,-1,3513.25,3523.75,7,-155.54,-140.0,35.357142857142854,time,930,955,-0.31422222222222224,-0.2828282828282829,70.71428571428571,NQ
2014-04-17,1,3533.0,3525.0,7,-120.53999999999999,-105.0,34.375,time,930,955,-0.25047272727272724,-0.21818181818181817,68.75,NQ
2014-04-21,1,3544.25,3550.5,7,78.96000000000001,94.5,34.035714285714285,time,930,955,0.16570828961175238,0.19832109129066108,68.07142857142857,NQ
2014-04-22,1,3581.0,3579.75,7,-26.04,-10.5,33.5,time,930,955,-0.05552238805970149,-0.022388059701492536,67.0,NQ
2014-04-23,-1,3549.75,3547.75,7,19.46,35.0,33.080357142857146,time,930,955,0.04201889338731444,0.07557354925775978,66.16071428571429,NQ
2014-04-24,-1,3581.5,3583.0,7,-29.54,-14.0,32.0,time,930,955,-0.0659375,-0.03125,64.0,NQ
2014-04-25,-1,3527.5,3524.75,7,29.96,45.5,33.36607142857143,time,930,955,0.06413700829542414,0.09740433502809741,66.73214285714286,NQ
2014-04-29,1,3569.0,3564.25,7,-75.03999999999999,-59.5,31.696428571428573,time,930,955,-0.16910422535211267,-0.13408450704225353,63.392857142857146,NQ
2014-04-30,-1,3572.75,3574.75,8,-41.76,-24.0,30.732142857142858,time,930,955,-0.08492736780941312,-0.04880883207437536,61.464285714285715,NQ
2014-05-01,1,3581.5,3585.0,8,46.24,64.0,30.491071428571427,time,930,955,0.09478184480234261,0.13118594436310396,60.982142857142854,NQ
2014-05-02,-1,3578.25,3578.25,8,-9.76,8.0,29.5,time,930,955,-0.020677966101694915,0.01694915254237288,59.0,NQ
2014-05-05,1,3596.75,3596.75,9,-10.98,9.0,25.017857142857142,time,930,955,-0.02438258386866524,0.01998572448251249,50.035714285714285,NQ
2014-05-06,-1,3558.25,3550.5,10,142.8,165.0,25.0,time,930,955,0.2856,0.33,50.0,NQ
2014-05-07,-1,3528.75,3539.75,10,-232.2,-210.0,23.383928571428573,time,930,955,-0.4964948453608247,-0.4490263459335624,46.767857142857146,NQ
2014-05-09,-1,3542.5,3550.0,10,-162.2,-140.0,24.0,time,930,955,-0.33791666666666664,-0.2916666666666667,48.0,NQ
2014-05-12,1,3608.25,3607.75,10,-22.2,0.0,24.044642857142858,time,930,955,-0.046164129223913844,0.0,48.089285714285715,NQ
2014-05-13,-1,3609.5,3610.75,10,-37.2,-15.0,24.964285714285715,time,930,955,-0.07450643776824034,-0.03004291845493562,49.92857142857143,NQ
2014-05-14,1,3584.0,3591.25,10,132.8,155.0,24.357142857142858,time,930,955,0.27260997067448683,0.3181818181818182,48.714285714285715,NQ
2014-05-15,-1,3565.0,3563.5,10,17.8,40.0,24.1875,time,930,955,0.03679586563307494,0.082687338501292,48.375,NQ
2014-05-16,-1,3586.0,3586.5,10,-22.2,-0.0,23.946428571428573,time,930,955,-0.04635346756152125,-0.0,47.892857142857146,NQ
2014-05-19,1,3615.25,3612.25,10,-72.2,-50.0,23.241071428571427,time,930,955,-0.1553284671532847,-0.10756819054936612,46.482142857142854,NQ
2014-05-20,-1,3597.5,3600.0,11,-68.42,-44.0,22.017857142857142,time,930,955,-0.14124898621248988,-0.09083536090835362,44.035714285714285,NQ
2014-05-21,1,3634.0,3633.5,11,-24.42,0.0,21.946428571428573,time,930,955,-0.05057770545158666,0.0,43.892857142857146,NQ
2014-05-22,1,3655.75,3648.75,11,-167.42,-143.0,21.848214285714285,time,930,955,-0.348312219043727,-0.2975071516142215,43.69642857142857,NQ
2014-05-23,1,3676.25,3676.0,11,-18.92,5.5,21.607142857142858,time,930,955,-0.03980165289256198,0.011570247933884297,43.214285714285715,NQ
2014-05-27,1,3713.5,3722.75,12,207.36,234.0,20.3125,time,930,955,0.4253538461538462,0.48,40.625,NQ
2014-05-28,-1,3720.5,3710.25,12,231.36,258.0,19.794642857142858,time,930,955,0.487000451059991,0.5430762291384754,39.589285714285715,NQ
2014-05-29,1,3730.25,3733.75,13,75.14,104.0,18.196428571428573,time,930,955,0.1588223748773307,0.2198233562315996,36.392857142857146,NQ
2014-05-30,-1,3729.25,3734.75,14,-171.07999999999998,-140.0,17.589285714285715,time,930,955,-0.34737055837563446,-0.28426395939086296,35.17857142857143,NQ
2014-06-02,-1,3728.75,3731.5,15,-100.8,-67.5,16.330357142857142,time,930,955,-0.20575177692728266,-0.13778020776380537,32.660714285714285,NQ
2014-06-03,1,3728.0,3729.5,14,24.92,56.0,16.758928571428573,time,930,955,0.05310602024507192,0.11933937133724026,33.517857142857146,NQ
2014-06-04,1,3743.0,3742.5,15,-33.3,0.0,16.446428571428573,time,930,955,-0.06749185667752441,0.0,32.892857142857146,NQ
2014-06-05,1,3773.5,3775.0,15,26.7,60.0,15.651785714285714,time,930,955,0.0568625213918996,0.127780946948089,31.303571428571427,NQ
2014-06-06,1,3791.0,3795.25,15,109.2,142.5,15.705357142857142,time,930,955,0.23176805002842527,0.3024445707788516,31.410714285714285,NQ
2014-06-09,-1,3792.0,3793.5,16,-67.52,-32.0,14.741071428571429,time,930,955,-0.143137492428831,-0.06783767413688674,29.482142857142858,NQ
2014-06-10,1,3799.0,3799.0,17,-20.74,17.0,14.053571428571429,time,930,955,-0.04340533672172808,0.035578144853875476,28.107142857142858,NQ
2014-06-11,1,3798.5,3797.5,18,-57.96,-18.0,13.348214285714286,time,930,955,-0.12061538461538461,-0.03745819397993311,26.696428571428573,NQ
2014-06-16,1,3769.0,3771.75,19,81.32,123.5,13.098214285714286,time,930,955,0.16338104976141785,0.24812542603953644,26.196428571428573,NQ
2014-06-17,1,3779.0,3773.75,18,-210.96,-171.0,13.508928571428571,time,930,955,-0.43378717779246534,-0.35161929940515535,27.017857142857142,NQ
2014-06-18,-1,3792.75,3795.75,18,-129.96,-90.0,13.714285714285714,time,930,955,-0.26322916666666674,-0.18229166666666669,27.428571428571427,NQ
2014-06-19,-1,3789.75,3792.0,17,-97.24,-59.5,14.116071428571429,time,930,955,-0.20260594560404807,-0.12397216951296648,28.232142857142858,NQ
2014-06-20,1,3793.75,3794.0,17,-12.239999999999998,25.5,14.455357142857142,time,930,955,-0.02490426189005559,0.05188387893761581,28.910714285714285,NQ
2014-06-24,1,3787.5,3791.25,18,113.03999999999999,153.0,13.607142857142858,time,930,955,0.23076115485564302,0.3123359580052493,27.214285714285715,NQ
2014-06-25,1,3819.75,3817.0,17,-114.24,-76.5,14.107142857142858,time,930,955,-0.2381772151898734,-0.15949367088607594,28.214285714285715,NQ
2014-06-26,-1,3813.75,3819.25,16,-195.52,-160.0,14.776785714285714,time,930,955,-0.4134864048338369,-0.338368580060423,29.553571428571427,NQ
2014-06-27,1,3836.0,3834.5,17,-71.74,-34.0,14.616071428571429,time,930,955,-0.14436163714111178,-0.06841783750763593,29.232142857142858,NQ
2014-06-30,1,3846.0,3841.75,18,-174.96,-135.0,13.758928571428571,time,930,955,-0.35322517845554835,-0.27255029201817005,27.517857142857142,NQ
2014-07-01,1,3889.5,3884.75,18,-192.96,-153.0,13.714285714285714,time,930,955,-0.39083333333333337,-0.30989583333333337,27.428571428571427,NQ
2014-07-02,1,3890.0,3890.75,16,4.48,40.0,14.875,time,930,955,0.009411764705882354,0.08403361344537816,29.75,NQ
2014-07-07,1,3898.5,3902.75,18,131.04,171.0,13.410714285714286,time,930,955,0.27142476697736345,0.3541944074567243,26.821428571428573,NQ
2014-07-08,-1,3857.25,3858.5,18,-66.96000000000001,-27.0,13.330357142857142,time,930,955,-0.1395311453449431,-0.05626255860683189,26.660714285714285,NQ
2014-07-09,-1,3885.5,3886.75,17,-63.239999999999995,-25.5,13.919642857142858,time,930,955,-0.13362411802437457,-0.05388069275176395,27.839285714285715,NQ
2014-07-10,1,3873.5,3874.0,17,-3.7399999999999984,34.0,14.133928571428571,time,930,955,-0.007782691092861652,0.07075173720783323,28.267857142857142,NQ
2014-07-11,-1,3895.75,3898.25,15,-93.3,-60.0,15.705357142857142,time,930,955,-0.19802160318362705,-0.1273450824332007,31.410714285714285,NQ
2014-07-14,1,3921.5,3921.75,15,-10.8,22.5,16.232142857142858,time,930,955,-0.02217821782178218,0.0462046204620462,32.464285714285715,NQ
2014-07-15,-1,3903.25,3909.0,15,-190.8,-157.5,15.732142857142858,time,930,955,-0.4042678774120318,-0.3337116912599319,31.464285714285715,NQ
2014-07-16,1,3931.5,3923.75,15,-250.8,-217.5,16.196428571428573,time,930,955,-0.5161631753031973,-0.4476295479603087,32.392857142857146,NQ
2014-07-17,1,3867.0,3871.75,15,124.2,157.5,16.25,time,930,955,0.25476923076923075,0.3230769230769231,32.5,NQ
2014-07-18,1,3930.75,3932.5,14,31.92,63.0,17.830357142857142,time,930,955,0.06393590385578368,0.12618928392588882,35.660714285714285,NQ
2014-07-21,-1,3932.5,3927.75,12,99.36,126.0,19.410714285714285,time,930,955,0.21328426862925484,0.2704691812327507,38.82142857142857,NQ
2014-07-22,1,3955.0,3953.5,13,-54.86,-26.0,18.410714285714285,time,930,955,-0.11460717749757518,-0.05431619786614937,36.82142857142857,NQ
2014-07-24,-1,3978.0,3974.25,12,75.36,102.0,19.285714285714285,time,930,955,0.16281481481481483,0.22037037037037038,38.57142857142857,NQ
2014-07-25,1,3951.5,3957.5,12,129.36,156.0,19.964285714285715,time,930,955,0.2699821109123435,0.3255813953488372,39.92857142857143,NQ
2014-07-28,-1,3963.0,3960.25,12,51.36,78.0,20.5625,time,930,955,0.10407294832826748,0.1580547112462006,41.125,NQ
2014-07-29,1,3957.25,3953.0,12,-116.64,-90.0,19.830357142857142,time,930,955,-0.24507879333633498,-0.18910400720396217,39.660714285714285,NQ
2014-07-30,-1,3972.0,3969.0,12,57.36,84.0,19.607142857142858,time,930,955,0.1218943533697632,0.1785063752276867,39.214285714285715,NQ
2014-07-31,-1,3888.5,3888.0,13,-2.8599999999999994,26.0,18.598214285714285,time,930,955,-0.005914546327412385,0.05376860297647624,37.19642857142857,NQ
2014-08-01,1,3872.75,3873.0,12,-8.64,18.0,20.741071428571427,time,930,955,-0.01735686612139475,0.03616013775290573,41.482142857142854,NQ
2014-08-04,1,3909.25,3899.75,11,-222.42,-198.0,21.491071428571427,time,930,955,-0.4704279185708351,-0.41877856252596596,42.982142857142854,NQ
2014-08-05,-1,3865.0,3870.75,11,-139.92,-115.5,21.3125,time,930,955,-0.29841642228739,-0.24633431085043989,42.625,NQ
2014-08-06,1,3868.5,3867.25,11,-40.92,-16.5,21.883928571428573,time,930,955,-0.08499388004895961,-0.03427172582619339,43.767857142857146,NQ
2014-08-07,1,3846.75,3854.5,11,157.08,181.5,21.205357142857142,time,930,955,0.3367073684210527,0.38905263157894737,42.410714285714285,NQ
2014-08-08,-1,3884.25,3882.25,12,33.36,60.0,20.776785714285715,time,930,955,0.06690159003008164,0.12032660077352814,41.55357142857143,NQ
2014-08-11,1,3909.75,3905.75,11,-101.42,-77.0,21.419642857142858,time,930,955,-0.21522300958732804,-0.16340141725719048,42.839285714285715,NQ
2014-08-12,1,3896.5,3903.25,11,135.08,159.5,21.553571428571427,time,930,955,0.28487158243579125,0.3363711681855841,43.107142857142854,NQ
2014-08-13,1,3944.25,3945.0,11,3.08,27.5,21.598214285714285,time,930,955,0.006482017362546507,0.05787515502273667,43.19642857142857,NQ
2014-08-14,1,3964.0,3965.25,11,14.08,38.5,22.375,time,930,955,0.028603351955307263,0.0782122905027933,44.75,NQ
2014-08-15,1,3980.25,3983.5,11,58.08,82.5,21.830357142857142,time,930,955,0.12093251533742332,0.17177914110429449,43.660714285714285,NQ
2014-08-18,1,4013.5,4015.75,11,36.08,60.5,22.044642857142858,time,930,955,0.07439449169704333,0.12474686107735924,44.089285714285715,NQ
2014-08-19,1,4039.0,4038.5,11,-24.42,0.0,22.321428571428573,time,930,955,-0.049728,0.0,44.642857142857146,NQ
2014-08-20,1,4045.25,4039.0,11,-150.92,-126.5,22.133928571428573,time,930,955,-0.30993142396127465,-0.2597821702299314,44.267857142857146,NQ
2014-08-21,1,4045.5,4046.25,12,3.3599999999999994,30.0,19.5625,time,930,955,0.007156549520766772,0.06389776357827476,39.125,NQ
2014-08-22,1,4054.0,4052.0,13,-67.86,-39.0,18.142857142857142,time,930,955,-0.14385826771653543,-0.0826771653543307,36.285714285714285,NQ
2014-08-25,1,4068.25,4066.25,14,-73.08,-42.0,17.1875,time,930,955,-0.15185454545454546,-0.08727272727272728,34.375,NQ
2014-08-26,-1,4072.25,4071.75,15,-3.3000000000000007,30.0,16.401785714285715,time,930,955,-0.006706586826347307,0.06096897114861186,32.80357142857143,NQ
2014-08-27,-1,4067.0,4072.5,16,-195.52,-160.0,15.142857142857142,time,930,955,-0.40349056603773586,-0.33018867924528306,30.285714285714285,NQ
2014-08-28,1,4069.25,4066.75,18,-111.96000000000001,-72.0,13.776785714285714,time,930,955,-0.2257420609202852,-0.14517174335709657,27.553571428571427,NQ
2014-08-29,-1,4076.0,4083.25,19,-298.68,-256.5,12.901785714285714,time,930,955,-0.6092179930795848,-0.5231833910034602,25.803571428571427,NQ
2014-09-02,-1,4086.75,4094.25,20,-324.4,-280.0,11.4375,time,930,955,-0.7090710382513661,-0.6120218579234973,22.875,NQ
2014-09-04,1,4060.5,4066.25,20,205.6,250.0,10.517857142857142,time,930,955,0.4886926994906622,0.5942275042444822,21.035714285714285,NQ
2014-09-05,-1,4079.75,4088.25,20,-364.4,-320.0,11.357142857142858,time,930,955,-0.8021383647798741,-0.7044025157232704,22.714285714285715,NQ
2014-09-08,1,4093.0,4094.5,20,35.6,80.0,11.008928571428571,time,930,955,0.08084347120843471,0.18167072181670724,22.017857142857142,NQ
2014-09-09,-1,4063.5,4061.25,20,65.6,110.0,10.785714285714286,time,930,955,0.1520529801324503,0.2549668874172185,21.571428571428573,NQ
2014-09-10,-1,4093.0,4094.25,20,-74.4,-30.0,11.955357142857142,time,930,955,-0.15557879014189696,-0.06273338312173264,23.910714285714285,NQ
2014-09-11,1,4087.75,4091.25,19,109.82,152.0,12.901785714285714,time,930,955,0.224,0.3100346020761246,25.803571428571427,NQ
2014-09-12,-1,4067.75,4070.25,18,-111.96000000000001,-72.0,13.616071428571429,time,930,955,-0.22840655737704918,-0.14688524590163934,27.232142857142858,NQ
2014-09-15,-1,4025.25,4022.75,17,64.26,102.0,14.080357142857142,time,930,955,0.13422954977805962,0.21306277742549146,28.160714285714285,NQ
2014-09-16,1,4061.5,4058.25,16,-123.52,-88.0,15.267857142857142,time,930,955,-0.2528187134502924,-0.18011695906432748,30.535714285714285,NQ
2014-09-17,1,4069.75,4065.25,14,-143.07999999999998,-112.0,16.991071428571427,time,930,955,-0.300746190225959,-0.23541776142932216,33.982142857142854,NQ
2014-09-18,1,4092.0,4095.75,13,81.64,110.5,18.107142857142858,time,930,955,0.17341222879684418,0.23471400394477318,36.214285714285715,NQ
2014-09-19,-1,4094.5,4092.0,13,49.14,78.0,18.553571428571427,time,930,955,0.10186717998075073,0.16169393647738212,37.107142857142854,NQ
2014-09-22,-1,4049.75,4053.75,13,-119.86,-91.0,19.125,time,930,955,-0.24104575163398692,-0.1830065359477124,38.25,NQ
2014-09-26,1,4042.5,4044.5,11,30.58,55.0,20.982142857142858,time,930,955,0.06624680851063829,0.11914893617021276,41.964285714285715,NQ
2014-09-29,1,4046.75,4038.25,11,-200.42,-176.0,22.026785714285715,time,930,955,-0.41358735306039723,-0.3631941629509526,44.05357142857143,NQ
2014-09-30,-1,4050.0,4045.0,11,96.58,121.0,22.160714285714285,time,930,955,0.19809830781627719,0.24818694601128122,44.32142857142857,NQ
2014-10-01,-1,3976.75,3978.5,11,-51.92,-27.5,22.267857142857142,time,930,955,-0.10598235765838013,-0.05613472333600642,44.535714285714285,NQ
2014-10-02,1,3980.0,3977.5,10,-62.2,-40.0,24.044642857142858,time,930,955,-0.12934274043817304,-0.08317861121425918,48.089285714285715,NQ
2014-10-03,1,4026.25,4018.0,10,-177.2,-155.0,24.25,time,930,955,-0.365360824742268,-0.31958762886597936,48.5,NQ
2014-10-06,1,4011.0,4009.5,10,-42.2,-20.0,24.803571428571427,time,930,955,-0.08506839452843773,-0.04031677465802736,49.607142857142854,NQ
2014-10-07,-1,3964.75,3952.0,9,218.52,238.5,25.169642857142858,time,930,955,0.48232706633558,0.5264278112805959,50.339285714285715,NQ
2014-10-08,-1,4033.75,4031.25,9,34.019999999999996,54.0,26.017857142857142,time,930,955,0.07264241592312971,0.1153054221002059,52.035714285714285,NQ
2014-10-09,-1,3979.75,3962.5,8,266.24,284.0,27.857142857142858,time,930,955,0.5973333333333334,0.6371794871794871,55.714285714285715,NQ
2014-10-10,1,3874.25,3863.25,8,-185.76,-168.0,28.4375,time,930,955,-0.40826373626373624,-0.36923076923076925,56.875,NQ
2014-10-13,-1,3826.75,3804.0,8,354.24,372.0,30.383928571428573,time,930,955,0.7286746987951807,0.7652071701439905,60.767857142857146,NQ
2014-10-14,-1,3798.0,3804.5,7,-99.53999999999999,-84.0,32.357142857142854,time,930,955,-0.21973509933774835,-0.18543046357615897,64.71428571428571,NQ
2014-10-16,1,3765.0,3755.5,7,-141.54,-126.0,33.151785714285715,time,930,955,-0.3049609480204686,-0.27147858874225694,66.30357142857143,NQ
2014-10-17,-1,3812.5,3805.75,7,85.96000000000001,101.5,34.973214285714285,time,930,955,0.1755629308143988,0.20730150625478683,69.94642857142857,NQ
2014-10-20,1,3858.75,3860.75,6,16.68,30.0,36.32142857142857,time,930,955,0.03826941986234022,0.0688298918387414,72.64285714285714,NQ
2014-10-22,1,3948.0,3940.5,6,-97.32,-84.0,37.035714285714285,time,930,955,-0.21897782063645127,-0.18900675024108002,74.07142857142857,NQ
2014-10-23,1,4010.5,4002.5,6,-103.32,-90.0,39.839285714285715,time,930,955,-0.21611833258628418,-0.1882563872702824,79.67857142857143,NQ
2014-10-24,-1,4024.75,4032.75,6,-103.32,-90.0,40.00892857142857,time,930,955,-0.2152019638473555,-0.1874581566614595,80.01785714285714,NQ
2014-10-27,-1,4036.75,4038.0,6,-22.32,-9.0,39.294642857142854,time,930,955,-0.04733469665985004,-0.0190865712338105,78.58928571428571,NQ
2014-10-28,1,4092.5,4098.25,6,61.68,75.0,38.517857142857146,time,930,955,0.1334445989800649,0.16226240148354193,77.03571428571429,NQ
2014-10-29,1,4082.25,4083.75,6,10.68,24.0,39.151785714285715,time,930,955,0.022732041049030788,0.05108323831242874,78.30357142857143,NQ
2014-10-30,-1,4083.25,4093.5,6,-130.32,-117.0,38.625,time,930,955,-0.2811650485436893,-0.2524271844660194,77.25,NQ
2014-10-31,-1,4143.25,4150.25,6,-91.32,-78.0,36.3125,time,930,955,-0.20956970740103267,-0.17900172117039587,72.625,NQ
2014-11-03,1,4157.25,4162.0,6,49.68,63.0,36.00892857142857,time,930,955,0.1149714852467146,0.1457971733201091,72.01785714285714,NQ
2014-11-07,-1,4149.0,4158.25,7,-138.04,-122.5,33.3125,time,930,955,-0.29598499061913697,-0.2626641651031895,66.625,NQ
2014-11-10,-1,4169.75,4173.25,7,-57.54,-42.0,31.482142857142858,time,930,955,-0.13055019852524105,-0.0952921157118548,62.964285714285715,NQ
2014-11-14,-1,4221.25,4224.0,8,-53.76,-36.0,30.401785714285715,time,930,955,-0.11051982378854625,-0.07400881057268723,60.80357142857143,NQ
2014-11-17,1,4210.75,4210.75,8,-9.76,8.0,28.392857142857142,time,930,955,-0.02148427672955975,0.01761006289308176,56.785714285714285,NQ
2014-11-18,1,4244.5,4242.5,9,-46.980000000000004,-27.0,26.544642857142858,time,930,955,-0.09832492431886983,-0.056508577194752774,53.089285714285715,NQ
2014-11-19,-1,4224.5,4224.25,9,-6.48,13.5,25.446428571428573,time,930,955,-0.01414736842105263,0.02947368421052631,50.892857142857146,NQ
2014-11-20,1,4240.25,4243.25,11,52.58,77.0,22.571428571428573,time,930,955,0.10588607594936708,0.1550632911392405,45.142857142857146,NQ
2014-11-21,-1,4254.0,4251.75,11,36.08,60.5,21.151785714285715,time,930,955,0.07753482482059941,0.13001266357112706,42.30357142857143,NQ
2014-11-24,1,4282.75,4284.25,11,19.58,44.0,21.294642857142858,time,930,955,0.04179454926624737,0.09392033542976938,42.589285714285715,NQ
2014-12-01,-1,4292.75,4290.75,12,33.36,60.0,19.964285714285715,time,930,955,0.06962432915921288,0.1252236135957066,39.92857142857143,NQ
2014-12-04,1,4308.0,4311.5,12,69.36,96.0,20.642857142857142,time,930,955,0.13999999999999999,0.19377162629757785,41.285714285714285,NQ
2014-12-08,1,4275.25,4281.25,12,129.36,156.0,19.5,time,930,955,0.27641025641025646,0.3333333333333333,39.0,NQ
2014-12-10,-1,4244.5,4227.5,11,360.58,385.0,20.839285714285715,time,930,955,0.7864952870608397,0.8397600685518423,41.67857142857143,NQ
2014-12-11,1,4267.75,4244.8125,11,-518.045,-493.625,22.4375,stop,930,950,-1.0494707520891364,-1.0,44.875,NQ
2014-12-12,1,4218.5,4200.25,10,-377.2,-355.0,23.910714285714285,time,930,955,-0.7887677371172518,-0.7423450336071696,47.82142857142857,NQ
2014-12-15,-1,4151.25,4155.0,10,-87.2,-65.0,24.035714285714285,time,930,955,-0.18139673105497772,-0.13521545319465084,48.07142857142857,NQ
2014-12-16,1,4122.0,4095.3214285714284,9,-491.19428571428807,-471.21428571428805,26.178571428571427,stop,930,950,-1.0424010914051893,-1.000000000000005,52.357142857142854,NQ
2014-12-17,1,4155.0,4160.0,8,70.24,88.0,28.544642857142858,time,930,955,0.1537941820456678,0.1926806380982171,57.089285714285715,NQ
2014-12-18,1,4245.25,4261.5,8,250.24,268.0,30.330357142857142,time,930,955,0.5156549896967914,0.5522519870473948,60.660714285714285,NQ
2014-12-22,1,4297.0,4295.75,7,-26.04,-10.5,32.392857142857146,time,930,955,-0.05742006615214994,-0.02315325248070562,64.78571428571429,NQ
2014-12-26,1,4320.25,4311.0,7,-138.04,-122.5,31.508928571428573,time,930,955,-0.3129271748370643,-0.27769906489090396,63.017857142857146,NQ
2014-12-29,1,4310.75,4309.5,8,-29.759999999999998,-12.0,31.116071428571427,time,930,955,-0.05977618364418938,-0.02410329985652798,62.232142857142854,NQ
2015-01-02,1,4220.5,4222.25,8,18.240000000000002,36.0,30.883928571428573,time,930,955,0.03691240242844753,0.07285342584562012,61.767857142857146,NQ
2015-01-05,-1,4155.25,4157.0,7,-33.04,-17.5,32.4375,time,930,955,-0.07275529865125241,-0.038535645472061654,64.875,NQ
2015-01-07,1,4151.0,4153.5,7,26.46,42.0,33.848214285714285,time,930,955,0.055837509891849116,0.08863096808230018,67.69642857142857,NQ
2015-01-12,-1,4153.0,4163.0,7,-148.54,-133.0,33.294642857142854,time,930,955,-0.31866988468758384,-0.2853311879860553,66.58928571428571,NQ
2015-01-13,1,4159.25,4160.0,7,1.9600000000000009,17.5,32.875,time,930,955,0.00425855513307985,0.03802281368821293,65.75,NQ
2015-01-14,1,4133.25,4138.25,7,61.46,77.0,34.669642857142854,time,930,955,0.12662374452742725,0.1586402266288952,69.33928571428571,NQ
2015-01-15,-1,4101.5,4083.25,7,246.96,262.5,34.86607142857143,time,930,955,0.5059359795134443,0.5377720870678617,69.73214285714286,NQ
2015-01-16,1,4118.25,4131.5,7,176.96,192.5,34.589285714285715,time,930,955,0.365431078988126,0.39752194114610223,69.17857142857143,NQ
2015-01-20,-1,4164.75,4164.0,8,2.24,20.0,31.0,time,930,955,0.004516129032258065,0.04032258064516129,62.0,NQ
2015-01-21,1,4189.25,4186.0,8,-61.76,-44.0,29.723214285714285,time,930,955,-0.12986482427155302,-0.09252027635926705,59.44642857142857,NQ
2015-01-22,-1,4262.5,4263.75,8,-29.759999999999998,-12.0,30.75,time,930,955,-0.06048780487804878,-0.024390243902439025,61.5,NQ
2015-01-23,1,4272.25,4272.25,7,-8.54,7.0,33.8125,time,930,955,-0.018040665434380775,0.014787430683918669,67.625,NQ
2015-01-26,-1,4260.75,4268.75,7,-120.53999999999999,-105.0,33.794642857142854,time,930,955,-0.254774108322325,-0.22192866578599738,67.58928571428571,NQ
2015-01-29,-1,4172.0,4174.75,7,-47.04,-31.5,34.348214285714285,time,930,955,-0.09782167923056927,-0.0655055887704705,68.69642857142857,NQ
2015-02-02,-1,4152.75,4178.5,6,-316.32,-303.0,36.63392857142857,time,930,955,-0.7195515476480624,-0.6892517669997563,73.26785714285714,NQ
2015-02-06,-1,4218.75,4225.25,6,-85.32,-72.0,37.3125,time,930,955,-0.19055276381909547,-0.16080402010050251,74.625,NQ
2015-02-09,1,4212.0,4211.25,6,-16.32,-3.0,38.892857142857146,time,930,955,-0.03496786042240587,-0.0064279155188246085,77.78571428571429,NQ
2015-02-11,1,4295.0,4293.0,6,-31.32,-18.0,37.5625,time,930,955,-0.06948419301164725,-0.03993344425956739,75.125,NQ
2015-02-13,1,4372.75,4380.75,6,88.68,102.0,36.50892857142857,time,930,955,0.20241623868916608,0.23281976033259966,73.01785714285714,NQ
2015-02-17,-1,4379.0,4385.75,7,-103.03999999999999,-87.5,35.1875,time,930,955,-0.20916518650088808,-0.17761989342806395,70.375,NQ
2015-02-18,1,4390.25,4390.75,7,-1.5399999999999991,14.0,33.473214285714285,time,930,955,-0.0032862096559082405,0.029874633235529476,66.94642857142857,NQ
2015-02-19,1,4413.0,4412.5,7,-15.54,0.0,33.24107142857143,time,930,955,-0.03339242546333602,0.0,66.48214285714286,NQ
2015-02-20,-1,4441.25,4441.75,7,-15.54,-0.0,31.892857142857142,time,930,955,-0.0348040313549832,-0.0,63.785714285714285,NQ
2015-02-24,-1,4452.0,4451.0,8,6.24,24.0,28.142857142857142,time,930,955,0.01385786802030457,0.0532994923857868,56.285714285714285,NQ
2015-02-26,-1,4456.0,4461.5,8,-97.76,-80.0,27.883928571428573,time,930,955,-0.21912263848863273,-0.17931476144732628,55.767857142857146,NQ
2015-02-27,-1,4440.0,4442.0,8,-41.76,-24.0,27.991071428571427,time,930,955,-0.09324401913875598,-0.053588516746411484,55.982142857142854,NQ
2015-03-02,1,4478.0,4481.75,10,62.8,85.0,22.8125,time,930,955,0.13764383561643834,0.1863013698630137,45.625,NQ
2015-03-04,-1,4449.0,4444.75,11,80.08,104.5,20.848214285714285,time,930,955,0.1745952890792291,0.2278372591006424,41.69642857142857,NQ
2015-03-05,1,4448.75,4450.25,12,21.36,48.0,19.875,time,930,955,0.044779874213836474,0.10062893081761007,39.75,NQ
2015-03-09,-1,4414.5,4413.0,12,21.36,48.0,19.9375,time,930,955,0.04463949843260188,0.10031347962382445,39.875,NQ
2015-03-11,-1,4307.75,4305.75,13,36.14,65.0,18.767857142857142,time,930,955,0.0740627973358706,0.13320647002854424,37.535714285714285,NQ
2015-03-12,1,4332.5,4334.5,12,33.36,60.0,19.464285714285715,time,930,955,0.07141284403669725,0.12844036697247707,38.92857142857143,NQ
2015-03-13,1,4303.5,4315.0,12,261.36,288.0,20.178571428571427,time,930,955,0.5396814159292036,0.5946902654867258,40.357142857142854,NQ
2015-03-16,1,4362.75,4365.0,11,36.08,60.5,21.660714285714285,time,930,955,0.07571310799670239,0.12695795548227534,43.32142857142857,NQ
2015-03-17,1,4377.25,4369.25,10,-172.2,-150.0,22.758928571428573,time,930,955,-0.3783130639466457,-0.3295409964692036,45.517857142857146,NQ
2015-03-18,-1,4421.5,4414.0,10,137.8,160.0,23.026785714285715,time,930,955,0.2992167506785576,0.3474214811942613,46.05357142857143,NQ
2015-03-19,1,4426.25,4419.75,10,-142.2,-120.0,24.794642857142858,time,930,955,-0.2867554915376305,-0.2419877565718401,49.589285714285715,NQ
2015-03-20,-1,4459.0,4452.0,10,127.8,150.0,24.901785714285715,time,930,955,0.2566081032628182,0.3011832197920401,49.80357142857143,NQ
2015-03-23,-1,4448.5,4439.75,9,146.52,166.5,25.741071428571427,time,930,955,0.31622615331252174,0.3593479014915019,51.482142857142854,NQ
2015-03-24,1,4433.0,4425.25,9,-150.48,-130.5,25.276785714285715,time,930,955,-0.330738255033557,-0.2868244436594843,50.55357142857143,NQ
2015-03-25,-1,4330.5,4321.5,9,151.02,171.0,25.598214285714285,time,930,955,0.3277572375305198,0.3711196372514824,51.19642857142857,NQ
2015-03-26,-1,4316.0,4307.75,8,122.24,140.0,28.258928571428573,time,930,955,0.27035703001579775,0.3096366508688783,56.517857142857146,NQ
2015-03-27,1,4319.5,4323.25,8,50.24,68.0,28.133928571428573,time,930,955,0.11160901301174231,0.1510631545541098,56.267857142857146,NQ
2015-03-30,1,4371.75,4373.75,8,22.240000000000002,40.0,28.232142857142858,time,930,955,0.04923466160657812,0.08855154965211891,56.464285714285715,NQ
2015-03-31,-1,4332.0,4328.25,8,50.24,68.0,28.071428571428573,time,930,955,0.11185750636132315,0.15139949109414758,56.142857142857146,NQ
2015-04-06,1,4350.5,4342.25,9,-159.48,-139.5,25.910714285714285,time,930,955,-0.3419434872501723,-0.2991040661612681,51.82142857142857,NQ
2015-04-07,1,4351.75,4335.25,9,-307.98,-288.0,27.348214285714285,time,930,955,-0.6256349983676135,-0.5850473392099249,54.69642857142857,NQ
2015-04-08,1,4359.25,4369.75,9,178.02,198.0,26.544642857142858,time,930,955,0.3725798856374033,0.4143962327615203,53.089285714285715,NQ
2015-04-09,1,4391.0,4397.0,9,97.02,117.0,26.205357142857142,time,930,955,0.2056831345826235,0.24804088586030665,52.410714285714285,NQ
2015-04-10,-1,4412.5,4415.5,9,-64.98,-45.0,26.5625,time,930,955,-0.13590588235294118,-0.09411764705882353,53.125,NQ
2015-04-13,1,4406.75,4404.0,10,-67.2,-45.0,24.125,time,930,955,-0.13927461139896374,-0.09326424870466321,48.25,NQ
2015-04-14,-1,4390.75,4392.0,10,-37.2,-15.0,24.875,time,930,955,-0.07477386934673368,-0.03015075376884422,49.75,NQ
2015-04-15,1,4423.75,4418.25,10,-122.2,-100.0,24.660714285714285,time,930,955,-0.24776249094858802,-0.20275162925416368,49.32142857142857,NQ
2015-04-16,1,4412.75,4412.25,9,-19.98,0.0,25.276785714285715,time,930,955,-0.04391381137407276,0.0,50.55357142857143,NQ
2015-04-17,-1,4345.5,4343.75,10,22.8,45.0,24.669642857142858,time,930,955,0.046210640608034745,0.09120521172638436,49.339285714285715,NQ
2015-04-20,1,4412.75,4409.25,10,-82.2,-60.0,23.6875,time,930,955,-0.17350923482849606,-0.1266490765171504,47.375,NQ
2015-04-21,-1,4428.75,4428.5,10,-7.199999999999999,15.0,24.196428571428573,time,930,955,-0.014878228782287822,0.03099630996309963,48.392857142857146,NQ
2015-04-22,-1,4452.25,4452.5,10,-17.2,5.0,24.142857142857142,time,930,955,-0.035621301775147926,0.010355029585798817,48.285714285714285,NQ
2015-04-23,1,4479.5,4469.25,10,-217.2,-195.0,23.946428571428573,time,930,955,-0.4535123042505592,-0.407158836689038,47.892857142857146,NQ
2015-04-24,1,4529.5,4528.75,10,-27.2,-5.0,24.151785714285715,time,930,955,-0.056310536044362286,-0.010351201478743067,48.30357142857143,NQ
2015-04-27,1,4512.25,4518.75,10,117.8,140.0,23.696428571428573,time,930,955,0.2485606631499623,0.29540316503391106,47.392857142857146,NQ
2015-04-28,-1,4511.0,4510.0,10,7.800000000000001,30.0,24.035714285714285,time,930,955,0.0162258543833581,0.062407132243685,48.07142857142857,NQ
2015-04-29,1,4485.75,4480.5,10,-117.2,-95.0,24.696428571428573,time,930,955,-0.23728127259580623,-0.19233550253073028,49.392857142857146,NQ
2015-04-30,-1,4403.75,4409.5,9,-114.48,-94.5,25.008928571428573,time,930,955,-0.25430917529453767,-0.20992502677615135,50.017857142857146,NQ
2015-05-01,1,4463.0,4469.0,9,97.02,117.0,27.294642857142858,time,930,955,0.19747464834805364,0.23814196925089956,54.589285714285715,NQ
2015-05-04,1,4482.0,4474.0,8,-137.76,-120.0,27.991071428571427,time,930,955,-0.3075980861244019,-0.2679425837320574,55.982142857142854,NQ
2015-05-05,-1,4414.75,4403.5,9,191.52,211.5,27.5625,time,930,955,0.38603174603174606,0.42630385487528344,55.125,NQ
2015-05-06,-1,4354.5,4372.75,8,-301.76,-284.0,28.901785714285715,time,930,955,-0.6525548347235094,-0.6141489033055297,57.80357142857143,NQ
2015-05-07,1,4397.0,4397.0,8,-9.76,8.0,31.089285714285715,time,930,955,-0.019620907524411257,0.016082711085583,62.17857142857143,NQ
2015-05-08,1,4454.5,4451.75,8,-53.76,-36.0,29.446428571428573,time,930,955,-0.11410551849605821,-0.07640994542146755,58.892857142857146,NQ
2015-05-11,1,4439.5,4434.25,8,-93.76,-76.0,29.160714285714285,time,930,955,-0.20095529699938766,-0.16289038579301898,58.32142857142857,NQ
2015-05-12,-1,4420.5,4416.25,8,58.24,76.0,29.125,time,930,955,0.12497854077253219,0.1630901287553648,58.25,NQ
2015-05-13,1,4419.0,4422.75,8,50.24,68.0,29.651785714285715,time,930,955,0.1058958145137007,0.1433303221921108,59.30357142857143,NQ
2015-05-14,-1,4487.25,4489.25,8,-41.76,-24.0,29.232142857142858,time,930,955,-0.08928527794746487,-0.051313378130726936,58.464285714285715,NQ
2015-05-15,-1,4485.25,4489.25,8,-73.76,-56.0,29.339285714285715,time,930,955,-0.15712720632988436,-0.11929397443700547,58.67857142857143,NQ
2015-05-18,1,4513.25,4508.0,8,-93.76,-76.0,28.723214285714285,time,930,955,-0.20401616412806964,-0.16537146409698478,57.44642857142857,NQ
2015-05-19,1,4499.5,4502.75,8,42.24,60.0,28.008928571428573,time,930,955,0.09425565827223462,0.13388587822760598,56.017857142857146,NQ
2015-05-20,-1,4506.75,4506.5,9,-6.48,13.5,26.910714285714285,time,930,955,-0.013377571333775715,0.027869940278699403,53.82142857142857,NQ
2015-05-21,1,4530.0,4529.75,9,-15.48,4.5,25.392857142857142,time,930,955,-0.03386779184247539,0.009845288326300985,50.785714285714285,NQ
2015-05-22,1,4537.25,4526.5,10,-227.2,-205.0,24.785714285714285,time,930,955,-0.45832853025936604,-0.4135446685878963,49.57142857142857,NQ
2015-05-26,-1,4468.5,4473.0,11,-112.42,-88.0,22.1875,time,930,955,-0.23030985915492957,-0.18028169014084508,44.375,NQ
2015-05-27,1,4544.75,4545.5,11,3.08,27.5,21.830357142857142,time,930,955,0.006413087934560328,0.0572597137014315,43.660714285714285,NQ
2015-05-28,-1,4533.75,4536.0,10,-57.2,-35.0,23.107142857142858,time,930,955,-0.12377125193199381,-0.07573415765069551,46.214285714285715,NQ
2015-05-29,-1,4512.75,4509.25,11,63.58,88.0,21.6875,time,930,955,0.1332564841498559,0.1844380403458213,43.375,NQ
2015-06-01,-1,4525.0,4522.25,11,47.08,71.5,22.026785714285715,time,930,955,0.0971544385893798,0.14754762869882448,44.05357142857143,NQ
2015-06-02,-1,4512.5,4509.25,11,58.08,82.5,21.544642857142858,time,930,955,0.12253626191462907,0.17405719021964358,43.089285714285715,NQ
2015-06-03,-1,4518.0,4521.75,11,-95.92,-71.5,21.767857142857142,time,930,955,-0.20029532403609518,-0.14930270713699756,43.535714285714285,NQ
2015-06-04,1,4480.75,4488.5,12,171.36,198.0,20.375,time,930,955,0.35042944785276076,0.4049079754601227,40.75,NQ
2015-06-05,-1,4480.75,4478.0,11,47.08,71.5,21.223214285714285,time,930,955,0.10083298275136726,0.15313420277660916,42.44642857142857,NQ
2015-06-08,-1,4436.0,4431.75,11,80.08,104.5,21.383928571428573,time,930,955,0.17022129436325675,0.22212943632567847,42.767857142857146,NQ
2015-06-09,-1,4422.5,4424.5,11,-57.42,-33.0,22.544642857142858,time,930,955,-0.11577029702970297,-0.06653465346534652,45.089285714285715,NQ
2015-06-10,1,4493.25,4482.25,11,-255.42,-231.0,22.455357142857142,time,930,955,-0.5170258449304175,-0.46759443339960244,44.910714285714285,NQ
2015-06-11,1,4491.5,4490.75,10,-27.2,-5.0,23.508928571428573,time,930,955,-0.05785036080516521,-0.010634257500949486,47.017857142857146,NQ
2015-06-12,-1,4458.0,4454.25,10,62.8,85.0,23.857142857142858,time,930,955,0.13161676646706585,0.1781437125748503,47.714285714285715,NQ
2015-06-15,-1,4422.0,4425.25,10,-77.2,-55.0,24.821428571428573,time,930,955,-0.1555107913669065,-0.11079136690647481,49.642857142857146,NQ
2015-06-16,1,4452.25,4447.5,10,-107.2,-85.0,24.696428571428573,time,930,955,-0.2170354302241504,-0.17208966015907448,49.392857142857146,NQ
2015-06-17,1,4469.75,4460.25,10,-202.2,-180.0,23.321428571428573,time,930,955,-0.4335068912710566,-0.38591117917304746,46.642857142857146,NQ
2015-06-18,1,4531.25,4524.25,10,-152.2,-130.0,24.0,time,930,955,-0.31708333333333333,-0.2708333333333333,48.0,NQ
2015-06-19,-1,4512.25,4503.25,9,151.02,171.0,25.169642857142858,time,930,955,0.3333380631429585,0.3774388080879744,50.339285714285715,NQ
2015-06-22,1,4541.5,4536.75,10,-107.2,-85.0,24.491071428571427,time,930,955,-0.21885526795479404,-0.17353262850893184,48.982142857142854,NQ
2015-06-23,-1,4543.25,4541.5,10,22.8,45.0,24.535714285714285,time,930,955,0.04646288209606988,0.09170305676855896,49.07142857142857,NQ
2015-06-24,1,4525.75,4517.0,10,-187.2,-165.0,24.258928571428573,time,930,955,-0.38583732057416265,-0.340080971659919,48.517857142857146,NQ
2015-06-25,-1,4510.25,4506.75,10,57.8,80.0,23.785714285714285,time,930,955,0.1215015015015015,0.16816816816816818,47.57142857142857,NQ
2015-06-26,1,4483.5,4477.0,10,-142.2,-120.0,23.633928571428573,time,930,955,-0.30083868530411784,-0.2538723082735172,47.267857142857146,NQ
2015-06-29,1,4381.25,4371.5,10,-207.2,-185.0,23.660714285714285,time,930,955,-0.43785660377358493,-0.3909433962264151,47.32142857142857,NQ
2015-06-30,-1,4393.5,4387.75,9,92.52,112.5,25.794642857142858,time,930,955,0.19926618206992036,0.24229837313949462,51.589285714285715,NQ
2015-07-02,-1,4423.75,4422.25,10,17.8,40.0,24.598214285714285,time,930,955,0.03618148820326679,0.08130671506352088,49.19642857142857,NQ
2015-07-06,1,4407.25,4412.0,10,82.8,105.0,24.25,time,930,955,0.17072164948453608,0.21649484536082475,48.5,NQ
2015-07-07,-1,4424.5,4421.5,10,47.8,70.0,23.714285714285715,time,930,955,0.10078313253012046,0.1475903614457831,47.42857142857143,NQ
2015-07-09,-1,4348.5,4343.25,9,83.52,103.5,26.616071428571427,time,930,955,0.17433076148943308,0.2160348876216035,53.232142857142854,NQ
2015-07-10,-1,4417.5,4411.0,9,106.02,126.0,26.25,time,930,955,0.22438095238095238,0.26666666666666666,52.5,NQ
2015-07-13,1,4487.5,4485.75,8,-37.76,-20.0,28.125,time,930,955,-0.0839111111111111,-0.044444444444444446,56.25,NQ
2015-07-14,1,4524.25,4516.5,8,-133.76,-116.0,29.258928571428573,time,930,955,-0.2857247482453463,-0.24778761061946902,58.517857142857146,NQ
2015-07-15,1,4520.0,4522.25,8,26.240000000000002,44.0,30.0,time,930,955,0.05466666666666667,0.09166666666666666,60.0,NQ
2015-07-16,1,4584.75,4584.75,8,-9.76,8.0,29.669642857142858,time,930,955,-0.02055973517905507,0.01685224195004514,59.339285714285715,NQ
2015-07-17,1,4648.25,4652.25,8,54.24,72.0,30.535714285714285,time,930,955,0.11101754385964913,0.1473684210526316,61.07142857142857,NQ
2015-07-20,-1,4677.75,4669.75,8,118.24,136.0,30.928571428571427,time,930,955,0.2389376443418014,0.2748267898383372,61.857142857142854,NQ
2015-07-21,1,4668.25,4665.5,8,-53.76,-36.0,28.375,time,930,955,-0.11841409691629956,-0.07929515418502203,56.75,NQ
2015-07-22,1,4610.75,4615.25,8,62.24,80.0,27.8125,time,930,955,0.13986516853932585,0.1797752808988764,55.625,NQ
2015-07-23,-1,4585.5,4596.25,8,-181.76,-164.0,28.571428571428573,time,930,955,-0.39759999999999995,-0.35874999999999996,57.142857142857146,NQ
2015-07-24,-1,4549.5,4551.75,8,-45.76,-28.0,29.839285714285715,time,930,955,-0.09584679832435666,-0.05864751645721125,59.67857142857143,NQ
2015-07-27,1,4510.0,4513.75,8,50.24,68.0,30.794642857142858,time,930,955,0.10196578718469122,0.13801101768628588,61.589285714285715,NQ
2015-07-28,-1,4549.25,4552.25,8,-57.76,-40.0,29.214285714285715,time,930,955,-0.12356968215158923,-0.08557457212713936,58.42857142857143,NQ
2015-07-29,-1,4569.5,4570.75,8,-29.759999999999998,-12.0,28.883928571428573,time,930,955,-0.06439567233384852,-0.02596599690880989,57.767857142857146,NQ
2015-07-30,-1,4596.25,4590.25,8,86.24,104.0,27.857142857142858,time,930,955,0.19348717948717947,0.23333333333333334,55.714285714285715,NQ
2015-07-31,-1,4582.0,4585.75,9,-78.48,-58.5,27.303571428571427,time,930,955,-0.15968606932635712,-0.11903204708960106,54.607142857142854,NQ
2015-08-03,1,4557.0,4572.25,9,263.52,283.5,25.553571428571427,time,930,955,0.5729140461215934,0.6163522012578617,51.107142857142854,NQ
2015-08-04,-1,4565.5,4562.25,9,47.519999999999996,67.5,26.089285714285715,time,930,955,0.10119096509240245,0.1437371663244353,52.17857142857143,NQ
2015-08-05,1,4599.25,4597.25,9,-46.980000000000004,-27.0,26.214285714285715,time,930,955,-0.09956403269754768,-0.05722070844686648,52.42857142857143,NQ
2015-08-06,-1,4515.25,4524.5,9,-177.48,-157.5,26.321428571428573,time,930,955,-0.3745997286295793,-0.33242876526458615,52.642857142857146,NQ
2015-08-07,1,4518.25,4517.25,9,-28.98,-9.0,27.642857142857142,time,930,955,-0.05824289405684755,-0.018087855297157625,55.285714285714285,NQ
2015-08-10,1,4567.25,4568.5,8,10.24,28.0,28.026785714285715,time,930,955,0.02283529786556228,0.06244026760114686,56.05357142857143,NQ
2015-08-11,1,4506.75,4510.5,8,50.24,68.0,29.375,time,930,955,0.1068936170212766,0.14468085106382977,58.75,NQ
2015-08-12,-1,4535.0,4525.75,8,138.24,156.0,29.8125,time,930,955,0.289811320754717,0.3270440251572327,59.625,NQ
2015-08-13,-1,4519.75,4517.25,7,26.46,42.0,31.785714285714285,time,930,955,0.05946067415730337,0.09438202247191012,63.57142857142857,NQ
2015-08-14,1,4532.5,4526.5,8,-105.76,-88.0,30.544642857142858,time,930,955,-0.21640456007015493,-0.18006430868167203,61.089285714285715,NQ
2015-08-17,-1,4559.5,4563.75,8,-77.76,-60.0,30.035714285714285,time,930,955,-0.16180737217598098,-0.12485136741973842,60.07142857142857,NQ
2015-08-18,-1,4536.5,4540.25,8,-69.76,-52.0,29.9375,time,930,955,-0.14563674321503134,-0.10855949895615867,59.875,NQ
2015-08-19,-1,4518.75,4511.0,8,114.24,132.0,29.732142857142858,time,930,955,0.24014414414414412,0.2774774774774775,59.464285714285715,NQ
2015-08-20,-1,4412.5,4384.75,8,434.24,452.0,29.696428571428573,time,930,955,0.9139146121467228,0.9512928442573662,59.392857142857146,NQ
2015-08-21,1,4209.25,4197.5,7,-173.04,-157.5,33.080357142857146,time,930,955,-0.37363562753036433,-0.34008097165991896,66.16071428571429,NQ
2015-08-24,1,4022.0,4030.75,6,97.68,111.0,37.660714285714285,time,930,955,0.216140350877193,0.24561403508771928,75.32142857142857,NQ
2015-08-25,-1,4091.0,4013.75,5,766.4,777.5,46.794642857142854,time,930,955,1.6377943140622018,1.6615149780576226,93.58928571428571,NQ
2015-08-26,-1,4198.75,4215.75,4,-140.88,-132.0,51.3125,time,930,955,-0.34319123020706455,-0.3215590742996346,102.625,NQ
2015-08-27,-1,4289.0,4321.25,4,-262.88,-254.0,55.160714285714285,time,930,955,-0.5957138232437682,-0.575590806086112,110.32142857142857,NQ
2015-08-28,1,4304.5,4324.0,4,151.12,160.0,57.42857142857143,time,930,955,0.3289303482587065,0.34825870646766166,114.85714285714286,NQ
2015-08-31,-1,4278.25,4270.75,4,55.12,64.0,56.88392857142857,time,930,955,0.1211238424109245,0.14063726259613876,113.76785714285714,NQ
2015-09-01,1,4146.75,4138.25,4,-72.88,-64.0,56.25892857142857,time,930,955,-0.16192985240438026,-0.14219965084907157,112.51785714285714,NQ
2015-09-02,-1,4215.5,4252.75,4,-302.88,-294.0,57.973214285714285,time,930,955,-0.6530602186970583,-0.6339134452487294,115.94642857142857,NQ
2015-09-03,-1,4233.75,4232.0,4,9.120000000000001,18.0,60.473214285714285,time,930,955,0.018851321423298394,0.03720655544072051,120.94642857142857,NQ
2015-09-04,1,4186.0,4180.5,4,-48.88,-40.0,62.107142857142854,time,930,955,-0.09837837837837839,-0.08050603795284647,124.21428571428571,NQ
2015-09-08,1,4291.5,4300.0,3,47.34,54.0,62.857142857142854,time,930,955,0.12552272727272729,0.1431818181818182,125.71428571428571,NQ
2015-09-09,-1,4270.25,4252.5,3,102.84,109.5,63.82142857142857,time,930,955,0.2685618354784555,0.2859541130386122,127.64285714285714,NQ
2015-09-10,1,4283.25,4296.25,3,74.34,81.0,63.294642857142854,time,930,955,0.19575116377486249,0.21328819297503177,126.58928571428571,NQ
2015-09-11,-1,4308.75,4321.5,4,-106.88,-98.0,59.669642857142854,time,930,955,-0.22389944635642675,-0.20529702229537633,119.33928571428571,NQ
2015-09-14,-1,4292.5,4297.0,4,-40.88,-32.0,51.30357142857143,time,930,955,-0.09960320222763662,-0.07796728158719109,102.60714285714286,NQ
2015-09-16,-1,4371.75,4374.25,5,-31.1,-20.0,46.089285714285715,time,930,955,-0.06747772181325068,-0.04339403332041844,92.17857142857143,NQ
2015-09-17,1,4400.0,4374.5,6,-313.32,-300.0,41.392857142857146,time,930,955,-0.6307851596203623,-0.6039689387402932,82.78571428571429,NQ
2015-09-18,1,4313.0,4311.25,6,-28.32,-15.0,40.42857142857143,time,930,955,-0.05837455830388692,-0.030918727915194344,80.85714285714286,NQ
2015-09-21,1,4317.0,4325.5,6,94.68,108.0,41.276785714285715,time,930,955,0.1911486048020766,0.21804023361453603,82.55357142857143,NQ
2015-09-22,-1,4263.75,4261.5,6,19.68,33.0,41.607142857142854,time,930,955,0.039416309012875544,0.06609442060085838,83.21428571428571,NQ
2015-09-23,-1,4264.25,4263.25,6,4.68,18.0,39.92857142857143,time,930,955,0.009767441860465116,0.03756708407871198,79.85714285714286,NQ
2015-09-24,-1,4251.0,4249.25,6,13.68,27.0,37.339285714285715,time,930,955,0.03053084648493544,0.06025824964131994,74.67857142857143,NQ
2015-09-25,-1,4216.75,4212.5,6,43.68,57.0,37.339285714285715,time,930,955,0.09748445719751316,0.12721186035389767,74.67857142857143,NQ
2015-09-28,-1,4098.25,4091.5,6,73.68,87.0,38.732142857142854,time,930,955,0.1585246657445828,0.18718303365606273,77.46428571428571,NQ
2015-09-29,1,4053.0,4070.5,5,168.9,180.0,42.107142857142854,time,930,955,0.4011195928753181,0.42748091603053434,84.21428571428571,NQ
2015-09-30,1,4161.25,4163.75,5,18.9,30.0,42.44642857142857,time,930,955,0.04452671434581405,0.070677324358435,84.89285714285714,NQ
2015-10-01,-1,4166.5,4181.5,5,-156.1,-145.0,41.955357142857146,time,930,955,-0.3720621408810385,-0.3456054479676527,83.91071428571429,NQ
2015-10-02,1,4248.75,4256.25,6,82.68,96.0,41.285714285714285,time,930,955,0.16688581314878895,0.19377162629757785,82.57142857142857,NQ
2015-10-05,1,4323.75,4319.25,5,-51.1,-40.0,44.50892857142857,time,930,955,-0.11480842527582749,-0.08986960882647944,89.01785714285714,NQ
2015-10-06,1,4301.25,4297.5,5,-43.6,-32.5,45.42857142857143,time,930,955,-0.09597484276729559,-0.07154088050314465,90.85714285714286,NQ
2015-10-07,1,4310.75,4323.75,5,123.9,135.0,44.607142857142854,time,930,955,0.27775820656525224,0.3026421136909528,89.21428571428571,NQ
2015-10-08,-1,4332.0,4340.5,5,-91.1,-80.0,43.92857142857143,time,930,955,-0.20738211382113816,-0.18211382113821137,87.85714285714286,NQ
2015-10-09,1,4361.0,4360.25,5,-13.6,-2.5,44.36607142857143,time,930,955,-0.03065405514187965,-0.005634936606963171,88.73214285714286,NQ
2015-10-12,-1,4375.0,4371.75,5,26.4,37.5,43.044642857142854,time,930,955,0.06133167392657125,0.08711885500933417,86.08928571428571,NQ
2015-10-13,1,4345.75,4343.0,6,-40.32,-27.0,40.232142857142854,time,930,955,-0.08351531291611186,-0.05592543275632491,80.46428571428571,NQ
2015-10-14,1,4344.5,4336.5,6,-103.32,-90.0,40.580357142857146,time,930,955,-0.21217161716171612,-0.1848184818481848,81.16071428571429,NQ
2015-10-15,1,4405.0,4407.25,6,19.68,33.0,39.44642857142857,time,930,955,0.04157537347215935,0.06971480307831598,78.89285714285714,NQ
2015-10-16,-1,4420.5,4428.0,6,-97.32,-84.0,37.964285714285715,time,930,955,-0.21362182502351834,-0.18438381937911572,75.92857142857143,NQ
2015-10-19,1,4445.5,4452.0,7,82.46000000000001,98.0,34.42857142857143,time,930,955,0.17107883817427388,0.2033195020746888,68.85714285714286,NQ
2015-10-20,1,4429.5,4429.75,7,-5.039999999999999,10.5,32.30357142857143,time,930,955,-0.011144278606965173,0.02321724709784411,64.60714285714286,NQ
2015-10-21,-1,4418.25,4403.75,8,222.24,240.0,30.205357142857142,time,930,955,0.45985220218740763,0.4966006503103754,60.410714285714285,NQ
2015-10-22,1,4488.75,4492.25,8,46.24,64.0,29.821428571428573,time,930,955,0.09691017964071856,0.1341317365269461,59.642857142857146,NQ
2015-10-23,1,4618.75,4617.5,8,-29.759999999999998,-12.0,27.946428571428573,time,930,955,-0.06655591054313098,-0.0268370607028754,55.892857142857146,NQ
2015-10-26,-1,4620.5,4621.5,8,-25.759999999999998,-8.0,30.508928571428573,time,930,955,-0.05277143693298214,-0.016388645010242904,61.017857142857146,NQ
2015-10-27,1,4629.75,4631.25,8,14.24,32.0,29.580357142857142,time,930,955,0.030087533957138545,0.0676124358587383,59.160714285714285,NQ
2015-10-28,-1,4649.75,4669.5,8,-325.76,-308.0,28.294642857142858,time,930,955,-0.7195708425370779,-0.6803408015146734,56.589285714285715,NQ
2015-10-29,-1,4663.0,4661.75,8,10.24,28.0,27.803571428571427,time,930,955,0.023018625561978166,0.06294155427103404,55.607142857142854,NQ
2015-10-30,1,4652.25,4641.25,9,-208.98,-189.0,27.392857142857142,time,930,955,-0.42383311603650586,-0.3833116036505867,54.785714285714285,NQ
2015-11-02,1,4695.0,4694.5,9,-19.98,0.0,27.589285714285715,time,930,955,-0.04023300970873786,0.0,55.17857142857143,NQ
2015-11-06,-1,4697.25,4701.75,8,-81.76,-64.0,27.8125,time,930,955,-0.1837303370786517,-0.14382022471910114,55.625,NQ
2015-11-09,-1,4645.75,4651.75,8,-105.76,-88.0,27.830357142857142,time,930,955,-0.23751042669233238,-0.1976259223612448,55.660714285714285,NQ
2015-11-11,-1,4638.25,4633.0,8,74.24,92.0,28.116071428571427,time,930,955,0.16503016830739917,0.2045093680533503,56.232142857142854,NQ
2015-11-16,1,4558.75,4561.5,8,34.24,52.0,28.678571428571427,time,930,955,0.07462017434620175,0.11332503113325032,57.357142857142854,NQ
2015-11-19,1,4661.0,4654.5,7,-99.53999999999999,-84.0,32.4375,time,930,955,-0.21919075144508668,-0.18497109826589594,64.875,NQ
2015-11-20,1,4680.75,4686.0,7,64.96000000000001,80.5,35.142857142857146,time,930,955,0.13203252032520324,0.16361788617886178,70.28571428571429,NQ
2015-11-23,1,4676.5,4673.5,7,-50.54,-35.0,34.455357142857146,time,930,955,-0.10477325732054935,-0.07255765742420316,68.91071428571429,NQ
2015-11-24,1,4669.25,4670.25,7,5.460000000000001,21.0,33.026785714285715,time,930,955,0.011808596918085971,0.0454176804541768,66.05357142857143,NQ
2015-11-25,1,4678.5,4673.25,8,-93.76,-76.0,30.026785714285715,time,930,955,-0.19515908415105562,-0.1581920903954802,60.05357142857143,NQ
2015-11-30,-1,4669.75,4668.0,8,18.240000000000002,36.0,28.071428571428573,time,930,955,0.040610687022900764,0.08015267175572519,56.142857142857146,NQ
2015-12-01,1,4709.5,4714.75,8,74.24,92.0,28.598214285714285,time,930,955,0.16224789260068684,0.20106150483921326,57.19642857142857,NQ
2015-12-02,1,4693.25,4686.75,8,-113.76,-96.0,29.196428571428573,time,930,955,-0.2435229357798165,-0.2055045871559633,58.392857142857146,NQ
2015-12-03,-1,4593.0,4607.5,8,-241.76,-224.0,29.303571428571427,time,930,955,-0.5156368068251066,-0.47775746496039,58.607142857142854,NQ
2015-12-04,1,4714.5,4713.75,7,-19.04,-3.5,32.142857142857146,time,930,955,-0.042311111111111105,-0.007777777777777777,64.28571428571429,NQ
2015-12-07,-1,4683.25,4692.5,7,-138.04,-122.5,33.44642857142857,time,930,955,-0.2947997864388681,-0.26161238654564867,66.89285714285714,NQ
2015-12-08,1,4694.75,4693.75,7,-22.54,-7.0,33.482142857142854,time,930,955,-0.048085333333333334,-0.014933333333333335,66.96428571428571,NQ
2015-12-09,1,4624.75,4621.25,8,-65.76,-48.0,30.5625,time,930,955,-0.13447852760736198,-0.09815950920245399,61.125,NQ
2015-12-10,-1,4643.5,4643.0,8,-1.7599999999999998,16.0,30.232142857142858,time,930,955,-0.003638511518015357,0.03307737743650325,60.464285714285715,NQ
2015-12-11,-1,4540.25,4536.75,8,46.24,64.0,30.928571428571427,time,930,955,0.09344110854503465,0.12933025404157045,61.857142857142854,NQ
2015-12-14,-1,4544.5,4565.5,7,-302.54,-287.0,32.955357142857146,time,930,955,-0.6557355730154429,-0.6220536439989162,65.91071428571429,NQ
2015-12-15,1,4591.75,4592.75,7,5.460000000000001,21.0,34.205357142857146,time,930,955,0.011401722787783869,0.04385277995301488,68.41071428571429,NQ
2015-12-16,-1,4659.0,4661.0,6,-31.32,-18.0,35.955357142857146,time,930,955,-0.07259001738266699,-0.0417184007946362,71.91071428571429,NQ
2015-12-17,-1,4620.5,4591.75,6,337.68,351.0,38.357142857142854,time,930,955,0.7336312849162012,0.7625698324022347,76.71428571428571,NQ
2015-12-18,1,4527.75,4504.25,6,-289.32,-276.0,40.535714285714285,time,930,955,-0.594784140969163,-0.5674008810572687,81.07142857142857,NQ
2015-12-21,-1,4525.0,4552.75,5,-283.6,-272.5,42.1875,time,930,955,-0.6722370370370371,-0.6459259259259259,84.375,NQ
2015-12-22,-1,4585.5,4582.0,5,28.9,40.0,42.19642857142857,time,930,955,0.06848920863309353,0.09479475243334745,84.39285714285714,NQ
2015-12-23,1,4613.0,4617.5,6,46.68,60.0,41.339285714285715,time,930,955,0.09409935205183585,0.12095032397408208,82.67857142857143,NQ
2015-12-28,-1,4608.75,4613.5,7,-75.03999999999999,-59.5,34.8125,time,930,955,-0.15396768402154398,-0.12208258527827648,69.625,NQ
2015-12-29,1,4688.75,4686.0,7,-47.04,-31.5,34.55357142857143,time,930,955,-0.09724031007751938,-0.06511627906976744,69.10714285714286,NQ
2015-12-30,-1,4653.0,4645.75,7,92.96000000000001,108.5,35.160714285714285,time,930,955,0.1888471305231082,0.22041645505332655,70.32142857142857,NQ
2015-12-31,-1,4601.0,4586.0,7,201.46,217.0,32.88392857142857,time,930,955,0.4375997827857725,0.47135487374423024,65.76785714285714,NQ
2016-01-04,-1,4451.5,4485.053571428572,7,-478.29000000000184,-462.7500000000018,33.05357142857143,stop,930,955,-1.033581847649923,-1.000000000000004,66.10714285714286,NQ
2016-01-05,-1,4482.25,4476.0,7,78.96000000000001,94.5,34.705357142857146,time,930,955,0.16251093388217133,0.19449446874196036,69.41071428571429,NQ
2016-01-06,1,4436.25,4436.25,7,-8.54,7.0,33.3125,time,930,955,-0.018311444652908064,0.0150093808630394,66.625,NQ
2016-01-07,1,4317.5,4296.0,7,-309.54,-294.0,33.57142857142857,time,930,955,-0.6585957446808511,-0.625531914893617,67.14285714285714,NQ
2016-01-08,1,4281.75,4261.25,7,-295.54,-280.0,35.30357142857143,time,930,955,-0.5979564997470916,-0.5665149215983813,70.60714285714286,NQ
2016-01-11,-1,4282.5,4276.0,7,82.46000000000001,98.0,35.535714285714285,time,930,955,0.165748743718593,0.19698492462311556,71.07142857142857,NQ
2016-01-12,1,4316.5,4324.25,6,85.68,99.0,35.830357142857146,time,930,955,0.19927236481435334,0.23025168203339144,71.66071428571429,NQ
2016-01-13,-1,4203.25,4173.75,6,346.68,360.0,37.026785714285715,time,930,955,0.7802459609356162,0.8102242585001206,74.05357142857143,NQ
2016-01-14,-1,4268.0,4262.25,5,51.4,62.5,42.30357142857143,time,930,955,0.12150274377374418,0.147741663149008,84.60714285714286,NQ
2016-01-15,1,4133.0,4129.5,5,-41.1,-30.0,47.232142857142854,time,930,955,-0.08701701323251418,-0.06351606805293006,94.46428571428571,NQ
2016-01-19,-1,4141.0,4139.75,4,5.12,14.0,52.017857142857146,time,930,955,0.012303467215928595,0.03364229316855475,104.03571428571429,NQ
2016-01-20,-1,4144.25,4128.25,4,123.12,132.0,52.642857142857146,time,930,955,0.2923473541383989,0.3134328358208955,105.28571428571429,NQ
2016-01-21,-1,4155.25,4131.25,4,187.12,196.0,57.848214285714285,time,930,955,0.4043340021608273,0.42352214847970365,115.69642857142857,NQ
2016-01-22,1,4236.5,4250.25,4,105.12,114.0,59.38392857142857,time,930,955,0.22127198917456023,0.23996391520072172,118.76785714285714,NQ
2016-01-25,1,4195.25,4188.75,4,-56.88,-48.0,58.169642857142854,time,930,955,-0.12222870299309288,-0.10314658480429778,116.33928571428571,NQ
2016-01-26,-1,4211.25,4226.5,4,-126.88,-118.0,58.86607142857143,time,930,955,-0.2694251478841195,-0.2505687850750796,117.73214285714286,NQ
2016-01-27,-1,4116.75,4119.75,4,-28.88,-20.0,58.88392857142857,time,930,955,-0.06130705079605762,-0.04245640636846096,117.76785714285714,NQ
2016-01-28,-1,4177.75,4177.75,4,-4.88,4.0,58.205357142857146,time,930,955,-0.010480134990029144,0.008590274581991103,116.41071428571429,NQ
2016-01-29,1,4254.75,4265.75,4,83.12,92.0,57.669642857142854,time,930,955,0.1801641120916551,0.19941167363368945,115.33928571428571,NQ
2016-02-01,-1,4289.5,4276.0,4,103.12,112.0,57.544642857142854,time,930,955,0.22400000000000003,0.24328937160589606,115.08928571428571,NQ
2016-02-02,-1,4190.5,4184.75,4,41.12,50.0,56.910714285714285,time,930,955,0.09031691245685597,0.10982114841543772,113.82142857142857,NQ
2016-02-03,-1,4163.25,4163.75,4,-8.879999999999999,-0.0,54.0625,time,930,955,-0.02053179190751445,-0.0,108.125,NQ
2016-02-04,-1,4147.75,4163.5,4,-130.88,-122.0,52.0625,time,930,955,-0.3142376950780312,-0.2929171668667467,104.125,NQ
2016-02-05,-1,4018.25,4017.5,5,1.4000000000000004,12.5,48.36607142857143,time,930,955,0.002894591102086026,0.025844563411482366,96.73214285714286,NQ
2016-02-08,-1,3944.25,3956.75,4,-104.88,-96.0,53.67857142857143,time,930,955,-0.24423153692614769,-0.22355289421157684,107.35714285714286,NQ
2016-02-09,1,3957.25,3943.0,4,-118.88,-110.0,54.830357142857146,time,930,955,-0.27101774955219016,-0.25077348965966456,109.66071428571429,NQ
2016-02-10,1,3971.75,3959.0,4,-106.88,-98.0,51.919642857142854,time,930,955,-0.2573207222699914,-0.23594153052450562,103.83928571428571,NQ
2016-02-11,1,3967.5,3955.25,4,-102.88,-94.0,51.69642857142857,time,930,955,-0.24875993091537132,-0.22728842832469776,103.39285714285714,NQ
2016-02-12,-1,4002.25,4013.5,4,-94.88,-86.0,50.50892857142857,time,930,955,-0.23480996994873607,-0.21283365741559132,101.01785714285714,NQ
2016-02-16,1,4096.75,4100.25,5,28.9,40.0,49.723214285714285,time,930,955,0.058121745376189624,0.08044532231998563,99.44642857142857,NQ
2016-02-17,1,4188.5,4196.5,5,73.9,85.0,47.205357142857146,time,930,955,0.15655002837147722,0.18006430868167203,94.41071428571429,NQ
2016-02-18,-1,4154.5,4150.75,5,31.4,42.5,47.92857142857143,time,930,955,0.06551415797317435,0.0886736214605067,95.85714285714286,NQ
2016-02-19,1,4159.0,4162.75,5,31.4,42.5,47.05357142857143,time,930,955,0.0667324478178368,0.09032258064516129,94.10714285714286,NQ
2016-02-22,1,4223.25,4228.75,5,48.9,60.0,46.69642857142857,time,930,955,0.10471892925430211,0.12848948374760996,93.39285714285714,NQ
2016-02-23,1,4167.5,4160.75,5,-73.6,-62.5,45.482142857142854,time,930,955,-0.1618217510797016,-0.13741656851197487,90.96428571428571,NQ
2016-02-24,-1,4197.0,4199.25,5,-28.6,-17.5,43.75,time,930,955,-0.06537142857142858,-0.04,87.5,NQ
2016-02-25,-1,4214.0,4240.0,5,-266.1,-255.0,45.098214285714285,time,930,955,-0.5900455355375174,-0.5654325876064146,90.19642857142857,NQ
2016-02-26,-1,4239.0,4234.75,5,36.4,47.5,41.794642857142854,time,930,955,0.08709250160222175,0.11365092928861355,83.58928571428571,NQ
2016-02-29,1,4216.5,4198.75,6,-220.32,-207.0,38.74107142857143,time,930,955,-0.473915648766997,-0.4452638856879465,77.48214285714286,NQ
2016-03-01,1,4320.5,4332.0,6,130.68,144.0,37.267857142857146,time,930,955,0.2922089123143268,0.32199329180642067,74.53571428571429,NQ
2016-03-02,-1,4322.5,4332.5,6,-127.32,-114.0,38.535714285714285,time,930,955,-0.2753290083410565,-0.24652455977757182,77.07142857142857,NQ
2016-03-03,-1,4320.5,4325.25,6,-64.32,-51.0,36.607142857142854,time,930,955,-0.14641951219512195,-0.11609756097560978,73.21428571428571,NQ
2016-03-04,-1,4326.25,4327.0,6,-16.32,-3.0,35.776785714285715,time,930,955,-0.03801347641627153,-0.006987771400049913,71.55357142857143,NQ
2016-03-07,-1,4297.75,4301.25,7,-57.54,-42.0,35.38392857142857,time,930,955,-0.11615442846328539,-0.08478425435276306,70.76785714285714,NQ
2016-03-08,1,4277.25,4263.5,7,-201.04,-185.5,35.651785714285715,time,930,955,-0.40278487352867515,-0.3716503881793138,71.30357142857143,NQ
2016-03-09,-1,4285.75,4292.25,7,-99.53999999999999,-84.0,33.82142857142857,time,930,955,-0.21022175290390707,-0.17740232312565998,67.64285714285714,NQ
2016-03-10,1,4291.0,4286.5,7,-71.53999999999999,-56.0,32.69642857142857,time,930,955,-0.1562861824139814,-0.1223375204806117,65.39285714285714,NQ
2016-03-11,1,4354.5,4360.0,7,68.46000000000001,84.0,34.49107142857143,time,930,955,0.14177582190007768,0.17395806368107689,68.98214285714286,NQ
2016-03-14,1,4362.0,4358.0,7,-64.53999999999999,-49.0,34.61607142857143,time,930,955,-0.13317513541397988,-0.10110910497807583,69.23214285714286,NQ
2016-03-15,-1,4357.5,4357.75,7,-12.04,3.5,33.32142857142857,time,930,955,-0.025809217577706323,0.007502679528403001,66.64285714285714,NQ
2016-03-16,1,4399.0,4396.5,8,-49.76,-32.0,30.196428571428573,time,930,955,-0.10299231224127735,-0.06623299822590183,60.392857142857146,NQ
2016-03-17,-1,4398.0,4392.5,8,78.24,96.0,29.883928571428573,time,930,955,0.1636331042724828,0.20077681505826112,59.767857142857146,NQ
2016-03-18,-1,4400.0,4400.5,8,-17.759999999999998,-0.0,29.446428571428573,time,930,955,-0.037695573074590656,-0.0,58.892857142857146,NQ
2016-03-21,1,4410.0,4416.75,8,98.24,116.0,28.366071428571427,time,930,955,0.21645577588920364,0.2555870317909978,56.732142857142854,NQ
2016-03-22,1,4427.25,4429.25,10,27.8,50.0,24.758928571428573,time,930,955,0.05614136314460873,0.1009736747205193,49.517857142857146,NQ
2016-03-23,-1,4390.0,4394.0,9,-82.98,-63.0,25.285714285714285,time,930,955,-0.182316384180791,-0.1384180790960452,50.57142857142857,NQ
2016-03-24,1,4395.0,4394.75,9,-15.48,4.5,25.553571428571427,time,930,955,-0.03365478686233404,0.009783368273934313,51.107142857142854,NQ
2016-03-28,-1,4391.0,4390.25,10,2.8000000000000007,25.0,24.660714285714285,time,930,955,0.005677045619116584,0.05068790731354092,49.32142857142857,NQ
2016-03-29,1,4457.25,4459.25,10,27.8,50.0,23.455357142857142,time,930,955,0.05926151503616293,0.10658545869813477,46.910714285714285,NQ
2016-03-30,1,4489.75,4482.25,10,-162.2,-140.0,24.785714285714285,time,930,955,-0.32720461095100867,-0.2824207492795389,49.57142857142857,NQ
2016-04-01,1,4519.75,4522.5,11,47.08,71.5,22.5,time,930,955,0.0951111111111111,0.14444444444444443,45.0,NQ
2016-04-04,-1,4501.75,4504.25,10,-62.2,-40.0,22.8125,time,930,955,-0.13632876712328768,-0.08767123287671233,45.625,NQ
2016-04-05,-1,4472.75,4463.75,11,184.58,209.0,22.633928571428573,time,930,955,0.3706824457593688,0.419723865877712,45.267857142857146,NQ
2016-04-06,1,4529.25,4536.0,10,122.8,145.0,23.151785714285715,time,930,955,0.26520632472040107,0.3131507905900501,46.30357142857143,NQ
2016-04-07,-1,4468.5,4469.0,10,-22.2,-0.0,23.625,time,930,955,-0.04698412698412698,-0.0,47.25,NQ
2016-04-08,1,4453.75,4467.25,9,232.02,252.0,25.375,time,930,955,0.5079802955665025,0.5517241379310345,50.75,NQ
2016-04-11,1,4462.0,4451.0,9,-208.98,-189.0,26.205357142857142,time,930,955,-0.4430391822827939,-0.4006814310051107,52.410714285714285,NQ
2016-04-12,-1,4491.75,4489.0,9,38.519999999999996,58.5,27.1875,time,930,955,0.07871264367816092,0.11954022988505747,54.375,NQ
2016-04-13,1,4553.5,4546.25,8,-125.76,-108.0,27.955357142857142,time,930,955,-0.28116256786969024,-0.24145640370488664,55.910714285714285,NQ
2016-04-14,-1,4548.75,4547.0,8,18.240000000000002,36.0,28.625,time,930,955,0.03982532751091703,0.07860262008733625,57.25,NQ
2016-04-15,-1,4538.0,4535.25,8,34.24,52.0,28.508928571428573,time,930,955,0.07506420294393987,0.11399937362981521,57.017857142857146,NQ
2016-04-18,1,4553.0,4559.0,8,86.24,104.0,28.571428571428573,time,930,955,0.18864999999999998,0.22749999999999998,57.142857142857146,NQ
2016-04-19,-1,4534.5,4532.5,9,25.02,45.0,26.875,time,930,955,0.05172093023255814,0.09302325581395349,53.75,NQ
2016-04-20,1,4541.5,4534.0,9,-145.98,-126.0,27.276785714285715,time,930,955,-0.29732242225859246,-0.25662847790507365,54.55357142857143,NQ
2016-04-21,-1,4530.5,4535.25,9,-96.48,-76.5,27.776785714285715,time,930,955,-0.19296689167470266,-0.15300546448087432,55.55357142857143,NQ
2016-04-22,1,4464.0,4466.5,9,34.019999999999996,54.0,26.142857142857142,time,930,955,0.07229508196721311,0.11475409836065574,52.285714285714285,NQ
2016-04-25,1,4458.0,4466.25,8,122.24,140.0,28.758928571428573,time,930,955,0.2656566283762806,0.3042533374728345,57.517857142857146,NQ
2016-04-26,1,4442.0,4445.75,8,50.24,68.0,27.866071428571427,time,930,955,0.11268183274591478,0.1525152194809356,55.732142857142854,NQ
2016-04-27,-1,4415.0,4409.5,9,88.02,108.0,27.089285714285715,time,930,955,0.18051417270929465,0.2214897824653922,54.17857142857143,NQ
2016-04-28,1,4358.25,4355.5,9,-60.480000000000004,-40.5,26.669642857142858,time,930,955,-0.1259859390693003,-0.08436558419819216,53.339285714285715,NQ
2016-04-29,-1,4330.5,4331.25,8,-21.759999999999998,-4.0,27.946428571428573,time,930,955,-0.04866453674121405,-0.008945686900958465,55.892857142857146,NQ
2016-05-02,-1,4368.5,4372.25,8,-69.76,-52.0,28.205357142857142,time,930,955,-0.15458056346945237,-0.11522633744855967,56.410714285714285,NQ
2016-05-03,-1,4332.0,4331.25,9,2.5199999999999996,22.5,27.607142857142858,time,930,955,0.0050711513583441125,0.045278137128072445,55.214285714285715,NQ
2016-05-04,1,4304.0,4302.5,9,-37.980000000000004,-18.0,27.160714285714285,time,930,955,-0.07768573307034847,-0.03681788297172913,54.32142857142857,NQ
2016-05-05,-1,4302.75,4302.25,9,-1.9800000000000004,18.0,27.517857142857142,time,930,955,-0.003997404282933162,0.036340038935756006,55.035714285714285,NQ
2016-05-06,1,4316.25,4324.0,9,128.52,148.5,27.75,time,930,955,0.25729729729729733,0.2972972972972973,55.5,NQ
2016-05-09,1,4342.25,4335.0,8,-125.76,-108.0,28.0,time,930,955,-0.28071428571428575,-0.24107142857142858,56.0,NQ
2016-05-10,1,4390.5,4396.25,9,92.52,112.5,26.991071428571427,time,930,955,0.19043334435990739,0.23155805491233877,53.982142857142854,NQ
2016-05-11,1,4366.25,4356.5,8,-165.76,-148.0,27.8125,time,930,955,-0.37249438202247187,-0.3325842696629214,55.625,NQ
2016-05-12,-1,4343.75,4337.5,8,90.24,108.0,28.1875,time,930,955,0.20008869179600886,0.2394678492239468,56.375,NQ
2016-05-13,1,4323.5,4321.5,9,-46.980000000000004,-27.0,26.839285714285715,time,930,955,-0.09724550898203593,-0.05588822355289421,53.67857142857143,NQ
2016-05-16,1,4380.5,4375.75,9,-96.48,-76.5,27.732142857142858,time,930,955,-0.19327752736638765,-0.15325177076625884,55.464285714285715,NQ
2016-05-17,-1,4316.5,4320.0,8,-65.76,-48.0,28.366071428571427,time,930,955,-0.1448914069877243,-0.10576015108593013,56.732142857142854,NQ
2016-05-18,1,4324.25,4335.25,8,166.24,184.0,28.473214285714285,time,930,955,0.3649043587331452,0.40388836625901536,56.94642857142857,NQ
2016-05-19,-1,4310.0,4314.0,9,-82.98,-63.0,27.1875,time,930,955,-0.1695632183908046,-0.12873563218390804,54.375,NQ
2016-05-20,1,4356.75,4360.5,9,56.519999999999996,76.5,26.75,time,930,955,0.11738317757009345,0.1588785046728972,53.5,NQ
2016-05-23,1,4360.75,4352.5,9,-159.48,-139.5,27.142857142857142,time,930,955,-0.32642105263157895,-0.2855263157894737,54.285714285714285,NQ
2016-05-24,1,4443.25,4443.0,9,-15.48,4.5,26.375,time,930,955,-0.032606635071090045,0.009478672985781991,52.75,NQ
2016-05-25,1,4482.25,4475.0,8,-125.76,-108.0,28.419642857142858,time,930,955,-0.276569274269557,-0.23751178133836004,56.839285714285715,NQ
2016-05-26,-1,4490.5,4488.0,8,30.240000000000002,48.0,28.794642857142858,time,930,955,0.06563720930232558,0.10418604651162791,57.589285714285715,NQ
2016-05-27,1,4505.25,4511.0,8,82.24,100.0,27.946428571428573,time,930,955,0.18392332268370604,0.22364217252396165,55.892857142857146,NQ
2016-05-31,1,4511.25,4521.0,9,164.52,184.5,25.830357142857142,time,930,955,0.35384721742136194,0.3968199101278949,51.660714285714285,NQ
2016-06-01,-1,4521.25,4520.75,9,-1.9800000000000004,18.0,25.178571428571427,time,930,955,-0.004368794326241136,0.03971631205673759,50.357142857142854,NQ
2016-06-02,-1,4526.0,4529.75,10,-87.2,-65.0,23.821428571428573,time,930,955,-0.18302848575712144,-0.136431784107946,47.642857142857146,NQ
2016-06-03,-1,4513.5,4509.0,10,77.8,100.0,23.6875,time,930,955,0.164221635883905,0.21108179419525067,47.375,NQ
2016-06-06,1,4530.25,4524.5,10,-127.2,-105.0,22.991071428571427,time,930,955,-0.27662912621359226,-0.22834951456310681,45.982142857142854,NQ
2016-06-07,1,4521.0,4513.75,11,-172.92,-148.5,21.241071428571427,time,930,955,-0.37003783102143756,-0.31778058007566207,42.482142857142854,NQ
2016-06-08,1,4518.75,4520.25,12,21.36,48.0,19.910714285714285,time,930,955,0.04469955156950673,0.10044843049327355,39.82142857142857,NQ
2016-06-09,1,4517.0,4513.0,13,-119.86,-91.0,18.892857142857142,time,930,955,-0.24400756143667296,-0.18525519848771266,37.785714285714285,NQ
2016-06-10,-1,4456.5,4462.0,14,-171.07999999999998,-140.0,17.526785714285715,time,930,955,-0.3486092715231788,-0.28527763627101377,35.05357142857143,NQ
2016-06-13,1,4424.5,4417.0,13,-210.86,-182.0,18.8125,time,930,955,-0.4310963455149502,-0.37209302325581395,37.625,NQ
2016-06-14,1,4417.0,4417.25,14,-10.079999999999998,21.0,17.169642857142858,time,930,955,-0.020967238689547578,0.0436817472698908,34.339285714285715,NQ
2016-06-15,-1,4422.0,4403.5,14,500.92,532.0,17.258928571428573,time,930,955,1.0365649249870665,1.1008794619762026,34.517857142857146,NQ
2016-06-16,-1,4417.25,4417.0,14,-10.079999999999998,21.0,17.75,time,930,955,-0.020281690140845066,0.04225352112676056,35.5,NQ
2016-06-17,-1,4363.75,4364.75,12,-38.64,-12.0,19.294642857142858,time,930,955,-0.08344285053216104,-0.025913928736695974,38.589285714285715,NQ
2016-06-20,1,4400.25,4391.75,11,-200.42,-176.0,21.098214285714285,time,930,955,-0.43179009733389756,-0.37917900973338975,42.19642857142857,NQ
2016-06-21,1,4411.25,4404.0,11,-172.92,-148.5,22.616071428571427,time,930,955,-0.34754046585076986,-0.2984603237268062,45.232142857142854,NQ
2016-06-22,-1,4400.0,4395.25,11,91.08,115.5,22.526785714285715,time,930,955,0.18378121284185492,0.23305588585017836,45.05357142857143,NQ
2016-06-23,-1,4440.75,4458.25,11,-398.42,-374.0,22.5,time,930,955,-0.8048888888888889,-0.7555555555555555,45.0,NQ
2016-06-24,1,4277.0,4274.75,10,-57.2,-35.0,22.973214285714285,time,930,955,-0.12449280994947534,-0.07617567042363001,45.94642857142857,NQ
2016-06-27,-1,4181.0,4190.0,8,-153.76,-136.0,28.946428571428573,time,930,955,-0.3319925971622455,-0.2936458975940777,57.892857142857146,NQ
2016-06-28,1,4267.75,4279.0,7,148.96,164.5,32.035714285714285,time,930,955,0.33212931995540695,0.36677814938684505,64.07142857142857,NQ
2016-06-29,1,4362.25,4355.25,7,-106.53999999999999,-91.0,34.357142857142854,time,930,955,-0.22149688149688151,-0.1891891891891892,68.71428571428571,NQ
2016-06-30,-1,4407.0,4410.25,6,-46.32,-33.0,36.473214285714285,time,930,955,-0.10583108935128518,-0.07539779681762546,72.94642857142857,NQ
2016-07-01,1,4432.75,4428.0,6,-64.32,-51.0,36.285714285714285,time,930,955,-0.14771653543307084,-0.1171259842519685,72.57142857142857,NQ
2016-07-05,-1,4398.5,4402.0,7,-57.54,-42.0,34.75,time,930,955,-0.11827338129496402,-0.08633093525179857,69.5,NQ
2016-07-06,1,4429.75,4438.5,7,113.96000000000001,129.5,35.598214285714285,time,930,955,0.2286631552545774,0.2598444946074743,71.19642857142857,NQ
2016-07-07,1,4450.0,4450.75,6,1.6799999999999997,15.0,35.776785714285715,time,930,955,0.00391315198402795,0.03493885700024957,71.55357142857143,NQ
2016-07-08,1,4517.0,4520.0,7,33.46,49.0,34.63392857142857,time,930,955,0.06900747615364784,0.10105697344676463,69.26785714285714,NQ
2016-07-11,1,4552.75,4547.0,7,-89.03999999999999,-73.5,34.63392857142857,time,930,955,-0.18363495746326372,-0.15158546017014696,69.26785714285714,NQ
2016-07-12,1,4571.5,4570.25,7,-26.04,-10.5,35.25892857142857,time,930,955,-0.05275259559382122,-0.021271207900734362,70.51785714285714,NQ
2016-07-13,-1,4566.75,4559.25,7,96.46000000000001,112.0,34.964285714285715,time,930,955,0.1970582226762002,0.22880490296220635,69.92857142857143,NQ
2016-07-14,-1,4593.25,4589.75,7,40.46,56.0,33.5625,time,930,955,0.08610800744878958,0.1191806331471136,67.125,NQ
2016-07-15,-1,4586.25,4582.5,8,50.24,68.0,28.026785714285715,time,930,955,0.11203568015291494,0.1516406498884995,56.05357142857143,NQ
2016-07-18,1,4618.75,4612.75,9,-118.98,-99.0,25.303571428571427,time,930,955,-0.26122794636556107,-0.2173606210303458,50.607142857142854,NQ
2016-07-19,-1,4592.5,4596.5,10,-92.2,-70.0,23.455357142857142,time,930,955,-0.1965435858393605,-0.14921964217738867,46.910714285714285,NQ
2016-07-20,1,4652.5,4650.0,11,-68.42,-44.0,21.258928571428573,time,930,955,-0.14629147417051658,-0.09407811843763124,42.517857142857146,NQ
2016-07-21,-1,4636.25,4640.0,11,-95.92,-71.5,21.294642857142858,time,930,955,-0.20474633123689726,-0.15262054507337525,42.589285714285715,NQ
2016-07-22,-1,4657.75,4659.0,11,-40.92,-16.5,21.035714285714285,time,930,955,-0.08842105263157896,-0.035653650254668934,42.07142857142857,NQ
2016-07-25,-1,4653.5,4660.0,11,-156.42,-132.0,21.857142857142858,time,930,955,-0.3252941176470588,-0.2745098039215686,43.714285714285715,NQ
2016-07-26,1,4664.0,4665.0,12,9.36,36.0,20.223214285714285,time,930,955,0.01928476821192053,0.07417218543046358,40.44642857142857,NQ
2016-07-27,-1,4706.5,4696.75,13,237.64,266.5,19.0625,time,930,955,0.47947540983606557,0.5377049180327869,38.125,NQ
2016-07-28,1,4714.5,4713.25,12,-44.64,-18.0,19.535714285714285,time,930,955,-0.09521023765996345,-0.038391224862888484,39.07142857142857,NQ
2016-07-29,-1,4721.5,4724.5,13,-93.86,-65.0,18.008928571428573,time,930,955,-0.20045612295488346,-0.13882002974714922,36.017857142857146,NQ
2016-08-01,1,4743.25,4748.0,14,115.92,147.0,17.446428571428573,time,930,955,0.23729785056294778,0.3009211873080859,34.892857142857146,NQ
2016-08-02,-1,4713.25,4713.0,14,-10.079999999999998,21.0,17.607142857142858,time,930,955,-0.020446247464503037,0.04259634888438134,35.214285714285715,NQ
2016-08-03,1,4725.25,4728.25,13,62.14,91.0,19.098214285714285,time,930,955,0.12514258999532493,0.18326320710612437,38.19642857142857,NQ
2016-08-04,-1,4741.5,4741.75,13,-22.36,6.5,18.482142857142858,time,930,955,-0.04653140096618357,0.01352657004830918,36.964285714285715,NQ
2016-08-05,1,4788.75,4786.25,13,-80.86,-52.0,18.482142857142858,time,930,955,-0.16827053140096618,-0.10821256038647344,36.964285714285715,NQ
2016-08-08,-1,4775.0,4782.0,13,-197.86,-169.0,19.080357142857142,time,930,955,-0.3988394946186243,-0.3406644829199813,38.160714285714285,NQ
2016-08-09,1,4792.25,4792.25,13,-15.86,13.0,19.0625,time,930,955,-0.032,0.02622950819672131,38.125,NQ
2016-08-10,-1,4780.5,4780.5,14,-17.08,14.0,17.75,time,930,955,-0.034366197183098586,0.028169014084507043,35.5,NQ
2016-08-11,1,4804.5,4800.25,14,-136.07999999999998,-105.0,17.526785714285715,time,930,955,-0.27728986245542536,-0.21395822720326033,35.05357142857143,NQ
2016-08-12,1,4801.25,4803.5,14,45.92,77.0,17.339285714285715,time,930,955,0.09458290422245108,0.15859938208032956,34.67857142857143,NQ
2016-08-15,1,4826.5,4824.0,14,-87.08,-56.0,17.348214285714285,time,930,955,-0.17926917138445703,-0.1152856407617087,34.69642857142857,NQ
2016-08-16,-1,4807.25,4798.0,14,241.92000000000002,273.0,17.008928571428573,time,930,955,0.5079685039370079,0.5732283464566928,34.017857142857146,NQ
2016-08-17,-1,4802.0,4805.25,15,-115.8,-82.5,16.410714285714285,time,930,955,-0.23521218715995648,-0.1675734494015234,32.82142857142857,NQ
2016-08-18,1,4806.75,4807.25,15,-3.3000000000000007,30.0,16.642857142857142,time,930,955,-0.006609442060085838,0.060085836909871244,33.285714285714285,NQ
2016-08-19,-1,4807.75,4805.75,15,41.7,75.0,16.419642857142858,time,930,955,0.0846547036432844,0.15225666122892875,32.839285714285715,NQ
2016-08-22,1,4807.5,4808.25,15,4.199999999999999,37.5,16.151785714285715,time,930,955,0.0086677722498618,0.07739082365948037,32.30357142857143,NQ
2016-08-23,1,4821.5,4817.5,16,-147.52,-112.0,14.794642857142858,time,930,955,-0.3115992757996379,-0.23657211828605915,29.589285714285715,NQ
2016-08-24,1,4783.0,4785.0,16,44.480000000000004,80.0,14.991071428571429,time,930,955,0.09272185824895772,0.16676593210244192,29.982142857142858,NQ
2016-08-25,1,4779.25,4777.25,15,-78.3,-45.0,15.6875,time,930,955,-0.16637450199203185,-0.09561752988047809,31.375,NQ
2016-08-26,1,4786.0,4784.75,17,-63.239999999999995,-25.5,14.598214285714286,time,930,955,-0.12741284403669723,-0.05137614678899082,29.196428571428573,NQ
2016-08-29,1,4794.0,4791.5,15,-93.3,-60.0,15.883928571428571,time,930,955,-0.19579539066891513,-0.1259134345137718,31.767857142857142,NQ
2016-08-30,1,4768.5,4777.0,15,236.7,270.0,15.696428571428571,time,930,955,0.5026621160409557,0.5733788395904438,31.392857142857142,NQ
2016-08-31,1,4774.25,4771.5,15,-100.8,-67.5,16.035714285714285,time,930,955,-0.20953229398663697,-0.1403118040089087,32.07142857142857,NQ
2016-09-01,1,4776.0,4783.25,15,199.2,232.5,15.857142857142858,time,930,955,0.4187387387387387,0.48873873873873874,31.714285714285715,NQ
2016-09-02,1,4797.75,4797.75,15,-18.3,15.0,16.660714285714285,time,930,955,-0.036613076098606645,0.030010718113612004,33.32142857142857,NQ
2016-09-06,1,4822.5,4828.0,15,146.7,180.0,16.4375,time,930,955,0.2974904942965779,0.3650190114068441,32.875,NQ
2016-09-07,-1,4827.75,4831.25,15,-123.3,-90.0,16.455357142857142,time,930,955,-0.24976668475311992,-0.18231144872490504,32.910714285714285,NQ
2016-09-08,-1,4803.5,4802.75,15,4.199999999999999,37.5,16.660714285714285,time,930,955,0.008403001071811361,0.07502679528403002,33.32142857142857,NQ
2016-09-09,1,4706.75,4689.241071428572,14,-507.32999999999635,-476.24999999999636,17.008928571428573,stop,930,955,-1.0652598425196773,-0.9999999999999922,34.017857142857146,NQ
2016-09-12,1,4757.0,4760.5,12,69.36,96.0,20.348214285714285,time,930,955,0.14202720491443616,0.19657744624835455,40.69642857142857,NQ
2016-09-13,-1,4720.75,4718.5,10,32.8,55.0,23.544642857142858,time,930,955,0.06965491088357982,0.1167993932499052,47.089285714285715,NQ
2016-09-14,1,4735.25,4741.75,10,117.8,140.0,24.0625,time,930,955,0.24477922077922076,0.2909090909090909,48.125,NQ
2016-09-15,1,4816.25,4816.5,10,-7.199999999999999,15.0,24.910714285714285,time,930,955,-0.014451612903225806,0.030107526881720432,49.82142857142857,NQ
2016-09-16,-1,4814.75,4812.75,9,25.02,45.0,25.696428571428573,time,930,955,0.054093120222376646,0.09728978457261986,51.392857142857146,NQ
2016-09-19,1,4792.75,4791.75,9,-28.98,-9.0,26.017857142857142,time,930,955,-0.0618805765271105,-0.019217570350034317,52.035714285714285,NQ
2016-09-20,1,4810.75,4801.25,9,-181.98,-162.0,26.6875,time,930,955,-0.3788290398126464,-0.3372365339578454,53.375,NQ
2016-09-21,1,4847.25,4847.75,9,-1.9800000000000004,18.0,26.785714285714285,time,930,955,-0.004106666666666668,0.037333333333333336,53.57142857142857,NQ
2016-09-22,-1,4889.0,4887.0,9,25.02,45.0,27.580357142857142,time,930,955,0.05039818711557138,0.09064422143088378,55.160714285714285,NQ
2016-09-23,-1,4864.5,4855.5,8,134.24,152.0,27.830357142857142,time,930,955,0.301469361565608,0.34135386589669553,55.660714285714285,NQ
2016-09-26,-1,4818.75,4814.25,8,62.24,80.0,28.642857142857142,time,930,955,0.13581047381546135,0.1745635910224439,57.285714285714285,NQ
2016-09-27,1,4856.5,4862.0,8,78.24,96.0,29.044642857142858,time,930,955,0.1683615124500461,0.20657854288349214,58.089285714285715,NQ
2016-09-28,-1,4860.75,4870.75,8,-169.76,-152.0,30.133928571428573,time,930,955,-0.3520948148148148,-0.31525925925925924,60.267857142857146,NQ
2016-09-29,1,4844.75,4833.5,8,-189.76,-172.0,29.660714285714285,time,930,955,-0.3998555087296809,-0.36243226971703796,59.32142857142857,NQ
2016-09-30,1,4880.0,4869.0,9,-208.98,-189.0,27.383928571428573,time,930,955,-0.4239713074665797,-0.3834365829801108,54.767857142857146,NQ
2016-10-03,-1,4859.25,4863.25,9,-82.98,-63.0,25.026785714285715,time,930,955,-0.18420264002854084,-0.13985016054227611,50.05357142857143,NQ
2016-10-04,1,4854.75,4855.5,10,2.8000000000000007,25.0,23.651785714285715,time,930,955,0.005919214798036996,0.05285013212533031,47.30357142857143,NQ
2016-10-05,1,4874.75,4872.75,10,-52.2,-30.0,23.732142857142858,time,930,955,-0.10997742663656884,-0.06320541760722348,47.464285714285715,NQ
2016-10-06,-1,4874.0,4870.25,11,69.08,93.5,21.964285714285715,time,930,955,0.14295934959349593,0.19349593495934958,43.92857142857143,NQ
2016-10-07,-1,4861.25,4859.25,11,30.58,55.0,22.151785714285715,time,930,955,0.06274889157597742,0.1128577186618299,44.30357142857143,NQ
2016-10-10,1,4893.25,4890.0,11,-84.92,-60.5,21.75,time,930,955,-0.1774712643678161,-0.12643678160919541,43.5,NQ
2016-10-11,-1,4815.0,4817.75,11,-73.92,-49.5,22.25,time,930,955,-0.1510112359550562,-0.10112359550561797,44.5,NQ
2016-10-12,-1,4808.0,4815.5,10,-162.2,-140.0,23.330357142857142,time,930,955,-0.34761576731725985,-0.30003827018752394,46.660714285714285,NQ
2016-10-13,-1,4800.75,4797.75,10,47.8,70.0,22.875,time,930,955,0.10448087431693988,0.15300546448087432,45.75,NQ
2016-10-14,1,4810.0,4803.25,10,-147.2,-125.0,23.669642857142858,time,930,955,-0.310946812523576,-0.2640513013956997,47.339285714285715,NQ
2016-10-17,-1,4791.0,4791.0,10,-12.2,10.0,23.517857142857142,time,930,955,-0.025937737281700835,0.021260440394836752,47.035714285714285,NQ
2016-10-18,-1,4841.25,4833.75,11,151.58,176.0,22.401785714285715,time,930,955,0.3075647668393783,0.3571143882024711,44.80357142857143,NQ
2016-10-19,-1,4834.0,4832.5,10,17.8,40.0,23.75,time,930,955,0.03747368421052632,0.08421052631578947,47.5,NQ
2016-10-20,-1,4825.75,4827.75,11,-57.42,-33.0,22.241071428571427,time,930,955,-0.11735046166198315,-0.067442794058611,44.482142857142854,NQ
2016-10-21,1,4843.75,4845.0,11,14.08,38.5,21.785714285714285,time,930,955,0.02937704918032787,0.08032786885245902,43.57142857142857,NQ
2016-10-24,1,4896.5,4903.5,11,140.58,165.0,22.026785714285715,time,930,955,0.2901013376570734,0.340494527766518,44.05357142857143,NQ
2016-10-25,-1,4884.0,4887.0,11,-79.42,-55.0,22.401785714285715,time,930,955,-0.16114786767636508,-0.11159824631327221,44.80357142857143,NQ
2016-10-26,-1,4857.25,4855.0,11,36.08,60.5,22.196428571428573,time,930,955,0.07388576025744166,0.1238938053097345,44.392857142857146,NQ
2016-10-27,-1,4830.5,4832.75,11,-62.92,-38.5,22.633928571428573,time,930,955,-0.12635897435897436,-0.07731755424063115,45.267857142857146,NQ
2016-10-28,1,4808.75,4799.25,10,-202.2,-180.0,22.955357142857142,time,930,955,-0.4404200700116686,-0.3920653442240374,45.910714285714285,NQ
2016-10-31,-1,4801.5,4797.25,10,72.8,95.0,23.464285714285715,time,930,955,0.15512937595129372,0.2024353120243531,46.92857142857143,NQ
2016-11-01,-1,4750.5,4760.5,11,-233.42,-209.0,21.035714285714285,time,930,955,-0.5043803056027164,-0.45161290322580644,42.07142857142857,NQ
2016-11-02,1,4734.5,4720.75,10,-287.2,-265.0,23.035714285714285,time,930,955,-0.6233798449612403,-0.5751937984496125,46.07142857142857,NQ
2016-11-03,-1,4673.25,4676.0,10,-67.2,-45.0,22.9375,time,930,955,-0.1464850136239782,-0.09809264305177112,45.875,NQ
2016-11-04,-1,4664.0,4657.75,10,112.8,135.0,23.491071428571427,time,930,955,0.24009122006841505,0.28734321550741165,46.982142857142854,NQ
2016-11-07,1,4757.25,4770.0,10,242.8,265.0,24.133928571428573,time,930,955,0.5030262671106178,0.5490196078431372,48.267857142857146,NQ
2016-11-08,-1,4813.25,4801.75,9,196.02,216.0,25.9375,time,930,955,0.419855421686747,0.46265060240963857,51.875,NQ
2016-11-09,1,4816.75,4820.5,8,50.24,68.0,27.857142857142858,time,930,955,0.11271794871794873,0.15256410256410255,55.714285714285715,NQ
2016-11-10,-1,4742.0,4742.5,8,-17.759999999999998,-0.0,29.741071428571427,time,930,955,-0.03732212548784149,-0.0,59.482142857142854,NQ
2016-11-11,-1,4740.25,4746.5,7,-96.03999999999999,-80.5,34.705357142857146,time,930,955,-0.19766400823257008,-0.16568047337278105,69.41071428571429,NQ
2016-11-14,-1,4710.0,4697.5,7,166.46,182.0,34.276785714285715,time,930,955,0.346882000520969,0.37926543370669447,68.55357142857143,NQ
2016-11-15,1,4770.5,4763.25,6,-94.32,-81.0,36.098214285714285,time,930,955,-0.2177393024981449,-0.1869898590155825,72.19642857142857,NQ
2016-11-16,1,4788.25,4790.75,6,22.68,36.0,37.339285714285715,time,930,955,0.050616929698708756,0.08034433285509326,74.67857142857143,NQ
2016-11-17,1,4822.5,4826.0,6,34.68,48.0,37.294642857142854,time,930,955,0.07749102226478335,0.10725401005506346,74.58928571428571,NQ
2016-11-18,-1,4812.25,4807.75,6,46.68,60.0,37.00892857142857,time,930,955,0.10510977080820266,0.13510253317249699,74.01785714285714,NQ
2016-11-21,1,4856.0,4857.75,6,13.68,27.0,37.482142857142854,time,930,955,0.030414483087184377,0.060028585040495484,74.96428571428571,NQ
2016-11-22,-1,4872.0,4873.0,6,-19.32,-6.0,36.30357142857143,time,930,955,-0.04434825381210034,-0.013772749631087062,72.60714285714286,NQ
2016-11-23,-1,4845.0,4852.5,7,-113.53999999999999,-98.0,35.1875,time,930,955,-0.23047957371225575,-0.1989342806394316,70.375,NQ
2016-11-28,1,4859.5,4857.5,8,-41.76,-24.0,30.017857142857142,time,930,955,-0.08694824509220701,-0.049970255800118976,60.035714285714285,NQ
2016-11-29,-1,4874.0,4874.25,8,-13.76,4.0,28.526785714285715,time,930,955,-0.030147104851330202,0.008763693270735524,57.05357142857143,NQ
2016-11-30,-1,4824.5,4813.25,9,191.52,211.5,27.044642857142858,time,930,955,0.3934235721360185,0.43446682073291515,54.089285714285715,NQ
2016-12-01,-1,4725.75,4733.0,10,-157.2,-135.0,23.348214285714285,time,930,955,-0.33664244741873806,-0.2891013384321224,46.69642857142857,NQ
2016-12-02,1,4741.0,4738.75,10,-57.2,-35.0,24.830357142857142,time,930,955,-0.11518158935634665,-0.07047824523552679,49.660714285714285,NQ
2016-12-05,1,4776.25,4776.5,10,-7.199999999999999,15.0,23.4375,time,930,955,-0.015359999999999999,0.032,46.875,NQ
2016-12-06,1,4781.5,4787.5,11,118.58,143.0,22.535714285714285,time,930,955,0.23917591125198098,0.2884310618066561,45.07142857142857,NQ
2016-12-07,-1,4851.75,4849.75,11,30.58,55.0,21.633928571428573,time,930,955,0.06425092860090796,0.11555922410235245,43.267857142857146,NQ
2016-12-08,1,4853.75,4857.5,10,62.8,85.0,23.151785714285715,time,930,955,0.13562668723486307,0.18357115310451214,46.30357142857143,NQ
2016-12-09,1,4890.0,4894.75,10,82.8,105.0,22.839285714285715,time,930,955,0.1812666145426114,0.22986708365910866,45.67857142857143,NQ
2016-12-12,1,4867.5,4872.75,11,102.08,126.5,22.3125,time,930,955,0.20795518207282912,0.25770308123249297,44.625,NQ
2016-12-13,1,4950.0,4934.25,10,-327.2,-305.0,22.875,time,930,955,-0.715191256830601,-0.6666666666666666,45.75,NQ
2016-12-14,1,4948.0,4922.982142857143,10,-512.5571428571377,-490.35714285713766,24.517857142857142,stop,930,950,-1.045273124544782,-0.9999999999999895,49.035714285714285,NQ
2016-12-15,1,4936.0,4933.0,9,-64.98,-45.0,25.678571428571427,time,930,955,-0.14058414464534078,-0.09735744089012519,51.357142857142854,NQ
2016-12-16,1,4912.75,4914.25,9,16.02,36.0,26.5625,time,930,955,0.03350588235294118,0.07529411764705882,53.125,NQ
2016-12-19,1,4931.25,4935.25,9,61.019999999999996,81.0,27.258928571428573,time,930,955,0.12436292171634455,0.1650835244022273,54.517857142857146,NQ
2016-12-20,1,4954.25,4954.5,9,-6.48,13.5,27.383928571428573,time,930,955,-0.013146397130746657,0.027388327355722202,54.767857142857146,NQ
2016-12-21,-1,4949.5,4950.25,9,-24.48,-4.5,25.919642857142858,time,930,955,-0.05246985876679297,-0.009645194626248708,51.839285714285715,NQ
2016-12-22,-1,4925.0,4936.25,10,-237.2,-215.0,23.375,time,930,955,-0.507379679144385,-0.45989304812834225,46.75,NQ
2016-12-23,1,4935.25,4939.75,10,77.8,100.0,23.25,time,930,955,0.16731182795698923,0.21505376344086022,46.5,NQ
2016-12-27,1,4970.75,4965.5,11,-128.92,-104.5,21.892857142857142,time,930,955,-0.26766721044045677,-0.2169657422512235,43.785714285714285,NQ
2016-12-28,-1,4927.75,4924.75,10,47.8,70.0,22.8125,time,930,955,0.10476712328767122,0.15342465753424658,45.625,NQ
2016-12-29,-1,4914.0,4916.25,11,-62.92,-38.5,21.651785714285715,time,930,955,-0.13209072164948454,-0.08082474226804123,43.30357142857143,NQ
2016-12-30,-1,4863.5,4866.25,11,-73.92,-49.5,21.776785714285715,time,930,955,-0.15429274292742928,-0.1033210332103321,43.55357142857143,NQ
2017-01-03,1,4888.25,4907.25,10,367.8,390.0,23.089285714285715,time,930,955,0.7964733178654292,0.8445475638051043,46.17857142857143,NQ
2017-01-04,1,4937.0,4933.5,10,-82.2,-60.0,23.767857142857142,time,930,955,-0.17292261457550714,-0.12622088655146507,47.535714285714285,NQ
2017-01-05,1,4963.25,4960.0,11,-84.92,-60.5,21.857142857142858,time,930,955,-0.17660130718954248,-0.12581699346405228,43.714285714285715,NQ
2017-01-06,1,5008.25,5003.25,11,-123.42,-99.0,21.419642857142858,time,930,955,-0.2619091288036682,-0.21008753647353062,42.839285714285715,NQ
2017-01-09,1,5027.75,5020.5,11,-172.92,-148.5,22.214285714285715,time,930,955,-0.3538263665594855,-0.30385852090032156,44.42857142857143,NQ
2017-01-10,-1,5037.5,5032.25,11,102.08,126.5,21.446428571428573,time,930,955,0.21635303913405493,0.2681099084096586,42.892857142857146,NQ
2017-01-11,1,5044.0,5044.75,12,3.3599999999999994,30.0,20.8125,time,930,955,0.006726726726726725,0.06006006006006006,41.625,NQ
2017-01-12,-1,5032.75,5037.75,11,-123.42,-99.0,21.1875,time,930,955,-0.2647787610619469,-0.21238938053097345,42.375,NQ
2017-01-13,1,5052.5,5054.5,11,30.58,55.0,22.410714285714285,time,930,955,0.062023904382470116,0.11155378486055777,44.82142857142857,NQ
2017-01-17,-1,5035.25,5040.75,11,-134.42,-110.0,21.589285714285715,time,930,955,-0.283010752688172,-0.23159636062861869,43.17857142857143,NQ
2017-01-18,1,5044.75,5050.25,12,117.36,144.0,20.544642857142858,time,930,955,0.23801825293350717,0.29204693611473276,41.089285714285715,NQ
2017-01-19,1,5045.75,5046.5,13,3.6400000000000006,32.5,19.178571428571427,time,930,955,0.007299813780260709,0.06517690875232775,38.357142857142854,NQ
2017-01-20,1,5052.25,5056.75,12,93.36,120.0,19.392857142857142,time,930,955,0.20058931860036833,0.2578268876611418,38.785714285714285,NQ
2017-01-23,1,5060.0,5061.25,13,16.64,45.5,18.026785714285715,time,930,955,0.035502724120851904,0.09707776126795442,36.05357142857143,NQ
2017-01-24,-1,5101.0,5096.5,14,108.92,140.0,17.241071428571427,time,930,955,0.2256240290005179,0.29000517866390474,34.482142857142854,NQ
2017-01-25,1,5144.0,5146.75,14,59.92,91.0,17.508928571428573,time,930,955,0.12222335543090258,0.18561958184599692,35.017857142857146,NQ
2017-01-26,1,5156.0,5152.0,13,-119.86,-91.0,18.133928571428573,time,930,955,-0.25421959625800095,-0.1930083702609552,36.267857142857146,NQ
2017-01-27,-1,5155.75,5162.5,15,-220.8,-187.5,16.491071428571427,time,930,955,-0.44630211153221444,-0.37899296155928536,32.982142857142854,NQ
2017-01-30,-1,5116.0,5123.75,15,-250.8,-217.5,16.330357142857142,time,930,955,-0.5119300164024058,-0.4439584472389284,32.660714285714285,NQ
2017-01-31,-1,5109.5,5114.0,14,-143.07999999999998,-112.0,17.464285714285715,time,930,955,-0.2925971370143149,-0.22903885480572597,34.92857142857143,NQ
2017-02-01,-1,5151.25,5147.0,14,101.92,133.0,17.535714285714285,time,930,955,0.2075763747454175,0.2708757637474542,35.07142857142857,NQ
2017-02-02,1,5143.25,5141.75,14,-59.08,-28.0,17.169642857142858,time,930,955,-0.1228913156526261,-0.058242329693187725,34.339285714285715,NQ
2017-02-03,1,5154.75,5155.75,14,10.920000000000002,42.0,17.464285714285715,time,930,955,0.022331288343558287,0.08588957055214724,34.92857142857143,NQ
2017-02-06,1,5158.25,5162.0,13,81.64,110.5,17.991071428571427,time,930,955,0.17453101736972707,0.23622828784119107,35.982142857142854,NQ
2017-02-07,1,5177.0,5180.0,14,66.92,98.0,17.830357142857142,time,930,955,0.1340410615923886,0.19629444166249374,35.660714285714285,NQ
2017-02-08,-1,5194.5,5190.5,13,88.14,117.0,18.160714285714285,time,930,955,0.18666666666666668,0.24778761061946905,36.32142857142857,NQ
2017-02-09,1,5212.25,5208.25,13,-119.86,-91.0,17.991071428571427,time,930,955,-0.25623821339950376,-0.19454094292803972,35.982142857142854,NQ
2017-02-10,-1,5226.5,5225.25,14,17.92,49.0,17.660714285714285,time,930,955,0.03623862487360971,0.09908998988877654,35.32142857142857,NQ
2017-02-13,1,5255.75,5254.25,14,-59.08,-28.0,17.107142857142858,time,930,955,-0.12334029227557411,-0.05845511482254697,34.214285714285715,NQ
2017-02-14,-1,5264.5,5272.75,14,-248.07999999999998,-217.0,16.892857142857142,time,930,955,-0.5244820295983086,-0.4587737843551797,33.785714285714285,NQ
2017-02-15,1,5303.75,5303.25,15,-33.3,0.0,16.205357142857142,time,930,955,-0.06849586776859504,0.0,32.410714285714285,NQ
2017-02-16,-1,5300.75,5301.75,14,-45.08,-14.0,16.946428571428573,time,930,955,-0.09500526870389883,-0.029504741833508954,33.892857142857146,NQ
2017-02-17,1,5317.5,5324.25,14,171.92000000000002,203.0,17.196428571428573,time,930,955,0.35705088265835927,0.4215991692627206,34.392857142857146,NQ
2017-02-21,1,5349.0,5350.25,16,20.48,56.0,15.160714285714286,time,930,955,0.04221436984687868,0.11542991755005888,30.321428571428573,NQ
2017-02-22,-1,5352.25,5352.25,17,-20.74,17.0,14.357142857142858,time,930,955,-0.04248756218905472,0.03482587064676617,28.714285714285715,NQ
2017-02-23,-1,5330.0,5332.75,18,-120.96000000000001,-81.0,13.830357142857142,time,930,955,-0.24294383473208525,-0.16268560361523565,27.660714285714285,NQ
2017-02-24,1,5331.75,5342.5,16,324.48,360.0,14.848214285714286,time,930,955,0.68291040288635,0.7576668671076368,29.696428571428573,NQ
2017-02-27,1,5347.25,5348.25,16,12.48,48.0,15.410714285714286,time,930,955,0.02530706836616454,0.09733487833140209,30.821428571428573,NQ
2017-02-28,-1,5327.0,5332.25,16,-187.52,-152.0,15.267857142857142,time,930,955,-0.38381286549707605,-0.3111111111111111,30.535714285714285,NQ
2017-03-01,-1,5392.0,5390.5,16,28.48,64.0,15.25,time,930,955,0.05836065573770492,0.13114754098360656,30.5,NQ
2017-03-02,-1,5362.5,5363.0,15,-33.3,-0.0,16.642857142857142,time,930,955,-0.06669527896995708,-0.0,33.285714285714285,NQ
2017-03-03,1,5370.75,5372.5,14,31.92,63.0,17.0,time,930,955,0.06705882352941177,0.1323529411764706,34.0,NQ
2017-03-06,-1,5364.0,5360.5,14,80.92,112.0,16.741071428571427,time,930,955,0.17262933333333336,0.23893333333333336,33.482142857142854,NQ
2017-03-07,1,5351.0,5350.5,14,-31.08,0.0,16.767857142857142,time,930,955,-0.06619808306709264,0.0,33.535714285714285,NQ
2017-03-08,1,5356.25,5359.25,15,71.7,105.0,16.517857142857142,time,930,955,0.1446918918918919,0.2118918918918919,33.035714285714285,NQ
2017-03-09,1,5367.25,5364.0,15,-115.8,-82.5,16.544642857142858,time,930,955,-0.23330814894765245,-0.16621694549379384,33.089285714285715,NQ
2017-03-10,1,5384.25,5385.5,14,17.92,49.0,16.732142857142858,time,930,955,0.03824973319103522,0.10458911419423693,33.464285714285715,NQ
2017-03-13,1,5397.0,5397.75,14,3.9200000000000017,35.0,17.178571428571427,time,930,955,0.008149688149688155,0.07276507276507277,34.357142857142854,NQ
2017-03-14,-1,5385.75,5385.25,14,-3.0799999999999983,28.0,16.919642857142858,time,930,955,-0.006501319261213717,0.05910290237467018,33.839285714285715,NQ
2017-03-15,-1,5429.5,5419.0,14,276.92,308.0,17.464285714285715,time,930,955,0.5662985685071575,0.6298568507157464,34.92857142857143,NQ
2017-03-16,-1,5411.0,5414.25,14,-108.08,-77.0,17.5625,time,930,955,-0.2197864768683274,-0.15658362989323843,35.125,NQ
2017-03-17,-1,5414.0,5408.5,14,136.92000000000002,168.0,17.205357142857142,time,930,955,0.2842138038401661,0.3487285936689154,34.410714285714285,NQ
2017-03-20,1,5416.25,5415.5,14,-38.08,-7.0,16.892857142857142,time,930,955,-0.08050739957716702,-0.014799154334038054,33.785714285714285,NQ
2017-03-21,1,5346.0,5333.75,15,-385.8,-352.5,16.660714285714285,time,930,955,-0.7718756698821008,-0.7052518756698821,33.32142857142857,NQ
2017-03-22,1,5367.75,5369.75,13,36.14,65.0,18.196428571428573,time,930,955,0.07638861629048085,0.13738959764474976,36.392857142857146,NQ
2017-03-23,-1,5350.25,5357.75,13,-210.86,-182.0,18.696428571428573,time,930,955,-0.43377268385864376,-0.3744030563514804,37.392857142857146,NQ
2017-03-24,1,5366.75,5367.25,13,-2.8599999999999994,26.0,18.732142857142858,time,930,955,-0.005872259294566253,0.05338417540514776,37.464285714285715,NQ
2017-03-27,1,5381.75,5375.5,13,-178.36,-149.5,19.223214285714285,time,930,955,-0.3568601950766373,-0.29911751045053414,38.44642857142857,NQ
2017-03-28,-1,5416.75,5408.5,12,183.36,210.0,20.5,time,930,955,0.37268292682926835,0.4268292682926829,41.0,NQ
2017-03-29,1,5435.0,5433.5,11,-46.42,-22.0,21.642857142857142,time,930,955,-0.0974917491749175,-0.04620462046204621,43.285714285714285,NQ
2017-03-30,1,5442.75,5441.0,11,-51.92,-27.5,21.375,time,930,955,-0.11040935672514621,-0.05847953216374269,42.75,NQ
2017-03-31,1,5449.25,5436.25,11,-299.42,-275.0,20.982142857142858,time,930,955,-0.6486468085106383,-0.5957446808510638,41.964285714285715,NQ
2017-04-03,1,5435.25,5432.75,11,-68.42,-44.0,21.366071428571427,time,930,955,-0.1455578771416632,-0.09360635185959049,42.732142857142854,NQ
2017-04-04,1,5438.0,5441.5,11,63.58,88.0,21.982142857142858,time,930,955,0.13147034930950446,0.18196588139723802,43.964285714285715,NQ
2017-04-05,1,5415.0,5419.25,11,80.08,104.5,21.116071428571427,time,930,955,0.17238054968287528,0.22494714587737846,42.232142857142854,NQ
2017-04-06,1,5415.0,5421.75,10,122.8,145.0,22.75,time,930,955,0.26989010989010986,0.31868131868131866,45.5,NQ
2017-04-07,-1,5423.0,5419.5,10,57.8,80.0,23.196428571428573,time,930,955,0.12458814472671284,0.1724403387220939,46.392857142857146,NQ
2017-04-10,1,5426.5,5422.25,10,-97.2,-75.0,23.535714285714285,time,930,955,-0.20649468892261005,-0.15933232169954478,47.07142857142857,NQ
2017-04-11,-1,5389.25,5399.5,11,-238.92,-214.5,20.928571428571427,time,930,955,-0.5189078498293516,-0.46587030716723554,41.857142857142854,NQ
2017-04-12,-1,5382.5,5376.25,11,124.08,148.5,21.589285714285715,time,930,955,0.26124069478908185,0.31265508684863524,43.17857142857143,NQ
2017-04-13,1,5364.0,5353.25,11,-249.92,-225.5,21.625,time,930,955,-0.5253179190751445,-0.47398843930635837,43.25,NQ
2017-04-17,1,5392.5,5397.75,11,102.08,126.5,21.580357142857142,time,930,955,0.21501034340091024,0.26644600744724867,43.160714285714285,NQ
2017-04-18,1,5389.75,5389.75,12,-14.64,12.0,20.776785714285715,time,930,955,-0.02935969058874087,0.024065320154705628,41.55357142857143,NQ
2017-04-19,1,5394.0,5397.5,12,69.36,96.0,19.633928571428573,time,930,955,0.14719417917235106,0.2037289677125966,39.267857142857146,NQ
2017-04-20,-1,5451.0,5441.5,12,213.36,240.0,20.053571428571427,time,930,955,0.44331255565449695,0.49866429207479973,40.107142857142854,NQ
2017-04-21,-1,5434.5,5440.25,11,-139.92,-115.5,21.330357142857142,time,930,955,-0.29816659690246966,-0.2461280870657179,42.660714285714285,NQ
2017-04-24,1,5509.0,5506.5,11,-68.42,-44.0,21.214285714285715,time,930,955,-0.1465993265993266,-0.09427609427609428,42.42857142857143,NQ
2017-04-25,1,5553.5,5547.25,11,-150.92,-126.5,21.964285714285715,time,930,955,-0.3123252032520325,-0.26178861788617885,43.92857142857143,NQ
2017-04-26,-1,5543.0,5539.25,10,62.8,85.0,22.794642857142858,time,930,955,0.13775166470818642,0.18644731688209948,45.589285714285715,NQ
2017-04-27,1,5567.5,5570.5,11,52.58,77.0,21.169642857142858,time,930,955,0.11289751159848165,0.16533108393083087,42.339285714285715,NQ
2017-04-28,-1,5578.5,5580.25,11,-51.92,-27.5,21.276785714285715,time,930,955,-0.11091900965169954,-0.058749475451112046,42.55357142857143,NQ
2017-05-01,1,5637.0,5627.75,11,-216.92,-192.5,20.875,time,930,955,-0.47233532934131733,-0.41916167664670656,41.75,NQ
2017-05-02,-1,5632.5,5640.0,11,-178.42,-154.0,21.5625,time,930,955,-0.37611594202898546,-0.32463768115942027,43.125,NQ
2017-05-03,-1,5617.25,5621.5,12,-116.64,-90.0,19.875,time,930,955,-0.24452830188679245,-0.18867924528301888,39.75,NQ
2017-05-04,-1,5621.25,5623.75,12,-74.64,-48.0,19.964285714285715,time,930,955,-0.15577817531305901,-0.10017889087656529,39.92857142857143,NQ
2017-05-05,-1,5632.75,5644.0,12,-284.64,-258.0,19.285714285714285,time,930,955,-0.6149629629629629,-0.5574074074074075,38.57142857142857,NQ
2017-05-08,-1,5649.25,5655.25,13,-171.86,-143.0,18.642857142857142,time,930,955,-0.3545593869731801,-0.2950191570881226,37.285714285714285,NQ
2017-05-09,1,5672.75,5674.5,13,29.64,58.5,18.348214285714285,time,930,955,0.06213138686131388,0.12262773722627739,36.69642857142857,NQ
2017-05-10,-1,5672.75,5677.75,13,-145.86,-117.0,18.0625,time,930,955,-0.31058823529411766,-0.2491349480968858,36.125,NQ
2017-05-11,-1,5669.75,5673.75,14,-129.07999999999998,-98.0,16.794642857142858,time,930,955,-0.27449229133439657,-0.20839978734715578,33.589285714285715,NQ
2017-05-15,1,5699.75,5703.25,16,92.48,128.0,15.464285714285714,time,930,955,0.1868822170900693,0.2586605080831409,30.928571428571427,NQ
2017-05-16,1,5721.0,5726.25,17,157.76,195.5,14.517857142857142,time,930,955,0.31960639606396063,0.3960639606396064,29.035714285714285,NQ
2017-05-17,-1,5606.75,5582.25,17,812.26,850.0,14.508928571428571,time,930,955,1.6465723076923076,1.723076923076923,29.017857142857142,NQ
2017-05-18,1,5629.75,5629.0,13,-35.36,-6.5,18.5625,time,930,955,-0.07326599326599327,-0.013468013468013467,37.125,NQ
2017-05-19,1,5654.0,5653.0,12,-38.64,-12.0,20.392857142857142,time,930,955,-0.0789492119089317,-0.024518388791593695,40.785714285714285,NQ
2017-05-22,1,5698.5,5700.75,12,39.36,66.0,20.035714285714285,time,930,955,0.08185383244206774,0.13725490196078433,40.07142857142857,NQ
2017-05-23,-1,5699.75,5706.25,11,-156.42,-132.0,21.160714285714285,time,930,955,-0.33599999999999997,-0.28354430379746837,42.32142857142857,NQ
2017-05-24,-1,5728.0,5731.5,11,-90.42,-66.0,20.883928571428573,time,930,955,-0.1968020521590423,-0.1436511329628046,41.767857142857146,NQ
2017-05-25,-1,5784.25,5780.5,11,69.08,93.5,20.928571428571427,time,930,955,0.15003412969283278,0.20307167235494883,41.857142857142854,NQ
2017-05-26,1,5786.75,5789.75,11,52.58,77.0,22.223214285714285,time,930,955,0.10754519887505022,0.15749296906388108,44.44642857142857,NQ
2017-05-30,1,5800.5,5795.75,11,-117.92,-93.5,21.419642857142858,time,930,955,-0.25023759899958314,-0.1984160066694456,42.839285714285715,NQ
2017-05-31,-1,5788.75,5792.5,11,-95.92,-71.5,21.321428571428573,time,930,955,-0.2044891122278057,-0.15242881072026798,42.642857142857146,NQ
2017-06-01,-1,5808.75,5817.25,11,-200.42,-176.0,21.705357142857142,time,930,955,-0.41971205265322914,-0.3685726038667215,43.410714285714285,NQ
2017-06-02,-1,5880.75,5882.25,11,-46.42,-22.0,22.428571428571427,time,930,955,-0.09407643312101913,-0.0445859872611465,44.857142857142854,NQ
2017-06-05,1,5881.5,5880.0,10,-42.2,-20.0,23.964285714285715,time,930,955,-0.08804769001490313,-0.04172876304023845,47.92857142857143,NQ
2017-06-06,1,5852.25,5857.5,10,92.8,115.0,23.678571428571427,time,930,955,0.1959577677224736,0.24283559577677225,47.357142857142854,NQ
2017-06-07,1,5877.5,5879.0,12,21.36,48.0,20.0625,time,930,955,0.0443613707165109,0.09968847352024922,40.125,NQ
2017-06-08,-1,5877.25,5885.25,13,-223.86,-195.0,18.741071428571427,time,930,955,-0.4594187708432588,-0.4001905669366365,37.482142857142854,NQ
2017-06-09,-1,5737.0,5736.75,13,-9.36,19.5,18.544642857142858,time,930,955,-0.019412614347616753,0.04044294655753491,37.089285714285715,NQ
2017-06-12,-1,5697.25,5715.5,9,-339.48,-319.5,25.25,time,930,955,-0.7469306930693069,-0.7029702970297029,50.5,NQ
2017-06-13,1,5764.0,5759.5,9,-91.98,-72.0,27.651785714285715,time,930,955,-0.1847981917985147,-0.14465611882466903,55.30357142857143,NQ
2017-06-14,-1,5716.5,5734.0,8,-289.76,-272.0,28.535714285714285,time,930,955,-0.6346433041301627,-0.5957446808510638,57.07142857142857,NQ
2017-06-15,-1,5709.25,5708.75,8,-1.7599999999999998,16.0,29.678571428571427,time,930,955,-0.0037063778580024064,0.03369434416365825,59.357142857142854,NQ
2017-06-16,-1,5680.25,5685.25,7,-78.53999999999999,-63.0,32.276785714285715,time,930,955,-0.17380912863070538,-0.13941908713692946,64.55357142857143,NQ
2017-06-19,1,5766.25,5776.0,7,127.96000000000001,143.5,33.5625,time,930,955,0.27232774674115456,0.3054003724394786,67.125,NQ
2017-06-20,-1,5740.5,5731.0,6,106.68,120.0,36.375,time,930,955,0.2443986254295533,0.27491408934707906,72.75,NQ
2017-06-21,-1,5781.75,5787.75,6,-79.32,-66.0,36.276785714285715,time,930,955,-0.1822101895151366,-0.151612109278858,72.55357142857143,NQ
2017-06-22,-1,5796.5,5785.25,6,127.68,141.0,37.107142857142854,time,930,955,0.2867372473532243,0.31665062560154,74.21428571428571,NQ
2017-06-23,-1,5802.75,5808.0,6,-70.32,-57.0,36.017857142857146,time,930,955,-0.16269707486365886,-0.13187902825979175,72.03571428571429,NQ
2017-06-26,1,5788.0,5780.0,6,-103.32,-90.0,37.232142857142854,time,930,955,-0.2312517985611511,-0.20143884892086333,74.46428571428571,NQ
2017-06-27,-1,5682.75,5675.5,6,79.68,93.0,38.63392857142857,time,930,955,0.17186965565056622,0.20060087820660968,77.26785714285714,NQ
2017-06-28,-1,5757.0,5756.5,6,-1.3200000000000003,12.0,41.026785714285715,time,930,955,-0.002681175190424375,0.024374319912948857,82.05357142857143,NQ
2017-06-29,-1,5665.25,5656.5,5,81.4,92.5,43.089285714285715,time,930,955,0.18891007045171984,0.21467053460422708,86.17857142857143,NQ
2017-06-30,-1,5663.75,5651.5,6,139.68,153.0,40.11607142857143,time,930,955,0.2901580235922546,0.31782773202759845,80.23214285714286,NQ
2017-07-05,1,5649.75,5651.5,6,13.68,27.0,38.964285714285715,time,930,955,0.02925756186984418,0.05774518790100825,77.92857142857143,NQ
2017-07-06,-1,5598.25,5601.25,6,-43.32,-30.0,38.767857142857146,time,930,955,-0.09311837862736065,-0.06448641179180101,77.53571428571429,NQ
2017-07-07,1,5661.0,5658.75,6,-34.32,-21.0,39.63392857142857,time,930,955,-0.07216039648569499,-0.04415408875872945,79.26785714285714,NQ
2017-07-10,-1,5703.25,5697.5,6,61.68,75.0,38.848214285714285,time,930,955,0.1323098138358998,0.16088255573431395,77.69642857142857,NQ
2017-07-11,1,5719.0,5712.5,6,-85.32,-72.0,39.285714285714285,time,930,955,-0.18098181818181816,-0.1527272727272727,78.57142857142857,NQ
2017-07-12,-1,5782.25,5782.75,6,-13.32,-0.0,39.044642857142854,time,930,955,-0.02842899611250858,-0.0,78.08928571428571,NQ
2017-07-13,1,5796.75,5794.25,6,-37.32,-24.0,40.42857142857143,time,930,955,-0.07692579505300352,-0.04946996466431095,80.85714285714286,NQ
2017-07-14,-1,5843.75,5840.5,6,31.68,45.0,39.669642857142854,time,930,955,0.06654962862930454,0.09453072248480758,79.33928571428571,NQ
2017-07-17,1,5843.0,5841.75,6,-22.32,-9.0,38.57142857142857,time,930,955,-0.04822222222222223,-0.019444444444444445,77.14285714285714,NQ
2017-07-18,1,5878.5,5881.0,6,22.68,36.0,35.94642857142857,time,930,955,0.05257824143070045,0.08345752608047691,71.89285714285714,NQ
2017-07-19,1,5920.25,5915.75,7,-71.53999999999999,-56.0,34.61607142857143,time,930,955,-0.1476192932679907,-0.11555326283208667,69.23214285714286,NQ
2017-07-20,-1,5923.75,5923.75,8,-9.76,8.0,30.633928571428573,time,930,955,-0.01991256193529583,0.01632177207811134,61.267857142857146,NQ
2017-07-21,1,5913.25,5920.75,8,110.24,128.0,30.321428571428573,time,930,955,0.22723203769140163,0.26383981154299174,60.642857142857146,NQ
2017-07-24,1,5946.0,5945.25,9,-24.48,-4.5,27.589285714285715,time,930,955,-0.04929449838187702,-0.009061488673139158,55.17857142857143,NQ
2017-07-25,1,5934.5,5932.25,9,-51.480000000000004,-31.5,27.0625,time,930,955,-0.10568129330254042,-0.06466512702078522,54.125,NQ
2017-07-26,1,5949.75,5950.75,9,7.02,27.0,25.044642857142858,time,930,955,0.015572192513368983,0.059893048128342244,50.089285714285715,NQ
2017-07-27,-1,5903.25,5915.75,10,-262.2,-240.0,23.267857142857142,time,930,955,-0.5634382194934766,-0.5157329240214888,46.535714285714285,NQ
2017-07-28,1,5906.5,5908.0,9,16.02,36.0,25.964285714285715,time,930,955,0.03427785419532324,0.07702888583218706,51.92857142857143,NQ
2017-07-31,-1,5888.0,5882.0,9,97.02,117.0,25.553571428571427,time,930,955,0.21092941998602377,0.25436757512229213,51.107142857142854,NQ
2017-08-01,-1,5887.75,5894.75,9,-136.98,-117.0,25.866071428571427,time,930,955,-0.2942078011736279,-0.2512944425267518,51.732142857142854,NQ
2017-08-02,-1,5907.25,5912.0,10,-107.2,-85.0,24.142857142857142,time,930,955,-0.22201183431952665,-0.1760355029585799,48.285714285714285,NQ
2017-08-03,-1,5886.25,5890.0,9,-78.48,-58.5,25.857142857142858,time,930,955,-0.16861878453038676,-0.12569060773480661,51.714285714285715,NQ
2017-08-04,-1,5891.0,5898.25,9,-141.48,-121.5,25.482142857142858,time,930,955,-0.30845129642606867,-0.2648913805185704,50.964285714285715,NQ
2017-08-07,1,5930.5,5932.5,9,25.02,45.0,25.669642857142858,time,930,955,0.0541495652173913,0.09739130434782609,51.339285714285715,NQ
2017-08-08,1,5919.0,5924.5,10,97.8,120.0,24.794642857142858,time,930,955,0.19722002160604968,0.2419877565718401,49.589285714285715,NQ
2017-08-09,1,5903.0,5916.75,9,236.52,256.5,25.5625,time,930,955,0.5140342298288508,0.5574572127139364,51.125,NQ
2017-08-10,-1,5798.5,5789.25,9,155.52,175.5,26.4375,time,930,955,0.3268085106382979,0.36879432624113473,52.875,NQ
2017-08-11,1,5825.75,5832.5,8,98.24,116.0,30.035714285714285,time,930,955,0.204423305588585,0.2413793103448276,60.07142857142857,NQ
2017-08-14,1,5906.75,5907.5,8,2.24,20.0,30.866071428571427,time,930,955,0.0045357246167197,0.0404975412207116,61.732142857142854,NQ
2017-08-15,-1,5915.75,5911.75,7,47.46,63.0,32.776785714285715,time,930,955,0.10342685916643966,0.13729229092890222,65.55357142857143,NQ
2017-08-16,-1,5919.0,5921.25,7,-40.04,-24.5,32.973214285714285,time,930,955,-0.08673707013268345,-0.053073382074194424,65.94642857142857,NQ
2017-08-17,-1,5820.75,5800.75,8,310.24,328.0,29.276785714285715,time,930,955,0.6622994815492528,0.7002134797194266,58.55357142857143,NQ
2017-08-18,-1,5807.75,5794.75,7,173.46,189.0,31.8125,time,930,955,0.3894695481335953,0.4243614931237721,63.625,NQ
2017-08-21,-1,5782.5,5789.25,7,-103.03999999999999,-87.5,31.830357142857142,time,930,955,-0.2312258064516129,-0.19635343618513323,63.660714285714285,NQ
2017-08-22,1,5874.75,5875.5,7,1.9600000000000009,17.5,32.839285714285715,time,930,955,0.004263186514410007,0.03806416530723219,65.67857142857143,NQ
2017-08-23,1,5862.75,5854.25,7,-127.53999999999999,-112.0,33.330357142857146,time,930,955,-0.27332440396463964,-0.24002143048486468,66.66071428571429,NQ
2017-08-24,-1,5838.5,5837.25,7,8.96,24.5,33.026785714285715,time,930,955,0.01937821032711544,0.052987293863206275,66.05357142857143,NQ
2017-08-25,1,5833.25,5823.75,7,-141.54,-126.0,34.214285714285715,time,930,955,-0.29549060542797495,-0.2630480167014614,68.42857142857143,NQ
2017-08-28,-1,5838.25,5841.25,7,-50.54,-35.0,34.919642857142854,time,930,955,-0.10338020966504731,-0.0715929429813347,69.83928571428571,NQ
2017-08-29,1,5873.0,5865.25,7,-117.03999999999999,-101.5,33.75892857142857,time,930,955,-0.24763819095477385,-0.2147580005289606,67.51785714285714,NQ
2017-08-30,1,5939.25,5934.5,7,-75.03999999999999,-59.5,34.69642857142857,time,930,955,-0.15448275862068964,-0.1224909933093155,69.39285714285714,NQ
2017-08-31,1,5992.75,5991.25,7,-29.54,-14.0,32.723214285714285,time,930,955,-0.06448021828103684,-0.030559345156889496,65.44642857142857,NQ
2017-09-01,-1,5994.25,5989.0,7,64.96000000000001,80.5,32.75892857142857,time,930,955,0.14164077405287545,0.175524666121559,65.51785714285714,NQ
2017-09-05,1,5937.5,5933.75,8,-69.76,-52.0,31.107142857142858,time,930,955,-0.14016073478760047,-0.1044776119402985,62.214285714285715,NQ
2017-09-06,-1,5960.5,5952.25,7,106.96000000000001,122.5,32.785714285714285,time,930,955,0.23302832244008717,0.2668845315904139,65.57142857142857,NQ
2017-09-07,-1,5960.25,5965.75,8,-97.76,-80.0,30.482142857142858,time,930,955,-0.20044522554188635,-0.16403046280023434,60.964285714285715,NQ
2017-09-08,-1,5911.0,5914.0,8,-57.76,-40.0,29.589285714285715,time,930,955,-0.12200362100181049,-0.08449004224502112,59.17857142857143,NQ
2017-09-11,1,5986.5,5987.5,8,6.24,24.0,29.6875,time,930,955,0.013136842105263159,0.05052631578947368,59.375,NQ
2017-09-12,-1,5992.75,6003.25,8,-177.76,-160.0,29.455357142857142,time,930,955,-0.3771809639284632,-0.3394968172173386,58.910714285714285,NQ
2017-09-13,1,6003.5,6009.75,8,90.24,108.0,29.553571428571427,time,930,955,0.19083987915407855,0.22839879154078552,59.107142857142854,NQ
2017-09-14,1,5980.0,5972.75,8,-125.76,-108.0,28.017857142857142,time,930,955,-0.2805353728489484,-0.24091778202676864,56.035714285714285,NQ
2017-09-15,-1,5992.0,5992.0,9,-10.98,9.0,27.4375,time,930,955,-0.02223234624145786,0.018223234624145785,54.875,NQ
2017-09-18,1,5984.5,5985.0,8,-1.7599999999999998,16.0,28.214285714285715,time,930,955,-0.003898734177215189,0.035443037974683546,56.42857142857143,NQ
2017-09-19,-1,5996.0,5995.25,9,2.5199999999999996,22.5,26.848214285714285,time,930,955,0.005214499501163951,0.04655803126039242,53.69642857142857,NQ
2017-09-20,-1,5971.25,5978.0,9,-132.48,-112.5,25.107142857142858,time,930,955,-0.29314366998577523,-0.24893314366998576,50.214285714285715,NQ
2017-09-21,-1,5953.5,5940.25,9,227.52,247.5,25.348214285714285,time,930,955,0.49865445579429385,0.5424445227192674,50.69642857142857,NQ
2017-09-22,1,5931.25,5935.5,9,65.52,85.5,26.0,time,930,955,0.13999999999999999,0.18269230769230768,52.0,NQ
2017-09-25,-1,5863.5,5871.75,9,-159.48,-139.5,26.098214285714285,time,930,955,-0.33948682860075263,-0.29695518303113244,52.19642857142857,NQ
2017-09-26,-1,5897.5,5888.25,9,155.52,175.5,26.071428571428573,time,930,955,0.3313972602739726,0.373972602739726,52.142857142857146,NQ
2017-09-27,1,5962.25,5940.75,9,-397.98,-378.0,25.714285714285715,time,930,955,-0.8598333333333333,-0.8166666666666667,51.42857142857143,NQ
2017-09-28,1,5926.0,5936.5,9,178.02,198.0,27.053571428571427,time,930,955,0.36557095709570964,0.40660066006600665,54.107142857142854,NQ
2017-09-29,-1,5974.25,5981.0,9,-132.48,-112.5,26.125,time,930,955,-0.2817224880382775,-0.23923444976076555,52.25,NQ
2017-10-02,1,5981.0,5984.25,10,52.8,75.0,24.883928571428573,time,930,955,0.10609257265877287,0.15069967707212056,49.767857142857146,NQ
2017-10-03,1,5997.5,5998.25,9,2.5199999999999996,22.5,25.392857142857142,time,930,955,0.00551336146272855,0.04922644163150493,50.785714285714285,NQ
2017-10-04,1,6002.75,6002.75,9,-10.98,9.0,25.294642857142858,time,930,955,-0.024115778326861983,0.019767031415460642,50.589285714285715,NQ
2017-10-05,-1,6058.75,6061.5,9,-60.480000000000004,-40.5,25.107142857142858,time,930,955,-0.13382645803698437,-0.08961593172119488,50.214285714285715,NQ
2017-10-06,1,6057.5,6067.25,9,164.52,184.5,25.366071428571427,time,930,955,0.3603238296374517,0.4040830693417811,50.732142857142854,NQ
2017-10-09,-1,6059.75,6062.5,10,-67.2,-45.0,24.5625,time,930,955,-0.136793893129771,-0.0916030534351145,49.125,NQ
2017-10-10,-1,6062.25,6067.25,10,-112.2,-90.0,24.544642857142858,time,930,955,-0.2285631138595853,-0.18333939614405237,49.089285714285715,NQ
2017-10-11,-1,6083.0,6085.25,10,-57.2,-35.0,23.8125,time,930,955,-0.12010498687664042,-0.07349081364829396,47.625,NQ
2017-10-12,1,6074.0,6073.25,10,-27.2,-5.0,22.794642857142858,time,930,955,-0.05966314140227183,-0.010967489228358792,45.589285714285715,NQ
2017-10-13,-1,6098.5,6096.25,10,32.8,55.0,22.892857142857142,time,930,955,0.0716380655226209,0.1201248049921997,45.785714285714285,NQ
2017-10-16,1,6113.75,6116.25,12,45.36,72.0,20.633928571428573,time,930,955,0.09159671138035481,0.14539160536564255,41.267857142857146,NQ
2017-10-17,-1,6122.0,6124.5,12,-74.64,-48.0,19.767857142857142,time,930,955,-0.15732610659439927,-0.10117434507678409,39.535714285714285,NQ
2017-10-18,-1,6123.0,6117.0,14,150.92000000000002,182.0,17.821428571428573,time,930,955,0.30244488977955913,0.36472945891783565,35.642857142857146,NQ
2017-10-19,-1,6088.0,6094.0,14,-185.07999999999998,-154.0,17.5,time,930,955,-0.37771428571428567,-0.3142857142857143,35.0,NQ
2017-10-20,-1,6110.75,6108.75,13,36.14,65.0,17.991071428571427,time,930,955,0.0772605459057072,0.13895781637717122,35.982142857142854,NQ
2017-10-23,-1,6069.25,6069.5,14,-24.08,7.0,17.241071428571427,time,930,955,-0.04988089073019161,0.014500258933195237,34.482142857142854,NQ
2017-10-24,-1,6080.75,6081.0,13,-22.36,6.5,18.544642857142858,time,930,955,-0.04637457871930669,0.013480982185844969,37.089285714285715,NQ
2017-10-25,-1,6056.25,6055.75,13,-2.8599999999999994,26.0,18.526785714285715,time,930,955,-0.00593734939759036,0.053975903614457824,37.05357142857143,NQ
2017-10-26,-1,6041.25,6038.5,13,55.64,84.5,19.053571428571427,time,930,955,0.11231490159325212,0.17057169634489222,38.107142857142854,NQ
2017-10-27,1,6218.75,6212.5,13,-178.36,-149.5,19.1875,time,930,955,-0.3575244299674267,-0.2996742671009772,38.375,NQ
2017-10-30,1,6218.75,6226.5,10,142.8,165.0,24.839285714285715,time,930,955,0.28744787922358017,0.3321351545650611,49.67857142857143,NQ
2017-10-31,-1,6247.0,6249.5,10,-62.2,-40.0,24.830357142857142,time,930,955,-0.12524991010427905,-0.08054656598345919,49.660714285714285,NQ
2017-11-01,-1,6246.75,6247.5,10,-27.2,-5.0,24.901785714285715,time,930,955,-0.05461455718895661,-0.010039440659734672,49.80357142857143,NQ
2017-11-02,-1,6234.25,6235.0,9,-24.48,-4.5,25.732142857142858,time,930,955,-0.05285218598195697,-0.009715475364330326,51.464285714285715,NQ
2017-11-03,-1,6285.0,6294.0,9,-172.98,-153.0,26.598214285714285,time,930,955,-0.36130245048674053,-0.3195703256126217,53.19642857142857,NQ
2017-11-06,1,6313.75,6313.5,8,-13.76,4.0,27.982142857142858,time,930,955,-0.030733886407147415,0.008934269304403318,55.964285714285715,NQ
2017-11-07,1,6308.75,6317.5,8,130.24,148.0,28.339285714285715,time,930,955,0.28723377441713926,0.3264020163831128,56.67857142857143,NQ
2017-11-08,-1,6345.0,6344.5,8,-1.7599999999999998,16.0,28.607142857142858,time,930,955,-0.003845193508114856,0.03495630461922597,57.214285714285715,NQ
2017-11-09,-1,6302.0,6309.75,9,-150.48,-130.5,27.616071428571427,time,930,955,-0.30272227610733915,-0.26252828968638864,55.232142857142854,NQ
2017-11-10,1,6309.0,6308.75,8,-13.76,4.0,30.089285714285715,time,930,955,-0.028581602373887238,0.00830860534124629,60.17857142857143,NQ
2017-11-13,1,6316.5,6316.25,8,-13.76,4.0,28.973214285714285,time,930,955,-0.029682588597842837,0.008628659476117104,57.94642857142857,NQ
2017-11-14,-1,6291.75,6294.5,8,-53.76,-36.0,29.133928571428573,time,930,955,-0.11532945142506894,-0.07722954336500153,58.267857142857146,NQ
2017-11-15,-1,6267.5,6263.75,8,50.24,68.0,28.321428571428573,time,930,955,0.11087011349306432,0.15006305170239595,56.642857142857146,NQ
2017-11-16,1,6351.5,6344.0,8,-129.76,-112.0,29.4375,time,930,955,-0.27549893842887474,-0.23779193205944799,58.875,NQ
2017-11-17,-1,6320.75,6319.0,9,20.52,40.5,26.133928571428573,time,930,955,0.043621455415100784,0.08609497779296207,52.267857142857146,NQ
2017-11-20,1,6310.75,6313.5,9,38.519999999999996,58.5,25.669642857142858,time,930,955,0.08336695652173912,0.12660869565217392,51.339285714285715,NQ
2017-11-21,1,6380.0,6381.5,9,16.02,36.0,25.392857142857142,time,930,955,0.035049226441631505,0.07876230661040788,50.785714285714285,NQ
2017-11-22,-1,6388.75,6389.5,9,-24.48,-4.5,26.026785714285715,time,930,955,-0.05225385934819897,-0.009605488850771868,52.05357142857143,NQ
2017-11-27,1,6410.0,6408.75,10,-37.2,-15.0,23.0,time,930,955,-0.0808695652173913,-0.03260869565217391,46.0,NQ
2017-11-28,-1,6418.25,6426.0,10,-167.2,-145.0,22.973214285714285,time,930,955,-0.3639020598523125,-0.3155849203264672,45.94642857142857,NQ
2017-11-29,-1,6315.75,6314.75,10,7.800000000000001,30.0,23.080357142857142,time,930,955,0.016897485493230176,0.06499032882011606,46.160714285714285,NQ
2017-11-30,-1,6358.25,6366.5,10,-177.2,-155.0,24.625,time,930,955,-0.3597969543147208,-0.3147208121827411,49.25,NQ
2017-12-01,1,6336.0,6339.5,9,52.019999999999996,72.0,25.785714285714285,time,930,955,0.1120775623268698,0.1551246537396122,51.57142857142857,NQ
2017-12-04,-1,6277.25,6265.5,8,178.24,196.0,28.75,time,930,955,0.3874782608695652,0.4260869565217391,57.5,NQ
2017-12-05,1,6275.25,6267.0,7,-124.03999999999999,-108.5,31.375,time,930,955,-0.28239043824701193,-0.24701195219123506,62.75,NQ
2017-12-06,1,6295.5,6295.5,7,-8.54,7.0,32.714285714285715,time,930,955,-0.018646288209606985,0.015283842794759825,65.42857142857143,NQ
2017-12-07,1,6319.75,6318.0,7,-33.04,-17.5,31.794642857142858,time,930,955,-0.07422634091547319,-0.03931479921370402,63.589285714285715,NQ
2017-12-08,1,6342.5,6344.5,7,19.46,35.0,32.169642857142854,time,930,955,0.04320843741326673,0.07771301693033585,64.33928571428571,NQ
2017-12-11,1,6407.5,6412.5,7,61.46,77.0,33.473214285714285,time,930,955,0.1311496399039744,0.1643104827954121,66.94642857142857,NQ
2017-12-12,1,6406.25,6404.5,7,-33.04,-17.5,33.44642857142857,time,930,955,-0.07056059797116924,-0.03737319807794982,66.89285714285714,NQ
2017-12-13,1,6426.25,6415.75,7,-155.54,-140.0,33.919642857142854,time,930,955,-0.3275388260068439,-0.2948144248486444,67.83928571428571,NQ
2017-12-14,1,6416.25,6409.5,7,-103.03999999999999,-87.5,34.714285714285715,time,930,955,-0.21201646090534979,-0.1800411522633745,69.42857142857143,NQ
2017-12-15,-1,6485.75,6482.0,7,43.96,59.5,35.035714285714285,time,930,955,0.08962283384301734,0.12130479102956167,70.07142857142857,NQ
2017-12-18,1,6535.5,6534.75,6,-16.32,-3.0,36.86607142857143,time,930,955,-0.036890288205376605,-0.006781302978929523,73.73214285714286,NQ
2017-12-19,-1,6497.5,6498.0,6,-13.32,-0.0,37.5625,time,930,955,-0.02955074875207987,-0.0,75.125,NQ
2017-12-20,-1,6493.0,6490.75,7,22.96,38.5,34.4375,time,930,955,0.04762250453720508,0.07985480943738657,68.875,NQ
2017-12-21,-1,6500.75,6493.75,7,89.46000000000001,105.0,34.276785714285715,time,930,955,0.186423547798906,0.21880698098463142,68.55357142857143,NQ
2017-12-22,1,6490.75,6489.75,7,-22.54,-7.0,31.267857142857142,time,930,955,-0.05149057681324957,-0.01599086236436322,62.535714285714285,NQ
2017-12-26,-1,6452.5,6460.25,9,-150.48,-130.5,27.651785714285715,time,930,955,-0.30233128834355827,-0.2621892153697126,55.30357142857143,NQ
2017-12-27,1,6445.5,6448.5,9,43.019999999999996,63.0,26.107142857142858,time,930,955,0.09154582763337892,0.13406292749658003,52.214285714285715,NQ
2017-12-28,-1,6445.0,6449.75,10,-107.2,-85.0,24.830357142857142,time,930,955,-0.21586479683567064,-0.17116145271485078,49.660714285714285,NQ
2017-12-29,-1,6427.25,6409.25,10,347.8,370.0,24.0625,time,930,955,0.7227012987012987,0.7688311688311689,48.125,NQ
2018-01-02,1,6514.75,6520.5,10,102.8,125.0,23.741071428571427,time,930,955,0.21650244452801806,0.2632568634825122,47.482142857142854,NQ
2018-01-03,1,6586.5,6583.5,9,-64.98,-45.0,25.294642857142858,time,930,955,-0.14271796681962584,-0.09883515707730321,50.589285714285715,NQ
2018-01-04,-1,6601.0,6596.25,9,74.52,94.5,26.625,time,930,955,0.15549295774647887,0.19718309859154928,53.25,NQ
2018-01-05,-1,6653.75,6661.0,9,-141.48,-121.5,26.589285714285715,time,930,955,-0.2956077904633982,-0.25386165211551376,53.17857142857143,NQ
2018-01-08,1,6682.25,6685.75,9,52.019999999999996,72.0,27.705357142857142,time,930,955,0.10431195617144698,0.1443764099258782,55.410714285714285,NQ
2018-01-09,-1,6695.5,6689.5,9,97.02,117.0,25.955357142857142,time,930,955,0.20766425868593053,0.2504299965600275,51.910714285714285,NQ
2018-01-10,-1,6666.25,6673.0,9,-132.48,-112.5,25.232142857142858,time,930,955,-0.2916914366595895,-0.24769992922859163,50.464285714285715,NQ
2018-01-11,1,6707.75,6716.75,9,151.02,171.0,25.4375,time,930,955,0.32982800982800986,0.37346437346437344,50.875,NQ
2018-01-12,1,6763.75,6765.25,10,17.8,40.0,24.955357142857142,time,930,955,0.03566368515205725,0.08014311270125224,49.910714285714285,NQ
2018-01-16,1,6762.0,6748.0,9,-262.98,-243.0,25.830357142857142,time,930,955,-0.5656135499481507,-0.5226408572416177,51.660714285714285,NQ
2018-01-17,-1,6823.0,6823.5,8,-17.759999999999998,-0.0,27.928571428571427,time,930,955,-0.03974424552429667,-0.0,55.857142857142854,NQ
2018-01-18,1,6817.5,6822.75,8,74.24,92.0,29.803571428571427,time,930,955,0.1556860395446375,0.19292989814260036,59.607142857142854,NQ
2018-01-19,-1,6845.5,6845.5,8,-9.76,8.0,30.401785714285715,time,930,955,-0.02006461086637298,0.01644640234948605,60.80357142857143,NQ
2018-01-22,1,6899.25,6917.5,8,282.24,300.0,30.205357142857142,time,930,955,0.5840023647650016,0.6207508128879693,60.410714285714285,NQ
2018-01-23,1,6974.0,6973.5,8,-17.759999999999998,0.0,29.133928571428573,time,930,955,-0.03809990806006742,0.0,58.267857142857146,NQ
2018-01-24,-1,6926.75,6930.0,8,-61.76,-44.0,28.883928571428573,time,930,955,-0.13363833075734158,-0.09520865533230294,57.767857142857146,NQ
2018-01-25,-1,6919.75,6924.25,7,-71.53999999999999,-56.0,31.883928571428573,time,930,955,-0.16026883225987118,-0.1254550546065528,63.767857142857146,NQ
2018-01-26,1,7012.0,7027.0,7,201.46,217.0,32.05357142857143,time,930,955,0.4489359331476323,0.48356545961002784,64.10714285714286,NQ
2018-01-29,1,7001.0,6992.75,7,-124.03999999999999,-108.5,34.61607142857143,time,930,955,-0.25595047717307196,-0.22388444673716792,69.23214285714286,NQ
2018-01-30,-1,6948.25,6941.5,7,85.96000000000001,101.5,34.88392857142857,time,930,955,0.17601228564115692,0.20783209623752238,69.76785714285714,NQ
2018-01-31,1,6951.5,6962.75,6,127.68,141.0,35.92857142857143,time,930,955,0.2961431411530815,0.3270377733598409,71.85714285714286,NQ
2018-02-01,1,6904.25,6907.25,6,28.68,42.0,36.767857142857146,time,930,955,0.06500242836328314,0.09519184069936862,73.53571428571429,NQ
2018-02-02,-1,6790.5,6765.25,6,295.68,309.0,37.625,time,930,955,0.6548837209302326,0.6843853820598007,75.25,NQ
2018-02-05,1,6623.75,6581.071428571428,5,-432.8857142857156,-421.7857142857156,42.17857142857143,stop,930,940,-1.0263166807790038,-1.0000000000000029,84.35714285714286,NQ
2018-02-06,1,6647.75,6666.0,5,176.4,187.5,49.49107142857143,time,930,955,0.3564279271152805,0.3788562150460039,98.98214285714286,NQ
2018-02-07,1,6643.5,6585.776785714285,4,-466.6657142857174,-457.7857142857174,57.223214285714285,stop,930,955,-1.0193977219535098,-1.0000000000000069,114.44642857142857,NQ
2018-02-08,-1,6393.25,6302.5,4,721.12,730.0,60.660714285714285,time,930,955,1.4859699735060348,1.5042684721813364,121.32142857142857,NQ
2018-02-09,1,6377.75,6409.25,3,185.34,192.0,69.83928571428571,time,930,955,0.4423012017386858,0.45819483508054215,139.67857142857142,NQ
2018-02-12,1,6546.5,6525.0,3,-132.66,-126.0,77.24107142857143,time,930,955,-0.2862466766847763,-0.27187608368974686,154.48214285714286,NQ
2018-02-13,1,6562.5,6555.25,3,-47.16,-40.5,80.61607142857143,time,930,955,-0.09749916934322737,-0.08373020268025252,161.23214285714286,NQ
2018-02-14,1,6678.25,6680.5,3,9.84,16.5,79.86607142857143,time,930,955,0.020534376746785914,0.03443264393515931,159.73214285714286,NQ
2018-02-15,1,6781.5,6801.75,2,78.56,83.0,83.36607142857143,time,930,955,0.23558744778836885,0.248902216986184,166.73214285714286,NQ
2018-02-16,1,6789.25,6775.75,2,-56.44,-52.0,84.39285714285714,time,930,955,-0.16719424460431656,-0.1540414727041896,168.78571428571428,NQ
2018-02-20,1,6774.75,6784.0,2,34.56,39.0,84.26785714285714,time,930,955,0.10253019707565163,0.11570247933884298,168.53571428571428,NQ
2018-02-21,1,6827.5,6762.75,2,-261.44,-257.0,85.34821428571429,time,930,955,-0.7658039543885343,-0.7527984098755099,170.69642857142858,NQ
2018-02-22,-1,6773.5,6767.5,2,21.56,26.0,86.35714285714286,time,930,955,0.06241521918941273,0.07526881720430108,172.71428571428572,NQ
2018-02-23,-1,6884.0,6901.75,2,-73.44,-69.0,84.16071428571429,time,930,955,-0.21815404201145766,-0.20496499045194141,168.32142857142858,NQ
2018-02-26,1,6991.5,6992.0,3,-0.6600000000000001,6.0,77.5,time,930,955,-0.0014193548387096777,0.012903225806451613,155.0,NQ
2018-02-27,-1,6926.75,6905.25,3,125.34,132.0,69.97321428571429,time,930,955,0.2985428097486283,0.3144060227127727,139.94642857142858,NQ
2018-02-28,1,6900.0,6861.0,3,-237.66,-231.0,68.73214285714286,time,930,955,-0.5762951415952194,-0.5601454923356716,137.46428571428572,NQ
2018-03-01,-1,6752.75,6753.25,4,-8.879999999999999,-0.0,61.848214285714285,time,930,955,-0.01794716327414465,-0.0,123.69642857142857,NQ
2018-03-02,1,6786.5,6811.5,4,195.12,204.0,58.901785714285715,time,930,955,0.4140791268758527,0.43292405638926784,117.80357142857143,NQ
2018-03-05,-1,6896.0,6885.0,4,83.12,92.0,59.589285714285715,time,930,955,0.17436020377584657,0.19298771351513336,119.17857142857143,NQ
2018-03-06,1,6914.0,6914.0,4,-4.88,4.0,61.598214285714285,time,930,955,-0.009902884476011016,0.008117118422959849,123.19642857142857,NQ
2018-03-07,1,6927.0,6929.75,4,17.12,26.0,57.80357142857143,time,930,955,0.03702193388940377,0.05622489959839357,115.60714285714286,NQ
2018-03-08,-1,6963.5,6967.5,4,-36.88,-28.0,56.169642857142854,time,930,955,-0.08207280241615006,-0.06231123827690352,112.33928571428571,NQ
2018-03-09,1,7090.0,7101.5,4,87.12,96.0,54.6875,time,930,955,0.19913142857142857,0.21942857142857142,109.375,NQ
2018-03-12,1,7174.0,7159.0,4,-124.88,-116.0,57.767857142857146,time,930,955,-0.2702194744976816,-0.25100463678516227,115.53571428571429,NQ
2018-03-13,1,7061.75,7071.0,4,69.12,78.0,57.214285714285715,time,930,955,0.1510112359550562,0.1704119850187266,114.42857142857143,NQ
2018-03-14,-1,7059.0,7066.75,4,-66.88,-58.0,58.67857142857143,time,930,955,-0.14247108947048082,-0.12355447352404138,117.35714285714286,NQ
2018-03-15,-1,7061.25,7055.5,4,41.12,50.0,58.348214285714285,time,930,955,0.08809181331293037,0.10711553175210406,116.69642857142857,NQ
2018-03-16,1,7046.75,7038.25,4,-72.88,-64.0,55.94642857142857,time,930,955,-0.16283434407915734,-0.14299393552505585,111.89285714285714,NQ
2018-03-19,-1,6848.75,6886.0,4,-302.88,-294.0,54.517857142857146,time,930,955,-0.6944513593187028,-0.6740910579757615,109.03571428571429,NQ
2018-03-20,1,6913.25,6905.5,4,-66.88,-58.0,58.580357142857146,time,930,955,-0.14270995275110498,-0.12376162170400853,117.16071428571429,NQ
2018-03-21,1,6890.75,6870.5,4,-166.88,-158.0,56.74107142857143,time,930,955,-0.36763493312352474,-0.34807238394964596,113.48214285714286,NQ
2018-03-22,1,6735.75,6697.75,4,-308.88,-300.0,53.160714285714285,time,930,955,-0.7262882096069869,-0.705408128988915,106.32142857142857,NQ
2018-03-23,-1,6566.5,6520.5,4,363.12,372.0,53.142857142857146,time,930,955,0.8541129032258065,0.875,106.28571428571429,NQ
2018-03-26,1,6747.25,6771.0,4,185.12,194.0,54.92857142857143,time,930,955,0.4212743823146944,0.44148244473342,109.85714285714286,NQ
2018-03-27,-1,6524.75,6544.0,4,-158.88,-150.0,61.75892857142857,time,930,955,-0.32157293624403643,-0.3035998265143849,123.51785714285714,NQ
2018-03-28,1,6485.75,6470.75,3,-93.66,-87.0,70.4375,time,930,955,-0.22161490683229812,-0.20585625554569653,140.875,NQ
2018-03-29,-1,6596.75,6589.75,3,38.34,45.0,74.35714285714286,time,930,955,0.08593659942363113,0.10086455331412103,148.71428571428572,NQ
2018-04-02,-1,6344.5,6399.75,3,-335.16,-328.5,77.02678571428571,time,930,955,-0.7252022719369423,-0.7107917004752522,154.05357142857142,NQ
2018-04-03,-1,6457.5,6469.25,2,-49.44,-45.0,83.44642857142857,time,930,955,-0.1481189813824096,-0.13481703402525144,166.89285714285714,NQ
2018-04-04,1,6558.0,6568.5,3,59.34,66.0,82.78571428571429,time,930,955,0.11946505608283002,0.13287316652286452,165.57142857142858,NQ
2018-04-05,-1,6603.0,6605.75,2,-13.44,-9.0,89.1875,time,930,955,-0.03767344078486335,-0.025227750525578137,178.375,NQ
2018-04-06,1,6451.25,6442.75,2,-36.44,-32.0,89.875,time,930,955,-0.10136300417246175,-0.0890125173852573,179.75,NQ
2018-04-09,1,6513.5,6483.0,2,-124.44,-120.0,95.0625,time,930,955,-0.327258382642998,-0.3155818540433925,190.125,NQ
2018-04-10,-1,6626.25,6626.75,2,-4.4399999999999995,-0.0,93.55357142857143,time,930,955,-0.011864859706050772,-0.0,187.10714285714286,NQ
2018-04-11,1,6605.0,6594.25,2,-45.44,-41.0,97.46428571428571,time,930,955,-0.11655551484060095,-0.10516672773909858,194.92857142857142,NQ
2018-04-12,1,6682.75,6667.5,2,-63.44,-59.0,96.375,time,930,955,-0.16456549935149156,-0.15304798962386512,192.75,NQ
2018-04-13,-1,6617.25,6635.5,2,-75.44,-71.0,93.60714285714286,time,930,955,-0.20148035101106446,-0.1896222815719191,187.21428571428572,NQ
2018-04-16,-1,6684.25,6683.5,2,0.56,5.0,90.23214285714286,time,930,955,0.001551553532554918,0.013853156540668909,180.46428571428572,NQ
2018-04-17,1,6838.25,6826.0,2,-51.44,-47.0,83.66071428571429,time,930,955,-0.15371611526147277,-0.14044823906083242,167.32142857142858,NQ
2018-04-18,-1,6855.5,6842.75,3,72.84,79.5,77.65178571428571,time,930,955,0.15633896746004372,0.1706335517994711,155.30357142857142,NQ
2018-04-19,1,6788.5,6781.0,3,-48.66,-42.0,74.67857142857143,time,930,955,-0.10859875657580105,-0.0937350549976088,149.35714285714286,NQ
2018-04-20,-1,6660.5,6673.25,3,-80.16,-73.5,70.29464285714286,time,930,955,-0.19005715737330114,-0.17426648037596848,140.58928571428572,NQ
2018-04-23,-1,6650.25,6654.0,3,-26.16,-19.5,65.73214285714286,time,930,955,-0.06632980168432491,-0.04944308611790274,131.46428571428572,NQ
2018-04-24,-1,6488.5,6513.0,3,-150.66,-144.0,64.50892857142857,time,930,955,-0.38924844290657434,-0.3720415224913495,129.01785714285714,NQ
2018-04-25,-1,6521.5,6522.5,3,-9.66,-3.0,63.580357142857146,time,930,955,-0.02532228619575902,-0.007864064035950006,127.16071428571429,NQ
2018-04-26,1,6667.0,6655.0,3,-75.66,-69.0,64.66071428571429,time,930,955,-0.19501795084230872,-0.17785142225904443,129.32142857142858,NQ
2018-04-27,-1,6667.5,6662.0,3,29.34,36.0,63.19642857142857,time,930,955,0.07737779033625318,0.09494207403221248,126.39285714285714,NQ
2018-04-30,1,6633.5,6610.5,4,-188.88,-180.0,61.714285714285715,time,930,955,-0.3825694444444444,-0.3645833333333333,123.42857142857143,NQ
2018-05-01,1,6663.5,6684.75,4,165.12,174.0,60.07142857142857,time,930,955,0.34359096313912013,0.3620689655172414,120.14285714285714,NQ
2018-05-02,-1,6667.0,6647.25,4,153.12,162.0,61.205357142857146,time,930,955,0.31271772428884026,0.3308533916849015,122.41071428571429,NQ
2018-05-03,1,6661.25,6644.5,4,-138.88,-130.0,60.544642857142854,time,930,955,-0.2867305707122843,-0.26839699159416014,121.08928571428571,NQ
2018-05-04,1,6779.25,6772.5,4,-58.88,-50.0,61.5,time,930,955,-0.11967479674796748,-0.1016260162601626,123.0,NQ
2018-05-07,1,6820.25,6826.5,3,33.84,40.5,65.1875,time,930,955,0.0865196548418025,0.10354745925215723,130.375,NQ
2018-05-08,-1,6809.5,6817.25,4,-66.88,-58.0,62.223214285714285,time,930,955,-0.13435500071746304,-0.11651599942602957,124.44642857142857,NQ
2018-05-09,-1,6889.25,6895.5,4,-54.88,-46.0,62.044642857142854,time,930,955,-0.1105655489998561,-0.09267520506547705,124.08928571428571,NQ
2018-05-10,1,6954.25,6967.25,4,99.12,108.0,62.24107142857143,time,930,955,0.19906469660020085,0.2168985798307273,124.48214285714286,NQ
2018-05-11,1,6952.0,6957.25,4,37.12,46.0,60.125,time,930,955,0.07717255717255717,0.09563409563409564,120.25,NQ
2018-05-14,1,6971.0,6969.0,4,-20.88,-12.0,57.82142857142857,time,930,955,-0.04513897467572576,-0.025941939468807906,115.64285714285714,NQ
2018-05-15,-1,6872.25,6889.5,4,-142.88,-134.0,51.660714285714285,time,930,955,-0.3457172485309367,-0.32423090217767025,103.32142857142857,NQ
2018-05-16,1,6937.25,6937.25,4,-4.88,4.0,51.589285714285715,time,930,955,-0.011824160609207338,0.009691934925579786,103.17857142857143,NQ
2018-05-17,1,6909.5,6907.25,5,-28.6,-17.5,48.3125,time,930,955,-0.05919793014230272,-0.03622250970245795,96.625,NQ
2018-05-18,-1,6877.25,6873.75,5,28.9,40.0,46.651785714285715,time,930,955,0.06194832535885167,0.08574162679425837,93.30357142857143,NQ
2018-05-21,1,6897.0,6911.75,5,141.4,152.5,43.892857142857146,time,930,955,0.3221480878763222,0.34743694060211555,87.78571428571429,NQ
2018-05-22,-1,6910.25,6901.0,5,86.4,97.5,42.94642857142857,time,930,955,0.20118087318087322,0.22702702702702704,85.89285714285714,NQ
2018-05-23,1,6945.25,6959.75,5,138.9,150.0,42.375,time,930,955,0.32778761061946904,0.35398230088495575,84.75,NQ
2018-05-24,-1,6966.25,6954.5,5,111.4,122.5,41.669642857142854,time,930,955,0.2673409042211271,0.29397900149989287,83.33928571428571,NQ
2018-05-25,1,6967.25,6963.25,6,-55.32,-42.0,38.30357142857143,time,930,955,-0.12035431235431235,-0.09137529137529136,76.60714285714286,NQ
2018-05-29,1,6913.25,6931.5,6,211.68,225.0,36.089285714285715,time,930,955,0.4887877288471054,0.5195447798119743,72.17857142857143,NQ
2018-05-30,-1,6984.75,6981.75,6,28.68,42.0,36.419642857142854,time,930,955,0.06562392743319442,0.09610198578082865,72.83928571428571,NQ
2018-05-31,1,6977.5,6976.75,6,-16.32,-3.0,35.955357142857146,time,930,955,-0.03782468338713682,-0.006953066799106033,71.91071428571429,NQ
2018-06-01,1,7077.75,7086.0,6,91.68,105.0,36.61607142857143,time,930,955,0.2086515484028286,0.23896610582784686,73.23214285714286,NQ
2018-06-04,1,7146.0,7146.75,6,1.6799999999999997,15.0,38.669642857142854,time,930,955,0.0036204109905333642,0.032325098129762184,77.33928571428571,NQ
2018-06-05,1,7164.5,7170.5,6,64.68,78.0,36.892857142857146,time,930,955,0.14609874152952565,0.17618586640851885,73.78571428571429,NQ
2018-06-06,-1,7196.0,7212.0,6,-199.32,-186.0,36.19642857142857,time,930,955,-0.45888505180069067,-0.4282190429205723,72.39285714285714,NQ
2018-06-07,-1,7155.5,7153.0,7,26.46,42.0,35.580357142857146,time,930,955,0.05311919698870765,0.08431618569636135,71.16071428571429,NQ
2018-06-08,1,7155.5,7150.75,6,-64.32,-51.0,37.49107142857143,time,930,955,-0.14296737318409142,-0.11336032388663966,74.98214285714286,NQ
2018-06-11,1,7210.5,7192.75,6,-220.32,-207.0,36.732142857142854,time,930,955,-0.4998347107438017,-0.4696159455517745,73.46428571428571,NQ
2018-06-12,-1,7223.75,7236.5,6,-160.32,-147.0,36.69642857142857,time,930,955,-0.36406812652068127,-0.3338199513381995,73.39285714285714,NQ
2018-06-13,1,7250.75,7230.5,7,-292.04,-276.5,34.401785714285715,time,930,955,-0.606363872307293,-0.5740981053724371,68.80357142857143,NQ
2018-06-14,1,7307.25,7310.0,7,29.96,45.5,33.9375,time,930,955,0.06305709023941068,0.09576427255985268,67.875,NQ
2018-06-15,-1,7284.25,7280.25,7,47.46,63.0,35.482142857142854,time,930,955,0.0955410166079517,0.1268243583291394,70.96428571428571,NQ
2018-06-18,1,7277.75,7273.75,6,-55.32,-42.0,36.57142857142857,time,930,955,-0.1260546875,-0.095703125,73.14285714285714,NQ
2018-06-19,1,7236.25,7252.0,7,211.96,227.5,35.5,time,930,955,0.4264788732394366,0.45774647887323944,71.0,NQ
2018-06-20,1,7318.0,7305.75,6,-154.32,-141.0,37.410714285714285,time,930,955,-0.34375178997613365,-0.31408114558472555,74.82142857142857,NQ
2018-06-21,-1,7235.5,7240.0,6,-61.32,-48.0,38.089285714285715,time,930,955,-0.13415846225972808,-0.10501640881387717,76.17857142857143,NQ
2018-06-22,-1,7239.0,7216.25,6,265.68,279.0,37.732142857142854,time,930,955,0.586767628963559,0.6161855182205396,75.46428571428571,NQ
2018-06-25,-1,7028.75,7067.151785714285,6,-468.1414285714239,-454.8214285714239,37.901785714285715,stop,930,955,-1.0292862190812617,-0.9999999999999898,75.80357142857143,NQ
2018-06-26,1,7108.5,7090.25,5,-188.6,-177.5,44.17857142857143,time,930,955,-0.4269037995149555,-0.4017784963621665,88.35714285714286,NQ
2018-06-27,1,7034.5,6989.741071428572,5,-453.68928571428444,-442.5892857142844,44.25892857142857,stop,930,955,-1.0250796852935216,-0.9999999999999972,88.51785714285714,NQ
2018-06-28,1,7057.25,7053.5,5,-43.6,-32.5,46.57142857142857,time,930,955,-0.0936196319018405,-0.06978527607361965,93.14285714285714,NQ
2018-06-29,1,7090.0,7064.0,5,-266.1,-255.0,48.205357142857146,time,930,955,-0.5520133358029264,-0.5289868494165586,96.41071428571429,NQ
2018-07-02,1,7089.25,7118.5,5,286.4,297.5,48.42857142857143,time,930,955,0.591386430678466,0.6143067846607669,96.85714285714286,NQ
2018-07-05,-1,7119.5,7121.25,4,-18.88,-10.0,50.8125,time,930,955,-0.046445264452644526,-0.024600246002460024,101.625,NQ
2018-07-06,1,7233.75,7228.25,4,-48.88,-40.0,51.50892857142857,time,930,955,-0.11862021147512568,-0.09707054948864621,103.01785714285714,NQ
2018-07-09,-1,7280.5,7297.25,4,-138.88,-130.0,53.107142857142854,time,930,955,-0.3268863483523874,-0.30598520511096167,106.21428571428571,NQ
2018-07-10,-1,7303.5,7301.0,4,15.120000000000001,24.0,51.42857142857143,time,930,955,0.03675,0.058333333333333334,102.85714285714286,NQ
2018-07-11,1,7270.75,7262.25,5,-91.1,-80.0,49.901785714285715,time,930,955,-0.18255859724458756,-0.16031490427625691,99.80357142857143,NQ
2018-07-12,1,7374.75,7384.5,5,91.4,102.5,48.455357142857146,time,930,955,0.1886272341993735,0.21153491800257967,96.91071428571429,NQ
2018-07-13,-1,7396.75,7394.0,4,17.12,26.0,50.401785714285715,time,930,955,0.04245881310894597,0.06448184233835252,100.80357142857143,NQ
2018-07-16,1,7374.25,7373.5,5,-13.6,-2.5,43.88392857142857,time,930,955,-0.030990844354018315,-0.005696846388606308,87.76785714285714,NQ
2018-07-17,1,7428.5,7421.25,5,-78.6,-67.5,42.892857142857146,time,930,955,-0.18324729392173186,-0.15736885928393005,85.78571428571429,NQ
2018-07-18,-1,7407.0,7405.5,5,8.9,20.0,42.07142857142857,time,930,955,0.021154499151103567,0.04753820033955858,84.14285714285714,NQ
2018-07-19,-1,7372.0,7367.0,6,52.68,66.0,39.830357142857146,time,930,955,0.11021744003586638,0.13808563102443397,79.66071428571429,NQ
2018-07-20,1,7364.5,7362.25,6,-34.32,-21.0,39.00892857142857,time,930,955,-0.07331654840924696,-0.04486152437628748,78.01785714285714,NQ
2018-07-23,-1,7379.5,7384.5,6,-67.32,-54.0,36.375,time,930,955,-0.15422680412371131,-0.12371134020618557,72.75,NQ
2018-07-24,1,7412.25,7416.0,7,43.96,59.5,34.857142857142854,time,930,955,0.09008196721311476,0.12192622950819673,69.71428571428571,NQ
2018-07-25,1,7478.25,7520.75,6,502.68,516.0,37.75892857142857,time,930,955,1.1094064790730669,1.1388034996453062,75.51785714285714,NQ
2018-07-26,-1,7411.5,7409.25,6,19.68,33.0,38.625,time,930,955,0.04245954692556634,0.07119741100323625,77.25,NQ
2018-07-27,-1,7306.0,7305.25,6,1.6799999999999997,15.0,38.9375,time,930,955,0.0035955056179775274,0.03210272873194221,77.875,NQ
2018-07-30,-1,7214.5,7202.75,5,111.4,122.5,43.36607142857143,time,930,955,0.2568828494955734,0.2824788964381305,86.73214285714286,NQ
2018-07-31,-1,7249.5,7243.5,5,53.9,65.0,46.955357142857146,time,930,955,0.11478988400836661,0.13842935919376306,93.91071428571429,NQ
2018-08-01,1,7282.5,7281.0,5,-21.1,-10.0,48.098214285714285,time,930,955,-0.04386857248932616,-0.02079079264896974,96.19642857142857,NQ
2018-08-02,1,7375.75,7379.75,5,33.9,45.0,45.892857142857146,time,930,955,0.07386770428015564,0.0980544747081712,91.78571428571429,NQ
2018-08-03,-1,7395.5,7401.5,4,-52.88,-44.0,50.44642857142857,time,930,955,-0.13103008849557524,-0.10902654867256638,100.89285714285714,NQ
2018-08-06,1,7448.25,7446.75,4,-16.88,-8.0,50.339285714285715,time,930,955,-0.041915572898190846,-0.019865200425682867,100.67857142857143,NQ
2018-08-07,1,7472.75,7471.0,5,-23.6,-12.5,47.49107142857143,time,930,955,-0.04969355141943974,-0.026320736980635456,94.98214285714286,NQ
2018-08-08,-1,7491.25,7478.0,5,126.4,137.5,47.294642857142854,time,930,955,0.26726071361147824,0.29073060222767605,94.58928571428571,NQ
2018-08-09,1,7483.75,7473.75,5,-106.1,-95.0,47.526785714285715,time,930,955,-0.22324253240653763,-0.19988728160811572,95.05357142857143,NQ
2018-08-10,-1,7419.5,7418.25,5,6.4,17.5,46.919642857142854,time,930,955,0.013640342530922932,0.03729781160799239,93.83928571428571,NQ
2018-08-13,1,7420.25,7410.5,5,-103.6,-92.5,47.07142857142857,time,930,955,-0.22009104704097118,-0.19650986342943857,94.14285714285714,NQ
2018-08-14,-1,7462.5,7456.75,5,51.4,62.5,45.901785714285715,time,930,955,0.1119782143551838,0.13616028010114764,91.80357142857143,NQ
2018-08-15,-1,7371.5,7365.5,5,53.9,65.0,44.42857142857143,time,930,955,0.12131832797427651,0.1463022508038585,88.85714285714286,NQ
2018-08-16,-1,7394.25,7386.25,5,73.9,85.0,44.94642857142857,time,930,955,0.1644179578863727,0.18911402463249902,89.89285714285714,NQ
2018-08-17,-1,7391.5,7389.0,6,22.68,36.0,40.50892857142857,time,930,955,0.046656380868415254,0.07405774741018295,81.01785714285714,NQ
2018-08-20,-1,7386.25,7381.0,6,55.68,69.0,38.482142857142854,time,930,955,0.12057540603248261,0.14941995359628774,76.96428571428571,NQ
2018-08-21,1,7415.5,7406.75,6,-112.32,-99.0,37.080357142857146,time,930,955,-0.25242475319046465,-0.22248976643390317,74.16071428571429,NQ
2018-08-22,1,7442.0,7435.25,6,-88.32,-75.0,37.392857142857146,time,930,955,-0.19682903533906396,-0.1671442215854823,74.78571428571429,NQ
2018-08-23,1,7436.0,7422.5,7,-197.54,-182.0,33.75,time,930,955,-0.41807407407407404,-0.3851851851851852,67.5,NQ
2018-08-24,1,7491.25,7492.75,7,12.46,28.0,34.55357142857143,time,930,955,0.025757105943152458,0.05788113695090439,69.10714285714286,NQ
2018-08-27,1,7563.0,7567.5,7,54.46,70.0,35.125,time,930,955,0.1107473309608541,0.1423487544483986,70.25,NQ
2018-08-28,-1,7580.75,7579.5,6,7.68,21.0,36.38392857142857,time,930,955,0.017590184049079756,0.04809815950920246,72.76785714285714,NQ
2018-08-29,1,7667.0,7667.0,7,-8.54,7.0,35.651785714285715,time,930,955,-0.017109942399198597,0.014024542950162784,71.30357142857143,NQ
2018-08-30,-1,7648.5,7650.25,6,-28.32,-15.0,37.517857142857146,time,930,955,-0.0629033793431699,-0.03331746787244169,75.03571428571429,NQ
2018-08-31,1,7651.75,7660.0,6,91.68,105.0,37.07142857142857,time,930,955,0.20608863198458577,0.23603082851637766,74.14285714285714,NQ
2018-09-04,-1,7629.5,7628.5,7,5.460000000000001,21.0,34.75892857142857,time,930,955,0.011220138710506039,0.04315437965579245,69.51785714285714,NQ
2018-09-05,-1,7533.5,7528.75,7,57.96,73.5,33.13392857142857,time,930,955,0.12494745351657235,0.15844785772029102,66.26785714285714,NQ
2018-09-06,-1,7464.75,7458.5,7,78.96000000000001,94.5,35.125,time,930,955,0.1605693950177936,0.19217081850533807,70.25,NQ
2018-09-07,1,7446.25,7436.5,6,-124.32,-111.0,36.767857142857146,time,930,955,-0.2817678484701311,-0.2515784361340456,73.53571428571429,NQ
2018-09-10,-1,7451.25,7455.25,6,-55.32,-42.0,38.089285714285715,time,930,955,-0.12103141115799344,-0.09188935771214253,76.17857142857143,NQ
2018-09-11,1,7507.0,7511.5,6,46.68,60.0,37.776785714285715,time,930,955,0.10297329236587095,0.1323564169227133,75.55357142857143,NQ
2018-09-12,-1,7490.25,7491.0,6,-16.32,-3.0,39.80357142857143,time,930,955,-0.03416778824585016,-0.006280843427545984,79.60714285714286,NQ
2018-09-13,1,7555.25,7563.5,6,91.68,105.0,40.625,time,930,955,0.18806153846153847,0.2153846153846154,81.25,NQ
2018-09-14,-1,7545.5,7545.25,6,-4.32,9.0,41.1875,time,930,955,-0.008740515933232171,0.018209408194233688,82.375,NQ
2018-09-17,-1,7470.0,7465.5,6,46.68,60.0,41.00892857142857,time,930,955,0.09485739168299587,0.1219246679730024,82.01785714285714,NQ
2018-09-18,1,7536.5,7526.75,5,-103.6,-92.5,43.705357142857146,time,930,955,-0.23704187946884575,-0.21164453524004084,87.41071428571429,NQ
2018-09-19,-1,7519.25,7520.75,5,-21.1,-10.0,43.919642857142854,time,930,955,-0.04804228501727994,-0.02276885545842651,87.83928571428571,NQ
2018-09-20,1,7609.75,7600.75,5,-96.1,-85.0,44.080357142857146,time,930,955,-0.21801093781648773,-0.19282965363581123,88.16071428571429,NQ
2018-09-21,-1,7559.75,7559.75,5,-6.1,5.0,45.651785714285715,time,930,955,-0.013362018384510071,0.010952474085663993,91.30357142857143,NQ
2018-09-24,1,7572.0,7579.0,5,63.9,75.0,47.705357142857146,time,930,955,0.13394722066254913,0.15721504772599662,95.41071428571429,NQ
2018-09-25,1,7595.0,7590.75,5,-48.6,-37.5,48.267857142857146,time,930,955,-0.1006881243063263,-0.07769145394006659,96.53571428571429,NQ
2018-09-26,1,7636.5,7590.544642857143,5,-465.65357142856885,-454.55357142856883,45.455357142857146,stop,930,945,-1.0244195639363525,-0.9999999999999942,90.91071428571429,NQ
2018-09-27,1,7660.25,7659.25,5,-16.1,-5.0,43.839285714285715,time,930,955,-0.03672505091649694,-0.01140529531568228,87.67857142857143,NQ
2018-09-28,1,7650.75,7656.5,5,51.4,62.5,43.848214285714285,time,930,955,0.11722256159641621,0.1425371614742415,87.69642857142857,NQ
2018-10-01,1,7656.0,7670.5,5,138.9,150.0,43.526785714285715,time,930,955,0.31911384615384614,0.3446153846153846,87.05357142857143,NQ
2018-10-02,1,7653.75,7653.75,5,-6.1,5.0,41.973214285714285,time,930,955,-0.014533078068496064,0.011912359072537758,83.94642857142857,NQ
2018-10-03,-1,7661.0,7663.25,6,-34.32,-21.0,41.642857142857146,time,930,955,-0.06867924528301886,-0.04202401372212693,83.28571428571429,NQ
2018-10-04,-1,7490.25,7514.25,6,-295.32,-282.0,40.276785714285715,time,930,955,-0.6110219463533585,-0.5834626468632232,80.55357142857143,NQ
2018-10-05,-1,7413.5,7421.0,5,-81.1,-70.0,45.151785714285715,time,930,955,-0.17961637334387975,-0.15503262804034013,90.30357142857143,NQ
2018-10-08,1,7377.5,7376.25,5,-18.6,-7.5,47.982142857142854,time,930,955,-0.038764421287681435,-0.015630815035355416,95.96428571428571,NQ
2018-10-09,1,7397.25,7395.0,5,-28.6,-17.5,49.892857142857146,time,930,955,-0.05732283464566929,-0.035075161059413024,99.78571428571429,NQ
2018-10-10,-1,7147.5,7071.75,4,601.12,610.0,50.5625,time,930,955,1.4860815822002473,1.508034610630408,101.125,NQ
2018-10-11,1,7044.0,6984.375,4,-481.88,-473.0,59.125,stop,930,945,-1.0187737843551796,-1.0,118.25,NQ
2018-10-12,-1,7161.25,7177.0,3,-98.16,-91.5,64.33928571428571,time,930,955,-0.25427699139605886,-0.23702470163752432,128.67857142857142,NQ
2018-10-15,-1,7111.25,7085.0,3,153.84,160.5,68.02678571428571,time,930,955,0.37691035568972314,0.3932274576716105,136.05357142857142,NQ
2018-10-16,1,7280.75,7290.75,3,56.34,63.0,70.51785714285714,time,930,955,0.13315776145859712,0.14889845530514054,141.03571428571428,NQ
2018-10-17,-1,7286.25,7297.0,3,-68.16,-61.5,75.61607142857143,time,930,955,-0.1502326130593931,-0.13555319400165308,151.23214285714286,NQ
2018-10-18,-1,7120.5,7132.0,3,-72.66,-66.0,76.34821428571429,time,930,955,-0.15861536662378667,-0.14407671617354692,152.69642857142858,NQ
2018-10-19,1,7140.75,7119.0,3,-134.16,-127.5,81.65178571428571,time,930,955,-0.27384581738655006,-0.2602515035538546,163.30357142857142,NQ
2018-10-22,-1,7187.25,7156.0,2,122.56,127.0,84.32142857142857,time,930,955,0.3633714527742482,0.37653536637018215,168.64285714285714,NQ
2018-10-23,-1,7151.5,7132.5,2,73.56,78.0,85.48214285714286,time,930,955,0.215132650929601,0.2281178190933779,170.96428571428572,NQ
2018-10-24,-1,6866.25,6798.5,2,268.56,273.0,91.40178571428571,time,930,955,0.7345589528182085,0.7467031356842826,182.80357142857142,NQ
2018-10-25,1,7051.75,7030.25,2,-88.44,-84.0,96.40178571428571,time,930,955,-0.2293525979438733,-0.21783828841344818,192.80357142857142,NQ
2018-10-26,1,6822.25,6857.75,2,139.56,144.0,99.60714285714286,time,930,955,0.3502760846181427,0.36141986375044816,199.21428571428572,NQ
2018-10-29,-1,6656.75,6730.5,2,-297.44,-293.0,104.16071428571429,time,930,955,-0.71389679410252,-0.7032401851534373,208.32142857142858,NQ
2018-10-30,1,6805.25,6817.5,2,46.56,51.0,115.16964285714286,time,930,955,0.10106829986820684,0.1107062562989379,230.33928571428572,NQ
2018-10-31,1,7015.75,6973.25,2,-172.44,-168.0,109.14285714285714,time,930,955,-0.3949869109947644,-0.38481675392670156,218.28571428571428,NQ
2018-11-01,-1,7059.75,7073.5,2,-57.44,-53.0,108.83035714285714,time,930,955,-0.13194847813602428,-0.12174911805726475,217.66071428571428,NQ
2018-11-02,-1,6959.0,6965.75,2,-29.44,-25.0,106.28571428571429,time,930,955,-0.06924731182795699,-0.05880376344086021,212.57142857142858,NQ
2018-11-05,-1,6933.0,6943.25,2,-43.44,-39.0,108.61607142857143,time,930,955,-0.09998520345252773,-0.08976572133168927,217.23214285714286,NQ
2018-11-06,1,6978.0,6995.25,2,66.56,71.0,104.24107142857143,time,930,955,0.15962997858672376,0.17027837259100642,208.48214285714286,NQ
2018-11-07,1,7195.75,7210.0,2,54.56,59.0,103.84821428571429,time,930,955,0.13134554208580518,0.14203421889777318,207.69642857142858,NQ
2018-11-08,1,7148.0,7168.0,2,77.56,82.0,104.45535714285714,time,930,955,0.1856295409864091,0.19625609026412516,208.91071428571428,NQ
2018-11-09,-1,7052.0,7046.25,2,20.56,25.0,101.83928571428571,time,930,955,0.050471681571102926,0.061371208136068736,203.67857142857142,NQ
2018-11-12,-1,6854.0,6838.5,2,59.56,64.0,104.3125,time,930,955,0.14274415817855005,0.15338526063511085,208.625,NQ
2018-11-13,-1,6820.5,6838.75,2,-75.44,-71.0,104.32142857142857,time,930,955,-0.18078740157480314,-0.1701472098596371,208.64285714285714,NQ
2018-11-14,-1,6813.5,6782.5,2,121.56,126.0,97.08035714285714,time,930,955,0.31303963947392627,0.3244734663846225,194.16071428571428,NQ
2018-11-15,-1,6873.5,6903.75,2,-123.44,-119.0,93.72321428571429,time,930,955,-0.32926740973611507,-0.31742402591216534,187.44642857142858,NQ
2018-11-16,1,6889.75,6878.75,2,-46.44,-42.0,91.16071428571429,time,930,955,-0.12735749265426052,-0.11518119490695396,182.32142857142858,NQ
2018-11-19,-1,6667.0,6653.0,3,80.34,87.0,80.63392857142857,time,930,955,0.166059129664489,0.17982504706012623,161.26785714285714,NQ
2018-11-20,1,6538.0,6535.75,2,-11.44,-7.0,83.58928571428571,time,930,955,-0.034214911343729976,-0.020935697500534076,167.17857142857142,NQ
2018-11-21,-1,6600.75,6583.75,3,98.34,105.0,82.9375,time,930,955,0.1976186887716654,0.21100226073850792,165.875,NQ
2018-11-26,1,6679.75,6685.0,3,27.84,34.5,77.20535714285714,time,930,955,0.06009945645888748,0.07447669712038858,154.41071428571428,NQ
2018-11-27,1,6687.75,6706.5,3,108.84,115.5,79.14285714285714,time,930,955,0.22920577617328522,0.24323104693140796,158.28571428571428,NQ
2018-11-28,-1,6900.25,6920.0,3,-122.16,-115.5,75.23214285714286,time,930,955,-0.27062900545929264,-0.2558746736292428,150.46428571428572,NQ
2018-11-29,1,6924.0,6898.5,3,-156.66,-150.0,80.11607142857143,time,930,955,-0.32590215089713587,-0.3120472528697203,160.23214285714286,NQ
2018-11-30,-1,6939.75,6950.75,3,-69.66,-63.0,77.3125,time,930,955,-0.15016976556184317,-0.13581244947453516,154.625,NQ
2018-12-03,-1,7065.0,7066.0,3,-9.66,-3.0,72.29464285714286,time,930,955,-0.022269976534518957,-0.0069161417809065085,144.58928571428572,NQ
2018-12-04,-1,6816.75,6801.25,3,89.34,96.0,72.77678571428571,time,930,955,0.20459820880873517,0.21985032511348304,145.55357142857142,NQ
2018-12-06,1,6812.75,6843.5,3,180.84,187.5,76.14285714285714,time,930,955,0.3958348968105066,0.4104127579737336,152.28571428571428,NQ
2018-12-07,1,6654.5,6615.25,3,-239.16,-232.5,76.21428571428571,time,930,955,-0.5229990627928773,-0.5084348641049673,152.42857142857142,NQ
2018-12-10,-1,6700.5,6685.25,3,87.84,94.5,81.5625,time,930,955,0.17949425287356321,0.19310344827586207,163.125,NQ
2018-12-11,-1,6752.5,6706.5,3,272.34,279.0,79.15178571428571,time,930,955,0.5734551607445009,0.5874788494077835,158.30357142857142,NQ
2018-12-12,1,6792.75,6766.25,3,-162.66,-156.0,77.0625,time,930,955,-0.35179237631792376,-0.33738848337388483,154.125,NQ
2018-12-13,-1,6756.75,6767.75,3,-69.66,-63.0,78.99107142857143,time,930,955,-0.14697863682604273,-0.13292641573414718,157.98214285714286,NQ
2018-12-14,1,6605.5,6595.0,3,-66.66,-60.0,80.36607142857143,time,930,955,-0.13824241750916563,-0.1244306188201311,160.73214285714286,NQ
2018-12-17,-1,6440.0,6480.5,2,-164.44,-160.0,83.97321428571429,time,930,955,-0.4895608718766613,-0.4763423710792131,167.94642857142858,NQ
2018-12-18,1,6509.75,6513.25,2,11.56,16.0,86.4375,time,930,955,0.033434562545191615,0.046276211135213303,172.875,NQ
2018-12-19,1,6367.5,6352.75,2,-61.44,-57.0,86.82142857142857,time,930,955,-0.17691484985602632,-0.16412998765939943,173.64285714285714,NQ
2018-12-20,1,6289.25,6262.25,2,-110.44,-106.0,90.16964285714286,time,930,955,-0.3062006139221705,-0.29389048420635705,180.33928571428572,NQ
2018-12-21,-1,6067.75,6063.5,2,14.56,19.0,94.58928571428571,time,930,955,0.038482159713045125,0.05021710402114405,189.17857142857142,NQ
2018-12-26,1,6195.5,6277.25,2,324.56,329.0,104.35714285714286,time,930,955,0.7775222450376454,0.7881587953456536,208.71428571428572,NQ
2018-12-27,-1,6236.0,6303.0,2,-270.44,-266.0,108.16964285714286,time,930,955,-0.625036731324804,-0.614775072224515,216.33928571428572,NQ
2018-12-28,-1,6307.0,6298.75,2,30.56,35.0,109.58928571428571,time,930,955,0.06971484438650807,0.07984357177774157,219.17857142857142,NQ
2018-12-31,-1,6328.5,6346.0,2,-72.44,-68.0,106.07142857142857,time,930,955,-0.17073400673400674,-0.16026936026936028,212.14285714285714,NQ
2019-01-02,1,6334.25,6373.0,2,152.56,157.0,103.01785714285714,time,930,955,0.37022707574969665,0.3810019067429364,206.03571428571428,NQ
2019-01-03,-1,6193.75,6159.0,2,136.56,141.0,105.125,time,930,955,0.324756242568371,0.33531510107015455,210.25,NQ
2019-01-04,1,6423.25,6435.25,2,45.56,50.0,107.23214285714286,time,930,955,0.10621815154038301,0.11656952539550375,214.46428571428572,NQ
2019-01-07,1,6507.5,6500.25,2,-31.44,-27.0,113.9375,time,930,955,-0.0689851892484915,-0.05924300603400987,227.875,NQ
2019-01-08,-1,6568.75,6564.75,2,13.56,18.0,111.50892857142857,time,930,955,0.030401153014652897,0.04035551285130915,223.01785714285714,NQ
2019-01-09,1,6628.5,6614.75,2,-57.44,-53.0,107.69642857142857,time,930,955,-0.13333775493284694,-0.1230310064665893,215.39285714285714,NQ
2019-01-10,-1,6628.75,6631.25,2,-12.44,-8.0,106.41964285714286,time,930,955,-0.02922392818189445,-0.018793522946555917,212.83928571428572,NQ
2019-01-11,-1,6606.75,6613.25,2,-28.44,-24.0,99.36607142857143,time,930,955,-0.0715535987060832,-0.06038278371821367,198.73214285714286,NQ
2019-01-14,-1,6566.5,6552.5,2,53.56,58.0,93.45535714285714,time,930,955,0.14327696570172926,0.15515429444922138,186.91071428571428,NQ
2019-01-15,1,6669.75,6681.5,2,44.56,49.0,85.96428571428571,time,930,955,0.1295886996260906,0.14250103863730787,171.92857142857142,NQ
2019-01-16,1,6682.5,6680.0,2,-12.44,-8.0,83.375,time,930,955,-0.03730134932533733,-0.0239880059970015,166.75,NQ
2019-01-17,1,6728.25,6730.0,3,6.84,13.5,71.83035714285714,time,930,955,0.01587072715972654,0.031323803604723435,143.66071428571428,NQ
2019-01-18,-1,6782.0,6795.25,3,-83.16,-76.5,67.03571428571429,time,930,955,-0.20675546084176874,-0.19019712306872666,134.07142857142858,NQ
2019-01-22,-1,6625.0,6666.0,3,-249.66,-243.0,63.4375,time,930,955,-0.6559211822660098,-0.638423645320197,126.875,NQ
2019-01-23,1,6657.75,6668.75,4,83.12,92.0,61.517857142857146,time,930,955,0.16889404934687954,0.1869375907111756,123.03571428571429,NQ
2019-01-24,1,6700.25,6707.75,4,55.12,64.0,58.205357142857146,time,930,955,0.11837398373983739,0.13744439331185765,116.41071428571429,NQ
2019-01-25,1,6783.0,6793.0,5,93.9,105.0,49.410714285714285,time,930,955,0.19003975424647634,0.2125045175280087,98.82142857142857,NQ
2019-01-28,-1,6698.25,6704.5,5,-68.6,-57.5,49.017857142857146,time,930,955,-0.13994899817850637,-0.11730418943533698,98.03571428571429,NQ
2019-01-29,-1,6643.0,6638.25,5,41.4,52.5,49.94642857142857,time,930,955,0.0828888094386843,0.10511262066499823,99.89285714285714,NQ
2019-01-30,-1,6805.25,6814.75,4,-80.88,-72.0,50.24107142857143,time,930,955,-0.20122978496534563,-0.17913630709081216,100.48214285714286,NQ
2019-01-31,1,6902.0,6910.0,4,59.12,68.0,53.285714285714285,time,930,955,0.13868632707774797,0.15951742627345844,106.57142857142857,NQ
2019-02-01,1,6878.5,6879.0,4,-0.8799999999999999,8.0,55.767857142857146,time,930,955,-0.001972462375920589,0.017931476144732627,111.53571428571429,NQ
2019-02-04,1,6946.25,6962.75,4,127.12,136.0,54.892857142857146,time,930,955,0.2894729993493819,0.30969420949902404,109.78571428571429,NQ
2019-02-05,1,7033.0,7025.0,4,-68.88,-60.0,53.214285714285715,time,930,955,-0.1617986577181208,-0.14093959731543623,106.42857142857143,NQ
2019-02-06,-1,6999.0,7003.25,4,-38.88,-30.0,53.55357142857143,time,930,955,-0.09075025008336113,-0.07002334111370456,107.10714285714286,NQ
2019-02-07,-1,6883.75,6910.25,4,-216.88,-208.0,51.794642857142854,time,930,955,-0.5234132046198932,-0.5019824168246855,103.58928571428571,NQ
2019-02-08,1,6903.0,6920.75,4,137.12,146.0,53.535714285714285,time,930,955,0.32016010673782525,0.3408939292861908,107.07142857142857,NQ
2019-02-11,-1,6907.25,6916.0,4,-74.88,-66.0,54.482142857142854,time,930,955,-0.17179941002949853,-0.1514257620452311,108.96428571428571,NQ
2019-02-12,1,7023.5,7018.5,4,-44.88,-36.0,51.50892857142857,time,930,955,-0.10891315652626106,-0.0873634945397816,103.01785714285714,NQ
2019-02-13,1,7043.5,7020.75,4,-186.88,-178.0,50.82142857142857,time,930,955,-0.45964862965565706,-0.4378074490513001,101.64285714285714,NQ
2019-02-14,1,7040.0,7027.75,4,-102.88,-94.0,50.75892857142857,time,930,955,-0.2533544415127529,-0.2314863676341249,101.51785714285714,NQ
2019-02-15,-1,7046.75,7060.0,4,-110.88,-102.0,50.0625,time,930,955,-0.27685393258426966,-0.2546816479400749,100.125,NQ
2019-02-19,1,7082.0,7072.0,5,-106.1,-95.0,44.482142857142854,time,930,955,-0.23852268165395424,-0.21356884785226818,88.96428571428571,NQ
2019-02-20,1,7070.0,7071.5,6,10.68,24.0,39.57142857142857,time,930,955,0.02249097472924188,0.05054151624548737,79.14285714285714,NQ
2019-02-21,-1,7018.0,7042.75,6,-304.32,-291.0,37.580357142857146,time,930,955,-0.6748206224756473,-0.6452839154193394,75.16071428571429,NQ
2019-02-22,1,7079.0,7095.25,6,187.68,201.0,37.57142857142857,time,930,955,0.41627376425855517,0.4458174904942966,75.14285714285714,NQ
2019-02-25,-1,7133.75,7120.75,6,148.68,162.0,36.464285714285715,time,930,955,0.33978452497551426,0.37022526934378064,72.92857142857143,NQ
2019-02-26,1,7143.0,7128.25,6,-184.32,-171.0,36.544642857142854,time,930,955,-0.420307842658197,-0.3899340337161007,73.08928571428571,NQ
2019-02-27,-1,7118.0,7123.0,6,-67.32,-54.0,36.3125,time,930,955,-0.15449225473321856,-0.12392426850258176,72.625,NQ
2019-02-28,1,7116.25,7104.25,7,-176.54,-161.0,34.0625,time,930,955,-0.3702018348623853,-0.3376146788990826,68.125,NQ
2019-03-01,-1,7151.75,7155.75,7,-64.53999999999999,-49.0,32.848214285714285,time,930,955,-0.14034248437075292,-0.10655069312313128,65.69642857142857,NQ
2019-03-04,1,7137.5,7154.75,7,232.96,248.5,32.63392857142857,time,930,955,0.5098987688098495,0.5439124487004104,65.26785714285714,NQ
2019-03-05,-1,7172.0,7160.25,7,155.96,171.5,33.5,time,930,955,0.3325373134328358,0.3656716417910448,67.0,NQ
2019-03-06,-1,7121.5,7117.75,7,43.96,59.5,33.589285714285715,time,930,955,0.09348219032429558,0.126528442317916,67.17857142857143,NQ
2019-03-07,-1,7014.25,7030.75,7,-239.54,-224.0,32.80357142857143,time,930,955,-0.5215895481763745,-0.48775176918889496,65.60714285714286,NQ
2019-03-08,1,6999.0,7018.75,7,267.96,283.5,34.785714285714285,time,930,955,0.5502258726899384,0.582135523613963,69.57142857142857,NQ
2019-03-11,1,7196.75,7192.25,6,-61.32,-48.0,37.098214285714285,time,930,955,-0.1377424789410349,-0.10782190132370638,74.19642857142857,NQ
2019-03-12,1,7228.0,7231.5,6,34.68,48.0,41.357142857142854,time,930,955,0.0698791018998273,0.09671848013816926,82.71428571428571,NQ
2019-03-13,1,7301.5,7286.0,6,-193.32,-180.0,40.848214285714285,time,930,955,-0.3943868852459016,-0.36721311475409835,81.69642857142857,NQ
2019-03-14,1,7276.0,7271.5,5,-51.1,-40.0,41.767857142857146,time,930,955,-0.12234288157332193,-0.09576742197520308,83.53571428571429,NQ
2019-03-15,1,7341.0,7336.0,6,-67.32,-54.0,40.669642857142854,time,930,955,-0.13794072447859496,-0.11064763995609223,81.33928571428571,NQ
2019-03-18,1,7353.0,7354.75,6,13.68,27.0,41.25,time,930,955,0.027636363636363636,0.05454545454545454,82.5,NQ
2019-03-19,-1,7374.25,7382.5,6,-106.32,-93.0,41.169642857142854,time,930,955,-0.2152071134244199,-0.18824549989156367,82.33928571428571,NQ
2019-03-20,-1,7407.5,7413.5,6,-79.32,-66.0,40.67857142857143,time,930,955,-0.16249341527655836,-0.13520632133450394,81.35714285714286,NQ
2019-03-21,1,7525.0,7526.5,5,8.9,20.0,42.901785714285715,time,930,955,0.020745057232049946,0.046618106139438086,85.80357142857143,NQ
2019-03-22,-1,7374.75,7358.5,5,156.4,167.5,46.098214285714285,time,930,955,0.339275614952547,0.3633546387759055,92.19642857142857,NQ
2019-03-25,-1,7346.0,7347.25,5,-18.6,-7.5,47.410714285714285,time,930,955,-0.0392316384180791,-0.015819209039548022,94.82142857142857,NQ
2019-03-26,1,7352.25,7377.75,5,248.9,260.0,48.13392857142857,time,930,955,0.5170988684845113,0.5401595251344834,96.26785714285714,NQ
2019-03-27,-1,7343.25,7335.5,5,71.4,82.5,49.776785714285715,time,930,955,0.14344035874439462,0.16573991031390134,99.55357142857143,NQ
2019-03-28,1,7346.25,7346.5,4,-2.88,6.0,50.294642857142854,time,930,955,-0.007157819989348483,0.01491212497780934,100.58928571428571,NQ
2019-03-29,-1,7395.0,7402.5,5,-81.1,-70.0,49.69642857142857,time,930,955,-0.16319080129356808,-0.14085519223859147,99.39285714285714,NQ
2019-04-01,-1,7494.5,7501.5,5,-76.1,-65.0,45.464285714285715,time,930,955,-0.16738413197172033,-0.1429693637077769,90.92857142857143,NQ
2019-04-02,-1,7530.75,7525.75,5,43.9,55.0,47.098214285714285,time,930,955,0.09320947867298579,0.11677725118483413,94.19642857142857,NQ
2019-04-03,-1,7561.75,7569.5,5,-83.6,-72.5,45.44642857142857,time,930,955,-0.18395284872298626,-0.1595284872298625,90.89285714285714,NQ
2019-04-04,1,7560.25,7565.25,5,43.9,55.0,47.6875,time,930,955,0.09205766710353866,0.11533420707732635,95.375,NQ
2019-04-05,1,7607.5,7603.75,5,-43.6,-32.5,47.214285714285715,time,930,955,-0.09234493192133131,-0.06883509833585476,94.42857142857143,NQ
2019-04-08,-1,7619.75,7624.25,5,-51.1,-40.0,46.67857142857143,time,930,955,-0.10947207345065034,-0.08569242540168323,93.35714285714286,NQ
2019-04-09,1,7597.0,7595.0,5,-26.1,-15.0,46.607142857142854,time,930,955,-0.05600000000000001,-0.03218390804597701,93.21428571428571,NQ
2019-04-10,1,7636.75,7636.5,5,-8.6,2.5,44.348214285714285,time,930,955,-0.01939198711495873,0.005637205556674049,88.69642857142857,NQ
2019-04-11,-1,7609.0,7617.25,6,-106.32,-93.0,40.517857142857146,time,930,955,-0.2186690171881886,-0.1912736888497135,81.03571428571429,NQ
2019-04-12,-1,7647.0,7650.5,6,-49.32,-36.0,35.99107142857143,time,930,955,-0.11419498883651699,-0.0833540064500124,71.98214285714286,NQ
2019-04-15,-1,7648.25,7651.5,7,-54.04,-38.5,34.5,time,930,955,-0.11188405797101449,-0.07971014492753623,69.0,NQ
2019-04-16,1,7661.25,7677.5,7,218.96,234.5,32.830357142857146,time,930,955,0.476388360076149,0.5101985314114766,65.66071428571429,NQ
2019-04-17,-1,7695.25,7701.5,8,-109.76,-92.0,29.758928571428573,time,930,955,-0.2305190519051905,-0.1932193219321932,59.517857142857146,NQ
2019-04-18,-1,7709.75,7710.75,8,-25.759999999999998,-8.0,29.214285714285715,time,930,955,-0.05511002444987775,-0.017114914425427872,58.42857142857143,NQ
2019-04-22,1,7725.25,7732.75,8,110.24,128.0,28.9375,time,930,955,0.23809935205183586,0.27645788336933047,57.875,NQ
2019-04-23,1,7829.0,7828.5,9,-19.98,0.0,27.473214285714285,time,930,955,-0.040402989925251875,0.0,54.94642857142857,NQ
2019-04-24,-1,7820.5,7804.25,8,250.24,268.0,29.633928571428573,time,930,955,0.5277734257306418,0.5652304911117806,59.267857142857146,NQ
2019-04-25,-1,7841.5,7831.5,8,150.24,168.0,27.946428571428573,time,930,955,0.336,0.37571884984025555,55.892857142857146,NQ
2019-04-26,-1,7828.5,7841.75,8,-221.76,-204.0,27.830357142857142,time,930,955,-0.49801732435033685,-0.45813282001924927,55.660714285714285,NQ
2019-04-29,1,7859.5,7854.5,8,-89.76,-72.0,29.419642857142858,time,930,955,-0.1906889226100152,-0.15295902883156298,58.839285714285715,NQ
2019-04-30,1,7791.5,7795.5,8,54.24,72.0,28.4375,time,930,955,0.11920879120879121,0.15824175824175823,56.875,NQ
2019-05-01,-1,7795.5,7765.25,8,474.24,492.0,30.919642857142858,time,930,955,0.9586139185677158,0.9945134276638752,61.839285714285715,NQ
2019-05-02,1,7731.0,7736.25,7,64.96000000000001,80.5,33.11607142857143,time,930,955,0.14011323806956055,0.17363170665947694,66.23214285714286,NQ
2019-05-03,1,7852.75,7856.75,6,40.68,54.0,35.82142857142857,time,930,955,0.09463609172482552,0.12562313060817548,71.64285714285714,NQ
2019-05-06,1,7813.0,7808.25,6,-64.32,-51.0,39.07142857142857,time,930,955,-0.13718464351005483,-0.10877513711151737,78.14285714285714,NQ
2019-05-07,-1,7596.5,7640.383928571428,5,-444.93928571428444,-433.8392857142844,43.38392857142857,stop,930,955,-1.0255855114221004,-0.9999999999999971,86.76785714285714,NQ
2019-05-08,1,7677.0,7626.526785714285,5,-510.8321428571468,-499.73214285714675,49.973214285714285,stop,930,955,-1.0222118992317393,-1.0000000000000078,99.94642857142857,NQ
2019-05-09,-1,7597.75,7593.25,4,31.12,40.0,51.267857142857146,time,930,955,0.07587600139324277,0.0975269940787182,102.53571428571429,NQ
2019-05-10,-1,7604.25,7600.75,4,23.12,32.0,54.67857142857143,time,930,955,0.052854343566296536,0.07315480078380143,109.35714285714286,NQ
2019-05-13,-1,7327.0,7334.75,4,-66.88,-58.0,59.607142857142854,time,930,955,-0.14025164769322948,-0.12162971839424806,119.21428571428571,NQ
2019-05-14,-1,7420.25,7413.0,3,39.84,46.5,66.07142857142857,time,930,955,0.1004972972972973,0.11729729729729729,132.14285714285714,NQ
2019-05-15,1,7529.75,7516.25,3,-84.66,-78.0,68.98214285714286,time,930,955,-0.20454568987833288,-0.18845456898783328,137.96428571428572,NQ
2019-05-16,1,7593.75,7592.25,3,-12.66,-6.0,72.65178571428571,time,930,955,-0.029042644709352347,-0.013764286592110117,145.30357142857142,NQ
2019-05-17,1,7528.75,7514.0,3,-92.16,-85.5,74.15178571428571,time,930,955,-0.20714268512944012,-0.19217338952438293,148.30357142857142,NQ
2019-05-20,-1,7391.75,7388.5,3,15.84,22.5,76.6875,time,930,955,0.03442542787286063,0.0488997555012225,153.375,NQ
2019-05-21,-1,7471.25,7463.5,3,42.84,49.5,78.04464285714286,time,930,955,0.09148609998855967,0.10570872897837776,156.08928571428572,NQ
2019-05-22,1,7448.0,7430.25,3,-110.16,-103.5,77.77678571428571,time,930,955,-0.23606015382849274,-0.22178854322121458,155.55357142857142,NQ
2019-05-23,-1,7319.25,7316.25,3,14.34,21.0,75.3125,time,930,955,0.031734439834024894,0.046473029045643155,150.625,NQ
2019-05-24,1,7319.75,7308.5,3,-71.16,-64.5,76.57142857142857,time,930,955,-0.15488805970149253,-0.14039179104477612,153.14285714285714,NQ
2019-05-28,1,7295.25,7283.25,3,-75.66,-69.0,65.17857142857143,time,930,955,-0.19346849315068493,-0.17643835616438358,130.35714285714286,NQ
2019-05-29,-1,7227.25,7224.5,3,12.84,19.5,65.16071428571429,time,930,955,0.032841874486160584,0.04987667854206631,130.32142857142858,NQ
2019-05-30,1,7245.25,7251.5,3,33.84,40.5,63.473214285714285,time,930,955,0.08885637923758617,0.10634407089604726,126.94642857142857,NQ
2019-05-31,-1,7143.0,7131.5,4,87.12,96.0,58.50892857142857,time,930,955,0.18612543873035253,0.20509690218220664,117.01785714285714,NQ
2019-06-03,-1,6950.5,6980.5,4,-244.88,-236.0,52.5625,time,930,955,-0.5823543400713437,-0.5612366230677764,105.125,NQ
2019-06-04,-1,7150.25,7171.75,4,-176.88,-168.0,54.92857142857143,time,930,955,-0.4025227568270481,-0.3823146944083225,109.85714285714286,NQ
2019-06-05,-1,7202.75,7226.25,4,-192.88,-184.0,55.607142857142854,time,930,955,-0.4335773924213231,-0.41361592806679515,111.21428571428571,NQ
2019-06-06,-1,7296.25,7281.75,4,111.12,120.0,54.267857142857146,time,930,955,0.25595261599210267,0.2764067127344521,108.53571428571429,NQ
2019-06-07,1,7430.0,7421.0,4,-76.88,-68.0,53.6875,time,930,955,-0.17899883585564608,-0.15832363213038417,107.375,NQ
2019-06-10,1,7525.0,7506.0,4,-156.88,-148.0,54.357142857142854,time,930,955,-0.3607621550591327,-0.340341655716163,108.71428571428571,NQ
2019-06-11,-1,7526.75,7517.75,4,67.12,76.0,56.50892857142857,time,930,955,0.14847211249802497,0.16811502607046927,113.01785714285714,NQ
2019-06-12,1,7473.0,7475.0,4,11.120000000000001,20.0,58.44642857142857,time,930,955,0.0237824625725634,0.04277421326000611,116.89285714285714,NQ
2019-06-13,1,7502.0,7518.5,4,127.12,136.0,54.660714285714285,time,930,955,0.2907023848415551,0.3110094740280954,109.32142857142857,NQ
2019-06-14,-1,7500.75,7482.75,4,139.12,148.0,54.0,time,930,955,0.32203703703703707,0.3425925925925926,108.0,NQ
2019-06-17,1,7535.5,7528.75,4,-58.88,-50.0,55.875,time,930,955,-0.13172259507829978,-0.11185682326621924,111.75,NQ
2019-06-18,1,7643.0,7638.5,4,-40.88,-32.0,55.044642857142854,time,930,955,-0.0928337388483374,-0.07266828872668289,110.08928571428571,NQ
2019-06-19,-1,7696.75,7695.75,4,3.12,12.0,57.339285714285715,time,930,955,0.006801619433198381,0.026160074743070694,114.67857142857143,NQ
2019-06-20,-1,7753.0,7763.25,4,-86.88,-78.0,58.098214285714285,time,930,955,-0.18692485016136468,-0.1678192715537114,116.19642857142857,NQ
2019-06-21,1,7766.75,7755.25,4,-96.88,-88.0,57.589285714285715,time,930,955,-0.21028217054263565,-0.1910077519379845,115.17857142857143,NQ
2019-06-24,-1,7754.0,7753.25,4,1.12,10.0,53.13392857142857,time,930,955,0.002634851285498236,0.023525457906234247,106.26785714285714,NQ
2019-06-25,-1,7623.5,7622.0,5,8.9,20.0,47.169642857142854,time,930,955,0.01886806738595495,0.04240015142911225,94.33928571428571,NQ
2019-06-26,1,7655.75,7655.25,5,-11.1,0.0,49.017857142857146,time,930,955,-0.022644808743169396,0.0,98.03571428571429,NQ
2019-06-27,1,7686.5,7683.75,5,-33.6,-22.5,49.089285714285715,time,930,955,-0.06844670789377956,-0.04583484903601309,98.17857142857143,NQ
2019-06-28,-1,7673.75,7694.0,5,-208.6,-197.5,44.61607142857143,time,930,955,-0.46754452671602953,-0.44266559935961575,89.23214285714286,NQ
2019-07-01,-1,7788.25,7793.5,6,-70.32,-57.0,40.651785714285715,time,930,955,-0.1441511091587964,-0.11684603558093565,81.30357142857143,NQ
2019-07-02,-1,7810.5,7825.5,5,-156.1,-145.0,42.36607142857143,time,930,955,-0.3684552160168598,-0.34225500526870384,84.73214285714286,NQ
2019-07-05,-1,7868.75,7868.75,6,-7.32,6.0,41.044642857142854,time,930,955,-0.014861866434631284,0.012181857733304331,82.08928571428571,NQ
2019-07-08,-1,7811.0,7811.0,5,-6.1,5.0,42.348214285714285,time,930,955,-0.01440438541007801,0.011806873286949189,84.69642857142857,NQ
2019-07-09,1,7838.0,7850.0,6,136.68,150.0,39.723214285714285,time,930,955,0.2867340975500112,0.3146774556080018,79.44642857142857,NQ
2019-07-10,1,7925.5,7927.0,6,10.68,24.0,40.0625,time,930,955,0.02221528861154446,0.0499219968798752,80.125,NQ
2019-07-11,1,7913.5,7919.0,6,58.68,72.0,39.785714285714285,time,930,955,0.12290843806104129,0.15080789946140036,79.57142857142857,NQ
2019-07-12,1,7954.75,7965.25,6,118.68,132.0,39.67857142857143,time,930,955,0.24925292529252926,0.2772277227722772,79.35714285714286,NQ
2019-07-15,-1,7986.25,7988.25,6,-31.32,-18.0,40.392857142857146,time,930,955,-0.0646153846153846,-0.03713527851458885,80.78571428571429,NQ
2019-07-16,1,7951.5,7948.25,6,-46.32,-33.0,36.36607142857143,time,930,955,-0.10614289221703903,-0.07561993616498895,72.73214285714286,NQ
2019-07-17,1,7933.75,7909.0,7,-355.04,-339.5,35.17857142857143,time,930,955,-0.7208934010152285,-0.6893401015228426,70.35714285714286,NQ
2019-07-18,1,7910.0,7920.5,7,138.46,154.0,35.464285714285715,time,930,955,0.27887210473313195,0.31017119838872104,70.92857142857143,NQ
2019-07-19,-1,7871.0,7853.5,6,202.68,216.0,36.919642857142854,time,930,955,0.4574800483675938,0.48754534461910526,73.83928571428571,NQ
2019-07-22,1,7912.5,7921.0,6,94.68,108.0,35.830357142857146,time,930,955,0.22020433590829802,0.2511836531273361,71.66071428571429,NQ
2019-07-23,-1,7967.25,7970.25,6,-43.32,-30.0,36.776785714285715,time,930,955,-0.09815974751153193,-0.06797766448167031,73.55357142857143,NQ
2019-07-24,1,8022.75,8025.5,6,25.68,39.0,36.607142857142854,time,930,955,0.05845853658536586,0.08878048780487806,73.21428571428571,NQ
2019-07-25,-1,7955.25,7947.0,6,91.68,105.0,39.080357142857146,time,930,955,0.19549463102581677,0.22389764679003882,78.16071428571429,NQ
2019-07-26,1,8039.0,8028.0,6,-139.32,-126.0,38.67857142857143,time,930,955,-0.30016620498614954,-0.2714681440443213,77.35714285714286,NQ
2019-07-29,-1,8003.0,8002.5,6,-1.3200000000000003,12.0,38.785714285714285,time,930,955,-0.0028360957642725605,0.02578268876611418,77.57142857142857,NQ
2019-07-30,1,7965.75,7966.75,6,4.68,18.0,38.19642857142857,time,930,955,0.010210378681626928,0.03927068723702665,76.39285714285714,NQ
2019-07-31,-1,7889.5,7859.5,6,352.68,366.0,37.107142857142854,time,930,955,0.7920307988450435,0.8219441770933591,74.21428571428571,NQ
2019-08-01,1,7818.5,7813.25,5,-58.6,-47.5,42.36607142857143,time,930,955,-0.13831822971549,-0.11211801896733402,84.73214285714286,NQ
2019-08-02,-1,7691.5,7701.5,5,-106.1,-95.0,49.160714285714285,time,930,955,-0.21582273883036687,-0.19324373410824555,98.32142857142857,NQ
2019-08-05,-1,7408.25,7423.25,4,-124.88,-116.0,53.892857142857146,time,930,955,-0.2896487740225315,-0.2690523525513585,107.78571428571429,NQ
2019-08-06,1,7512.75,7526.75,3,80.34,87.0,63.767857142857146,time,930,955,0.20998039764771773,0.2273872864743769,127.53571428571429,NQ
2019-08-07,-1,7566.25,7559.25,3,38.34,45.0,66.33035714285714,time,930,955,0.0963359806165029,0.11307039978462782,132.66071428571428,NQ
2019-08-08,1,7714.25,7732.0,3,102.84,109.5,70.00892857142857,time,930,955,0.24482591506185436,0.26068103558219613,140.01785714285714,NQ
2019-08-09,-1,7687.5,7656.75,3,180.84,187.5,71.75,time,930,955,0.42006968641114983,0.4355400696864111,143.5,NQ
2019-08-12,-1,7563.75,7571.0,3,-47.16,-40.5,73.61607142857143,time,930,955,-0.10677016373559733,-0.09169193450576107,147.23214285714286,NQ
2019-08-13,1,7739.5,7737.75,3,-14.16,-7.5,75.72321428571429,time,930,955,-0.0311661360688598,-0.016507487324607946,151.44642857142858,NQ
2019-08-14,1,7508.75,7501.5,3,-47.16,-40.5,80.95535714285714,time,930,955,-0.09709054814161244,-0.08337928752619389,161.91071428571428,NQ
2019-08-15,1,7497.0,7493.5,2,-16.44,-12.0,86.51785714285714,time,930,955,-0.0475046439628483,-0.0346749226006192,173.03571428571428,NQ
2019-08-16,1,7607.75,7612.25,2,15.56,20.0,86.72321428571429,time,930,955,0.04485534850200762,0.05765468959126943,173.44642857142858,NQ
2019-08-19,1,7736.0,7727.75,2,-35.44,-31.0,88.94642857142857,time,930,955,-0.09961051997590845,-0.08713109817305763,177.89285714285714,NQ
2019-08-20,-1,7698.5,7674.75,2,92.56,97.0,91.40178571428571,time,930,955,0.25316792028914725,0.2653121031552213,182.80357142857142,NQ
2019-08-21,1,7737.5,7740.5,2,9.56,14.0,86.35714285714286,time,930,955,0.027675765095119934,0.04052936311000827,172.71428571428572,NQ
2019-08-22,1,7722.0,7714.5,3,-48.66,-42.0,81.125,time,930,955,-0.09996918335901386,-0.08628659476117104,162.25,NQ
2019-08-23,-1,7480.0,7474.0,3,32.34,39.0,79.5625,time,930,955,0.06774548311076199,0.0816967792615868,159.125,NQ
2019-08-26,-1,7556.5,7582.75,3,-161.16,-154.5,77.54464285714286,time,930,955,-0.3463811168681635,-0.33206678180771443,155.08928571428572,NQ
2019-08-27,-1,7569.5,7571.0,3,-12.66,-6.0,76.97321428571429,time,930,955,-0.02741213316320612,-0.012991532304837024,153.94642857142858,NQ
2019-08-28,1,7587.25,7593.25,3,32.34,39.0,74.16964285714286,time,930,955,0.07267124112194535,0.08763693270735524,148.33928571428572,NQ
2019-08-29,1,7705.75,7707.5,3,6.84,13.5,71.57142857142857,time,930,955,0.01592814371257485,0.03143712574850299,143.14285714285714,NQ
2019-08-30,-1,7679.25,7691.5,3,-77.16,-70.5,71.61607142857143,time,930,955,-0.17956863234010723,-0.16406931804014463,143.23214285714286,NQ
2019-09-03,1,7612.5,7614.0,3,5.34,12.0,66.58928571428571,time,930,955,0.013365513542504695,0.03003486189326898,133.17857142857142,NQ
2019-09-04,1,7726.0,7723.25,4,-26.88,-18.0,60.875,time,930,955,-0.05519507186858316,-0.03696098562628337,121.75,NQ
2019-09-05,1,7872.0,7865.25,4,-58.88,-50.0,61.4375,time,930,955,-0.11979654120040692,-0.1017293997965412,122.875,NQ
2019-09-06,-1,7875.0,7856.25,4,145.12,154.0,62.3125,time,930,955,0.2911133400200602,0.30892678034102306,124.625,NQ
2019-09-09,-1,7825.25,7837.75,4,-104.88,-96.0,58.86607142857143,time,930,955,-0.22270893371757924,-0.20385257090853937,117.73214285714286,NQ
2019-09-10,-1,7775.25,7819.0,4,-354.88,-346.0,59.4375,time,930,955,-0.7463301787592008,-0.7276550998948476,118.875,NQ
2019-09-11,1,7877.0,7889.5,4,95.12,104.0,59.50892857142857,time,930,955,0.19980195048762192,0.21845461365341337,119.01785714285714,NQ
2019-09-12,-1,7946.0,7920.75,4,197.12,206.0,58.214285714285715,time,930,955,0.4232638036809816,0.4423312883435583,116.42857142857143,NQ
2019-09-13,-1,7892.5,7894.75,4,-22.88,-14.0,51.392857142857146,time,930,955,-0.055649756775538566,-0.034051424600416956,102.78571428571429,NQ
2019-09-16,1,7877.0,7877.25,5,-3.5999999999999996,7.5,49.098214285714285,time,930,955,-0.007332242225859247,0.015275504637206765,98.19642857142857,NQ
2019-09-17,-1,7900.5,7915.0,5,-151.1,-140.0,46.544642857142854,time,930,955,-0.3246345674275849,-0.300786495300211,93.08928571428571,NQ
2019-09-18,-1,7901.5,7913.0,5,-121.1,-110.0,44.892857142857146,time,930,955,-0.2697533810660302,-0.24502784407319012,89.78571428571429,NQ
2019-09-19,1,7918.25,7923.25,5,43.9,55.0,43.6875,time,930,955,0.10048640915593705,0.12589413447782546,87.375,NQ
2019-09-20,-1,7852.5,7839.25,5,126.4,137.5,42.294642857142854,time,930,955,0.29885581591724725,0.3251002744352966,84.58928571428571,NQ
2019-09-23,1,7855.75,7839.75,5,-166.1,-155.0,43.044642857142854,time,930,955,-0.38587844845467745,-0.36009126737191455,86.08928571428571,NQ
2019-09-24,1,7716.25,7731.75,5,148.9,160.0,41.92857142857143,time,930,955,0.3551277683134582,0.3816013628620102,83.85714285714286,NQ
2019-09-25,-1,7831.75,7823.5,5,76.4,87.5,44.669642857142854,time,930,955,0.1710333799720168,0.1958824705176894,89.33928571428571,NQ
2019-09-26,-1,7813.75,7792.5,5,206.4,217.5,45.3125,time,930,955,0.4555034482758621,0.48,90.625,NQ
2019-09-27,-1,7685.0,7699.0,5,-146.1,-135.0,47.00892857142857,time,930,955,-0.31079202279202284,-0.2871794871794872,94.01785714285714,NQ
2019-09-30,1,7755.25,7767.5,4,93.12,102.0,50.026785714285715,time,930,955,0.23267535248973764,0.2548634660003569,100.05357142857143,NQ
2019-10-01,1,7718.75,7701.0,5,-183.6,-172.5,49.651785714285715,time,930,955,-0.3697752202841215,-0.3474195288617155,99.30357142857143,NQ
2019-10-02,-1,7580.25,7566.25,4,107.12,116.0,52.05357142857143,time,930,955,0.2572349914236707,0.2785591766723842,104.10714285714286,NQ
2019-10-03,1,7626.75,7652.0,4,197.12,206.0,55.00892857142857,time,930,955,0.44792728453173186,0.4681058269761402,110.01785714285714,NQ
2019-10-04,1,7760.0,7765.0,4,35.12,44.0,59.8125,time,930,955,0.07339602925809822,0.09195402298850575,119.625,NQ
2019-10-07,1,7749.5,7736.75,3,-80.16,-73.5,62.723214285714285,time,930,955,-0.21299928825622774,-0.19530249110320283,125.44642857142857,NQ
2019-10-08,-1,7662.25,7616.75,3,269.34,276.0,63.44642857142857,time,930,955,0.7075260343371798,0.7250211089220376,126.89285714285714,NQ
2019-10-09,-1,7726.25,7701.0,3,147.84,154.5,64.14285714285714,time,930,955,0.38414253897550116,0.4014476614699332,128.28571428571428,NQ
2019-10-10,1,7751.5,7754.0,3,11.34,18.0,65.91964285714286,time,930,955,0.028671271840715155,0.04550995530272247,131.83928571428572,NQ
2019-10-11,1,7908.0,7851.0,3,-345.66,-339.0,64.625,time,930,955,-0.891450676982592,-0.874274661508704,129.25,NQ
2019-10-14,1,7861.5,7853.75,3,-50.16,-43.5,68.41964285714286,time,930,955,-0.12218713297664098,-0.10596372177998173,136.83928571428572,NQ
2019-10-15,1,7959.0,7952.75,3,-41.16,-34.5,63.080357142857146,time,930,955,-0.10875017692852086,-0.09115357395612173,126.16071428571429,NQ
2019-10-16,-1,7926.25,7934.0,4,-66.88,-58.0,60.8125,time,930,955,-0.13747173689619732,-0.11921891058581706,121.625,NQ
2019-10-17,1,7956.25,7953.75,4,-24.88,-16.0,59.276785714285715,time,930,955,-0.05246573279108299,-0.03374002108751318,118.55357142857143,NQ
2019-10-18,1,7901.5,7875.5,4,-212.88,-204.0,55.714285714285715,time,930,955,-0.4776153846153846,-0.4576923076923077,111.42857142857143,NQ
2019-10-21,-1,7939.5,7946.75,4,-62.88,-54.0,57.142857142857146,time,930,955,-0.13755,-0.118125,114.28571428571429,NQ
2019-10-22,-1,7907.0,7885.0,4,171.12,180.0,54.482142857142854,time,930,955,0.39260570304818093,0.4129793510324484,108.96428571428571,NQ
2019-10-23,1,7887.75,7896.0,4,61.12,70.0,52.05357142857143,time,930,955,0.14677186963979416,0.1680960548885077,104.10714285714286,NQ
2019-10-24,-1,7964.75,7973.25,5,-91.1,-80.0,47.25892857142857,time,930,955,-0.1927678065369356,-0.16928018137162293,94.51785714285714,NQ
2019-10-25,1,8033.25,8035.5,5,16.4,27.5,45.839285714285715,time,930,955,0.035777171795870664,0.05999220880405142,91.67857142857143,NQ
2019-10-28,1,8124.5,8116.25,5,-88.6,-77.5,47.151785714285715,time,930,955,-0.18790380609733004,-0.16436281007384965,94.30357142857143,NQ
2019-10-29,-1,8060.5,8054.75,5,51.4,62.5,46.05357142857143,time,930,955,0.11160915083365644,0.13571151609150833,92.10714285714286,NQ
2019-10-30,-1,8090.25,8089.0,5,6.4,17.5,44.24107142857143,time,930,955,0.014466195761856709,0.03955600403632694,88.48214285714286,NQ
2019-10-31,-1,8082.5,8091.25,5,-93.6,-82.5,43.875,time,930,955,-0.21333333333333332,-0.18803418803418803,87.75,NQ
2019-11-01,1,8147.75,8165.25,6,202.68,216.0,40.5625,time,930,955,0.4163944530046225,0.4437596302003082,81.125,NQ
2019-11-04,-1,8213.0,8213.75,5,-13.6,-2.5,41.69642857142857,time,930,955,-0.03261670235546039,-0.005995717344753748,83.39285714285714,NQ
2019-11-05,-1,8222.5,8215.25,6,79.68,93.0,39.92857142857143,time,930,955,0.1662969588550984,0.19409660107334525,79.85714285714286,NQ
2019-11-06,-1,8190.25,8202.0,6,-148.32,-135.0,39.785714285714285,time,930,955,-0.3106642728904847,-0.28276481149012567,79.57142857142857,NQ
2019-11-07,1,8220.5,8227.25,6,73.68,87.0,39.205357142857146,time,930,955,0.15661125028467318,0.1849237075836939,78.41071428571429,NQ
2019-11-08,-1,8250.75,8261.75,6,-139.32,-126.0,37.69642857142857,time,930,955,-0.30798673614400757,-0.27854097584083376,75.39285714285714,NQ
2019-11-11,1,8243.0,8248.75,6,61.68,75.0,37.544642857142854,time,930,955,0.1369036860879905,0.16646848989298457,75.08928571428571,NQ
2019-11-12,1,8265.5,8271.25,7,71.96000000000001,87.5,35.660714285714285,time,930,955,0.1441362043064597,0.17526289434151227,71.32142857142857,NQ
2019-11-13,1,8268.5,8264.75,6,-52.32,-39.0,36.0625,time,930,955,-0.12090121317157712,-0.09012131715771231,72.125,NQ
2019-11-14,1,8267.75,8265.75,7,-36.54,-21.0,34.74107142857143,time,930,955,-0.0751272166538165,-0.04317656129529684,69.48214285714286,NQ
2019-11-15,-1,8299.0,8319.0,7,-288.54,-273.0,32.723214285714285,time,930,955,-0.6298281036834925,-0.5959072305593451,65.44642857142857,NQ
2019-11-18,-1,8331.75,8333.75,7,-36.54,-21.0,31.464285714285715,time,930,955,-0.08295119182746878,-0.04767309875141884,62.92857142857143,NQ
2019-11-19,-1,8348.5,8344.25,7,50.96,66.5,31.526785714285715,time,930,955,0.11545737751345228,0.15066553384310394,63.05357142857143,NQ
2019-11-20,1,8267.25,8292.75,8,398.24,416.0,30.348214285714285,time,930,955,0.8201471020888497,0.8567225654604296,60.69642857142857,NQ
2019-11-21,-1,8276.0,8272.75,7,36.96,52.5,31.973214285714285,time,930,955,0.08256911477240994,0.11728567439262776,63.94642857142857,NQ
2019-11-22,-1,8275.0,8278.0,8,-57.76,-40.0,30.964285714285715,time,930,955,-0.11658592848904267,-0.08073817762399077,61.92857142857143,NQ
2019-11-25,1,8369.75,8376.5,8,98.24,116.0,30.866071428571427,time,930,955,0.19892392247613538,0.23488573908012728,61.732142857142854,NQ
2019-11-26,1,8391.0,8391.75,7,1.9600000000000009,17.5,32.94642857142857,time,930,955,0.004249322493224934,0.037940379403794036,65.89285714285714,NQ
2019-11-27,1,8444.75,8449.0,7,50.96,66.5,32.223214285714285,time,930,955,0.11296203934607925,0.14740925464117485,64.44642857142857,NQ
2019-12-02,-1,8319.5,8316.25,8,42.24,60.0,28.714285714285715,time,930,955,0.09194029850746269,0.13059701492537312,57.42857142857143,NQ
2019-12-03,-1,8247.25,8258.25,7,-162.54,-147.0,31.883928571428573,time,930,955,-0.36413329599551947,-0.3293195183422011,63.767857142857146,NQ
2019-12-04,1,8307.0,8297.75,7,-138.04,-122.5,35.5625,time,930,955,-0.27725834797891036,-0.2460456942003515,71.125,NQ
2019-12-05,-1,8313.25,8312.75,6,-1.3200000000000003,12.0,35.75892857142857,time,930,955,-0.003076154806491886,0.027965043695380776,71.51785714285714,NQ
2019-12-06,1,8403.5,8399.5,7,-64.53999999999999,-49.0,35.669642857142854,time,930,955,-0.1292415519399249,-0.09812265331664582,71.33928571428571,NQ
2019-12-09,1,8379.0,8364.75,6,-178.32,-165.0,36.75892857142857,time,930,955,-0.40425552586835073,-0.37405878066553316,73.51785714285714,NQ
2019-12-10,-1,8344.25,8359.25,6,-187.32,-174.0,37.223214285714285,time,930,955,-0.4193619573039098,-0.3895418565603262,74.44642857142857,NQ
2019-12-11,1,8404.5,8404.25,7,-12.04,3.5,35.169642857142854,time,930,955,-0.024452906829144454,0.007108403148007109,70.33928571428571,NQ
2019-12-12,1,8455.75,8466.75,7,145.46,161.0,35.375,time,930,955,0.2937102473498233,0.3250883392226148,70.75,NQ
2019-12-13,1,8493.75,8491.5,6,-34.32,-21.0,37.17857142857143,time,930,955,-0.07692603266090298,-0.047070124879923146,74.35714285714286,NQ
2019-12-16,1,8612.75,8601.25,6,-145.32,-132.0,36.464285714285715,time,930,955,-0.3321057786483839,-0.30166503428011754,72.92857142857143,NQ
2019-12-17,-1,8607.25,8605.75,6,10.68,24.0,39.75,time,930,955,0.022389937106918237,0.050314465408805034,79.5,NQ
2019-12-18,-1,8622.25,8612.75,6,106.68,120.0,38.732142857142854,time,930,955,0.2295251267865376,0.25818349469801755,77.46428571428571,NQ
2019-12-19,1,8660.0,8670.75,6,121.68,135.0,39.526785714285715,time,930,955,0.2565348994804608,0.2846171222046533,79.05357142857143,NQ
2019-12-20,-1,8704.0,8704.25,6,-10.32,3.0,40.339285714285715,time,930,955,-0.021319167773351043,0.00619743249225321,80.67857142857143,NQ
2019-12-23,-1,8727.0,8722.0,6,52.68,66.0,36.776785714285715,time,930,955,0.11936877882981306,0.14955086185967467,73.55357142857143,NQ
2019-12-26,1,8782.0,8801.0,7,257.46,273.0,31.473214285714285,time,930,955,0.5843063829787234,0.6195744680851064,62.94642857142857,NQ
2019-12-27,-1,8793.75,8792.75,7,5.460000000000001,21.0,32.125,time,930,955,0.012140077821011674,0.04669260700389105,64.25,NQ
2019-12-30,-1,8733.75,8731.75,8,22.240000000000002,40.0,30.9375,time,930,955,0.04492929292929293,0.08080808080808081,61.875,NQ
2019-12-31,1,8740.25,8747.25,7,89.46000000000001,105.0,32.25,time,930,955,0.19813953488372094,0.23255813953488372,64.5,NQ
2020-01-02,1,8869.25,8888.75,7,264.46,280.0,32.38392857142857,time,930,955,0.5833140336366143,0.6175902950096499,64.76785714285714,NQ
2020-01-03,1,8821.25,8809.5,7,-173.04,-157.5,35.598214285714285,time,930,955,-0.3472084273890143,-0.3160270880361174,71.19642857142857,NQ
2020-01-06,1,8845.75,8863.25,7,236.46,252.0,35.6875,time,930,955,0.47327495621716287,0.5043782837127846,71.375,NQ
2020-01-07,-1,8878.0,8862.75,6,175.68,189.0,37.74107142857143,time,930,955,0.3879063165365507,0.4173172462739531,75.48214285714286,NQ
2020-01-08,1,8967.75,8932.089285714286,7,-507.78999999999274,-492.2499999999927,35.160714285714285,stop,930,950,-1.0315693245302036,-0.9999999999999852,70.32142857142857,NQ
2020-01-09,1,8992.5,9006.0,6,154.68,168.0,38.5625,time,930,955,0.33426256077795785,0.36304700162074555,77.125,NQ
2020-01-10,-1,8977.25,8983.0,6,-76.32,-63.0,40.589285714285715,time,930,955,-0.156691597008359,-0.1293444786625605,81.17857142857143,NQ
2020-01-13,1,9073.25,9085.0,6,133.68,147.0,41.142857142857146,time,930,955,0.27076388888888886,0.2977430555555555,82.28571428571429,NQ
2020-01-14,-1,9050.0,9050.75,5,-13.6,-2.5,43.205357142857146,time,930,955,-0.031477578011985946,-0.005786319487497416,86.41071428571429,NQ
2020-01-15,1,9028.25,9052.5,5,236.4,247.5,44.17857142857143,time,930,955,0.5351010509296685,0.5602263540824575,88.35714285714286,NQ
2020-01-16,1,9116.0,9137.75,5,211.4,222.5,45.794642857142854,time,930,955,0.46162604796256584,0.4858646909728992,91.58928571428571,NQ
2020-01-17,-1,9166.0,9182.75,5,-173.6,-162.5,46.285714285714285,time,930,955,-0.37506172839506174,-0.35108024691358025,92.57142857142857,NQ
2020-01-21,1,9183.0,9179.5,5,-41.1,-30.0,43.25,time,930,955,-0.09502890173410405,-0.06936416184971098,86.5,NQ
2020-01-22,1,9208.0,9200.75,5,-78.6,-67.5,42.705357142857146,time,930,955,-0.184051850303157,-0.158059795107673,85.41071428571429,NQ
2020-01-23,-1,9228.0,9227.75,6,-4.32,9.0,40.285714285714285,time,930,955,-0.008936170212765958,0.018617021276595744,80.57142857142857,NQ
2020-01-24,-1,9142.0,9152.0,6,-127.32,-114.0,38.982142857142854,time,930,955,-0.27217590471827763,-0.2437013284470912,77.96428571428571,NQ
2020-01-27,1,8966.0,8960.75,6,-70.32,-57.0,40.285714285714285,time,930,955,-0.1454609929078014,-0.1179078014184397,80.57142857142857,NQ
2020-01-28,-1,9114.25,9098.5,5,151.4,162.5,46.455357142857146,time,930,955,0.32590428598885257,0.3497981933499904,92.91071428571429,NQ
2020-01-29,-1,9137.25,9110.0,5,266.4,277.5,47.67857142857143,time,930,955,0.5587415730337078,0.5820224719101122,95.35714285714286,NQ
2020-01-30,1,9117.5,9144.0,5,258.9,270.0,47.464285714285715,time,930,955,0.5454627539503385,0.5688487584650113,94.92857142857143,NQ
2020-01-31,-1,8986.0,8995.5,5,-101.1,-90.0,49.160714285714285,time,930,955,-0.20565201598256447,-0.18307301126044317,98.32142857142857,NQ
2020-02-03,1,9148.0,9131.25,4,-138.88,-130.0,53.232142857142854,time,930,955,-0.3261187520966119,-0.3052666890305267,106.46428571428571,NQ
2020-02-04,1,9352.25,9340.5,4,-98.88,-90.0,56.82142857142857,time,930,955,-0.2175235700817096,-0.1979886863607794,113.64285714285714,NQ
2020-02-05,-1,9369.25,9376.0,4,-58.88,-50.0,62.36607142857143,time,930,955,-0.11801288475304224,-0.10021474588403723,124.73214285714286,NQ
2020-02-06,1,9436.75,9452.75,3,92.34,99.0,64.29464285714286,time,930,955,0.23936675461741425,0.2566310234689626,128.58928571428572,NQ
2020-02-07,-1,9413.25,9411.25,3,8.34,15.0,65.51785714285714,time,930,955,0.02121559007904061,0.03815753611338239,131.03571428571428,NQ
2020-02-10,1,9506.5,9524.75,3,105.84,112.5,67.5625,time,930,955,0.2610915818686402,0.27752081406105455,135.125,NQ
2020-02-11,-1,9514.75,9525.25,3,-66.66,-60.0,71.09821428571429,time,930,955,-0.15626271505713923,-0.14065050860228556,142.19642857142858,NQ
2020-02-12,1,9610.0,9619.75,3,54.84,61.5,72.3125,time,930,955,0.12639585133967157,0.14174589455488332,144.625,NQ
2020-02-13,1,9608.0,9604.5,3,-24.66,-18.0,72.91964285714286,time,930,955,-0.05636341373821476,-0.041141177911105664,145.83928571428572,NQ
2020-02-14,-1,9610.0,9629.75,3,-122.16,-115.5,70.48214285714286,time,930,955,-0.28886749429946795,-0.27311882442361285,140.96428571428572,NQ
2020-02-18,1,9639.25,9635.25,4,-36.88,-28.0,60.098214285714285,time,930,955,-0.07670777001931363,-0.05823800326845937,120.19642857142857,NQ
2020-02-19,1,9727.25,9728.0,4,1.12,10.0,60.294642857142854,time,930,955,0.00232193099363246,0.02073152672886125,120.58928571428571,NQ
2020-02-20,1,9631.5,9633.75,4,13.120000000000001,22.0,59.919642857142854,time,930,955,0.027369989569363734,0.04589479958277455,119.83928571428571,NQ
2020-02-21,-1,9414.25,9452.25,4,-308.88,-300.0,59.67857142857143,time,930,955,-0.6469658886894075,-0.6283662477558348,119.35714285714286,NQ
2020-02-24,1,9134.75,9084.0,4,-410.88,-402.0,61.892857142857146,time,930,955,-0.8298211194460473,-0.8118869013271782,123.78571428571429,NQ
2020-02-25,-1,8835.5,8840.0,3,-30.66,-24.0,68.41071428571429,time,930,955,-0.074695901853302,-0.05847037327068649,136.82142857142858,NQ
2020-02-26,1,8883.5,8879.75,3,-26.16,-19.5,77.01785714285714,time,930,955,-0.0566102480871783,-0.04219800602828658,154.03571428571428,NQ
2020-02-27,1,8569.5,8487.4375,3,-496.035,-489.375,81.5625,stop,930,950,-1.013609195402299,-1.0,163.125,NQ
2020-02-28,1,8287.25,8475.5,2,750.56,755.0,94.8125,time,930,955,1.9790639419907712,1.990771259063942,189.625,NQ
2020-03-02,-1,8714.5,8817.82142857143,2,-415.7257142857174,-411.2857142857174,102.82142857142857,stop,930,950,-1.0107954150746863,-1.0000000000000075,205.64285714285714,NQ
2020-03-03,-1,8645.5,8595.75,2,196.56,201.0,114.55357142857143,time,930,955,0.42896960249415433,0.4386593920498831,229.10714285714286,NQ
2020-03-04,-1,8897.0,8944.0,1,-95.22,-93.0,128.57142857142858,time,930,955,-0.37029999999999996,-0.36166666666666664,257.14285714285717,NQ
2020-03-05,1,8678.0,8672.0,1,-13.22,-11.0,137.46428571428572,time,930,955,-0.0480852169394648,-0.04001039230969083,274.92857142857144,NQ
2020-03-06,1,8433.75,8527.75,1,186.78,189.0,147.41964285714286,time,930,955,0.6334976682211859,0.6410271939918841,294.8392857142857,NQ
2020-03-09,1,8027.25,7933.0,1,-189.72,-187.5,158.70535714285714,time,930,955,-0.5977113924050633,-0.5907172995780591,317.4107142857143,NQ
2020-03-10,-1,8235.75,8366.75,1,-263.22,-261.0,180.70535714285714,time,930,955,-0.7283126636691537,-0.7221700676910915,361.4107142857143,NQ
2020-03-11,1,8006.75,7998.0,1,-18.72,-16.5,192.20535714285714,time,930,955,-0.048697914247224416,-0.04292284108329075,384.4107142857143,NQ
2020-03-12,1,7350.25,7260.25,1,-181.22,-179.0,201.58035714285714,time,930,955,-0.4494981618461266,-0.4439916729414891,403.1607142857143,NQ
2020-03-13,-1,7439.25,7660.1875,1,-443.095,-440.875,220.4375,stop,930,945,-1.0050354408846045,-1.0,440.875,NQ
2020-03-16,-1,7196.25,6944.5,1,502.28,504.5,230.96428571428572,time,930,955,1.087354260089686,1.0921601979279418,461.92857142857144,NQ
2020-03-17,-1,7392.5,7454.0,1,-124.22,-122.0,253.59821428571428,time,930,955,-0.24491497377037638,-0.24053797134105553,507.19642857142856,NQ
2020-03-18,1,6944.25,7206.5,1,523.28,525.5,267.42857142857144,time,930,955,0.9783547008547008,0.9825053418803418,534.8571428571429,NQ
2020-03-19,1,7415.75,7268.25,1,-296.22,-294.0,274.36607142857144,time,930,955,-0.5398262227862931,-0.5357805330469588,548.7321428571429,NQ
2020-03-20,-1,7133.0,6975.75,1,313.28,315.5,278.69642857142856,time,930,955,0.562045236112001,0.5660280643301083,557.3928571428571,NQ
2020-03-23,1,6860.75,6992.0,1,261.28,263.5,281.875,time,930,955,0.46346784922394674,0.4674057649667406,563.75,NQ
2020-03-24,-1,7496.75,7533.75,1,-75.22,-73.0,277.9732142857143,time,930,955,-0.135300806218482,-0.13130761571323032,555.9464285714286,NQ
2020-03-25,-1,7677.75,7463.0,1,428.28,430.5,284.67857142857144,time,930,955,0.7522167858487014,0.756115920210764,569.3571428571429,NQ
2020-03-26,1,7789.0,7867.75,1,156.28,158.5,286.69642857142856,time,930,955,0.2725530987231392,0.2764247897851137,573.3928571428571,NQ
2020-03-27,-1,7743.5,7573.5,1,338.78,341.0,289.375,time,930,955,0.585365010799136,0.5892008639308856,578.75,NQ
2020-03-30,1,7830.25,7866.75,1,71.78,74.0,275.0892857142857,time,930,955,0.13046673158065564,0.13450178513469652,550.1785714285714,NQ
2020-03-31,-1,7798.25,7796.0,1,3.2800000000000002,5.5,270.64285714285717,time,930,955,0.006059646344681974,0.010160992346265505,541.2857142857143,NQ
2020-04-01,1,7439.0,7466.25,1,53.28,55.5,262.5625,time,930,955,0.10146155677219709,0.1056891216377053,525.125,NQ
2020-04-02,1,7539.25,7617.25,1,154.78,157.0,249.74107142857142,time,930,955,0.3098809481248436,0.3143255514640163,499.48214285714283,NQ
2020-04-03,1,7461.5,7514.25,1,104.28,106.5,232.28571428571428,time,930,955,0.2244649446494465,0.22924354243542436,464.57142857142856,NQ
2020-04-06,1,7978.5,8053.25,1,148.28,150.5,204.5,time,930,955,0.3625427872860636,0.36797066014669927,409.0,NQ
2020-04-07,-1,8078.5,8040.75,1,74.28,76.5,203.66071428571428,time,930,955,0.18236212187637002,0.18781236299868478,407.32142857142856,NQ
2020-04-08,-1,8203.0,8213.0,1,-21.22,-19.0,190.21428571428572,time,930,955,-0.05577919639504318,-0.04994367254975591,380.42857142857144,NQ
2020-04-09,1,8216.5,8225.75,1,17.28,19.5,179.82142857142858,time,930,955,0.04804766633565045,0.05422045680238331,359.64285714285717,NQ
2020-04-13,-1,8304.25,8316.75,1,-26.22,-24.0,167.25892857142858,time,930,955,-0.07838146586238189,-0.07174504884428548,334.51785714285717,NQ
2020-04-14,1,8677.75,8681.75,1,6.78,9.0,160.47321428571428,time,930,955,0.021125020864630282,0.028042063094641963,320.94642857142856,NQ
2020-04-15,-1,8595.0,8582.25,1,24.28,26.5,155.16071428571428,time,930,955,0.07824145471285535,0.08539532742548049,310.32142857142856,NQ
2020-04-16,-1,8725.5,8743.5,1,-37.22,-35.0,148.23214285714286,time,930,955,-0.12554631972051558,-0.11805806529333815,296.4642857142857,NQ
2020-04-17,-1,8776.75,8816.0,1,-79.72,-77.5,140.11607142857142,time,930,955,-0.2844784298731919,-0.2765564264321672,280.23214285714283,NQ
2020-04-20,1,8760.25,8711.75,1,-98.22,-96.0,135.61607142857142,time,930,955,-0.36212522220027654,-0.3539403515702153,271.23214285714283,NQ
2020-04-21,-1,8446.25,8391.0,1,109.28,111.5,129.38392857142858,time,930,955,0.4223090193913463,0.43088813746463317,258.76785714285717,NQ
2020-04-22,1,8675.25,8647.75,1,-56.22,-54.0,133.75892857142858,time,930,955,-0.21015419531406446,-0.20185568386623054,267.51785714285717,NQ
2020-04-23,1,8648.25,8627.5,1,-42.72,-40.5,130.82142857142858,time,930,955,-0.16327600327600325,-0.15479115479115477,261.64285714285717,NQ
2020-04-24,-1,8756.5,8771.0,1,-30.22,-28.0,129.47321428571428,time,930,955,-0.11670367560857872,-0.10813047376043032,258.94642857142856,NQ
2020-04-27,1,8834.0,8824.0,1,-21.22,-19.0,128.0625,time,930,955,-0.08285017081503172,-0.0741825280624695,256.125,NQ
2020-04-28,-1,8714.0,8666.75,2,186.56,191.0,110.98214285714286,time,930,955,0.4202477876106195,0.43024939662107803,221.96428571428572,NQ
2020-04-29,1,9006.0,8963.25,2,-173.44,-169.0,110.39285714285714,time,930,955,-0.3927790359107085,-0.382724037528308,220.78571428571428,NQ
2020-04-30,-1,8965.25,8982.25,2,-70.44,-66.0,115.63392857142857,time,930,955,-0.15229094278434097,-0.14269168403984248,231.26785714285714,NQ
2020-05-01,1,8711.75,8711.75,2,-2.44,2.0,113.41071428571429,time,930,955,-0.005378680522752322,0.004408754526846166,226.82142857142858,NQ
2020-05-04,1,8809.5,8817.75,2,30.56,35.0,117.61607142857143,time,930,955,0.06495710923859409,0.07439459500493434,235.23214285714286,NQ
2020-05-05,1,8931.25,8918.5,2,-53.44,-49.0,109.90178571428571,time,930,955,-0.12156308392233325,-0.11146315703956455,219.80357142857142,NQ
2020-05-06,-1,8993.5,8972.0,2,83.56,88.0,110.13392857142857,time,930,955,0.189678151601135,0.19975678962302393,220.26785714285714,NQ
2020-05-07,-1,9078.5,9091.25,2,-53.44,-49.0,107.78571428571429,time,930,955,-0.12394963552021204,-0.11365142478462557,215.57142857142858,NQ
2020-05-08,-1,9200.0,9209.75,2,-41.44,-37.0,106.79464285714286,time,930,955,-0.09700861132012373,-0.08661483153582476,213.58928571428572,NQ
2020-05-11,1,9307.0,9286.5,2,-84.44,-80.0,106.55357142857143,time,930,955,-0.19811630635160046,-0.187699011228423,213.10714285714286,NQ
2020-05-12,-1,9205.5,9102.25,2,410.56,415.0,100.17857142857143,time,930,955,1.0245704099821746,1.035650623885918,200.35714285714286,NQ
2020-05-13,-1,8933.0,8991.0,2,-234.44,-230.0,97.88392857142857,time,930,955,-0.5987704095594272,-0.5874304478701086,195.76785714285714,NQ
2020-05-14,-1,9030.5,9086.5,2,-226.44,-222.0,103.08035714285714,time,930,955,-0.5491831961888264,-0.5384148982243395,206.16071428571428,NQ
2020-05-15,1,9127.5,9145.75,2,70.56,75.0,104.67857142857143,time,930,955,0.16851586489252815,0.17911975435005117,209.35714285714286,NQ
2020-05-18,-1,9347.25,9320.25,2,105.56,110.0,108.20535714285714,time,930,955,0.24388810957999837,0.2541463817146629,216.41071428571428,NQ
2020-05-19,1,9358.5,9291.0,2,-272.44,-268.0,106.94642857142857,time,930,955,-0.6368609116713976,-0.6264818834529972,213.89285714285714,NQ
2020-05-20,1,9469.0,9479.75,2,40.56,45.0,99.09821428571429,time,930,955,0.10232273177763762,0.11352374087755653,198.19642857142858,NQ
2020-05-21,-1,9387.25,9377.75,2,35.56,40.0,102.45535714285714,time,930,955,0.0867694989106754,0.09760348583877997,204.91071428571428,NQ
2020-05-22,1,9391.5,9406.0,2,55.56,60.0,96.94642857142857,time,930,955,0.14327500460489961,0.15472462700313133,193.89285714285714,NQ
2020-05-26,-1,9402.0,9388.25,2,52.56,57.0,91.54464285714286,time,930,955,0.14353652589486005,0.15566175753438016,183.08928571428572,NQ
2020-05-27,-1,9385.0,9434.75,2,-201.44,-197.0,93.65178571428571,time,930,955,-0.5377366765182573,-0.5258842597006388,187.30357142857142,NQ
2020-05-28,1,9456.5,9415.0,2,-168.44,-164.0,97.71428571428571,time,930,955,-0.43095029239766086,-0.41959064327485385,195.42857142857142,NQ
2020-05-29,1,9517.0,9542.75,2,100.56,105.0,99.63392857142857,time,930,955,0.25232368491800344,0.2634644681423067,199.26785714285714,NQ
2020-06-01,1,9593.0,9593.25,2,-1.44,3.0,99.91964285714286,time,930,955,-0.003602895183629702,0.007506031632561879,199.83928571428572,NQ
2020-06-02,-1,9598.0,9655.25,2,-231.44,-227.0,94.74107142857143,time,930,955,-0.6107171802846103,-0.5990010366600698,189.48214285714286,NQ
2020-06-03,1,9705.75,9696.5,2,-39.44,-35.0,88.55357142857143,time,930,955,-0.11134502923976607,-0.09881024400080661,177.10714285714286,NQ
2020-06-04,1,9610.5,9627.25,3,96.84,103.5,83.03571428571429,time,930,955,0.1943741935483871,0.20774193548387093,166.07142857142858,NQ
2020-06-05,1,9826.5,9815.75,3,-68.16,-61.5,81.79464285714286,time,930,955,-0.1388844012662373,-0.12531383036786375,163.58928571428572,NQ
2020-06-08,-1,9866.5,9896.75,3,-185.16,-178.5,81.91071428571429,time,930,955,-0.37675168955744487,-0.36320034881185953,163.82142857142858,NQ
2020-06-09,1,9982.5,9963.75,3,-116.16,-109.5,82.82142857142857,time,930,955,-0.233755929279862,-0.22035360068995255,165.64285714285714,NQ
2020-06-10,1,10144.75,10089.5,3,-335.16,-328.5,80.94642857142857,time,930,955,-0.6900860357379219,-0.6763732627399073,161.89285714285714,NQ
2020-06-11,1,9616.25,9592.5,3,-146.16,-139.5,82.22321428571429,time,930,955,-0.29626669562384617,-0.2827668585079813,164.44642857142858,NQ
2020-06-12,1,9594.75,9659.75,2,257.56,262.0,96.76785714285714,time,930,955,0.6654069016423695,0.6768776527034509,193.53571428571428,NQ
2020-06-15,1,9739.0,9777.0,2,149.56,154.0,104.77678571428571,time,930,955,0.3568538559863656,0.3674478057094163,209.55357142857142,NQ
2020-06-16,-1,9946.0,9954.5,2,-36.44,-32.0,109.41964285714286,time,930,955,-0.08325744594043247,-0.07311301509587922,218.83928571428572,NQ
2020-06-17,-1,9984.5,9969.5,2,57.56,62.0,108.29464285714286,time,930,955,0.13287822573996208,0.14312804023414955,216.58928571428572,NQ
2020-06-18,1,9972.75,9998.25,2,99.56,104.0,105.72321428571429,time,930,955,0.23542606198800775,0.24592517523857782,211.44642857142858,NQ
2020-06-19,-1,10013.5,9990.75,2,88.56,93.0,101.60714285714286,time,930,955,0.21789806678383128,0.2288224956063269,203.21428571428572,NQ
2020-06-22,1,10085.75,10114.5,2,112.56,117.0,104.74107142857143,time,930,955,0.26866251811439773,0.2792600801295712,209.48214285714286,NQ
2020-06-23,1,10213.5,10197.25,2,-67.44,-63.0,104.49107142857143,time,930,955,-0.16135349910279415,-0.1507305819020764,208.98214285714286,NQ
2020-06-24,-1,10004.0,9993.0,2,41.56,46.0,107.84821428571429,time,930,955,0.09633910091895025,0.10663134365427601,215.69642857142858,NQ
2020-06-25,-1,10073.0,10087.25,2,-59.44,-55.0,112.27678571428571,time,930,955,-0.13235149105367794,-0.12246520874751492,224.55357142857142,NQ
2020-06-26,-1,9856.75,9841.5,2,58.56,63.0,112.0625,time,930,955,0.13064138315672058,0.14054656999442275,224.125,NQ
2020-06-29,-1,9914.25,9951.0,2,-149.44,-145.0,115.94642857142857,time,930,955,-0.32221777298629295,-0.3126443862621284,231.89285714285714,NQ
2020-06-30,1,10114.5,10148.25,2,132.56,137.0,118.45535714285714,time,930,955,0.2797678450290194,0.28913846385769204,236.91071428571428,NQ
2020-07-01,1,10295.75,10264.75,2,-126.44,-122.0,119.76785714285714,time,930,955,-0.2639272401968093,-0.254659311167437,239.53571428571428,NQ
2020-07-02,1,10377.5,10335.0,2,-172.44,-168.0,108.3125,time,930,955,-0.3980150028851702,-0.3877668782458165,216.625,NQ
2020-07-06,1,10571.25,10591.25,2,77.56,82.0,91.34821428571429,time,930,955,0.21226468575896784,0.224415990616753,182.69642857142858,NQ
2020-07-07,1,10579.5,10516.5,2,-254.44,-250.0,93.20535714285714,time,930,955,-0.6824715011016381,-0.6705623143979309,186.41071428571428,NQ
2020-07-08,1,10639.75,10654.0,2,54.56,59.0,95.97321428571429,time,930,955,0.14212298818494742,0.15368871522932365,191.94642857142858,NQ
2020-07-09,-1,10708.0,10741.5,2,-136.44,-132.0,98.15178571428571,time,930,955,-0.34752296916219416,-0.33621395433457657,196.30357142857142,NQ
2020-07-10,-1,10815.0,10821.0,2,-26.44,-22.0,99.09821428571429,time,930,955,-0.06670150464005767,-0.05550049554013875,198.19642857142858,NQ
2020-07-13,1,10611.75,10598.25,2,-56.44,-52.0,101.24107142857143,time,930,955,-0.1393703148425787,-0.12840638504277274,202.48214285714286,NQ
2020-07-14,-1,10609.0,10673.25,2,-259.44,-255.0,112.50892857142857,time,930,955,-0.5764875803507659,-0.5666216966907388,225.01785714285714,NQ
2020-07-15,-1,10687.75,10688.0,2,-3.44,1.0,113.80357142857143,time,930,955,-0.007556880589989016,0.0021967676133689,227.60714285714286,NQ
2020-07-16,-1,10633.25,10613.25,2,77.56,82.0,113.89285714285714,time,930,955,0.1702477265600502,0.17999372844151773,227.78571428571428,NQ
2020-07-17,-1,10653.75,10630.5,2,90.56,95.0,112.08928571428571,time,930,955,0.20198183845786205,0.2118846582762466,224.17857142857142,NQ
2020-07-20,1,10938.5,10936.25,2,-11.44,-7.0,108.83035714285714,time,930,955,-0.02627943227500205,-0.016080072196242513,217.66071428571428,NQ
2020-07-21,-1,10822.0,10824.25,2,-11.44,-7.0,113.49107142857143,time,930,955,-0.025200220281645817,-0.015419715207300762,226.98214285714286,NQ
2020-07-22,1,10824.25,10859.5,2,138.56,143.0,114.6875,time,930,955,0.3020381471389646,0.311716621253406,229.375,NQ
2020-07-23,1,10568.5,10571.75,2,10.56,15.0,114.0,time,930,955,0.023157894736842106,0.03289473684210526,228.0,NQ
2020-07-24,-1,10433.75,10470.0,1,-73.72,-71.5,125.00892857142857,time,930,955,-0.2948589386472395,-0.2859795728876509,250.01785714285714,NQ
2020-07-27,1,10670.0,10660.25,2,-41.44,-37.0,124.38392857142857,time,930,955,-0.08329050319431483,-0.07436652070920968,248.76785714285714,NQ
2020-07-28,-1,10544.25,10525.5,1,36.28,38.5,125.13392857142857,time,930,955,0.1449646806992508,0.15383517659650375,250.26785714285714,NQ
2020-07-29,1,10665.0,10650.0,1,-31.22,-29.0,125.17857142857143,time,930,955,-0.1247018544935806,-0.11583452211126961,250.35714285714286,NQ
2020-07-30,-1,10715.0,10705.25,2,36.56,41.0,123.21428571428571,time,930,955,0.07417971014492754,0.08318840579710145,246.42857142857142,NQ
2020-07-31,-1,10843.0,10898.0,2,-222.44,-218.0,123.50892857142857,time,930,955,-0.45025084941805826,-0.4412636449071062,247.01785714285714,NQ
2020-08-03,1,11032.5,11038.5,2,21.56,26.0,113.28571428571429,time,930,955,0.04757881462799495,0.05737704918032786,226.57142857142858,NQ
2020-08-04,1,11036.0,11084.25,2,190.56,195.0,107.74107142857143,time,930,955,0.4421712107400348,0.4524736885721389,215.48214285714286,NQ
2020-08-05,1,11110.25,11111.0,2,0.56,5.0,103.5,time,930,955,0.001352657004830918,0.012077294685990338,207.0,NQ
2020-08-06,1,11252.0,11254.0,2,5.5600000000000005,10.0,98.20535714285714,time,930,955,0.014154014001272844,0.025456859714519504,196.41071428571428,NQ
2020-08-07,1,11096.75,11128.0,2,122.56,127.0,100.58035714285714,time,930,955,0.3046320461606747,0.31566799822458946,201.16071428571428,NQ
2020-08-10,-1,11059.75,11078.5,2,-77.44,-73.0,96.08035714285714,time,930,955,-0.20149800204441967,-0.1899451723817489,192.16071428571428,NQ
2020-08-11,-1,10901.25,10869.0,2,126.56,131.0,96.09821428571429,time,930,955,0.3292464926135836,0.34079717550868716,192.19642857142858,NQ
2020-08-12,1,11137.25,11145.75,2,31.56,36.0,99.69642857142857,time,930,955,0.07914024717893606,0.09027404621171413,199.39285714285714,NQ
2020-08-13,1,11187.5,11169.75,2,-73.44,-69.0,98.25892857142857,time,930,955,-0.18685324852339846,-0.17555656519763743,196.51785714285714,NQ
2020-08-14,-1,11130.25,11160.0,2,-121.44,-117.0,93.46428571428571,time,930,955,-0.324829957967138,-0.3129537638517387,186.92857142857142,NQ
2020-08-17,1,11292.75,11284.0,2,-37.44,-33.0,89.92857142857143,time,930,955,-0.10408260524225575,-0.09173947577442415,179.85714285714286,NQ
2020-08-18,1,11406.25,11393.75,2,-52.44,-48.0,89.72321428571429,time,930,955,-0.146116031445915,-0.13374465120907553,179.44642857142858,NQ
2020-08-19,-1,11341.25,11319.25,2,85.56,90.0,89.29464285714286,time,930,955,0.23954404559544046,0.251974802519748,178.58928571428572,NQ
2020-08-20,1,11466.75,11473.75,2,25.56,30.0,86.66964285714286,time,930,955,0.07372823735448644,0.08653548985268363,173.33928571428572,NQ
2020-08-21,1,11552.0,11554.25,2,6.5600000000000005,11.0,87.33928571428571,time,930,955,0.01877734614598242,0.03148640359844613,174.67857142857142,NQ
2020-08-24,-1,11592.25,11626.5,2,-139.44,-135.0,85.29464285714286,time,930,955,-0.40870093164450955,-0.3956872186747618,170.58928571428572,NQ
2020-08-25,1,11709.0,11715.0,2,21.56,26.0,88.78571428571429,time,930,955,0.0607079646017699,0.07320997586484311,177.57142857142858,NQ
2020-08-26,1,11938.5,11964.5,2,101.56,106.0,91.6875,time,930,955,0.2769188820722563,0.289025221540559,183.375,NQ
2020-08-27,-1,11979.5,11928.0,2,203.56,208.0,93.84821428571429,time,930,955,0.5422585862429835,0.5540861954143278,187.69642857142858,NQ
2020-08-28,1,11997.5,11991.0,2,-28.44,-24.0,93.08035714285714,time,930,955,-0.07638561151079137,-0.06446043165467626,186.16071428571428,NQ
2020-08-31,1,12134.5,12092.5,2,-170.44,-166.0,88.58928571428571,time,930,955,-0.4809836726466438,-0.46845394073775454,177.17857142857142,NQ
2020-09-01,-1,12261.5,12294.25,2,-133.44,-129.0,86.26785714285714,time,930,955,-0.38670254605671706,-0.3738356447940385,172.53571428571428,NQ
2020-09-02,-1,12407.75,12410.5,3,-20.16,-13.5,82.375,time,930,955,-0.04078907435508346,-0.027314112291350532,164.75,NQ
2020-09-03,-1,11659.75,11747.160714285714,2,-352.08285714285506,-347.64285714285506,86.91071428571429,stop,930,940,-1.012771727963832,-0.999999999999994,173.82142857142858,NQ
2020-09-04,-1,11704.25,11619.25,2,337.56,342.0,109.80357142857143,time,930,955,0.7685542364612132,0.7786631972678484,219.60714285714286,NQ
2020-09-08,1,11134.75,11068.25,1,-134.22,-132.0,130.70535714285714,time,930,955,-0.5134449074390327,-0.5049525240795136,261.4107142857143,NQ
2020-09-09,-1,11467.5,11385.0,1,163.78,166.0,141.76785714285714,time,930,955,0.5776344627786875,0.5854641642524248,283.5357142857143,NQ
2020-09-10,-1,11169.5,11157.75,1,22.28,24.5,148.22321428571428,time,930,955,0.07515691825793627,0.08264562375760497,296.44642857142856,NQ
2020-09-11,-1,11108.75,11085.75,1,44.78,47.0,161.10714285714286,time,930,955,0.138975836843272,0.1458656617158058,322.2142857142857,NQ
2020-09-14,1,11268.5,11274.75,1,11.28,13.5,166.40178571428572,time,930,955,0.03389386703868648,0.040564468530342866,332.80357142857144,NQ
2020-09-15,1,11389.0,11438.0,1,96.78,99.0,171.11607142857142,time,930,955,0.28279050352204543,0.28927732846334464,342.23214285714283,NQ
2020-09-16,-1,11268.5,11235.25,1,65.28,67.5,169.73214285714286,time,930,955,0.19230299842188323,0.1988427143608627,339.4642857142857,NQ
2020-09-17,1,11020.75,11067.0,1,91.28,93.5,171.14285714285714,time,930,955,0.266677796327212,0.2731636060100167,342.2857142857143,NQ
2020-09-18,-1,10924.5,10918.25,1,11.28,13.5,179.29464285714286,time,930,955,0.03145660076689408,0.03764752751357004,358.5892857142857,NQ
2020-09-21,1,10867.0,10963.5,1,191.78,194.0,187.125,time,930,955,0.512438209752839,0.518370073480294,374.25,NQ
2020-09-22,-1,11149.75,11165.0,1,-31.72,-29.5,190.80357142857142,time,930,955,-0.08312213383247544,-0.07730463266261114,381.60714285714283,NQ
2020-09-23,-1,10845.25,10821.0,1,47.28,49.5,191.00892857142858,time,930,955,0.1237638479876595,0.12957509465713082,382.01785714285717,NQ
2020-09-24,1,10827.75,10878.25,1,99.78,102.0,177.6875,time,930,955,0.28077383046078086,0.28702075272599364,355.375,NQ
2020-09-25,1,11130.25,11133.0,1,4.28,6.5,163.64285714285714,time,930,955,0.013077258838934964,0.019860323003055434,327.2857142857143,NQ
2020-09-28,-1,11320.5,11359.75,1,-79.72,-77.5,169.48214285714286,time,930,955,-0.2351870192814245,-0.22863765672742598,338.9642857142857,NQ
2020-09-29,1,11327.25,11309.5,1,-36.72,-34.5,161.60714285714286,time,930,955,-0.11360883977900552,-0.1067403314917127,323.2142857142857,NQ
2020-09-30,1,11364.0,11402.0,1,74.78,77.0,150.40178571428572,time,930,955,0.24860077174235679,0.2559810032650638,300.80357142857144,NQ
2020-10-01,-1,11557.75,11572.75,1,-31.22,-29.0,141.02678571428572,time,930,955,-0.11068819246597024,-0.1028173472617917,282.05357142857144,NQ
2020-10-02,1,11297.75,11244.0,1,-108.72,-106.5,135.83035714285714,time,930,955,-0.4002050877538947,-0.39203312956024455,271.6607142857143,NQ
2020-10-05,1,11484.5,11488.5,1,6.78,9.0,139.07142857142858,time,930,955,0.024375963020030814,0.032357473035439135,278.14285714285717,NQ
2020-10-07,1,11478.5,11479.75,1,1.28,3.5,141.5,time,930,955,0.004522968197879859,0.012367491166077738,283.0,NQ
2020-10-08,-1,11529.0,11536.75,1,-16.72,-14.5,138.27678571428572,time,930,955,-0.06045844902176018,-0.052431071221024084,276.55357142857144,NQ
2020-10-09,1,11688.75,11711.25,1,43.78,46.0,127.69642857142857,time,930,955,0.17142217871626347,0.1801146692770242,255.39285714285714,NQ
2020-10-12,-1,12092.25,12073.75,2,71.56,76.0,122.94642857142857,time,930,955,0.14551053013798113,0.15453885257806826,245.89285714285714,NQ
2020-10-13,-1,12139.0,12074.25,1,128.28,130.5,130.66071428571428,time,930,955,0.490889708897089,0.4993849938499385,261.32142857142856,NQ
2020-10-14,1,12025.0,11977.25,2,-193.44,-189.0,122.94642857142857,time,930,955,-0.3933420479302832,-0.3843137254901961,245.89285714285714,NQ
2020-10-15,1,11907.0,11890.0,2,-70.44,-66.0,120.92857142857143,time,930,955,-0.14562315416420554,-0.1364441819255759,241.85714285714286,NQ
2020-10-16,1,11889.0,11826.75,2,-251.44,-247.0,117.17857142857143,time,930,955,-0.5364462054251752,-0.5269734836939958,234.35714285714286,NQ
2020-10-19,-1,11638.5,11630.0,2,31.56,36.0,116.50892857142857,time,930,955,0.06772013181086674,0.07724729864357423,233.01785714285714,NQ
2020-10-20,1,11678.5,11662.75,1,-32.72,-30.5,125.89285714285714,time,930,955,-0.1299517730496454,-0.12113475177304965,251.78571428571428,NQ
2020-10-21,1,11719.25,11652.25,1,-135.22,-133.0,125.08035714285714,time,930,955,-0.5405325148119067,-0.531658219715897,250.16071428571428,NQ
2020-10-22,-1,11673.75,11654.5,2,74.56,79.0,123.375,time,930,955,0.15108409321175278,0.160081053698075,246.75,NQ
2020-10-23,-1,11636.25,11680.25,2,-178.44,-174.0,117.83928571428571,time,930,955,-0.3785664494620397,-0.3691468404303683,235.67857142857142,NQ
2020-10-26,1,11466.25,11494.0,2,108.56,113.0,113.44642857142857,time,930,955,0.23923185896426885,0.24901621281284433,226.89285714285714,NQ
2020-10-27,1,11593.5,11586.0,2,-32.44,-28.0,115.8125,time,930,955,-0.07002698327037236,-0.060442525634106854,231.625,NQ
2020-10-28,-1,11267.75,11137.75,2,517.56,522.0,112.46428571428571,time,930,955,1.1504985709749127,1.1603683709114005,224.92857142857142,NQ
2020-10-29,1,11408.25,11324.5,1,-168.72,-166.5,125.52678571428571,time,930,955,-0.672047798563198,-0.663205064371577,251.05357142857142,NQ
2020-10-30,-1,10960.75,11055.5,1,-190.72,-188.5,130.60714285714286,time,930,955,-0.7301285206453377,-0.7216297511621548,261.2142857142857,NQ
2020-11-02,1,11016.5,11068.5,1,102.78,105.0,126.84821428571429,time,930,955,0.40512986555923136,0.4138804814528049,253.69642857142858,NQ
2020-11-03,1,11311.25,11256.75,1,-110.22,-108.0,130.66964285714286,time,930,955,-0.4217505978817902,-0.41325589340621793,261.3392857142857,NQ
2020-11-04,1,11751.0,11759.5,1,15.78,18.0,131.63392857142858,time,930,955,0.05993895407990232,0.06837143050939429,263.26785714285717,NQ
2020-11-05,1,12056.75,12066.25,1,17.78,20.0,144.20535714285714,time,930,955,0.061648195158194544,0.06934555135904898,288.4107142857143,NQ
2020-11-06,-1,12067.75,12080.25,1,-26.22,-24.0,149.3125,time,930,955,-0.08780242779405609,-0.08036835496023441,298.625,NQ
2020-11-09,-1,11971.5,11826.0,1,289.78,292.0,144.54464285714286,time,930,955,1.0023892766693432,1.010068565075051,289.0892857142857,NQ
2020-11-10,-1,11641.75,11620.25,1,41.78,44.0,153.64285714285714,time,930,955,0.13596466759646678,0.14318921431892143,307.2857142857143,NQ
2020-11-11,1,11860.25,11879.75,1,37.78,40.0,159.83035714285714,time,930,955,0.11818781073683035,0.125132674152282,319.6607142857143,NQ
2020-11-12,1,11807.0,11823.5,1,31.78,34.0,162.1875,time,930,955,0.09797302504816956,0.1048169556840077,324.375,NQ
2020-11-13,-1,11928.5,11932.75,1,-9.72,-7.5,164.67857142857142,time,930,955,-0.029512036434612886,-0.02277163305139883,329.35714285714283,NQ
2020-11-16,1,11980.75,12013.25,1,63.78,66.0,157.49107142857142,time,930,955,0.20248766936901186,0.20953568796417033,314.98214285714283,NQ
2020-11-17,-1,11965.75,11977.25,1,-24.22,-22.0,157.8125,time,930,955,-0.07673663366336633,-0.06970297029702971,315.625,NQ
2020-11-18,-1,11983.25,11892.25,1,180.78,183.0,144.46428571428572,time,930,955,0.625690976514215,0.6333745364647713,288.92857142857144,NQ
2020-11-19,1,11989.75,11981.0,1,-18.72,-16.5,137.92857142857142,time,930,955,-0.0678612118073537,-0.05981356809943035,275.85714285714283,NQ
2020-11-20,-1,11932.5,11904.75,1,54.28,56.5,130.0,time,930,955,0.20876923076923076,0.2173076923076923,260.0,NQ
2020-11-23,1,11908.75,11904.0,2,-21.44,-17.0,124.41071428571429,time,930,955,-0.04308310607147983,-0.03416104492608009,248.82142857142858,NQ
2020-11-24,-1,12083.75,12075.5,2,30.56,35.0,121.38392857142857,time,930,955,0.06294078705406399,0.07208532548731152,242.76785714285714,NQ
2020-11-25,1,12172.25,12153.25,2,-78.44,-74.0,108.50892857142857,time,930,955,-0.18072245536081627,-0.1704928824158644,217.01785714285714,NQ
2020-11-30,-1,12259.75,12274.25,2,-60.44,-56.0,84.01785714285714,time,930,955,-0.17984272051009564,-0.16663124335812965,168.03571428571428,NQ
2020-12-01,1,12431.0,12450.0,3,110.34,117.0,80.14285714285714,time,930,955,0.22946524064171125,0.24331550802139038,160.28571428571428,NQ
2020-12-02,-1,12441.75,12457.5,3,-98.16,-91.5,78.6875,time,930,955,-0.20791104050833994,-0.1938046068308181,157.375,NQ
2020-12-03,1,12505.0,12472.25,3,-200.16,-193.5,77.23214285714286,time,930,955,-0.4319445086705202,-0.4175722543352601,154.46428571428572,NQ
2020-12-04,1,12511.75,12528.75,3,98.34,105.0,75.27678571428571,time,930,955,0.21772980666587596,0.23247538844739654,150.55357142857142,NQ
2020-12-07,1,12589.75,12597.0,3,39.84,46.5,73.07142857142857,time,930,955,0.09086999022482894,0.10606060606060606,146.14285714285714,NQ
2020-12-08,-1,12637.5,12637.25,3,-2.16,4.5,72.99107142857143,time,930,955,-0.00493211009174312,0.010275229357798165,145.98214285714286,NQ
2020-12-09,1,12321.25,12355.0,3,198.84,205.5,73.46428571428571,time,930,955,0.4511035488575596,0.46621293145357323,146.92857142857142,NQ
2020-12-10,1,12404.5,12397.75,3,-44.16,-37.5,79.76785714285714,time,930,955,-0.09226774121334229,-0.07835236176404746,159.53571428571428,NQ
2020-12-11,-1,12356.5,12376.25,2,-81.44,-77.0,83.96428571428571,time,930,955,-0.24248404934070608,-0.22926414291790728,167.92857142857142,NQ
2020-12-14,1,12483.25,12452.75,3,-186.66,-180.0,82.90178571428571,time,930,955,-0.37526332794830375,-0.3618739903069467,165.80357142857142,NQ
2020-12-15,1,12572.25,12592.75,3,119.34,126.0,81.0,time,930,955,0.24555555555555555,0.25925925925925924,162.0,NQ
2020-12-16,-1,12701.75,12673.25,3,167.34,174.0,82.49107142857143,time,930,955,0.3380971966663059,0.35155319839809507,164.98214285714286,NQ
2020-12-17,1,12715.25,12750.0,2,136.56,141.0,84.10714285714286,time,930,955,0.4059108280254777,0.41910828025477703,168.21428571428572,NQ
2020-12-18,-1,12640.75,12702.75,3,-375.66,-369.0,81.8125,time,930,955,-0.7652864782276547,-0.7517188693659282,163.625,NQ
2020-12-21,1,12643.0,12684.5,3,245.34,252.0,80.51785714285714,time,930,955,0.5078376580172987,0.5216234198270127,161.03571428571428,NQ
2020-12-22,1,12689.5,12713.25,3,138.84,145.5,80.65178571428571,time,930,955,0.2869124321930699,0.30067530167164846,161.30357142857142,NQ
2020-12-23,-1,12704.25,12650.25,3,320.34,327.0,80.70535714285714,time,930,955,0.6615422059962385,0.6752959398163514,161.41071428571428,NQ
2020-12-28,-1,12841.75,12834.0,3,42.84,49.5,80.03571428571429,time,930,955,0.08921017402945114,0.10307898259705488,160.07142857142858,NQ
2020-12-29,-1,12856.5,12847.0,3,53.34,60.0,82.39285714285714,time,930,955,0.10789770264412658,0.12136974425661032,164.78571428571428,NQ
2020-12-30,-1,12834.25,12843.0,3,-56.16,-49.5,80.94642857142857,time,930,955,-0.11563203176704169,-0.10191925876902713,161.89285714285714,NQ
2020-12-31,-1,12844.5,12870.0,3,-156.66,-150.0,72.17857142857143,time,930,955,-0.3617417120237506,-0.3463631865413162,144.35714285714286,NQ
2021-01-04,-1,12662.75,12688.25,3,-156.66,-150.0,67.49107142857143,time,930,955,-0.38686598756449264,-0.3704193676412224,134.98214285714286,NQ
2021-01-05,1,12764.0,12791.25,3,159.84,166.5,76.59821428571429,time,930,955,0.34778878657186146,0.3622799860123557,153.19642857142858,NQ
2021-01-06,1,12648.25,12618.25,3,-183.66,-177.0,75.98214285714286,time,930,955,-0.4028578143360752,-0.3882491186839013,151.96428571428572,NQ
2021-01-07,1,12938.75,12925.25,3,-84.66,-78.0,79.67857142857143,time,930,955,-0.17708650829224562,-0.16315553563424473,159.35714285714286,NQ
2021-01-08,-1,13070.25,13092.25,2,-90.44,-86.0,87.09821428571429,time,930,955,-0.2595920041004613,-0.24684777037416708,174.19642857142858,NQ
2021-01-11,-1,12883.5,12896.5,2,-54.44,-50.0,90.29464285714286,time,930,955,-0.1507287649559972,-0.13843567685157718,180.58928571428572,NQ
2021-01-12,-1,12879.25,12882.75,2,-16.44,-12.0,91.8125,time,930,955,-0.044765146358066714,-0.03267528931245745,183.625,NQ
2021-01-13,1,12978.25,12967.5,2,-45.44,-41.0,89.625,time,930,955,-0.12675034867503487,-0.11436541143654114,179.25,NQ
2021-01-14,1,12928.0,12897.25,2,-125.44,-121.0,88.83035714285714,time,930,955,-0.3530324655744296,-0.34053673736053874,177.66071428571428,NQ
2021-01-15,1,12815.5,12798.5,2,-70.44,-66.0,90.97321428571429,time,930,955,-0.1935734615762096,-0.1813720679163804,181.94642857142858,NQ
2021-01-19,-1,12992.5,12985.25,2,26.56,31.0,90.69642857142857,time,930,955,0.07321126205946052,0.08544989171096673,181.39285714285714,NQ
2021-01-20,1,13320.25,13285.25,2,-142.44,-138.0,93.64285714285714,time,930,955,-0.3802745995423341,-0.368421052631579,187.28571428571428,NQ
2021-01-21,-1,13402.5,13397.5,2,17.56,22.0,102.66964285714286,time,930,955,0.04275850073919471,0.053569875641360114,205.33928571428572,NQ
2021-01-22,1,13388.75,13355.0,2,-137.44,-133.0,104.125,time,930,955,-0.32998799519807925,-0.31932773109243695,208.25,NQ
2021-01-25,1,13407.0,13474.25,2,266.56,271.0,91.82142857142857,time,930,955,0.725756514974718,0.7378451964216258,183.64285714285714,NQ
2021-01-26,-1,13491.25,13485.0,2,22.56,27.0,99.45535714285714,time,930,955,0.05670886075949367,0.06786964718556424,198.91071428571428,NQ
2021-01-27,-1,13036.25,13120.0,2,-337.44,-333.0,94.50892857142857,time,930,955,-0.8926140765233822,-0.8808691544638639,189.01785714285714,NQ
2021-01-28,1,13242.25,13185.5,2,-229.44,-225.0,98.91071428571429,time,930,955,-0.5799169525185051,-0.5686947102365048,197.82142857142858,NQ
2021-01-29,-1,13008.75,12914.0,2,376.56,381.0,102.3125,time,930,955,0.920122174709835,0.9309712889431888,204.625,NQ
2021-02-01,-1,13250.75,13230.75,2,77.56,82.0,107.1875,time,930,955,0.18089795918367346,0.1912536443148688,214.375,NQ
2021-02-02,1,13473.25,13448.25,2,-102.44,-98.0,113.50892857142857,time,930,955,-0.2256210178557382,-0.2158420514434044,227.01785714285714,NQ
2021-02-03,-1,13429.25,13389.0,2,158.56,163.0,117.95535714285714,time,930,955,0.3360593444856559,0.3454696843539475,235.91071428571428,NQ
2021-02-04,-1,13513.5,13550.75,2,-151.44,-147.0,118.42857142857143,time,930,955,-0.319686369119421,-0.310313630880579,236.85714285714286,NQ
2021-02-05,-1,13582.75,13596.75,2,-58.44,-54.0,117.57142857142857,time,930,955,-0.12426488456865127,-0.11482381530984204,235.14285714285714,NQ
2021-02-08,-1,13644.25,13685.0,2,-165.44,-161.0,120.71428571428571,time,930,955,-0.34262721893491127,-0.3334319526627219,241.42857142857142,NQ
2021-02-09,1,13695.75,13680.25,2,-64.44,-60.0,117.30357142857143,time,930,955,-0.13733597198964834,-0.1278733444968793,234.60714285714286,NQ
2021-02-10,-1,13655.25,13650.25,2,17.56,22.0,108.30357142857143,time,930,955,0.040534212695795546,0.05078318219291014,216.60714285714286,NQ
2021-02-11,-1,13703.0,13726.0,2,-94.44,-90.0,112.05357142857143,time,930,955,-0.2107027888446215,-0.200796812749004,224.10714285714286,NQ
2021-02-12,1,13755.5,13803.75,2,190.56,195.0,113.66071428571429,time,930,955,0.4191421838177533,0.42890809112333067,227.32142857142858,NQ
2021-02-16,1,13773.75,13764.25,2,-40.44,-36.0,105.33035714285714,time,930,955,-0.09598372467576502,-0.08544545223361873,210.66071428571428,NQ
2021-02-17,1,13690.5,13699.25,2,32.56,37.0,94.46428571428571,time,930,955,0.08617013232514179,0.09792060491493385,188.92857142857142,NQ
2021-02-18,1,13654.0,13637.5,2,-68.44,-64.0,92.58035714285714,time,930,955,-0.1848124216414312,-0.17282283730350081,185.16071428571428,NQ
2021-02-19,-1,13588.5,13578.5,2,37.56,42.0,88.10714285714286,time,930,955,0.10657478719092014,0.11917308471828131,176.21428571428572,NQ
2021-02-22,1,13249.5,13226.75,3,-140.16,-133.5,81.25,time,930,955,-0.2875076923076923,-0.27384615384615385,162.5,NQ
2021-02-23,-1,13223.25,13188.25,2,137.56,142.0,84.70535714285714,time,930,955,0.40599557288921684,0.4190998208074207,169.41071428571428,NQ
2021-02-24,-1,13286.25,13295.5,2,-39.44,-35.0,96.8125,time,930,955,-0.1018463524854745,-0.09038089089735313,193.625,NQ
2021-02-25,1,12801.75,12826.0,2,94.56,99.0,103.5,time,930,955,0.2284057971014493,0.2391304347826087,207.0,NQ
2021-02-26,-1,12960.0,12893.5,2,263.56,268.0,118.22321428571429,time,930,955,0.5573355486745714,0.5667245676308436,236.44642857142858,NQ
2021-03-01,-1,13268.5,13274.5,1,-13.22,-11.0,126.8125,time,930,955,-0.052124199112863485,-0.04337111877772302,253.625,NQ
2021-03-02,-1,13115.25,13058.5,1,112.28,114.5,137.66071428571428,time,930,955,0.4078142430924893,0.41587754572577507,275.32142857142856,NQ
2021-03-03,-1,12714.25,12681.0,1,65.28,67.5,138.0,time,930,955,0.23652173913043478,0.24456521739130435,276.0,NQ
2021-03-04,-1,12478.75,12471.5,1,13.28,15.5,147.41964285714286,time,930,955,0.04504148749318636,0.052571013263884685,294.8392857142857,NQ
2021-03-05,-1,12658.25,12661.75,1,-8.22,-6.0,159.07142857142858,time,930,955,-0.025837449483610237,-0.01885945217781769,318.14285714285717,NQ
2021-03-08,-1,12378.75,12300.75,1,154.78,157.0,173.9375,time,930,955,0.4449299317283507,0.4513115343154869,347.875,NQ
2021-03-09,1,12862.5,12786.75,1,-152.72,-150.5,183.74107142857142,time,930,955,-0.41558481947616505,-0.4095437096068808,367.48214285714283,NQ
2021-03-10,-1,12758.5,12752.5,1,10.78,13.0,196.08035714285714,time,930,955,0.027488730021401574,0.03314967442284049,392.1607142857143,NQ
2021-03-11,1,13060.5,13046.25,1,-29.72,-27.5,197.08035714285714,time,930,955,-0.0754007158066416,-0.06976849544692611,394.1607142857143,NQ
2021-03-12,1,12915.0,12937.0,1,42.78,45.0,204.26785714285714,time,930,955,0.10471544715447155,0.11014948859166011,408.5357142857143,NQ
2021-03-15,1,13003.5,13077.0,1,145.78,148.0,201.35714285714286,time,930,955,0.36199361475700603,0.367506207875133,402.7142857142857,NQ
2021-03-16,1,13184.75,13149.0,1,-72.72,-70.5,190.71428571428572,time,930,955,-0.1906516853932584,-0.1848314606741573,381.42857142857144,NQ
2021-03-17,1,13236.5,13192.75,1,-88.72,-86.5,186.0625,time,930,955,-0.2384145112529392,-0.2324487739334901,372.125,NQ
2021-03-18,1,12817.25,12781.75,1,-72.22,-70.0,179.11607142857142,time,930,955,-0.20160111659438712,-0.1954040177458751,358.23214285714283,NQ
2021-03-19,-1,12850.25,12837.75,1,23.78,26.0,182.45535714285714,time,930,955,0.06516662588695865,0.07125030584781013,364.9107142857143,NQ
2021-03-22,1,13096.75,13070.5,1,-53.72,-51.5,175.875,time,930,955,-0.1527221037668799,-0.14641080312722105,351.75,NQ
2021-03-23,-1,13000.0,13005.25,1,-11.72,-9.5,178.1875,time,930,955,-0.03288670641880042,-0.026657313223430377,356.375,NQ
2021-03-24,-1,12840.25,12790.25,1,98.78,101.0,171.40178571428572,time,930,955,0.28815335729541075,0.2946293691722665,342.80357142857144,NQ
2021-03-25,1,12782.0,12772.25,1,-20.72,-18.5,164.02678571428572,time,930,955,-0.06316041587284306,-0.05639322845789559,328.05357142857144,NQ
2021-03-26,1,12855.0,12961.75,1,212.28,214.5,154.625,time,930,955,0.6864349232012934,0.6936135812449474,309.25,NQ
2021-03-29,-1,12947.25,12956.5,1,-19.72,-17.5,148.91071428571428,time,930,955,-0.06621417436143423,-0.05876004317064396,297.82142857142856,NQ
2021-03-30,-1,12901.25,12895.5,1,10.28,12.5,135.35714285714286,time,930,955,0.03797361477572559,0.04617414248021108,270.7142857142857,NQ
2021-03-31,1,13125.75,13084.25,1,-84.22,-82.0,132.50892857142858,time,930,955,-0.31778990634054305,-0.30941311232396734,265.01785714285717,NQ
2021-04-01,1,13299.5,13314.0,1,27.78,30.0,128.78571428571428,time,930,955,0.10785357737104827,0.11647254575707155,257.57142857142856,NQ
2021-04-05,1,13569.25,13581.5,1,23.28,25.5,127.3125,time,930,955,0.09142857142857143,0.10014727540500737,254.625,NQ
2021-04-06,1,13586.75,13571.25,1,-32.22,-30.0,130.83928571428572,time,930,955,-0.12312815613484372,-0.11464446567490104,261.67857142857144,NQ
2021-04-07,1,13577.75,13604.5,1,52.28,54.5,127.10714285714286,time,930,955,0.20565327339140207,0.2143860635009834,254.21428571428572,NQ
2021-04-08,1,13729.5,13749.5,2,77.56,82.0,119.66964285714286,time,930,955,0.1620293964037902,0.17130493173170186,239.33928571428572,NQ
2021-04-09,1,13806.0,13829.0,2,89.56,94.0,109.64285714285714,time,930,955,0.2042084690553746,0.21433224755700325,219.28571428571428,NQ
2021-04-12,-1,13783.0,13812.25,2,-119.44,-115.0,108.64285714285714,time,930,955,-0.27484549638395794,-0.2646285338593031,217.28571428571428,NQ
2021-04-13,1,13983.25,13975.25,2,-34.44,-30.0,100.70535714285714,time,930,955,-0.0854969412181931,-0.07447468747229365,201.41071428571428,NQ
2021-04-14,-1,13823.0,13808.75,2,54.56,59.0,100.3125,time,930,955,0.13597507788161994,0.1470404984423676,200.625,NQ
2021-04-15,1,14000.25,14015.75,2,59.56,64.0,97.875,time,930,955,0.15213282247765006,0.16347381864623245,195.75,NQ
2021-04-16,-1,14025.75,14031.5,2,-25.44,-21.0,97.82142857142857,time,930,955,-0.06501642935377876,-0.05366922234392114,195.64285714285714,NQ
2021-04-19,1,13861.5,13903.75,2,166.56,171.0,91.15178571428571,time,930,955,0.45682045254187487,0.4689979429914781,182.30357142857142,NQ
2021-04-20,1,13796.75,13799.25,2,7.5600000000000005,12.0,91.96428571428571,time,930,955,0.020551456310679613,0.03262135922330097,183.92857142857142,NQ
2021-04-21,1,13894.25,13918.5,2,94.56,99.0,93.0625,time,930,955,0.25402283411685694,0.26595030221625254,186.125,NQ
2021-04-22,-1,13756.0,13750.75,2,18.56,23.0,91.75,time,930,955,0.05057220708446866,0.06267029972752043,183.5,NQ
2021-04-23,1,13974.5,13924.75,2,-201.44,-197.0,91.96428571428571,time,930,955,-0.5476038834951457,-0.5355339805825243,183.92857142857142,NQ
2021-04-26,-1,13995.75,14014.25,2,-76.44,-72.0,89.45535714285714,time,930,955,-0.2136261103902585,-0.2012176863958479,178.91071428571428,NQ
2021-04-27,-1,13961.0,13951.75,2,34.56,39.0,89.73214285714286,time,930,955,0.0962865671641791,0.10865671641791044,179.46428571428572,NQ
2021-04-28,1,13920.25,13895.5,2,-101.44,-97.0,89.50892857142857,time,930,955,-0.28332369077306735,-0.27092269326683294,179.01785714285714,NQ
2021-04-29,-1,13956.25,13955.25,2,1.56,6.0,87.86607142857143,time,930,955,0.004438573315719947,0.017071435829692103,175.73214285714286,NQ
2021-04-30,1,13862.0,13860.75,2,-7.4399999999999995,-3.0,90.03571428571429,time,930,955,-0.02065846886156287,-0.008330027766759222,180.07142857142858,NQ
2021-05-03,-1,13796.0,13790.75,2,18.56,23.0,91.26785714285714,time,930,955,0.050839366073175504,0.0630013695949912,182.53571428571428,NQ
2021-05-04,-1,13487.25,13543.5,2,-227.44,-223.0,91.03571428571429,time,930,955,-0.6245900353079639,-0.6123970184386033,182.07142857142858,NQ
2021-05-05,-1,13499.0,13494.25,2,16.56,21.0,97.96428571428571,time,930,955,0.0422602989427634,0.05359095880422895,195.92857142857142,NQ
2021-05-06,-1,13521.25,13596.75,2,-304.44,-300.0,97.14285714285714,time,930,955,-0.7834852941176471,-0.7720588235294118,194.28571428571428,NQ
2021-05-07,1,13727.25,13706.25,2,-86.44,-82.0,101.70535714285714,time,930,955,-0.21247651654815206,-0.20156263716969539,203.41071428571428,NQ
2021-05-10,-1,13394.5,13356.5,2,149.56,154.0,101.83928571428571,time,930,955,0.3671471155532176,0.37804664211818345,203.67857142857142,NQ
2021-05-11,1,13319.0,13343.75,2,96.56,101.0,106.96428571428571,time,930,955,0.22568280467445745,0.23606010016694493,213.92857142857142,NQ
2021-05-12,1,13014.25,12998.25,2,-66.44,-62.0,109.28571428571429,time,930,955,-0.15198692810457515,-0.14183006535947712,218.57142857142858,NQ
2021-05-13,1,13157.0,13097.25,2,-241.44,-237.0,114.33035714285714,time,930,955,-0.5279437719640765,-0.5182350644279579,228.66071428571428,NQ
2021-05-14,1,13392.5,13384.25,2,-35.44,-31.0,114.1875,time,930,955,-0.07759168035030103,-0.06787082649151614,228.375,NQ
2021-05-17,-1,13273.0,13306.0,2,-134.44,-130.0,121.5,time,930,955,-0.2766255144032922,-0.2674897119341564,243.0,NQ
2021-05-18,-1,13300.5,13213.5,2,345.56,350.0,124.33928571428571,time,930,955,0.6947924745081143,0.7037196610656327,248.67857142857142,NQ
2021-05-19,1,13188.5,13230.25,1,82.28,84.5,127.5,time,930,955,0.32266666666666666,0.33137254901960783,255.0,NQ
2021-05-20,1,13511.5,13486.25,1,-51.72,-49.5,128.61607142857142,time,930,955,-0.2010635196112461,-0.19243318292259634,257.23214285714283,NQ
2021-05-21,-1,13428.5,13409.25,1,37.28,39.5,134.34821428571428,time,930,955,0.13874393566823953,0.14700604771715292,268.69642857142856,NQ
2021-05-24,1,13662.75,13637.25,1,-52.22,-50.0,134.30357142857142,time,930,955,-0.19441031777689138,-0.18614545938040156,268.60714285714283,NQ
2021-05-25,-1,13636.75,13656.5,1,-40.72,-38.5,129.5625,time,930,955,-0.1571442354076218,-0.1485769416304872,259.125,NQ
2021-05-26,-1,13693.5,13702.0,1,-18.22,-16.0,126.8125,time,930,955,-0.07183834401182848,-0.06308526367668803,253.625,NQ
2021-05-27,-1,13652.25,13652.5,2,-3.44,1.0,121.58928571428571,time,930,955,-0.007072991628726685,0.0020561022176531062,243.17857142857142,NQ
2021-05-28,1,13718.75,13690.25,2,-116.44,-112.0,116.6875,time,930,955,-0.24946973754686663,-0.2399571505088377,233.375,NQ
2021-06-01,-1,13659.0,13651.25,2,28.56,33.0,99.01785714285714,time,930,955,0.07210820559062218,0.08331830477908025,198.03571428571428,NQ
2021-06-02,1,13642.0,13674.0,2,125.56,130.0,91.75,time,930,955,0.34212534059945504,0.3542234332425068,183.5,NQ
2021-06-03,-1,13548.5,13528.5,2,77.56,82.0,87.57142857142857,time,930,955,0.22141924959216966,0.23409461663947798,175.14285714285714,NQ
2021-06-04,1,13767.25,13766.25,2,-6.4399999999999995,-2.0,83.40178571428571,time,930,955,-0.019304143025372016,-0.005995075473718018,166.80357142857142,NQ
2021-06-07,1,13798.75,13802.25,2,11.56,16.0,85.32142857142857,time,930,955,0.03387191293428213,0.046881540393470075,170.64285714285714,NQ
2021-06-08,-1,13820.5,13809.25,3,63.84,70.5,81.86607142857143,time,930,955,0.1299683716872069,0.14352710219216927,163.73214285714286,NQ
2021-06-09,1,13824.25,13815.5,3,-56.16,-49.5,78.36607142857143,time,930,955,-0.1194394440013672,-0.10527515096274354,156.73214285714286,NQ
2021-06-10,1,13933.5,13959.5,3,152.34,159.0,71.34821428571429,time,930,955,0.3558603428857464,0.37141784507571013,142.69642857142858,NQ
2021-06-11,1,13970.25,13994.25,3,140.34,147.0,70.60714285714286,time,930,955,0.33126960040465353,0.34699038947900857,141.21428571428572,NQ
2021-06-14,1,14071.0,14130.5,3,353.34,360.0,63.035714285714285,time,930,955,0.9342322946175636,0.951841359773371,126.07142857142857,NQ
2021-06-15,-1,14018.5,14035.5,3,-105.66,-99.0,64.47321428571429,time,930,955,-0.2731366846697133,-0.25592023265475694,128.94642857142858,NQ
2021-06-16,1,13991.25,13975.5,3,-98.16,-91.5,66.35714285714286,time,930,955,-0.24654467168998923,-0.22981700753498385,132.71428571428572,NQ
2021-06-17,1,14181.75,14156.0,3,-158.16,-151.5,73.09821428571429,time,930,955,-0.36061072431904234,-0.3454256748503725,146.19642857142858,NQ
2021-06-18,1,14073.0,14041.5,3,-192.66,-186.0,78.66071428571429,time,930,955,-0.40820885357548237,-0.39409761634506235,157.32142857142858,NQ
2021-06-21,1,14115.25,14128.0,3,72.84,79.5,82.49107142857143,time,930,955,0.1471674423638922,0.16062344409568136,164.98214285714286,NQ
2021-06-22,1,14272.0,14257.5,3,-90.66,-84.0,82.66071428571429,time,930,955,-0.18279542017714406,-0.16936703391661265,165.32142857142858,NQ
2021-06-23,1,14285.5,14262.75,2,-93.44,-89.0,84.88392857142857,time,930,955,-0.27519932681182285,-0.26212264647102135,169.76785714285714,NQ
2021-06-24,1,14336.5,14354.0,3,101.34,108.0,80.3125,time,930,955,0.2103035019455253,0.22412451361867705,160.625,NQ
2021-06-25,-1,14329.0,14339.0,3,-63.66,-57.0,76.86607142857143,time,930,955,-0.13803229178766407,-0.1235915901963062,153.73214285714286,NQ
2021-06-28,1,14515.0,14511.0,3,-27.66,-21.0,76.19642857142857,time,930,955,-0.06050152331849074,-0.045933911413170846,152.39285714285714,NQ
2021-06-29,1,14558.5,14563.75,3,27.84,34.5,76.39285714285714,time,930,955,0.06073866292660122,0.07526881720430108,152.78571428571428,NQ
2021-06-30,-1,14558.25,14543.75,3,83.34,90.0,76.41071428571429,time,930,955,0.1817807899041832,0.19630754849263843,152.82142857142858,NQ
2021-07-01,1,14550.5,14547.5,3,-21.66,-15.0,73.01785714285714,time,930,955,-0.04943996087062852,-0.03423820004891172,146.03571428571428,NQ
2021-07-02,1,14709.25,14714.5,3,27.84,34.5,74.23214285714286,time,930,955,0.06250661534760645,0.07745970651912436,148.46428571428572,NQ
2021-07-06,1,14769.0,14776.25,3,39.84,46.5,71.34821428571429,time,930,955,0.09306469778500813,0.10862219997497183,142.69642857142858,NQ
2021-07-07,-1,14812.5,14802.5,3,56.34,63.0,67.75,time,930,955,0.1385977859778598,0.15498154981549817,135.5,NQ
2021-07-08,1,14698.5,14722.5,3,140.34,147.0,63.839285714285715,time,930,955,0.3663888111888112,0.3837762237762238,127.67857142857143,NQ
2021-07-09,1,14810.75,14810.0,3,-8.16,-1.5,67.96428571428571,time,930,955,-0.020010509721492382,-0.003678402522333159,135.92857142857142,NQ
2021-07-12,-1,14861.75,14868.75,3,-45.66,-39.0,67.19642857142857,time,930,955,-0.11325006643635396,-0.09673133138453362,134.39285714285714,NQ
2021-07-13,1,14876.5,14865.0,3,-72.66,-66.0,64.14285714285714,time,930,955,-0.18879732739420935,-0.1714922048997773,128.28571428571428,NQ
2021-07-14,-1,14917.25,14894.75,3,131.34,138.0,66.90178571428571,time,930,955,0.32719604964633664,0.34378753503269727,133.80357142857142,NQ
2021-07-16,-1,14679.75,14673.5,3,33.84,40.5,70.17857142857143,time,930,955,0.08036641221374047,0.09618320610687023,140.35714285714286,NQ
2021-07-19,-1,14459.25,14531.089285714286,3,-434.69571428571743,-428.0357142857174,71.33928571428571,stop,930,955,-1.015559449311647,-1.0000000000000073,142.67857142857142,NQ
2021-07-20,-1,14775.25,14718.75,3,335.34,342.0,76.05357142857143,time,930,955,0.7348767316271425,0.749471706973468,152.10714285714286,NQ
2021-07-21,1,14802.5,14827.75,2,98.56,103.0,83.45535714285714,time,930,955,0.2952476730501766,0.30854819728255056,166.91071428571428,NQ
2021-07-22,1,14920.0,14928.75,2,32.56,37.0,84.92857142857143,time,930,955,0.09584524810765349,0.10891505466778806,169.85714285714286,NQ
2021-07-23,-1,15099.5,15099.0,3,-0.6600000000000001,6.0,82.125,time,930,955,-0.0013394216133942164,0.0121765601217656,164.25,NQ
2021-07-26,1,15116.5,15116.75,2,-1.44,3.0,87.9375,time,930,955,-0.004093816631130064,0.008528784648187633,175.875,NQ
2021-07-27,-1,14911.25,14950.5,2,-159.44,-155.0,85.40178571428571,time,930,955,-0.4667349712493466,-0.4537375849451124,170.80357142857142,NQ
2021-07-28,-1,15033.75,15006.25,2,107.56,112.0,92.01785714285714,time,930,955,0.2922258878323307,0.30428876382689696,184.03571428571428,NQ
2021-07-29,1,15035.25,15035.0,2,-3.44,1.0,88.84821428571429,time,930,955,-0.009679429203095165,0.002813787559039292,177.69642857142858,NQ
2021-07-30,1,14962.25,14954.5,2,-33.44,-29.0,86.625,time,930,955,-0.0965079365079365,-0.0836940836940837,173.25,NQ
2021-08-02,-1,14959.25,14955.0,2,14.56,19.0,89.58928571428571,time,930,955,0.040629858481164044,0.05301973290811242,179.17857142857142,NQ
2021-08-03,-1,15043.75,15044.25,2,-4.4399999999999995,-0.0,88.08928571428571,time,930,955,-0.012600851408878977,-0.0,176.17857142857142,NQ
2021-08-04,1,15078.75,15068.75,2,-42.44,-38.0,90.48214285714286,time,930,955,-0.11726070653246495,-0.10499309255970002,180.96428571428572,NQ
2021-08-05,1,15142.5,15166.0,2,91.56,96.0,87.51785714285714,time,930,955,0.2615466231381351,0.27422974903081004,175.03571428571428,NQ
2021-08-06,1,15096.75,15096.0,2,-5.4399999999999995,-1.0,83.58035714285714,time,930,955,-0.016271765836983226,-0.0029911334259160346,167.16071428571428,NQ
2021-08-09,-1,15129.0,15123.0,3,32.34,39.0,79.67857142857143,time,930,955,0.06764679515912148,0.08157776781712237,159.35714285714286,NQ
2021-08-10,1,15046.75,15046.0,3,-8.16,-1.5,72.91964285714286,time,930,955,-0.018650667319701237,-0.003428431492592139,145.83928571428572,NQ
2021-08-11,-1,15021.0,15022.0,3,-9.66,-3.0,73.72321428571429,time,930,955,-0.02183844011142061,-0.006782124258205158,147.44642857142858,NQ
2021-08-12,-1,15080.5,15076.5,3,20.34,27.0,75.625,time,930,955,0.044826446280991736,0.05950413223140496,151.25,NQ
2021-08-13,1,15107.75,15126.0,3,105.84,112.5,74.23214285714286,time,930,955,0.2376329083473659,0.2525859995188838,148.46428571428572,NQ
2021-08-16,-1,15112.25,15134.25,3,-135.66,-129.0,73.50892857142857,time,930,955,-0.30758168346896636,-0.2924814769828738,147.01785714285714,NQ
2021-08-17,-1,14973.25,15000.75,3,-168.66,-162.0,69.11607142857143,time,930,955,-0.40670714377987344,-0.3906472032037205,138.23214285714286,NQ
2021-08-18,1,14920.5,14848.598214285714,3,-435.07071428571743,-428.4107142857174,71.40178571428571,stop,930,955,-1.0155458296861397,-1.0000000000000073,142.80357142857142,NQ
2021-08-19,1,14976.25,14928.75,3,-288.66,-282.0,74.73214285714286,time,930,955,-0.6437658303464755,-0.6289127837514934,149.46428571428572,NQ
2021-08-20,1,15086.25,15083.25,3,-21.66,-15.0,77.08928571428571,time,930,955,-0.04682881630762104,-0.03242992819087329,154.17857142857142,NQ
2021-08-23,1,15327.75,15306.0,3,-134.16,-127.5,78.9375,time,930,955,-0.2832620744259699,-0.26920031670625494,157.875,NQ
2021-08-24,-1,15362.75,15356.25,3,35.34,42.0,80.83035714285714,time,930,955,0.07286866232188226,0.08660112669833205,161.66071428571428,NQ
2021-08-25,1,15371.0,15362.25,3,-56.16,-49.5,79.51785714285714,time,930,955,-0.11770940938693016,-0.10375028070963396,159.03571428571428,NQ
2021-08-26,-1,15291.75,15274.0,3,102.84,109.5,78.11607142857143,time,930,955,0.21941707623728426,0.23362670019430792,156.23214285714286,NQ
2021-08-27,1,15434.0,15424.25,3,-62.16,-55.5,77.78571428571429,time,930,955,-0.13318640955004588,-0.11891643709825526,155.57142857142858,NQ
2021-08-30,1,15606.75,15599.0,3,-50.16,-43.5,81.125,time,930,955,-0.10305084745762712,-0.08936825885978428,162.25,NQ
2021-08-31,-1,15577.0,15584.75,3,-50.16,-43.5,82.21428571428571,time,930,955,-0.10168549087749783,-0.08818418766290184,164.42857142857142,NQ
2021-09-01,1,15637.0,15611.25,3,-158.16,-151.5,79.91071428571429,time,930,955,-0.32986815642458095,-0.3159776536312849,159.82142857142858,NQ
2021-09-02,-1,15588.0,15605.25,3,-107.16,-100.5,78.66964285714286,time,930,955,-0.22702530927250025,-0.21291567358983088,157.33928571428572,NQ
2021-09-03,1,15663.0,15652.25,3,-68.16,-61.5,80.69642857142857,time,930,955,-0.1407745076344324,-0.12701925204691303,161.39285714285714,NQ
2021-09-07,-1,15678.0,15673.5,3,23.34,30.0,70.48214285714286,time,930,955,0.05519128451988852,0.0709399543957436,140.96428571428572,NQ
2021-09-08,-1,15600.0,15623.0,3,-141.66,-135.0,66.90178571428571,time,930,955,-0.35290537835312963,-0.33631389296676906,133.80357142857142,NQ
2021-09-09,1,15588.25,15563.75,3,-150.66,-144.0,63.839285714285715,time,930,955,-0.39333146853146855,-0.37594405594405594,127.67857142857143,NQ
2021-09-10,1,15482.75,15445.0,4,-306.88,-298.0,62.035714285714285,time,930,955,-0.6183534830166955,-0.6004605641911341,124.07142857142857,NQ
2021-09-13,-1,15425.0,15437.75,4,-106.88,-98.0,61.339285714285715,time,930,955,-0.21780494905385733,-0.19970887918486172,122.67857142857143,NQ
2021-09-14,-1,15363.75,15390.5,3,-164.16,-157.5,66.35714285714286,time,930,955,-0.4123143164693218,-0.39558665231431644,132.71428571428572,NQ
2021-09-15,-1,15494.5,15497.5,3,-21.66,-15.0,70.48214285714286,time,930,955,-0.05121864707372688,-0.0354699771978718,140.96428571428572,NQ
2021-09-16,-1,15506.25,15510.5,3,-29.16,-22.5,73.94642857142857,time,930,955,-0.0657232552523545,-0.05071238831200193,147.89285714285714,NQ
2021-09-17,-1,15312.25,15322.25,3,-63.66,-57.0,74.08035714285714,time,930,955,-0.1432228516331204,-0.1282391225744245,148.16071428571428,NQ
2021-09-20,1,14898.0,15004.25,3,633.84,640.5,75.53571428571429,time,930,955,1.3985437352245862,1.413238770685579,151.07142857142858,NQ
2021-09-21,-1,15087.5,15018.75,2,272.56,277.0,90.64285714285714,time,930,955,0.7517415287628054,0.7639873916469662,181.28571428571428,NQ
2021-09-22,1,15181.75,15161.5,2,-83.44,-79.0,92.16964285714286,time,930,955,-0.22632180567664437,-0.2142787949239562,184.33928571428572,NQ
2021-09-23,1,15328.0,15299.25,2,-117.44,-113.0,95.09821428571429,time,930,955,-0.3087334522580039,-0.29706130879729603,190.19642857142858,NQ
2021-09-24,1,15314.25,15315.5,2,2.56,7.0,97.58928571428571,time,930,955,0.006558096980786826,0.017932296431838978,195.17857142857142,NQ
2021-09-27,-1,15214.25,15194.5,2,76.56,81.0,100.77678571428571,time,930,955,0.18992469212368213,0.20093913351643486,201.55357142857142,NQ
2021-09-28,-1,14803.25,14764.5,2,152.56,157.0,105.66964285714286,time,930,955,0.3609362061681453,0.3714406421630756,211.33928571428572,NQ
2021-09-29,1,14808.0,14742.0,2,-266.44,-262.0,116.52678571428571,time,930,955,-0.5716282277220137,-0.5621025208796261,233.05357142857142,NQ
2021-09-30,1,14800.0,14680.30357142857,2,-481.2257142857174,-476.7857142857174,119.19642857142857,stop,930,955,-1.0093123595505684,-1.0000000000000067,238.39285714285714,NQ
2021-10-01,-1,14793.75,14770.75,2,89.56,94.0,118.26785714285714,time,930,955,0.1893160199305451,0.19870149479088028,236.53571428571428,NQ
2021-10-04,-1,14421.75,14468.25,2,-188.44,-184.0,120.63392857142857,time,930,955,-0.3905203167789209,-0.3813189253201095,241.26785714285714,NQ
2021-10-05,1,14712.5,14658.25,1,-109.72,-107.5,128.60714285714286,time,930,955,-0.42657039711191336,-0.41793946126076087,257.2142857142857,NQ
2021-10-06,1,14704.0,14753.75,1,98.28,100.5,131.46428571428572,time,930,955,0.3737897310513447,0.3822330888345558,262.92857142857144,NQ
2021-10-07,1,14932.25,14886.25,1,-93.22,-91.0,135.30357142857142,time,930,955,-0.34448462452157846,-0.33628084994060975,270.60714285714283,NQ
2021-10-08,-1,14842.0,14811.25,1,60.28,62.5,135.77678571428572,time,930,955,0.22198198198198196,0.2301571644637338,271.55357142857144,NQ
2021-10-11,1,14750.25,14699.5,2,-205.44,-201.0,122.83928571428571,time,930,955,-0.4181072830353249,-0.40907108591365027,245.67857142857142,NQ
2021-10-12,-1,14673.5,14650.25,2,90.56,95.0,124.40178571428571,time,930,955,0.18199095672145268,0.19091365822148856,248.80357142857142,NQ
2021-10-13,-1,14749.0,14766.5,2,-72.44,-68.0,122.44642857142857,time,930,955,-0.14790141461280443,-0.13883622575470322,244.89285714285714,NQ
2021-10-14,1,15030.0,15036.75,2,24.56,29.0,121.03571428571429,time,930,955,0.05072882856299793,0.05989967542047801,242.07142857142858,NQ
2021-10-15,-1,15115.0,15135.5,1,-42.22,-40.0,125.96428571428571,time,930,955,-0.16758718457612704,-0.15877516302806918,251.92857142857142,NQ
2021-10-18,1,15270.0,15286.0,2,61.56,66.0,121.28571428571429,time,930,955,0.1268904593639576,0.13604240282685512,242.57142857142858,NQ
2021-10-19,-1,15381.5,15400.25,2,-77.44,-73.0,113.74107142857143,time,930,955,-0.1702111625716304,-0.1604521548002198,227.48214285714286,NQ
2021-10-20,-1,15367.25,15383.25,2,-66.44,-62.0,110.96428571428571,time,930,955,-0.14968780173801094,-0.13968458319922755,221.92857142857142,NQ
2021-10-21,1,15463.25,15475.0,2,44.56,49.0,108.07142857142857,time,930,955,0.1030799735624587,0.11335095836087244,216.14285714285714,NQ
2021-10-22,1,15357.75,15341.75,2,-66.44,-62.0,103.38392857142857,time,930,955,-0.1606632697124104,-0.14992659124276708,206.76785714285714,NQ
2021-10-25,-1,15505.0,15501.5,2,11.56,16.0,96.19642857142857,time,930,955,0.03004269537776128,0.04158158529793948,192.39285714285714,NQ
2021-10-26,1,15570.0,15544.75,2,-103.44,-99.0,93.77678571428571,time,930,955,-0.27576121108254786,-0.2639245929734362,187.55357142857142,NQ
2021-10-27,1,15637.75,15584.75,2,-214.44,-210.0,90.86607142857143,time,930,955,-0.5899891913137467,-0.5777734106318169,181.73214285714286,NQ
2021-10-28,-1,15745.25,15761.75,2,-68.44,-64.0,88.19642857142857,time,930,955,-0.19399878517918606,-0.18141324154687183,176.39285714285714,NQ
2021-10-29,1,15793.5,15840.0,2,183.56,188.0,89.4375,time,930,955,0.5130957372466807,0.5255066387141859,178.875,NQ
2021-11-01,-1,15865.0,15894.0,2,-118.44,-114.0,90.50892857142857,time,930,955,-0.32715004439183193,-0.3148860609647825,181.01785714285714,NQ
2021-11-02,1,15954.0,15961.75,2,28.56,33.0,89.54464285714286,time,930,955,0.07973676338618008,0.09213281483697278,179.08928571428572,NQ
2021-11-03,-1,16104.75,16130.0,2,-103.44,-99.0,88.49107142857143,time,930,955,-0.2922328725658359,-0.27968923418423974,176.98214285714286,NQ
2021-11-04,1,16334.75,16334.75,2,-2.44,2.0,85.91964285714286,time,930,955,-0.007099657071599293,0.005819391042294502,171.83928571428572,NQ
2021-11-05,1,16366.75,16351.0,2,-65.44,-61.0,91.11607142857143,time,930,955,-0.1795512003919647,-0.16736893679568837,182.23214285714286,NQ
2021-11-08,-1,16349.0,16329.5,2,75.56,80.0,88.05357142857143,time,930,955,0.2145284932062462,0.22713445548570269,176.10714285714286,NQ
2021-11-09,-1,16201.25,16217.75,2,-68.44,-64.0,87.125,time,930,955,-0.1963845050215208,-0.1836441893830703,174.25,NQ
2021-11-10,1,15973.75,15977.75,2,13.56,18.0,90.84821428571429,time,930,955,0.037314987714987716,0.04953316953316953,181.69642857142858,NQ
2021-11-11,-1,16026.0,16022.75,2,10.56,15.0,97.08928571428571,time,930,955,0.02719146588192018,0.038624241309545705,194.17857142857142,NQ
2021-11-12,-1,16210.75,16190.0,2,80.56,85.0,94.625,time,930,955,0.21284015852047558,0.22457067371202113,189.25,NQ
2021-11-15,-1,16180.75,16188.5,2,-33.44,-29.0,94.35714285714286,time,930,955,-0.08859954579863738,-0.07683573050719152,188.71428571428572,NQ
2021-11-16,1,16317.5,16304.75,2,-53.44,-49.0,93.36607142857143,time,930,955,-0.14309266520034425,-0.13120397819642343,186.73214285714286,NQ
2021-11-17,-1,16324.0,16313.0,2,41.56,46.0,93.4375,time,930,955,0.11119732441471572,0.12307692307692308,186.875,NQ
2021-11-18,-1,16475.0,16481.25,2,-27.44,-23.0,91.27678571428571,time,930,955,-0.07515602073755259,-0.06299520688643256,182.55357142857142,NQ
2021-11-19,1,16572.75,16572.5,2,-3.44,1.0,90.16071428571429,time,930,955,-0.00953852247969895,0.0027728263022380665,180.32142857142858,NQ
2021-11-22,1,16548.75,16457.48214285714,2,-367.5114285714348,-363.0714285714348,90.76785714285714,stop,930,950,-1.0122289986228776,-1.0000000000000173,181.53571428571428,NQ
2021-11-23,1,16253.25,16305.5,2,206.56,211.0,100.5625,time,930,955,0.5135114978247358,0.5245494095711623,201.125,NQ
2021-11-24,-1,16342.75,16362.5,2,-81.44,-77.0,103.76785714285714,time,930,955,-0.19620719325417313,-0.18551023920151438,207.53571428571428,NQ
2021-11-29,1,16424.0,16390.5,2,-136.44,-132.0,112.5,time,930,955,-0.30319999999999997,-0.29333333333333333,225.0,NQ
2021-11-30,1,16137.25,16148.5,2,42.56,47.0,118.30357142857143,time,930,955,0.08993811320754717,0.09932075471698112,236.60714285714286,NQ
2021-12-01,-1,15995.25,15875.0,2,478.56,483.0,120.55357142857143,time,930,955,0.9924218634276404,1.0016293882387795,241.10714285714286,NQ
2021-12-02,1,16032.0,15990.25,1,-84.72,-82.5,136.14285714285714,time,930,955,-0.3111437565582372,-0.30299055613851,272.2857142857143,NQ
2021-12-03,-1,15644.25,15716.25,1,-145.22,-143.0,139.42857142857142,time,930,955,-0.5207684426229509,-0.5128073770491803,278.85714285714283,NQ
2021-12-06,-1,15854.5,15843.0,1,21.78,24.0,153.01785714285714,time,930,955,0.07116816431322208,0.07842221962889485,306.0357142857143,NQ
2021-12-07,1,16273.75,16321.25,1,93.78,96.0,158.85714285714286,time,930,955,0.2951708633093525,0.302158273381295,317.7142857142857,NQ
2021-12-08,-1,16368.75,16389.25,1,-42.22,-40.0,172.25,time,930,955,-0.1225544267053701,-0.11611030478955008,344.5,NQ
2021-12-09,1,16179.5,16149.5,1,-61.22,-59.0,170.33928571428572,time,930,955,-0.17970017821574588,-0.17318377188384526,340.67857142857144,NQ
2021-12-10,-1,16289.75,16325.75,1,-73.22,-71.0,174.89285714285714,time,930,955,-0.2093281600980192,-0.20298141719420054,349.7857142857143,NQ
2021-12-13,-1,16167.25,16087.75,1,157.78,160.0,168.16071428571428,time,930,955,0.46913454390995013,0.4757353721992142,336.32142857142856,NQ
2021-12-14,1,15950.75,15926.25,1,-50.22,-48.0,166.97321428571428,time,930,955,-0.1503834019571146,-0.14373562911074275,333.94642857142856,NQ
2021-12-15,-1,16226.25,16282.25,1,-113.22,-111.0,170.08035714285714,time,930,955,-0.33284266890650427,-0.32631634206520027,340.1607142857143,NQ
2021-12-16,-1,15904.75,15862.5,1,83.28,85.5,187.99107142857142,time,930,955,0.2214998812633579,0.22740441700308717,375.98214285714283,NQ
2021-12-17,1,15796.5,15779.25,1,-35.72,-33.5,192.72321428571428,time,930,955,-0.09267176279823952,-0.08691220755154043,385.44642857142856,NQ
2021-12-20,1,15583.25,15624.5,1,81.28,83.5,189.52678571428572,time,930,955,0.21442879351768973,0.2202854854666227,379.05357142857144,NQ
2021-12-21,-1,15943.0,15973.25,1,-61.72,-59.5,185.95535714285714,time,930,955,-0.1659538099582273,-0.15998463532914006,371.9107142857143,NQ
2021-12-22,1,16106.5,16168.25,1,122.28,124.5,179.28571428571428,time,930,955,0.34101992031872513,0.34721115537848607,358.57142857142856,NQ
2021-12-23,1,16303.5,16293.5,1,-21.22,-19.0,177.16964285714286,time,930,955,-0.059886105931562766,-0.05362092425540493,354.3392857142857,NQ
2021-12-27,1,16539.5,16560.25,1,40.28,42.5,164.13392857142858,time,930,955,0.1227046727955176,0.12946744274601532,328.26785714285717,NQ
2021-12-28,-1,16494.5,16495.0,1,-2.2199999999999998,-0.0,161.69642857142858,time,930,955,-0.006864715626725565,-0.0,323.39285714285717,NQ
2021-12-29,1,16510.5,16488.25,1,-45.72,-43.5,149.36607142857142,time,930,955,-0.1530468049494889,-0.1456153984099468,298.73214285714283,NQ
2021-12-30,1,16492.5,16428.25,1,-129.72,-127.5,149.92857142857142,time,930,955,-0.4326060028585041,-0.4252024773701763,299.85714285714283,NQ
2021-12-31,-1,16362.75,16325.25,1,73.78,76.0,145.6875,time,930,955,0.2532132132132132,0.26083226083226085,291.375,NQ
2022-01-03,-1,16492.0,16489.25,1,4.28,6.5,143.83928571428572,time,930,955,0.014877715704531346,0.022594661700806953,287.67857142857144,NQ
2022-01-04,-1,16280.0,16273.0,1,12.78,15.0,141.66071428571428,time,930,955,0.04510777763771587,0.05294340098323459,283.32142857142856,NQ
2022-01-05,1,15850.25,15763.5,1,-174.72,-172.5,142.33928571428572,time,930,955,-0.6137448249905908,-0.6059465562664659,284.67857142857144,NQ
2022-01-06,1,15775.75,15757.75,1,-37.22,-35.0,140.78571428571428,time,930,955,-0.1321867072552004,-0.12430238457635719,281.57142857142856,NQ
2022-01-07,1,15615.5,15584.75,1,-62.72,-60.5,131.79464285714286,time,930,955,-0.23794593862204458,-0.22952374500372602,263.5892857142857,NQ
2022-01-10,-1,15499.0,15604.25,1,-211.72,-209.5,132.25892857142858,time,930,955,-0.8003996489569971,-0.7920070208600553,264.51785714285717,NQ
2022-01-11,-1,15815.25,15832.5,1,-35.72,-33.5,138.58035714285714,time,930,955,-0.12887829392436054,-0.12086850074093164,277.1607142857143,NQ
2022-01-12,1,15868.25,15895.0,1,52.28,54.5,137.89285714285714,time,930,955,0.1895674695674696,0.19761719761719762,275.7857142857143,NQ
2022-01-13,-1,15573.75,15498.25,1,149.78,152.0,136.74107142857142,time,930,955,0.547677440417891,0.5557949722494288,273.48214285714283,NQ
2022-01-14,1,15591.25,15592.0,1,0.28,2.5,148.66964285714286,time,930,955,0.0009416851840730287,0.00840790342922347,297.3392857142857,NQ
2022-01-18,-1,15233.5,15214.75,1,36.28,38.5,144.00892857142858,time,930,955,0.12596441192882385,0.1336722673445347,288.01785714285717,NQ
2022-01-19,1,15119.25,15036.75,1,-166.22,-164.0,152.09821428571428,time,930,955,-0.5464232462577048,-0.5391253302025243,304.19642857142856,NQ
2022-01-20,1,14964.25,14835.0,1,-259.72,-257.5,158.92857142857142,time,930,955,-0.8170966292134832,-0.8101123595505618,317.85714285714283,NQ
2022-01-21,-1,14490.5,14416.0,1,147.78,150.0,172.26785714285714,time,930,955,0.42892505442106355,0.4353685083445631,344.5357142857143,NQ
2022-01-24,-1,14379.5,14500.5,1,-243.22,-241.0,180.76785714285714,time,930,955,-0.6727412822285884,-0.6666008100365505,361.5357142857143,NQ
2022-01-25,-1,14208.5,14151.25,1,113.28,115.5,196.60714285714286,time,930,955,0.28808719346049044,0.29373297002724796,393.2142857142857,NQ
2022-01-26,-1,14097.25,14148.5,1,-103.72,-101.5,195.625,time,930,955,-0.2650990415335463,-0.2594249201277955,391.25,NQ
2022-01-27,1,13990.0,13987.75,1,-5.72,-3.5,208.70535714285714,time,930,955,-0.013703529411764706,-0.008385026737967914,417.4107142857143,NQ
2022-01-28,-1,14283.0,14433.75,1,-302.72,-300.5,213.9375,time,930,955,-0.7074963482325446,-0.7023079170318434,427.875,NQ
2022-01-31,1,14833.25,14898.25,1,128.78,131.0,217.99107142857142,time,930,955,0.29537907024370263,0.30047102191275854,435.98214285714283,NQ
2022-02-01,-1,14962.75,14991.75,1,-59.22,-57.0,222.83035714285714,time,930,955,-0.13288135593220338,-0.12789998797932445,445.6607142857143,NQ
2022-02-02,-1,15123.75,15114.0,1,18.28,20.5,225.625,time,930,955,0.04050969529085873,0.04542936288088643,451.25,NQ
2022-02-03,1,14546.25,14502.5,1,-88.72,-86.5,215.44642857142858,time,930,955,-0.20589805221715704,-0.2007459593866556,430.89285714285717,NQ
2022-02-04,1,14799.0,14680.0,1,-239.22,-237.0,230.8125,time,930,955,-0.51821283509342,-0.5134037367993501,461.625,NQ
2022-02-07,1,14641.75,14565.25,1,-154.22,-152.0,242.1875,time,930,955,-0.3183896774193548,-0.3138064516129032,484.375,NQ
2022-02-08,1,14723.75,14733.25,1,17.78,20.0,238.83928571428572,time,930,955,0.037221682242990654,0.04186915887850467,477.67857142857144,NQ
2022-02-09,-1,15030.25,15043.5,1,-27.72,-25.5,237.44642857142858,time,930,955,-0.058371061141610885,-0.0536963224787546,474.89285714285717,NQ
2022-02-10,1,14671.5,14702.75,1,61.28,63.5,229.83928571428572,time,930,955,0.13331054308134566,0.13814000466164245,459.67857142857144,NQ
2022-02-11,-1,14251.75,14238.0,1,26.28,28.5,229.02678571428572,time,930,955,0.05737320182449027,0.062219796499161824,458.05357142857144,NQ
2022-02-14,1,14291.0,14255.5,1,-72.22,-70.0,220.80357142857142,time,930,955,-0.16353902143145976,-0.1585119288313789,441.60714285714283,NQ
2022-02-15,1,14541.5,14608.75,1,133.28,135.5,213.86607142857142,time,930,955,0.31159687721788504,0.31678704128919133,427.73214285714283,NQ
2022-02-16,-1,14605.0,14601.75,1,5.28,7.5,202.99107142857142,time,930,955,0.013005498130635585,0.01847371893556191,405.98214285714283,NQ
2022-02-17,-1,14178.0,14166.5,1,21.78,24.0,195.83928571428572,time,930,955,0.055606820461384154,0.06127473329078143,391.67857142857144,NQ
2022-02-18,-1,13979.25,14005.25,1,-53.22,-51.0,191.39285714285714,time,930,955,-0.1390334017540586,-0.13323381227841016,382.7857142857143,NQ
2022-02-22,1,13942.0,13864.75,1,-155.72,-153.5,184.76785714285714,time,930,955,-0.42139364066879287,-0.41538610225186046,369.5357142857143,NQ
2022-02-23,-1,13569.5,13507.0,1,123.78,126.0,190.51785714285714,time,930,955,0.32485143874777395,0.3306776642609429,381.0357142857143,NQ
2022-02-24,1,13922.5,13965.5,1,84.78,87.0,186.19642857142858,time,930,955,0.22766279850388413,0.23362424474920876,372.39285714285717,NQ
2022-02-25,-1,14131.25,14182.75,1,-104.22,-102.0,205.42857142857142,time,930,955,-0.25366481223922116,-0.2482614742698192,410.85714285714283,NQ
2022-02-28,1,14064.25,14234.0,1,338.28,340.5,207.58928571428572,time,930,955,0.8147819354838709,0.8201290322580644,415.17857142857144,NQ
2022-03-01,1,13981.5,14004.5,1,44.78,47.0,207.16071428571428,time,930,955,0.10808033790190502,0.11343849668132058,414.32142857142856,NQ
2022-03-02,1,14278.0,14237.0,1,-83.22,-81.0,209.38392857142858,time,930,955,-0.1987258539081489,-0.1934245874376359,418.76785714285717,NQ
2022-03-03,-1,13991.5,14035.75,1,-89.72,-87.5,206.44642857142858,time,930,955,-0.21729608165383615,-0.2119193841363204,412.89285714285717,NQ
2022-03-04,-1,13779.0,13834.0,1,-111.22,-109.0,199.83035714285714,time,930,955,-0.2782860461999017,-0.2727313346141817,399.6607142857143,NQ
2022-03-07,-1,13383.5,13320.5,1,124.78,127.0,200.17857142857142,time,930,955,0.3116717216770741,0.3172167707404104,400.35714285714283,NQ
2022-03-08,-1,13301.25,13254.75,1,91.78,94.0,207.57142857142858,time,930,955,0.2210805230557467,0.2264280798348245,415.14285714285717,NQ
2022-03-09,-1,13782.5,13742.0,1,79.78,82.0,217.70535714285714,time,930,955,0.18322929910183325,0.18832793339621867,435.4107142857143,NQ
2022-03-10,1,13589.25,13591.0,1,2.2800000000000002,4.5,220.83928571428572,time,930,955,0.005162125010107545,0.010188404625212259,441.67857142857144,NQ
2022-03-11,-1,13348.5,13300.5,1,94.78,97.0,221.94642857142858,time,930,955,0.21351999356344034,0.21852120041837636,443.89285714285717,NQ
2022-03-14,1,13039.0,13048.25,1,17.28,19.5,227.41071428571428,time,930,955,0.03799293286219082,0.04287396937573616,454.82142857142856,NQ
2022-03-15,1,13453.5,13456.5,1,4.78,7.0,226.67857142857142,time,930,955,0.010543563888451239,0.01544036552702064,453.35714285714283,NQ
2022-03-16,1,13825.25,13954.75,1,257.78,260.0,223.25,time,930,955,0.5773348264277715,0.5823068309070548,446.5,NQ
2022-03-17,1,14050.25,14119.25,1,136.78,139.0,208.08928571428572,time,930,955,0.32865699819788896,0.33399124688921306,416.17857142857144,NQ
2022-03-18,1,14420.0,14410.0,1,-21.22,-19.0,206.22321428571428,time,930,955,-0.051449105944494956,-0.04606658873446768,412.44642857142856,NQ
2022-03-21,-1,14316.25,14373.0,1,-114.72,-112.5,210.95535714285714,time,930,955,-0.27190587040250563,-0.266644093621704,421.9107142857143,NQ
2022-03-22,1,14652.75,14654.75,1,2.7800000000000002,5.0,207.74107142857142,time,930,955,0.006691021618601454,0.012034211544247218,415.48214285714283,NQ
2022-03-23,-1,14496.0,14444.25,1,102.28,104.5,206.99107142857142,time,930,955,0.2470637967476168,0.25242634689211924,413.98214285714283,NQ
2022-03-24,-1,14722.0,14766.75,1,-90.72,-88.5,201.30357142857142,time,930,955,-0.22533132262929123,-0.21981726248558503,402.60714285714283,NQ
2022-03-25,-1,14645.5,14755.5,1,-221.22,-219.0,202.5,time,930,955,-0.5462222222222222,-0.5407407407407407,405.0,NQ
2022-03-28,1,14969.5,14987.0,1,33.78,36.0,190.69642857142858,time,930,955,0.08857009083247495,0.09439086056746886,381.39285714285717,NQ
2022-03-29,1,15264.5,15241.25,1,-47.72,-45.5,181.38392857142858,time,930,955,-0.1315441791779473,-0.12542456313069159,362.76785714285717,NQ
2022-03-30,1,15045.5,15080.5,1,68.78,71.0,172.10714285714286,time,930,955,0.19981738949989625,0.2062668603444698,344.2142857142857,NQ
2022-03-31,-1,14958.25,14870.25,1,174.78,177.0,167.95535714285714,time,930,955,0.5203168358938919,0.526925734942321,335.9107142857143,NQ
2022-04-01,-1,14758.25,14860.0,1,-204.72,-202.5,160.74107142857142,time,930,955,-0.6368005332444593,-0.6298950174970839,321.48214285714283,NQ
2022-04-04,1,15146.75,15164.5,1,34.28,36.5,154.66964285714286,time,930,955,0.11081683311204757,0.11799341915372626,309.3392857142857,NQ
2022-04-05,-1,14804.75,14831.75,1,-55.22,-53.0,149.91071428571428,time,930,955,-0.18417629541393687,-0.17677188802858845,299.82142857142856,NQ
2022-04-06,-1,14475.5,14505.75,1,-61.72,-59.5,145.75892857142858,time,930,955,-0.21171944869831544,-0.20410413476263398,291.51785714285717,NQ
2022-04-07,1,14609.75,14542.5,1,-135.72,-133.5,150.53571428571428,time,930,955,-0.4507900355871886,-0.4434163701067616,301.07142857142856,NQ
2022-04-08,-1,14368.0,14336.5,1,61.78,64.0,146.52678571428572,time,930,955,0.21081469745902137,0.2183901041984035,293.05357142857144,NQ
2022-04-11,-1,14018.75,14000.75,1,34.78,37.0,144.71428571428572,time,930,955,0.12016781836130305,0.1278381046396841,289.42857142857144,NQ
2022-04-12,1,13900.25,13941.5,1,81.28,83.5,145.91071428571428,time,930,955,0.2785264961449027,0.28613388814098645,291.82142857142856,NQ
2022-04-13,1,14261.75,14221.5,1,-81.72,-79.5,151.44642857142858,time,930,955,-0.26979837283339225,-0.26246904846126634,302.89285714285717,NQ
2022-04-14,-1,13918.5,13893.75,1,48.28,50.5,151.8125,time,930,955,0.15901193906957595,0.16632358995471389,303.625,NQ
2022-04-18,1,13862.25,13916.75,1,107.78,110.0,156.30357142857142,time,930,955,0.34477779047183826,0.35187935564949163,312.60714285714283,NQ
2022-04-19,1,14219.75,14212.0,1,-16.72,-14.5,153.78571428571428,time,930,955,-0.05436135624709707,-0.04714352066883419,307.57142857142856,NQ
2022-04-20,-1,14009.0,14003.75,1,9.28,11.5,158.32142857142858,time,930,955,0.029307466726821562,0.036318520189487925,316.64285714285717,NQ
2022-04-21,1,13721.0,13721.75,1,0.28,2.5,161.33035714285714,time,930,955,0.0008677846034644973,0.007748076816647296,322.6607142857143,NQ
2022-04-22,-1,13496.25,13357.0,1,277.28,279.5,174.30357142857142,time,930,955,0.7953939145579346,0.801762114537445,348.60714285714283,NQ
2022-04-25,-1,13475.25,13531.0,1,-112.72,-110.5,182.54464285714286,time,930,955,-0.30874639276106625,-0.30266568843237956,365.0892857142857,NQ
2022-04-26,-1,13058.25,13009.25,1,96.78,99.0,182.54464285714286,time,930,955,0.26508584005869407,0.27116654438738075,365.0892857142857,NQ
2022-04-27,1,13024.0,13001.5,1,-46.22,-44.0,187.54464285714286,time,930,955,-0.1232239942870745,-0.117305403475363,375.0892857142857,NQ
2022-04-28,-1,13478.5,13463.25,1,29.28,31.5,183.55357142857142,time,930,955,0.0797587313941045,0.08580601225800176,367.10714285714283,NQ
2022-04-29,1,12955.5,12855.0,1,-202.22,-200.0,191.53571428571428,time,930,955,-0.527891105724408,-0.522095841879545,383.07142857142856,NQ
2022-05-02,1,13027.75,13070.0,1,83.28,85.5,205.78571428571428,time,930,955,0.20234640749739674,0.20774036792780284,411.57142857142856,NQ
2022-05-03,1,13104.75,13089.5,1,-31.72,-29.5,206.52678571428572,time,930,955,-0.07679391293069905,-0.07141930742293891,413.05357142857144,NQ
2022-05-04,-1,13506.0,13533.25,1,-55.72,-53.5,200.0625,time,930,955,-0.13925648234926585,-0.133708216182443,400.125,NQ
2022-05-05,-1,12760.75,12859.0,1,-197.72,-195.5,211.73214285714286,time,930,955,-0.4669106856709117,-0.46166821287003457,423.4642857142857,NQ
2022-05-06,-1,12633.0,12693.5,1,-122.22,-120.0,228.39285714285714,time,930,955,-0.2675652853792025,-0.2627052384675528,456.7857142857143,NQ
2022-05-09,1,12223.75,12196.5,1,-55.72,-53.5,235.29464285714286,time,930,955,-0.11840473570371494,-0.11368724623382537,470.5892857142857,NQ
2022-05-10,-1,12383.5,12342.75,1,80.28,82.5,240.63392857142858,time,930,955,0.16680939482765017,0.171422210678639,481.26785714285717,NQ
2022-05-11,1,12013.75,11974.5,1,-79.72,-77.5,242.90178571428572,time,930,955,-0.1640992464620474,-0.15952949825399743,485.80357142857144,NQ
2022-05-12,1,11850.0,11947.75,1,194.28,196.5,240.65178571428572,time,930,955,0.40365376766964717,0.4082662412347419,481.30357142857144,NQ
2022-05-13,1,12365.75,12384.25,1,35.78,38.0,240.86607142857142,time,930,955,0.07427364050858139,0.07888201060162361,481.73214285714283,NQ
2022-05-16,-1,12256.25,12247.75,1,15.78,18.0,247.17857142857142,time,930,955,0.031920242739488514,0.036410923276983094,494.35714285714283,NQ
2022-05-17,-1,12559.5,12563.5,1,-9.22,-7.0,236.04464285714286,time,930,955,-0.01953020388092446,-0.014827703597231153,472.0892857142857,NQ
2022-05-18,-1,11915.0,11941.0,1,-53.22,-51.0,236.24107142857142,time,930,955,-0.11263917759552515,-0.10794058732378398,472.48214285714283,NQ
2022-05-19,1,11886.75,11876.0,1,-22.72,-20.5,241.08035714285714,time,930,955,-0.047121217732676565,-0.04251694381689567,482.1607142857143,NQ
2022-05-20,-1,11707.75,11835.75,1,-257.22,-255.0,228.58928571428572,time,930,955,-0.5626247949378955,-0.5577689243027888,457.17857142857144,NQ
2022-05-23,-1,12004.5,12035.0,1,-62.22,-60.0,235.35714285714286,time,930,955,-0.13218209408194234,-0.1274658573596358,470.7142857142857,NQ
2022-05-24,-1,11742.0,11782.0,1,-81.22,-79.0,237.32142857142858,time,930,955,-0.17111813393528968,-0.16644093303235516,474.64285714285717,NQ
2022-05-25,1,11980.5,11949.25,1,-63.72,-61.5,229.6875,time,930,955,-0.13871020408163265,-0.13387755102040816,459.375,NQ
2022-05-26,1,12268.75,12274.75,1,10.78,13.0,211.83928571428572,time,930,955,0.025443816909719294,0.030683638202815475,423.67857142857144,NQ
2022-05-27,1,12642.75,12682.0,1,77.28,79.5,213.0625,time,930,955,0.1813552361396304,0.18656497506600175,426.125,NQ
2022-05-31,-1,12737.75,12645.5,1,183.28,185.5,199.73214285714286,time,930,955,0.4588144836835047,0.4643719266875279,399.4642857142857,NQ
2022-06-01,1,12600.0,12549.75,1,-101.72,-99.5,192.23214285714286,time,930,955,-0.26457594054807243,-0.2588016720854621,384.4642857142857,NQ
2022-06-02,1,12835.5,12894.0,1,115.78,118.0,189.55357142857142,time,930,955,0.30540178991992467,0.31125765426283564,379.10714285714283,NQ
2022-06-03,1,12543.5,12553.75,1,19.28,21.5,188.58035714285714,time,930,955,0.05111879172387671,0.05700487666303679,377.1607142857143,NQ
2022-06-06,1,12567.75,12600.0,1,63.28,65.5,194.95535714285714,time,930,955,0.16229356537668882,0.1679871765514083,389.9107142857143,NQ
2022-06-07,1,12708.5,12711.25,1,4.28,6.5,193.05357142857142,time,930,955,0.011085006012394785,0.01683470539265563,386.10714285714283,NQ
2022-06-08,1,12649.75,12618.75,1,-63.22,-61.0,180.625,time,930,955,-0.17500346020761245,-0.16885813148788928,361.25,NQ
2022-06-09,1,12356.0,12271.0,1,-171.22,-169.0,177.84821428571428,time,930,955,-0.48136553039811236,-0.47512425322556356,355.69642857142856,NQ
2022-06-10,-1,11922.75,11837.25,1,169.78,172.0,172.1875,time,930,955,0.49300907441016334,0.49945553539019966,344.375,NQ
2022-06-13,1,11291.75,11294.25,1,3.7800000000000002,6.0,178.54464285714286,time,930,955,0.010585587838175727,0.01680252037805671,357.0892857142857,NQ
2022-06-14,-1,11293.75,11318.75,1,-51.22,-49.0,182.97321428571428,time,930,955,-0.1399658419948275,-0.1338993802761919,365.94642857142856,NQ
2022-06-15,1,11783.75,11604.1875,1,-360.345,-358.125,179.0625,stop,930,950,-1.0061989528795812,-1.0,358.125,NQ
2022-06-16,-1,11111.25,11166.25,1,-111.22,-109.0,180.19642857142858,time,930,955,-0.30860767020116936,-0.3024477256961649,360.39285714285717,NQ
2022-06-17,1,11332.25,11292.0,1,-81.72,-79.5,185.73214285714286,time,930,955,-0.21999423132391116,-0.2140178828958754,371.4642857142857,NQ
2022-06-21,1,11613.75,11578.75,1,-71.22,-69.0,183.30357142857142,time,930,955,-0.1942679006332197,-0.18821237213833417,366.60714285714283,NQ
2022-06-22,1,11585.75,11558.0,1,-56.72,-54.5,179.33035714285714,time,930,955,-0.15814388847398556,-0.1519541946726413,358.6607142857143,NQ
2022-06-23,-1,11729.75,11733.5,1,-8.72,-6.5,173.69642857142858,time,930,955,-0.02510126452143518,-0.018710804975840444,347.39285714285717,NQ
2022-06-24,1,12041.5,12147.5,1,210.78,213.0,167.71428571428572,time,930,955,0.6283901192504259,0.6350085178875639,335.42857142857144,NQ
2022-06-27,-1,12031.75,12045.0,1,-27.72,-25.5,172.63392857142858,time,930,955,-0.08028549262994568,-0.07385570209464701,345.26785714285717,NQ
2022-06-28,1,11707.25,11673.75,1,-68.22,-66.0,168.70535714285714,time,930,955,-0.20218682191055834,-0.1956073035194496,337.4107142857143,NQ
2022-06-29,1,11680.25,11688.25,1,14.78,17.0,179.52678571428572,time,930,955,0.04116377381011588,0.04734669518078281,359.05357142857144,NQ
2022-06-30,-1,11579.0,11538.25,1,80.28,82.5,171.71428571428572,time,930,955,0.2337603993344426,0.24022462562396005,343.42857142857144,NQ
2022-07-01,1,11601.75,11612.25,1,19.78,22.0,167.75892857142858,time,930,955,0.05895364308904146,0.06557028048326148,335.51785714285717,NQ
2022-07-05,-1,11803.75,11813.5,1,-20.72,-18.5,150.24107142857142,time,930,955,-0.06895584477328104,-0.061567718547572356,300.48214285714283,NQ
2022-07-06,1,11964.75,11885.5,1,-159.72,-157.5,148.44642857142858,time,930,955,-0.5379718513172139,-0.5304944063514976,296.89285714285717,NQ
2022-07-07,1,12148.5,12135.75,1,-26.72,-24.5,136.22321428571428,time,930,955,-0.098074326538638,-0.08992593563610146,272.44642857142856,NQ
2022-07-08,-1,12149.0,12155.75,1,-14.72,-12.5,136.42857142857142,time,930,955,-0.053947643979057595,-0.045811518324607337,272.85714285714283,NQ
2022-07-11,-1,11899.75,11891.25,1,15.78,18.0,139.79464285714286,time,930,955,0.05643993102126844,0.06438014945391837,279.5892857142857,NQ
2022-07-12,-1,11731.0,11778.5,1,-96.22,-94.0,141.40178571428572,time,930,955,-0.3402361558375955,-0.3323861842520679,282.80357142857144,NQ
2022-07-13,1,11766.75,11755.25,1,-24.22,-22.0,141.91964285714286,time,930,955,-0.085329977980497,-0.07750865051903114,283.8392857142857,NQ
2022-07-14,-1,11807.5,11799.75,1,14.28,16.5,145.78571428571428,time,930,955,0.048975992160705535,0.05658990690837825,291.57142857142856,NQ
2022-07-15,-1,11966.25,12009.25,1,-87.22,-85.0,142.52678571428572,time,930,955,-0.3059775731378813,-0.2981895633652822,285.05357142857144,NQ
2022-07-18,1,11905.75,11906.75,1,0.78,3.0,142.38392857142858,time,930,955,0.0027390731799084465,0.010534896845801717,284.76785714285717,NQ
2022-07-19,1,12244.75,12268.75,1,46.78,49.0,136.05357142857142,time,930,955,0.17191757448484055,0.18007612547578425,272.10714285714283,NQ
2022-07-20,-1,12477.25,12466.25,1,20.78,23.0,143.03571428571428,time,930,955,0.07263920099875157,0.08039950062421973,286.07142857142856,NQ
2022-07-21,1,12617.75,12644.75,1,52.78,55.0,140.26785714285714,time,930,955,0.18814003819223427,0.196053469127944,280.5357142857143,NQ
2022-07-22,-1,12402.0,12424.5,1,-46.22,-44.0,141.83035714285714,time,930,955,-0.16294113943972302,-0.15511488825936418,283.6607142857143,NQ
2022-07-25,-1,12274.5,12355.75,1,-163.72,-161.5,151.58035714285714,time,930,955,-0.5400435883842847,-0.5327207398244684,303.1607142857143,NQ
2022-07-26,-1,12104.25,12110.5,1,-13.72,-11.5,142.72321428571428,time,930,955,-0.04806506099468252,-0.040287769784172665,285.44642857142856,NQ
2022-07-27,1,12676.5,12615.25,1,-123.72,-121.5,144.85714285714286,time,930,955,-0.4270414201183432,-0.4193786982248521,289.7142857142857,NQ
2022-07-28,-1,12741.25,12739.0,1,3.2800000000000002,5.5,155.46428571428572,time,930,955,0.01054904663450494,0.017688950149322306,310.92857142857144,NQ
2022-07-29,1,12996.25,12971.75,1,-50.22,-48.0,158.41964285714286,time,930,955,-0.15850307163388377,-0.15149636476356873,316.8392857142857,NQ
2022-08-01,1,12956.0,12962.75,1,12.28,14.5,157.375,time,930,955,0.03901509134233518,0.046068308181096106,314.75,NQ
2022-08-02,1,12962.5,12922.25,1,-81.72,-79.5,155.35714285714286,time,930,955,-0.2630068965517241,-0.2558620689655172,310.7142857142857,NQ
2022-08-03,1,13283.75,13272.0,1,-24.72,-22.5,153.39285714285714,time,930,955,-0.08057741559953434,-0.07334109429569267,306.7857142857143,NQ
2022-08-04,1,13314.25,13330.5,1,31.28,33.5,155.67857142857142,time,930,955,0.10046340903877037,0.1075934847442074,311.35714285714283,NQ
2022-08-05,1,13193.0,13226.0,1,64.78,67.0,153.83035714285714,time,930,955,0.2105566196529108,0.21777236055487842,307.6607142857143,NQ
2022-08-08,1,13165.75,13181.5,1,30.28,32.5,150.83928571428572,time,930,955,0.1003717296081449,0.1077305552267077,301.67857142857144,NQ
2022-08-09,-1,13045.75,13032.25,1,25.78,28.0,147.9375,time,930,955,0.08713138994507816,0.0946345585128855,295.875,NQ
2022-08-10,-1,13373.0,13393.75,1,-42.72,-40.5,146.45535714285714,time,930,955,-0.14584649149545814,-0.13826739011156497,292.9107142857143,NQ
2022-08-11,1,13328.25,13317.25,1,-23.22,-21.0,150.15178571428572,time,930,955,-0.07732175774513884,-0.0699292382707974,300.30357142857144,NQ
2022-08-12,1,13565.25,13579.25,1,26.78,29.0,147.83928571428572,time,930,955,0.09057132503925595,0.09807947819784997,295.67857142857144,NQ
2022-08-15,1,13699.75,13685.0,1,-30.72,-28.5,150.99107142857142,time,930,955,-0.10172786943409616,-0.0943764413695228,301.98214285714283,NQ
2022-08-16,-1,13657.5,13654.0,1,5.78,8.0,147.09821428571428,time,930,955,0.019646737481031868,0.027192716236722307,294.19642857142856,NQ
2022-08-17,1,13500.75,13496.0,1,-10.72,-8.5,134.17857142857142,time,930,955,-0.03994676603673144,-0.031674208144796386,268.35714285714283,NQ
2022-08-18,-1,13570.25,13529.0,1,81.28,83.5,131.75,time,930,955,0.3084629981024668,0.31688804554079697,263.5,NQ
2022-08-19,-1,13275.0,13263.5,1,21.78,24.0,127.45535714285714,time,930,955,0.08544168126094571,0.0941506129597198,254.91071428571428,NQ
2022-08-22,-1,12893.25,12916.5,1,-47.72,-45.5,128.99107142857142,time,930,955,-0.18497404305392123,-0.1763687962898872,257.98214285714283,NQ
2022-08-23,1,12920.0,12899.25,1,-42.72,-40.5,132.98214285714286,time,930,955,-0.16062306969249363,-0.1522760843292601,265.9642857142857,NQ
2022-08-24,1,12960.25,12934.0,2,-107.44,-103.0,124.58035714285714,time,930,955,-0.21560381280011467,-0.20669390095320003,249.16071428571428,NQ
2022-08-25,1,13083.25,13158.75,2,299.56,304.0,124.5,time,930,955,0.6015261044176707,0.6104417670682731,249.0,NQ
2022-08-26,-1,12669.75,12619.25,2,199.56,204.0,123.83928571428571,time,930,955,0.4028608507570296,0.4118240807498198,247.67857142857142,NQ
2022-08-29,1,12555.25,12494.5,1,-122.72,-120.5,133.96428571428572,time,930,955,-0.4580325246600906,-0.4497467342042122,267.92857142857144,NQ
2022-08-30,-1,12331.5,12353.75,1,-45.72,-43.5,132.25892857142858,time,930,955,-0.17284277323972186,-0.16445014514277997,264.51785714285717,NQ
2022-08-31,-1,12324.75,12281.75,1,84.78,87.0,130.96428571428572,time,930,955,0.323676029451868,0.33215162257976544,261.92857142857144,NQ
2022-09-01,1,12192.5,12285.0,1,183.78,186.0,129.0625,time,930,955,0.7119806295399516,0.7205811138014527,258.125,NQ
2022-09-02,-1,12076.75,12110.5,1,-68.72,-66.5,129.63392857142858,time,930,955,-0.2650540670845099,-0.25649149390453885,259.26785714285717,NQ
2022-09-06,-1,12007.5,12022.0,1,-30.22,-28.0,133.01785714285714,time,930,955,-0.11359377097596993,-0.10524902671499531,266.0357142857143,NQ
2022-09-07,1,12290.25,12261.75,1,-58.22,-56.0,132.71428571428572,time,930,955,-0.21934337997847145,-0.21097954790096876,265.42857142857144,NQ
2022-09-08,1,12270.5,12326.0,1,109.78,112.0,137.41071428571428,time,930,955,0.3994593892137752,0.40753736192332685,274.82142857142856,NQ
2022-09-09,1,12603.25,12589.5,1,-28.72,-26.5,136.11607142857142,time,930,955,-0.10549819612987865,-0.09734339127582815,272.23214285714283,NQ
2022-09-12,1,12710.5,12742.25,1,62.28,64.5,132.5,time,930,955,0.2350188679245283,0.24339622641509434,265.0,NQ
2022-09-13,-1,12038.25,12041.0,1,-6.72,-4.5,133.0,time,930,955,-0.02526315789473684,-0.016917293233082706,266.0,NQ
2022-09-14,1,12123.75,12217.25,1,185.78,188.0,153.69642857142858,time,930,955,0.604373184617172,0.6115952131985593,307.39285714285717,NQ
2022-09-15,1,11956.25,12004.0,1,94.28,96.5,153.16071428571428,time,930,955,0.3077812755042556,0.3150285647662353,306.32142857142856,NQ
2022-09-16,-1,11886.0,11927.5,1,-84.22,-82.0,142.95535714285714,time,930,955,-0.2945674848541628,-0.28680282305914684,285.9107142857143,NQ
2022-09-19,1,12018.75,12026.75,1,14.78,17.0,144.91964285714286,time,930,955,0.05099377733965867,0.05865319450434354,289.8392857142857,NQ
2022-09-20,1,11937.25,11925.25,1,-25.22,-23.0,140.46428571428572,time,930,955,-0.08977370963640986,-0.08187134502923976,280.92857142857144,NQ
2022-09-21,1,11857.25,11717.642857142857,1,-280.43428571428626,-278.21428571428623,139.10714285714286,stop,930,955,-1.0079794608472419,-1.0000000000000018,278.2142857142857,NQ
2022-09-22,-1,11642.25,11563.25,1,156.78,159.0,144.66964285714286,time,930,955,0.5418552119977782,0.5495278652101463,289.3392857142857,NQ
2022-09-23,-1,11339.25,11374.0,1,-70.72,-68.5,136.54464285714286,time,930,955,-0.25896292421369255,-0.25083371477146404,273.0892857142857,NQ
2022-09-26,1,11361.25,11318.0,1,-87.72,-85.5,146.21428571428572,time,930,955,-0.2999706888128969,-0.2923790913531998,292.42857142857144,NQ
2022-09-27,1,11291.25,11332.5,1,81.28,83.5,146.41964285714286,time,930,955,0.2775583877065675,0.28513933776449785,292.8392857142857,NQ
2022-09-28,-1,11584.75,11554.0,1,60.28,62.5,148.21428571428572,time,930,955,0.20335421686746988,0.2108433734939759,296.42857142857144,NQ
2022-09-29,-1,11192.25,11232.0,1,-80.72,-78.5,151.20535714285714,time,930,955,-0.2669217596693239,-0.25958074992618835,302.4107142857143,NQ
2022-09-30,1,11107.75,11030.0,1,-156.72,-154.5,157.44642857142858,time,930,955,-0.49769309288873764,-0.4906430758761483,314.89285714285717,NQ
2022-10-03,-1,11334.5,11291.0,1,85.78,88.0,163.39285714285714,time,930,955,0.262496174863388,0.2692896174863388,326.7857142857143,NQ
2022-10-04,1,11604.5,11643.5,1,76.78,79.0,148.70535714285714,time,930,955,0.2581615130591414,0.2656259381567097,297.4107142857143,NQ
2022-10-05,1,11674.0,11636.25,1,-76.72,-74.5,154.84821428571428,time,930,955,-0.24772646024332584,-0.2405581502623537,309.69642857142856,NQ
2022-10-06,1,11574.0,11542.0,1,-65.22,-63.0,156.5625,time,930,955,-0.20828742514970058,-0.20119760479041915,313.125,NQ
2022-10-07,-1,11049.25,11099.75,1,-102.22,-100.0,155.46428571428572,time,930,955,-0.3287571789570411,-0.32161727544222374,310.92857142857144,NQ
2022-10-10,-1,11017.5,10981.0,1,71.78,74.0,165.60714285714286,time,930,955,0.21671770541298252,0.22342031485874486,331.2142857142857,NQ
2022-10-11,-1,10812.75,10844.25,1,-64.22,-62.0,167.41071428571428,time,930,955,-0.19180373333333334,-0.18517333333333333,334.82142857142856,NQ
2022-10-12,1,10877.75,10837.0,1,-82.72,-80.5,161.50892857142858,time,930,955,-0.2560849134833324,-0.2492122284261153,323.01785714285717,NQ
2022-10-13,1,11073.0,11081.0,1,14.78,17.0,159.59821428571428,time,930,955,0.046303776223776225,0.05325874125874126,319.19642857142856,NQ
2022-10-14,-1,10803.0,10748.25,1,108.28,110.5,171.16964285714286,time,930,955,0.3162944030045381,0.3227791977465964,342.3392857142857,NQ
2022-10-17,1,11122.25,11111.0,1,-23.72,-21.5,179.59821428571428,time,930,955,-0.06603629132488192,-0.059855828983345766,359.19642857142856,NQ
2022-10-18,-1,11194.25,11203.0,1,-18.72,-16.5,181.86607142857142,time,930,955,-0.05146644410623988,-0.04536305169620502,363.73214285714283,NQ
2022-10-19,1,11122.25,11154.25,1,62.78,65.0,181.96428571428572,time,930,955,0.1725063788027478,0.17860647693817466,363.92857142857144,NQ
2022-10-20,1,11060.5,11087.5,1,52.78,55.0,173.86607142857142,time,930,955,0.15178349509577366,0.15816771940635754,347.73214285714283,NQ
2022-10-21,1,11354.25,11353.75,1,-2.2199999999999998,0.0,172.24107142857142,time,930,955,-0.006444455963920999,0.0,344.48214285714283,NQ
2022-10-24,1,11498.75,11479.25,1,-40.22,-38.0,174.0625,time,930,955,-0.11553321364452424,-0.10915619389587074,348.125,NQ
2022-10-25,1,11721.5,11712.25,1,-19.72,-17.5,171.33928571428572,time,930,955,-0.057546638874413754,-0.05106826472120896,342.67857142857144,NQ
2022-10-26,1,11462.75,11452.75,1,-21.22,-19.0,167.89285714285714,time,930,955,-0.0631950648798128,-0.05658370559455435,335.7857142857143,NQ
2022-10-27,-1,11277.5,11240.25,1,73.28,75.5,170.91071428571428,time,930,955,0.2143809424302581,0.22087556159231012,341.82142857142856,NQ
2022-10-28,1,11587.25,11584.25,1,-7.22,-5.0,161.79464285714286,time,930,955,-0.022312234424148775,-0.015451685889299707,323.5892857142857,NQ
2022-10-31,-1,11468.0,11448.5,1,37.78,40.0,167.15178571428572,time,930,955,0.11301105710165055,0.11965172800598257,334.30357142857144,NQ
2022-11-01,-1,11342.25,11330.25,1,22.78,25.0,165.1875,time,930,955,0.06895194854332198,0.07567158531971245,330.375,NQ
2022-11-02,-1,11008.25,10938.75,1,137.78,140.0,171.00892857142858,time,930,955,0.402844463008406,0.4093353521641518,342.01785714285717,NQ
2022-11-03,-1,10806.25,10725.0,1,161.28,163.5,166.19642857142858,time,930,955,0.4852089824863006,0.4918878263672504,332.39285714285717,NQ
2022-11-04,-1,10858.75,10893.0,1,-69.72,-67.5,157.25892857142858,time,930,955,-0.22167262817237265,-0.21461420541645373,314.51785714285717,NQ
2022-11-07,-1,11027.75,11014.75,1,24.78,27.0,154.16071428571428,time,930,955,0.08037067068226574,0.08757094868527743,308.32142857142856,NQ
2022-11-08,-1,11139.75,11094.5,1,89.28,91.5,148.48214285714286,time,930,955,0.3006422128683103,0.30811785929043894,296.9642857142857,NQ
2022-11-09,-1,10879.0,10831.25,1,94.28,96.5,150.875,time,930,955,0.3124440762220381,0.31980115990057995,301.75,NQ
2022-11-10,1,11574.5,11628.5,1,106.78,109.0,150.32142857142858,time,930,955,0.3551722499406034,0.3625564267046804,300.64285714285717,NQ
2022-11-11,1,11840.5,11847.5,1,12.78,15.0,165.84821428571428,time,930,955,0.03852920592193809,0.045222072678331095,331.69642857142856,NQ
2022-11-14,-1,11797.5,11742.5,1,108.78,111.0,165.83035714285714,time,930,955,0.3279857858181231,0.3346793732837991,331.6607142857143,NQ
2022-11-15,1,11894.25,11905.25,1,20.78,23.0,163.99107142857142,time,930,955,0.06335710785648174,0.07012576904230414,327.98214285714283,NQ
2022-11-16,-1,11713.0,11740.75,1,-56.72,-54.5,165.48214285714286,time,930,955,-0.17137800798532427,-0.16467033559943886,330.9642857142857,NQ
2022-11-17,1,11650.75,11712.0,1,121.28,123.5,163.88392857142858,time,930,955,0.3700179787523835,0.37679106510487603,327.76785714285717,NQ
2022-11-18,-1,11698.0,11707.75,1,-20.72,-18.5,157.88392857142858,time,930,955,-0.06561782502968952,-0.0585873437765085,315.76785714285717,NQ
2022-11-21,1,11585.5,11587.0,1,1.78,4.0,158.53571428571428,time,930,955,0.005613876999324172,0.012615453931065557,317.07142857142856,NQ
2022-11-22,-1,11737.0,11752.0,1,-31.22,-29.0,153.22321428571428,time,930,955,-0.10187751296544491,-0.09463317988462211,306.44642857142856,NQ
2022-11-23,1,11857.0,11868.5,1,21.78,24.0,142.82142857142858,time,930,955,0.0762490622655664,0.08402100525131283,285.64285714285717,NQ
2022-11-28,1,11578.75,11611.0,1,63.28,65.5,129.19642857142858,time,930,955,0.24489841050449204,0.25348997926744987,258.39285714285717,NQ
2022-11-29,-1,11525.75,11523.75,1,2.7800000000000002,5.0,126.00892857142857,time,930,955,0.01103096435910154,0.019839863955218594,252.01785714285714,NQ
2022-11-30,1,11996.75,12051.25,2,215.56,220.0,122.49107142857143,time,930,955,0.4399504337050805,0.44901231868211966,244.98214285714286,NQ
2022-12-01,1,12073.25,12059.75,2,-56.44,-52.0,113.27678571428571,time,930,955,-0.12456215023252148,-0.11476314337510839,226.55357142857142,NQ
2022-12-02,1,11993.75,12013.5,2,76.56,81.0,109.5,time,930,955,0.1747945205479452,0.18493150684931506,219.0,NQ
2022-12-05,1,11777.75,11802.5,2,96.56,101.0,110.4375,time,930,955,0.21858517260894172,0.2286361063950198,220.875,NQ
2022-12-06,-1,11526.75,11562.75,2,-146.44,-142.0,108.54464285714286,time,930,955,-0.33728057909023607,-0.3270543719667681,217.08928571428572,NQ
2022-12-07,-1,11503.25,11508.25,2,-22.44,-18.0,112.28571428571429,time,930,955,-0.0499618320610687,-0.04007633587786259,224.57142857142858,NQ
2022-12-08,1,11651.25,11645.0,2,-27.44,-23.0,109.58928571428571,time,930,955,-0.06259736027374939,-0.05246863288251589,219.17857142857142,NQ
2022-12-09,1,11639.0,11570.75,2,-275.44,-271.0,108.625,time,930,955,-0.6339240506329114,-0.6237054085155351,217.25,NQ
2022-12-12,1,11689.5,11715.25,2,100.56,105.0,109.11607142857143,time,930,955,0.23039685786760494,0.2405695114966042,218.23214285714286,NQ
2022-12-13,-1,11858.25,11840.75,2,67.56,72.0,107.4375,time,930,955,0.15720767888307155,0.16753926701570682,214.875,NQ
2022-12-14,1,11828.25,11862.5,2,134.56,139.0,118.59821428571429,time,930,955,0.28364676654370247,0.2930060980200256,237.19642857142858,NQ
2022-12-15,-1,11489.25,11460.75,1,55.78,58.0,128.75,time,930,955,0.21662135922330097,0.22524271844660193,257.5,NQ
2022-12-16,1,11380.75,11342.0,1,-78.72,-76.5,139.97321428571428,time,930,955,-0.28119665752376094,-0.2732665688588378,279.94642857142856,NQ
2022-12-19,-1,11153.75,11188.25,1,-70.22,-68.0,140.07142857142858,time,930,955,-0.25065782763895966,-0.2427332993370729,280.14285714285717,NQ
2022-12-20,1,11190.0,11175.25,1,-30.72,-28.5,141.99107142857142,time,930,955,-0.10817581588379552,-0.1003584229390681,283.98214285714283,NQ
2022-12-21,1,11338.0,11336.0,1,-5.22,-3.0,128.58035714285714,time,930,955,-0.020298590375668356,-0.011665856537740434,257.1607142857143,NQ
2022-12-22,-1,11023.75,11055.0,1,-63.72,-61.5,129.02678571428572,time,930,955,-0.24692547228565495,-0.2383226074320116,258.05357142857144,NQ
2022-12-23,-1,11047.0,11080.25,1,-67.72,-65.5,137.70535714285714,time,930,955,-0.24588731115865914,-0.23782662257667123,275.4107142857143,NQ
2022-12-27,-1,10946.0,10919.0,1,52.78,55.0,134.80357142857142,time,930,955,0.19576632666578356,0.2040005298715062,269.60714285714283,NQ
2022-12-28,1,10779.75,10770.0,1,-20.72,-18.5,130.52678571428572,time,930,955,-0.07937068198919214,-0.07086668034749298,261.05357142857144,NQ
2022-12-29,1,11057.25,11031.75,1,-52.22,-50.0,133.45535714285714,time,930,955,-0.1956459490198702,-0.18732856091523384,266.9107142857143,NQ
2022-12-30,1,10958.25,11022.75,1,127.78,130.0,136.76785714285714,time,930,955,0.4671419245332289,0.4752578665622144,273.5357142857143,NQ
2023-01-03,-1,10956.75,10943.0,1,26.28,28.5,137.0625,time,930,955,0.0958686730506156,0.1039671682626539,274.125,NQ
2023-01-04,-1,10946.0,10996.5,1,-102.22,-100.0,142.5,time,930,955,-0.3586666666666667,-0.3508771929824561,285.0,NQ
2023-01-05,-1,10831.75,10820.25,1,21.78,24.0,133.26785714285714,time,930,955,0.08171512796462549,0.090044218142838,266.5357142857143,NQ
2023-01-06,-1,11147.0,11114.75,1,63.28,65.5,127.9375,time,930,955,0.24730825598436737,0.25598436736687835,255.875,NQ
2023-01-09,1,11209.75,11187.75,1,-45.22,-43.0,125.82142857142857,time,930,955,-0.17969912006812375,-0.17087709338631848,251.64285714285714,NQ
2023-01-10,1,11252.0,11285.75,1,66.28,68.5,127.78571428571429,time,930,955,0.2593404136389044,0.2680268306316378,255.57142857142858,NQ
2023-01-11,1,11433.5,11476.25,1,84.28,86.5,125.58035714285714,time,930,955,0.33556203341628155,0.34440099537859936,251.16071428571428,NQ
2023-01-12,-1,11524.0,11532.5,1,-18.22,-16.0,126.05357142857143,time,930,955,-0.07227085989516928,-0.06346508003966568,252.10714285714286,NQ
2023-01-13,1,11597.25,11607.25,1,18.78,21.0,127.8125,time,930,955,0.07346699266503667,0.08215158924205379,255.625,NQ
2023-01-17,1,11631.75,11627.25,2,-20.44,-16.0,113.83928571428571,time,930,955,-0.044887843137254906,-0.035137254901960784,227.67857142857142,NQ
2023-01-18,1,11499.75,11479.25,2,-84.44,-80.0,112.10714285714286,time,930,955,-0.18830200700860145,-0.1784007645747053,224.21428571428572,NQ
2023-01-19,-1,11409.25,11360.75,2,191.56,196.0,113.9375,time,930,955,0.4203181568842567,0.43006034009873834,227.875,NQ
2023-01-20,1,11656.0,11676.0,2,77.56,82.0,109.28571428571429,time,930,955,0.17742483660130717,0.18758169934640523,218.57142857142858,NQ
2023-01-23,1,11897.0,11931.25,2,134.56,139.0,114.63392857142857,time,930,955,0.29345587662590544,0.30313887374406107,229.26785714285714,NQ
2023-01-24,1,11884.0,11905.5,2,83.56,88.0,113.70535714285714,time,930,955,0.18372045543776994,0.19348252846486064,227.41071428571428,NQ
2023-01-25,-1,11866.75,11876.5,2,-41.44,-37.0,110.42857142857143,time,930,955,-0.09381630012936609,-0.08376455368693402,220.85714285714286,NQ
2023-01-26,-1,12080.75,12105.25,2,-100.44,-96.0,114.35714285714286,time,930,955,-0.21957526545908806,-0.2098688319800125,228.71428571428572,NQ
2023-01-27,1,12300.25,12223.0,2,-311.44,-307.0,108.48214285714286,time,930,955,-0.7177218106995884,-0.7074897119341563,216.96428571428572,NQ
2023-01-30,1,11987.25,11970.75,2,-68.44,-64.0,108.33035714285714,time,930,955,-0.15794280062639082,-0.14769636528476057,216.66071428571428,NQ
2023-01-31,1,12092.0,12153.25,2,242.56,247.0,111.82142857142857,time,930,955,0.5422931970616417,0.5522197381028425,223.64285714285714,NQ
2023-02-01,1,12448.0,12420.5,2,-112.44,-108.0,111.58928571428571,time,930,955,-0.25190590494479115,-0.24195871339414307,223.17857142857142,NQ
2023-02-02,-1,12808.25,12855.5,2,-191.44,-187.0,118.64285714285714,time,930,955,-0.4033955448524985,-0.39403973509933776,237.28571428571428,NQ
2023-02-03,1,12613.75,12624.25,1,19.78,22.0,129.46428571428572,time,930,955,0.07639172413793104,0.08496551724137931,258.92857142857144,NQ
2023-02-06,1,12497.5,12513.0,1,29.78,32.0,139.0625,time,930,955,0.10707415730337079,0.1150561797752809,278.125,NQ
2023-02-07,-1,12749.75,12772.5,1,-46.72,-44.5,140.25,time,930,955,-0.16655971479500892,-0.1586452762923351,280.5,NQ
2023-02-08,-1,12529.75,12543.5,1,-28.72,-26.5,142.75892857142858,time,930,955,-0.1005891550440928,-0.09281380949402714,285.51785714285717,NQ
2023-02-09,-1,12375.25,12427.5,1,-105.72,-103.5,145.91964285714286,time,930,955,-0.36225417609985927,-0.35464724958697913,291.8392857142857,NQ
2023-02-10,1,12318.5,12345.75,1,53.28,55.5,147.19642857142858,time,930,955,0.18098265194710664,0.18852359577823607,294.39285714285717,NQ
2023-02-13,1,12539.0,12544.5,1,9.78,12.0,142.65178571428572,time,930,955,0.03427927645991112,0.042060461914001375,285.30357142857144,NQ
2023-02-14,1,12633.5,12630.5,1,-7.22,-5.0,146.5,time,930,955,-0.02464163822525597,-0.017064846416382253,293.0,NQ
2023-02-15,1,12693.25,12733.75,1,79.78,82.0,145.84821428571428,time,930,955,0.2735035200489746,0.28111417202326294,291.69642857142856,NQ
2023-02-16,1,12500.25,12481.25,1,-39.22,-37.0,144.96428571428572,time,930,955,-0.13527469820152746,-0.12761763981276175,289.92857142857144,NQ
2023-02-17,-1,12381.25,12392.25,1,-23.22,-21.0,144.66071428571428,time,930,955,-0.08025675842488582,-0.07258363165041354,289.32142857142856,NQ
2023-02-21,-1,12125.75,12098.25,1,53.78,56.0,137.34821428571428,time,930,955,0.19577975687447183,0.203861405447572,274.69642857142856,NQ
2023-02-22,1,12086.0,12102.75,1,32.28,34.5,130.75892857142858,time,930,955,0.1234332536701946,0.13192215773301466,261.51785714285717,NQ
2023-02-23,-1,12241.25,12206.5,2,136.56,141.0,118.0,time,930,955,0.2893220338983051,0.298728813559322,236.0,NQ
2023-02-24,-1,11964.0,11998.25,2,-139.44,-135.0,114.84821428571429,time,930,955,-0.30353105807354425,-0.2938661276529581,229.69642857142858,NQ
2023-02-27,1,12082.5,12083.75,2,2.56,7.0,118.9375,time,930,955,0.005380977404098791,0.014713610089332634,237.875,NQ
2023-02-28,1,12083.75,12064.25,2,-80.44,-76.0,112.94642857142857,time,930,955,-0.1780490118577075,-0.16822134387351778,225.89285714285714,NQ
2023-03-01,-1,11956.0,11965.5,2,-40.44,-36.0,108.36607142857143,time,930,955,-0.0932948834143528,-0.08305182499794019,216.73214285714286,NQ
2023-03-02,1,12071.25,12065.5,2,-25.44,-21.0,100.96428571428571,time,930,955,-0.06299257163070393,-0.051998585072515036,201.92857142857142,NQ
2023-03-03,1,12304.0,12312.25,2,30.56,35.0,103.32142857142857,time,930,955,0.07394400276529554,0.08468717594192879,206.64285714285714,NQ
2023-03-06,1,12323.75,12323.5,2,-3.44,1.0,104.55357142857143,time,930,955,-0.008225448334756618,0.0023911187019641333,209.10714285714286,NQ
2023-03-07,1,12171.25,12168.75,2,-12.44,-8.0,100.65178571428571,time,930,955,-0.03089860729175907,-0.01987048700434667,201.30357142857142,NQ
2023-03-08,-1,12177.75,12231.5,2,-217.44,-213.0,101.01785714285714,time,930,955,-0.5381226798656532,-0.5271345235990808,202.03571428571428,NQ
2023-03-09,1,12028.5,12006.0,2,-92.44,-88.0,97.01785714285714,time,930,955,-0.23820357077121296,-0.22676237806000368,194.03571428571428,NQ
2023-03-10,-1,11844.25,11841.5,2,8.56,13.0,102.74107142857143,time,930,955,0.020829060571825847,0.03163291909272617,205.48214285714286,NQ
2023-03-13,1,11985.5,11930.0,2,-224.44,-220.0,111.83928571428571,time,930,955,-0.5017020597157912,-0.49177710362446114,223.67857142857142,NQ
2023-03-14,1,12097.25,12199.5,2,406.56,411.0,115.57142857142857,time,930,955,0.8794561186650186,0.8890605686032138,231.14285714285714,NQ
2023-03-15,-1,12377.25,12392.25,2,-62.44,-58.0,120.4375,time,930,955,-0.12961079398028022,-0.12039439543331604,240.875,NQ
2023-03-16,1,12717.75,12716.25,2,-8.44,-4.0,121.29464285714286,time,930,955,-0.01739565697460434,-0.008244387191755612,242.58928571428572,NQ
2023-03-17,1,12641.0,12647.25,1,11.28,13.5,126.24107142857143,time,930,955,0.04467642690430723,0.05346912794398472,252.48214285714286,NQ
2023-03-20,-1,12670.5,12693.25,1,-46.72,-44.5,128.03571428571428,time,930,955,-0.18244909344490934,-0.17377963737796376,256.07142857142856,NQ
2023-03-21,1,12851.75,12877.0,1,49.28,51.5,129.72321428571428,time,930,955,0.1899428728749398,0.19849955261890015,259.44642857142856,NQ
2023-03-22,1,12896.25,12764.223214285714,1,-265.2735714285725,-263.05357142857247,131.52678571428572,stop,930,950,-1.0084393455977232,-1.000000000000004,263.05357142857144,NQ
2023-03-23,1,12801.75,12847.0,1,89.28,91.5,136.38392857142858,time,930,955,0.3273112929623568,0.3354500818330605,272.76785714285717,NQ
2023-03-24,-1,12879.0,12894.75,1,-32.72,-30.5,139.11607142857142,time,930,955,-0.11759964058789552,-0.10962069186830115,278.23214285714283,NQ
2023-03-27,1,12833.25,12799.5,1,-68.72,-66.5,138.91071428571428,time,930,955,-0.24735313022239364,-0.23936238591078546,277.82142857142856,NQ
2023-03-28,-1,12694.5,12732.75,1,-77.72,-75.5,138.16964285714286,time,930,955,-0.28124846526655894,-0.2732148626817447,276.3392857142857,NQ
2023-03-29,1,12979.25,12968.75,1,-22.22,-20.0,138.85714285714286,time,930,955,-0.08001028806584362,-0.07201646090534979,277.7142857142857,NQ
2023-03-30,1,13083.25,13085.0,1,2.2800000000000002,4.5,134.76785714285714,time,930,955,0.008458990327282366,0.016695375645952033,269.5357142857143,NQ
2023-03-31,1,13294.25,13301.25,1,12.78,15.0,129.70535714285714,time,930,955,0.049265505610242996,0.05782336339230399,259.4107142857143,NQ
2023-04-03,1,13253.75,13268.25,2,55.56,60.0,124.35714285714286,time,930,955,0.11169442848937393,0.12062033314187248,248.71428571428572,NQ
2023-04-04,-1,13190.75,13223.75,2,-134.44,-130.0,119.16964285714286,time,930,955,-0.28203491421293175,-0.2727204615269349,238.33928571428572,NQ
2023-04-05,-1,13062.5,13079.75,2,-71.44,-67.0,115.71428571428571,time,930,955,-0.1543456790123457,-0.1447530864197531,231.42857142857142,NQ
2023-04-06,-1,13181.5,13171.5,2,37.56,42.0,108.41964285714286,time,930,955,0.08660792225973812,0.09684591945977106,216.83928571428572,NQ
2023-04-10,-1,13136.5,13164.75,2,-115.44,-111.0,108.27678571428571,time,930,955,-0.266539127566587,-0.2562876226601798,216.55357142857142,NQ
2023-04-11,-1,13114.75,13076.75,2,149.56,154.0,109.17857142857143,time,930,955,0.3424664703958129,0.35263330062152437,218.35714285714286,NQ
2023-04-12,-1,12965.25,12958.75,2,23.56,28.0,105.8125,time,930,955,0.05566450088600118,0.0661547548730065,211.625,NQ
2023-04-13,1,13213.5,13209.5,2,-18.44,-14.0,100.69642857142857,time,930,955,-0.04578116687355915,-0.03475793580422061,201.39285714285714,NQ
2023-04-14,1,13158.0,13180.75,2,88.56,93.0,98.46428571428571,time,930,955,0.22485310119695323,0.23612622415669207,196.92857142857142,NQ
2023-04-17,-1,13172.25,13189.75,2,-72.44,-68.0,99.5,time,930,955,-0.18201005025125627,-0.1708542713567839,199.0,NQ
2023-04-18,-1,13177.75,13189.5,2,-49.44,-45.0,96.98214285714286,time,930,955,-0.12744614251519057,-0.11600073651261278,193.96428571428572,NQ
2023-04-19,1,13200.0,13182.5,2,-72.44,-68.0,96.77678571428571,time,930,955,-0.18713165421164316,-0.1756619614355568,193.55357142857142,NQ
2023-04-20,1,13046.0,13076.75,2,120.56,125.0,92.66071428571429,time,930,955,0.325272692233571,0.3372518789747543,185.32142857142858,NQ
2023-04-21,-1,13077.75,13088.5,2,-45.44,-41.0,93.92857142857143,time,930,955,-0.12094296577946767,-0.1091254752851711,187.85714285714286,NQ
2023-04-24,1,13057.0,13059.0,2,5.5600000000000005,10.0,90.65178571428571,time,930,955,0.015333398995370829,0.027578055747069834,181.30357142857142,NQ
2023-04-25,-1,12848.0,12808.75,2,154.56,159.0,91.33928571428571,time,930,955,0.42303812316715544,0.4351906158357772,182.67857142857142,NQ
2023-04-26,1,12881.0,12882.25,2,2.56,7.0,94.72321428571429,time,930,955,0.006756527476670751,0.018474879819021583,189.44642857142858,NQ
2023-04-27,-1,13239.0,13231.5,2,27.56,32.0,94.23214285714286,time,930,955,0.07311730149706272,0.08489672162213378,188.46428571428572,NQ
2023-04-28,-1,13276.5,13324.0,2,-192.44,-188.0,98.98214285714286,time,930,955,-0.48604726682302,-0.4748331228576583,197.96428571428572,NQ
2023-05-01,1,13305.5,13303.75,2,-9.44,-5.0,97.13392857142857,time,930,955,-0.02429635076753378,-0.012868829855685266,194.26785714285714,NQ
2023-05-02,-1,13184.25,13185.0,2,-5.4399999999999995,-1.0,96.91071428571429,time,930,955,-0.014033536023585773,-0.002579694121982679,193.82142857142858,NQ
2023-05-03,1,13122.25,13099.75,2,-92.44,-88.0,95.49107142857143,time,930,955,-0.2420121552127162,-0.23038803179055634,190.98214285714286,NQ
2023-05-04,-1,13078.0,13048.25,2,116.56,121.0,93.77678571428571,time,930,955,0.310737884413977,0.32257450252308867,187.55357142857142,NQ
2023-05-05,1,13340.0,13323.75,2,-67.44,-63.0,91.36607142857143,time,930,955,-0.1845323951920258,-0.1723834652594547,182.73214285714286,NQ
2023-05-08,-1,13343.0,13354.75,2,-49.44,-45.0,97.85714285714286,time,930,955,-0.1263065693430657,-0.11496350364963503,195.71428571428572,NQ
2023-05-09,1,13270.25,13266.0,2,-19.44,-15.0,96.20535714285714,time,930,955,-0.050516937354988405,-0.03897911832946636,192.41071428571428,NQ
2023-05-10,1,13439.25,13410.25,2,-118.44,-114.0,94.69642857142857,time,930,955,-0.3126833867622101,-0.3009617197812559,189.39285714285714,NQ
2023-05-11,-1,13447.5,13447.5,2,-2.44,2.0,94.91964285714286,time,930,955,-0.006426488571159815,0.0052676135829178815,189.83928571428572,NQ
2023-05-12,-1,13374.5,13397.75,2,-95.44,-91.0,93.82142857142857,time,930,955,-0.25431290445374954,-0.24248191853825657,187.64285714285714,NQ
2023-05-15,-1,13462.25,13472.25,2,-42.44,-38.0,94.17857142857143,time,930,955,-0.11265832385286309,-0.10087220326128175,188.35714285714286,NQ
2023-05-16,1,13534.25,13482.0,2,-211.44,-207.0,89.72321428571429,time,930,955,-0.5891451885759776,-0.5767738083391382,179.44642857142858,NQ
2023-05-17,-1,13635.25,13645.0,2,-41.44,-37.0,86.73214285714286,time,930,955,-0.11944821906526662,-0.10665019559398806,173.46428571428572,NQ
2023-05-18,1,13852.0,13889.5,3,221.34,228.0,80.40178571428571,time,930,955,0.4588206551915603,0.4726263187118268,160.80357142857142,NQ
2023-05-19,-1,13840.25,13858.5,2,-75.44,-71.0,84.13392857142857,time,930,955,-0.22416640135837843,-0.21097315080123102,168.26785714285714,NQ
2023-05-22,1,13899.5,13904.75,2,18.56,23.0,84.49107142857143,time,930,955,0.054917045334460526,0.06805452816231639,168.98214285714286,NQ
2023-05-23,1,13746.25,13725.25,3,-129.66,-123.0,80.80357142857143,time,930,955,-0.2674386740331492,-0.25370165745856355,161.60714285714286,NQ
2023-05-24,-1,13692.25,13653.0,3,231.84,238.5,79.85714285714286,time,930,955,0.48386404293381036,0.49776386404293377,159.71428571428572,NQ
2023-05-25,-1,14005.0,13978.5,3,155.34,162.0,80.91071428571429,time,930,955,0.3199823438534539,0.33370116971970865,161.82142857142858,NQ
2023-05-26,1,14348.75,14332.75,3,-99.66,-93.0,83.32142857142857,time,930,955,-0.19934847835405056,-0.18602657522503213,166.64285714285714,NQ
2023-05-30,-1,14421.5,14397.25,2,94.56,99.0,92.32142857142857,time,930,955,0.25606189555125725,0.2680851063829787,184.64285714285714,NQ
2023-05-31,1,14325.75,14301.5,2,-99.44,-95.0,93.6875,time,930,955,-0.26535023348899267,-0.25350233488992663,187.375,NQ
2023-06-01,1,14460.0,14473.0,2,49.56,54.0,95.55357142857143,time,930,955,0.1296654830872734,0.1412820033638572,191.10714285714286,NQ
2023-06-02,-1,14571.5,14579.75,2,-35.44,-31.0,99.10714285714286,time,930,955,-0.08939819819819819,-0.07819819819819819,198.21428571428572,NQ
2023-06-05,1,14591.5,14587.0,2,-20.44,-16.0,100.21428571428571,time,930,955,-0.05099073414112616,-0.03991446899501069,200.42857142857142,NQ
2023-06-06,-1,14588.0,14584.0,2,13.56,18.0,101.33035714285714,time,930,955,0.033454929949775315,0.04440919904837431,202.66071428571428,NQ
2023-06-07,1,14339.0,14331.5,2,-32.44,-28.0,98.67857142857143,time,930,955,-0.08218602967788635,-0.07093738689829895,197.35714285714286,NQ
2023-06-08,1,14490.25,14499.5,2,34.56,39.0,102.71428571428571,time,930,955,0.08411682892906816,0.09492350486787204,205.42857142857142,NQ
2023-06-09,1,14566.5,14556.25,2,-43.44,-39.0,105.59821428571429,time,930,955,-0.10284264817789802,-0.09233110678954932,211.19642857142858,NQ
2023-06-12,-1,14771.5,14802.75,2,-127.44,-123.0,108.86607142857143,time,930,955,-0.2926531616501271,-0.28245714754367257,217.73214285714286,NQ
2023-06-13,-1,14882.0,14911.75,2,-121.44,-117.0,110.75892857142857,time,930,955,-0.2741088270858525,-0.264087061668682,221.51785714285714,NQ
2023-06-14,1,15152.25,15203.0,2,200.56,205.0,110.99107142857143,time,930,955,0.4517480492317593,0.4617488536722709,221.98214285714286,NQ
2023-06-15,1,15411.5,15377.25,2,-139.44,-135.0,108.34821428571429,time,930,955,-0.32174042027194066,-0.311495673671199,216.69642857142858,NQ
2023-06-16,-1,15316.75,15275.0,2,164.56,169.0,106.07142857142857,time,930,955,0.3878518518518519,0.39831649831649835,212.14285714285714,NQ
2023-06-20,1,15245.75,15253.25,2,27.56,32.0,104.61607142857143,time,930,955,0.06585986173935307,0.07647008619953913,209.23214285714286,NQ
2023-06-21,-1,15067.0,15045.5,2,83.56,88.0,105.44642857142857,time,930,955,0.1981100762066046,0.2086367485182049,210.89285714285714,NQ
2023-06-22,1,15162.75,15213.25,2,199.56,204.0,104.55357142857143,time,930,955,0.4771716481639624,0.48778821520068316,209.10714285714286,NQ
2023-06-23,-1,15068.0,15060.25,2,28.56,33.0,107.92857142857143,time,930,955,0.06615486432825943,0.07643944407677035,215.85714285714286,NQ
2023-06-26,1,14927.25,14857.0,2,-283.44,-279.0,110.67857142857143,time,930,955,-0.6402323330106485,-0.6302032913843175,221.35714285714286,NQ
2023-06-27,1,15120.5,15108.0,2,-52.44,-48.0,117.09821428571429,time,930,955,-0.11195730080060998,-0.10247807853602744,234.19642857142858,NQ
2023-06-28,1,15101.0,15139.25,2,150.56,155.0,113.97321428571429,time,930,955,0.33025303564434,0.3399921660791226,227.94642857142858,NQ
2023-06-29,-1,15081.5,15103.5,2,-90.44,-86.0,113.90178571428571,time,930,955,-0.19850435055263776,-0.18875911264403858,227.80357142857142,NQ
2023-06-30,1,15354.75,15330.75,2,-98.44,-94.0,111.22321428571429,time,930,955,-0.22126675764630327,-0.21128682668379223,222.44642857142858,NQ
2023-07-05,1,15385.75,15359.5,2,-107.44,-103.0,99.27678571428571,time,930,955,-0.2705567047396349,-0.25937584315136253,198.55357142857142,NQ
2023-07-06,-1,15237.5,15236.0,2,3.56,8.0,92.59821428571429,time,930,955,0.009611416449715552,0.021598688651046184,185.19642857142858,NQ
2023-07-07,1,15261.25,15183.0,2,-315.44,-311.0,93.71428571428571,time,930,955,-0.8414939024390244,-0.8296493902439025,187.42857142857142,NQ
2023-07-10,-1,15163.25,15190.25,2,-110.44,-106.0,98.83035714285714,time,930,955,-0.27936760321618936,-0.2681362363357124,197.66071428571428,NQ
2023-07-11,-1,15204.25,15258.75,2,-220.44,-216.0,97.66071428571429,time,930,955,-0.5643006034009873,-0.5529347229840921,195.32142857142858,NQ
2023-07-12,1,15457.0,15451.5,2,-24.44,-20.0,94.73214285714286,time,930,955,-0.064497643732328,-0.0527803958529689,189.46428571428572,NQ
2023-07-13,1,15712.75,15705.75,2,-30.44,-26.0,94.5625,time,930,955,-0.08047587574355586,-0.06873760740251157,189.125,NQ
2023-07-14,1,15689.0,15702.75,2,52.56,57.0,96.75,time,930,955,0.1358139534883721,0.14728682170542637,193.5,NQ
2023-07-17,1,15858.0,15844.0,2,-58.44,-54.0,93.00892857142857,time,930,955,-0.15708169338581165,-0.1451473552846309,186.01785714285714,NQ
2023-07-18,-1,16003.25,15973.25,2,117.56,122.0,89.35714285714286,time,930,955,0.32890487609912067,0.3413269384492406,178.71428571428572,NQ
2023-07-19,-1,15972.75,15957.25,2,59.56,64.0,93.04464285714286,time,930,955,0.16003070722579407,0.17196046444679014,186.08928571428572,NQ
2023-07-20,1,15580.25,15587.75,2,27.56,32.0,94.30357142857143,time,930,955,0.07306192009089187,0.08483241810263208,188.60714285714286,NQ
2023-07-21,-1,15532.75,15537.75,2,-22.44,-18.0,99.17857142857143,time,930,955,-0.05656463809866763,-0.04537270435722002,198.35714285714286,NQ
2023-07-24,-1,15536.0,15564.0,2,-114.44,-110.0,103.28571428571429,time,930,955,-0.2769986168741355,-0.26625172890733056,206.57142857142858,NQ
2023-07-25,1,15697.75,15668.5,2,-119.44,-115.0,107.10714285714286,time,930,955,-0.27878626208736246,-0.2684228076025342,214.21428571428572,NQ
2023-07-26,1,15589.5,15612.5,2,89.56,94.0,108.28571428571429,time,930,955,0.20676781002638522,0.21701846965699206,216.57142857142858,NQ
2023-07-27,1,15563.25,15565.75,2,7.5600000000000005,12.0,105.47321428571429,time,930,955,0.017919241513586728,0.028443240497756705,210.94642857142858,NQ
2023-07-28,1,15864.25,15849.5,2,-61.44,-57.0,112.80357142857143,time,930,955,-0.136165901535539,-0.12632578755738483,225.60714285714286,NQ
2023-07-31,-1,15818.75,15863.25,2,-180.44,-176.0,119.17857142857143,time,930,955,-0.3785076415942463,-0.3691938867246029,238.35714285714286,NQ
2023-08-01,-1,15843.5,15817.0,2,103.56,108.0,116.875,time,930,955,0.2215187165775401,0.23101604278074866,233.75,NQ
2023-08-02,-1,15437.75,15468.5,2,-125.44,-121.0,112.78571428571429,time,930,955,-0.2780493983533882,-0.26820772640911966,225.57142857142858,NQ
2023-08-03,1,15446.0,15430.0,2,-66.44,-62.0,116.83035714285714,time,930,955,-0.14217195261750096,-0.1326709973251815,233.66071428571428,NQ
2023-08-04,-1,15373.0,15358.25,2,56.56,61.0,116.04464285714286,time,930,955,0.12184965761329537,0.13141494190967146,232.08928571428572,NQ
2023-08-07,-1,15452.5,15486.75,2,-139.44,-135.0,119.40178571428571,time,930,955,-0.29195543258805057,-0.2826590892096015,238.80357142857142,NQ
2023-08-08,-1,15319.0,15350.5,2,-128.44,-124.0,114.41071428571429,time,930,955,-0.28065553301076945,-0.2709536444513813,228.82142857142858,NQ
2023-08-09,-1,15240.25,15180.5,2,236.56,241.0,118.58928571428571,time,930,955,0.49869597952115646,0.5080560156602921,237.17857142857142,NQ
2023-08-10,1,15188.5,15200.25,2,44.56,49.0,111.875,time,930,955,0.09957541899441341,0.10949720670391061,223.75,NQ
2023-08-11,-1,15121.75,15101.25,2,79.56,84.0,115.77678571428571,time,930,955,0.1717960977866893,0.18138351199197966,231.55357142857142,NQ
2023-08-14,1,15225.0,15272.25,2,186.56,191.0,116.78571428571429,time,930,955,0.39936391437308866,0.40886850152905196,233.57142857142858,NQ
2023-08-15,-1,15098.0,15105.5,2,-32.44,-28.0,119.14285714285714,time,930,955,-0.06806954436450839,-0.05875299760191847,238.28571428571428,NQ
2023-08-16,1,14980.5,14938.75,2,-169.44,-165.0,120.15178571428571,time,930,955,-0.352554061083451,-0.34331574645166085,240.30357142857142,NQ
2023-08-17,-1,14781.0,14772.5,2,31.56,36.0,113.47321428571429,time,930,955,0.06953182783853962,0.07931387205917066,226.94642857142858,NQ
2023-08-18,1,14757.0,14750.0,2,-30.44,-26.0,110.72321428571429,time,930,955,-0.06872994113377953,-0.05870494314974598,221.44642857142858,NQ
2023-08-21,1,14994.0,14986.75,2,-31.44,-27.0,113.89285714285714,time,930,955,-0.06901222953904046,-0.05926622765757291,227.78571428571428,NQ
2023-08-22,-1,14954.5,14960.5,2,-26.44,-22.0,118.49107142857143,time,930,955,-0.055784793911536436,-0.046416999472534096,236.98214285714286,NQ
2023-08-23,1,15222.25,15197.75,2,-100.44,-96.0,109.83035714285714,time,930,955,-0.22862531501503944,-0.21851881960816194,219.66071428571428,NQ
2023-08-24,-1,14919.5,14859.5,2,237.56,242.0,113.75892857142857,time,930,955,0.522068911388431,0.5318263872537478,227.51785714285714,NQ
2023-08-25,1,15005.0,14977.25,2,-113.44,-109.0,121.30357142857143,time,930,955,-0.23379361107021934,-0.22464301486824673,242.60714285714286,NQ
2023-08-28,-1,15056.0,15090.5,1,-70.22,-68.0,126.30357142857143,time,930,955,-0.2779810547151138,-0.2691927046514916,252.60714285714286,NQ
2023-08-29,1,15413.0,15413.25,2,-1.44,3.0,122.03571428571429,time,930,955,-0.0029499561018437224,0.006145741878841088,244.07142857142858,NQ
2023-08-30,1,15494.0,15501.75,1,14.28,16.5,127.24107142857143,time,930,955,0.056113956915304186,0.06483755525928005,254.48214285714286,NQ
2023-08-31,1,15575.25,15532.0,2,-175.44,-171.0,121.58035714285714,time,930,955,-0.360749063670412,-0.35161929940515535,243.16071428571428,NQ
2023-09-01,-1,15514.0,15520.25,2,-27.44,-23.0,119.96428571428571,time,930,955,-0.05718368562072046,-0.047930931824947905,239.92857142857142,NQ
2023-09-05,-1,15554.5,15534.0,2,79.56,84.0,113.85714285714286,time,930,955,0.1746925972396487,0.18444165621079045,227.71428571428572,NQ
2023-09-06,-1,15369.0,15398.25,2,-119.44,-115.0,111.65178571428571,time,930,955,-0.2674386245501799,-0.2574970011995202,223.30357142857142,NQ
2023-09-07,-1,15278.75,15277.0,2,4.5600000000000005,9.0,110.58928571428571,time,930,955,0.010308412724043276,0.02034555142903278,221.17857142857142,NQ
2023-09-08,1,15275.0,15295.0,2,77.56,82.0,112.26785714285714,time,930,955,0.1727119452839192,0.18259901383807858,224.53571428571428,NQ
2023-09-11,-1,15496.0,15475.5,2,79.56,84.0,107.67857142857143,time,930,955,0.18471641791044777,0.19502487562189055,215.35714285714286,NQ
2023-09-12,1,15300.0,15302.0,2,5.5600000000000005,10.0,109.17857142857143,time,930,955,0.012731436048413479,0.02289826627412496,218.35714285714286,NQ
2023-09-13,1,15550.75,15554.25,2,11.56,16.0,105.75892857142857,time,930,955,0.027326298016040525,0.03782186576614605,211.51785714285714,NQ
2023-09-14,-1,15676.0,15672.75,2,10.56,15.0,99.77678571428571,time,930,955,0.026459060402684566,0.03758389261744967,199.55357142857142,NQ
2023-09-15,-1,15396.5,15391.0,2,19.56,24.0,95.72321428571429,time,930,955,0.051084786866896735,0.06268072008208189,191.44642857142858,NQ
2023-09-18,1,15391.75,15413.0,2,82.56,87.0,101.67857142857143,time,930,955,0.2029926238145416,0.21390937829293993,203.35714285714286,NQ
2023-09-19,-1,15361.25,15377.5,2,-67.44,-63.0,92.75892857142857,time,930,955,-0.1817614784868611,-0.16979497545480798,185.51785714285714,NQ
2023-09-20,-1,15202.0,15152.5,2,195.56,200.0,93.36607142857143,time,930,955,0.5236377546141341,0.5355264416180548,186.73214285714286,NQ
2023-09-21,-1,14889.5,14862.0,2,107.56,112.0,99.42857142857143,time,930,955,0.27044540229885056,0.28160919540229884,198.85714285714286,NQ
2023-09-22,1,14935.5,14866.5,2,-278.44,-274.0,102.79464285714286,time,930,955,-0.6771753669764614,-0.6663771388864761,205.58928571428572,NQ
2023-09-25,1,14894.25,14936.5,2,166.56,171.0,106.66964285714286,time,930,955,0.390364108144304,0.40077006779944757,213.33928571428572,NQ
2023-09-26,-1,14669.25,14709.0,2,-161.44,-157.0,107.125,time,930,955,-0.3767561260210035,-0.3663943990665111,214.25,NQ
2023-09-27,1,14771.5,14743.5,2,-114.44,-110.0,108.8125,time,930,955,-0.2629293509477312,-0.2527283170591614,217.625,NQ
2023-09-28,1,14886.0,14858.25,2,-113.44,-109.0,108.63392857142857,time,930,955,-0.26106024492479657,-0.2508424426728035,217.26785714285714,NQ
2023-09-29,1,14862.5,14868.0,2,19.56,24.0,114.15178571428571,time,930,955,0.04283770043019163,0.052561595619867035,228.30357142857142,NQ
2023-10-02,1,14944.75,14987.75,2,169.56,174.0,115.84821428571429,time,930,955,0.36590982658959537,0.37549132947976877,231.69642857142858,NQ
2023-10-03,1,14652.0,14719.25,2,266.56,271.0,116.26785714285714,time,930,955,0.573159268929504,0.5827061895254185,232.53571428571428,NQ
2023-10-04,1,14933.0,14919.5,2,-56.44,-52.0,116.94642857142857,time,930,955,-0.12065353489082302,-0.11116200946709422,233.89285714285714,NQ
2023-10-05,-1,14875.0,14866.25,2,32.56,37.0,118.83928571428571,time,930,955,0.06849586776859505,0.07783621337340346,237.67857142857142,NQ
2023-10-06,1,15143.0,15113.0,2,-122.44,-118.0,115.07142857142857,time,930,955,-0.2660086902545003,-0.2563625077591558,230.14285714285714,NQ
2023-10-09,1,15182.5,15190.5,1,14.78,17.0,127.21428571428571,time,930,955,0.05809096013475575,0.06681639528354857,254.42857142857142,NQ
2023-10-10,1,15293.5,15270.0,1,-48.22,-46.0,130.73214285714286,time,930,955,-0.1844228930473979,-0.17593224969266494,261.4642857142857,NQ
2023-10-11,1,15339.75,15376.75,1,72.78,75.0,127.72321428571429,time,930,955,0.28491296749388323,0.29360363509262494,255.44642857142858,NQ
2023-10-12,-1,15317.25,15315.5,2,4.5600000000000005,9.0,122.05357142857143,time,930,955,0.009340160936356987,0.01843452816386247,244.10714285714286,NQ
2023-10-13,1,15114.0,15121.25,2,26.56,31.0,124.82142857142857,time,930,955,0.05319599427753934,0.06208869814020029,249.64285714285714,NQ
2023-10-16,1,15313.25,15293.25,1,-41.22,-39.0,130.09821428571428,time,930,955,-0.15841877702285362,-0.14988676137533458,260.19642857142856,NQ
2023-10-17,-1,15205.25,15241.25,1,-73.22,-71.0,128.125,time,930,955,-0.28573658536585367,-0.27707317073170734,256.25,NQ
2023-10-18,1,15037.5,15023.25,1,-29.72,-27.5,128.96428571428572,time,930,955,-0.11522569925228468,-0.10661866518969813,257.92857142857144,NQ
2023-10-19,-1,14909.0,14886.0,1,44.78,47.0,127.97321428571429,time,930,955,0.17495848740668388,0.18363217749249983,255.94642857142858,NQ
2023-10-20,-1,14700.25,14661.5,1,76.28,78.5,129.26785714285714,time,930,955,0.2950462771100981,0.3036330984942672,258.5357142857143,NQ
2023-10-23,1,14733.0,14706.0,1,-55.22,-53.0,130.55357142857142,time,930,955,-0.21148406510737247,-0.2029818082341677,261.10714285714283,NQ
2023-10-24,1,14848.0,14846.0,1,-5.22,-3.0,130.66071428571428,time,930,955,-0.01997539975399754,-0.011480114801148012,261.32142857142856,NQ
2023-10-25,-1,14493.75,14476.5,1,33.28,35.5,128.35714285714286,time,930,955,0.129638286032276,0.13828603227601557,256.7142857142857,NQ
2023-10-26,-1,14247.5,14194.75,1,104.28,106.5,134.95535714285714,time,930,955,0.38634998346013893,0.39457492557062523,269.9107142857143,NQ
2023-10-27,1,14236.75,14265.75,1,56.78,59.0,130.59821428571428,time,930,955,0.21738428932795517,0.2258836398441239,261.19642857142856,NQ
2023-10-30,1,14446.75,14418.5,1,-57.72,-55.5,128.8125,time,930,955,-0.22404657933042213,-0.21542940320232898,257.625,NQ
2023-10-31,-1,14481.5,14489.75,1,-17.72,-15.5,129.0625,time,930,955,-0.06864891041162227,-0.06004842615012106,258.125,NQ
2023-11-01,1,14749.0,14742.5,1,-14.22,-12.0,131.14285714285714,time,930,955,-0.05421568627450981,-0.04575163398692811,262.2857142857143,NQ
2023-11-02,-1,14995.5,14999.75,1,-9.72,-7.5,131.85714285714286,time,930,955,-0.03685807150595883,-0.028439869989165763,263.7142857142857,NQ
2023-11-03,1,15189.5,15174.25,1,-31.72,-29.5,130.47321428571428,time,930,955,-0.12155751727913502,-0.11305002395127627,260.94642857142856,NQ
2023-11-06,1,15209.5,15233.5,1,46.78,49.0,130.96428571428572,time,930,955,0.17859830924461412,0.1870739023725116,261.92857142857144,NQ
2023-11-07,1,15399.75,15375.0,1,-50.72,-48.5,125.98214285714286,time,930,955,-0.20129836995038977,-0.192487597448618,251.96428571428572,NQ
2023-11-08,1,15360.25,15383.5,2,90.56,95.0,123.35714285714286,time,930,955,0.18353213665315576,0.19253039953676895,246.71428571428572,NQ
2023-11-09,1,15261.5,15258.5,2,-14.44,-10.0,117.8125,time,930,955,-0.030641909814323607,-0.021220159151193633,235.625,NQ
2023-11-10,1,15583.5,15597.0,2,51.56,56.0,117.19642857142857,time,930,955,0.10998628675910407,0.11945756513789425,234.39285714285714,NQ
2023-11-13,-1,15569.0,15548.0,2,81.56,86.0,117.41964285714286,time,930,955,0.17365067295262718,0.1831039464679492,234.83928571428572,NQ
2023-11-14,1,15906.75,15878.5,2,-115.44,-111.0,115.99107142857143,time,930,955,-0.2488122546378262,-0.23924255253637133,231.98214285714286,NQ
2023-11-15,-1,15907.0,15890.75,2,62.56,67.0,115.13392857142857,time,930,955,0.13584179914695618,0.14548274525009694,230.26785714285714,NQ
2023-11-16,1,15884.5,15897.0,2,47.56,52.0,108.30357142857143,time,930,955,0.10978400659521848,0.12003297609233306,216.60714285714286,NQ
2023-11-17,1,15886.0,15897.25,2,42.56,47.0,104.61607142857143,time,930,955,0.10170521464538705,0.1123154391055731,209.23214285714286,NQ
2023-11-20,1,16103.75,16088.25,2,-64.44,-60.0,101.20535714285714,time,930,955,-0.15918129686810764,-0.1482134980149978,202.41071428571428,NQ
2023-11-21,-1,15980.0,15988.75,2,-37.44,-33.0,102.25892857142857,time,930,955,-0.09153234960272418,-0.08067755173317034,204.51785714285714,NQ
2023-11-22,-1,16056.0,16048.25,2,28.56,33.0,98.66071428571429,time,930,955,0.07236923076923076,0.08361990950226243,197.32142857142858,NQ
2023-11-27,1,16039.75,16007.25,2,-132.44,-128.0,87.16964285714286,time,930,955,-0.3798340673973164,-0.3671002765543378,174.33928571428572,NQ
2023-11-28,-1,16010.5,16048.25,2,-153.44,-149.0,84.69642857142857,time,930,955,-0.45291165928737087,-0.43980602993885726,169.39285714285714,NQ
2023-11-29,1,16020.25,16025.75,2,19.56,24.0,84.0625,time,930,955,0.058171003717472115,0.07137546468401487,168.125,NQ
2023-11-30,-1,15893.5,15977.276785714286,3,-506.32071428571743,-499.6607142857174,83.27678571428571,stop,930,950,-1.013329044708916,-1.0000000000000064,166.55357142857142,NQ
2023-12-01,-1,16032.5,16025.25,3,39.84,46.5,77.91071428571429,time,930,955,0.08522576209030483,0.0994728397891359,155.82142857142858,NQ
2023-12-04,-1,15854.5,15871.5,3,-105.66,-99.0,79.83928571428571,time,930,955,-0.2205681055692239,-0.20666517557593383,159.67857142857142,NQ
2023-12-05,1,15897.75,15911.75,3,80.34,87.0,77.4375,time,930,955,0.1729136400322841,0.18724778046811946,154.875,NQ
2023-12-06,-1,15831.5,15815.25,3,93.84,100.5,78.61607142857143,time,930,955,0.1989415105053947,0.21306076093128903,157.23214285714286,NQ
2023-12-07,-1,16028.0,16035.5,3,-48.66,-42.0,83.10714285714286,time,930,955,-0.09758487322733132,-0.08422862054146969,166.21428571428572,NQ
2023-12-08,1,16105.5,16098.5,2,-30.44,-26.0,87.96428571428571,time,930,955,-0.086512383272432,-0.07389362565976453,175.92857142857142,NQ
2023-12-11,1,16220.75,16233.75,2,49.56,54.0,86.16071428571429,time,930,955,0.14380103626943005,0.1566839378238342,172.32142857142858,NQ
2023-12-12,1,16347.25,16364.75,2,67.56,72.0,86.34821428571429,time,930,955,0.19560335022231412,0.20845827732395822,172.69642857142858,NQ
2023-12-13,1,16729.75,16779.25,2,195.56,200.0,86.23214285714286,time,930,955,0.5669579623110375,0.5798301925864568,172.46428571428572,NQ
2023-12-14,1,16737.0,16755.25,2,70.56,75.0,101.04464285714286,time,930,955,0.17457630113987807,0.18556154457895202,202.08928571428572,NQ
2023-12-15,1,16827.0,16819.5,2,-32.44,-28.0,107.0625,time,930,955,-0.07575014594279042,-0.06538237011091652,214.125,NQ
2023-12-18,1,16964.75,16938.0,2,-109.44,-105.0,107.51785714285714,time,930,955,-0.2544693572496263,-0.24414549078226208,215.03571428571428,NQ
2023-12-19,1,17001.0,17020.75,2,76.56,81.0,108.99107142857143,time,930,955,0.17561071516343082,0.18579503563529123,217.98214285714286,NQ
2023-12-20,1,16801.25,16764.0,2,-151.44,-147.0,105.21428571428571,time,930,955,-0.359837067209776,-0.34928716904276985,210.42857142857142,NQ
2023-12-21,-1,16937.75,16950.75,2,-54.44,-50.0,109.41964285714286,time,930,955,-0.12438351693186453,-0.1142390860873113,218.83928571428572,NQ
2023-12-22,1,16978.5,16980.0,2,3.56,8.0,109.98214285714286,time,930,955,0.008092222763435622,0.01818477025491151,219.96428571428572,NQ
2023-12-26,1,17108.75,17084.25,2,-100.44,-96.0,104.33035714285714,time,930,955,-0.2406777920410783,-0.2300385109114249,208.66071428571428,NQ
2023-12-27,1,17089.5,17116.5,2,105.56,110.0,102.66071428571429,time,930,955,0.25706035832318663,0.26787267350843624,205.32142857142858,NQ
2023-12-28,-1,17102.25,17091.0,2,42.56,47.0,96.82142857142857,time,930,955,0.1098930284028034,0.12135743268166728,193.64285714285714,NQ
2023-12-29,1,17024.5,17018.75,2,-25.44,-21.0,90.75892857142857,time,930,955,-0.07007575012297099,-0.057845548450565665,181.51785714285714,NQ
2024-01-02,-1,16648.5,16721.25,2,-293.44,-289.0,90.67857142857143,time,930,955,-0.809011421819614,-0.7967703820401733,181.35714285714286,NQ
2024-01-03,1,16575.5,16540.5,2,-142.44,-138.0,98.51785714285714,time,930,955,-0.3614573137574769,-0.35019032082653617,197.03571428571428,NQ
2024-01-04,1,16494.25,16443.5,2,-205.44,-201.0,99.13392857142857,time,930,955,-0.5180870035125642,-0.5068900297216968,198.26785714285714,NQ
2024-01-05,1,16420.25,16463.5,2,170.56,175.0,88.64285714285714,time,930,955,0.4810314262691378,0.49355358581788883,177.28571428571428,NQ
2024-01-08,1,16786.5,16801.0,2,55.56,60.0,85.9375,time,930,955,0.16162909090909092,0.17454545454545456,171.875,NQ
2024-01-09,1,16818.5,16831.5,2,49.56,54.0,93.64285714285714,time,930,955,0.1323112128146453,0.14416475972540047,187.28571428571428,NQ
2024-01-10,-1,16942.75,16941.75,2,1.56,6.0,95.5625,time,930,955,0.00408109875735775,0.015696533682145193,191.125,NQ
2024-01-11,-1,16958.5,16965.75,2,-31.44,-27.0,98.85714285714286,time,930,955,-0.07950867052023121,-0.06828034682080925,197.71428571428572,NQ
2024-01-12,-1,16963.25,16972.5,2,-39.44,-35.0,98.04464285714286,time,930,955,-0.10056643292960567,-0.08924505964848374,196.08928571428572,NQ
2024-01-16,-1,16925.75,16968.25,2,-172.44,-168.0,91.77678571428571,time,930,955,-0.4697266271038039,-0.45763206537600937,183.55357142857142,NQ
2024-01-17,-1,16824.0,16869.0,2,-182.44,-178.0,93.48214285714286,time,930,955,-0.4879006685768863,-0.4760267430754537,186.96428571428572,NQ
2024-01-18,1,17107.5,17108.75,2,2.56,7.0,100.85714285714286,time,930,955,0.006345609065155807,0.017351274787535412,201.71428571428572,NQ
2024-01-19,1,17435.5,17442.25,2,24.56,29.0,107.13392857142857,time,930,955,0.05731144262021835,0.06767230602550213,214.26785714285714,NQ
2024-01-22,1,17480.0,17460.5,2,-80.44,-76.0,113.19642857142857,time,930,955,-0.17765578166903298,-0.16784981858337278,226.39285714285714,NQ
2024-01-23,-1,17507.5,17529.75,2,-91.44,-87.0,104.42857142857143,time,930,955,-0.21890560875512996,-0.2082763337893297,208.85714285714286,NQ
2024-01-24,-1,17632.75,17625.0,2,28.56,33.0,101.94642857142857,time,930,955,0.07003678402522333,0.08092485549132948,203.89285714285714,NQ
2024-01-25,-1,17619.75,17638.25,2,-76.44,-72.0,106.09821428571429,time,930,955,-0.1801161322898258,-0.1696541277455188,212.19642857142858,NQ
2024-01-26,-1,17533.5,17529.5,2,13.56,18.0,107.40178571428571,time,930,955,0.031563721007565056,0.04189874470030759,214.80357142857142,NQ
2024-01-29,1,17705.25,17707.75,2,7.5600000000000005,12.0,99.79464285714286,time,930,955,0.01893889236825624,0.030061733917867046,199.58928571428572,NQ
2024-01-30,1,17580.75,17583.5,2,8.56,13.0,99.38392857142857,time,930,955,0.021532656544784836,0.032701464378762014,198.76785714285714,NQ
2024-01-31,-1,17263.75,17239.0,2,96.56,101.0,98.60714285714286,time,930,955,0.2448098515030786,0.2560666425208258,197.21428571428572,NQ
2024-02-01,-1,17444.0,17440.5,2,11.56,16.0,100.84821428571429,time,930,955,0.02865692784417884,0.03966356795042054,201.69642857142858,NQ
2024-02-02,1,17746.5,17729.5,2,-70.44,-66.0,103.90178571428571,time,930,955,-0.16948698118071667,-0.15880381541634442,207.80357142857142,NQ
2024-02-05,-1,17716.75,17697.5,2,74.56,79.0,114.34821428571429,time,930,955,0.16301085343952526,0.17271804481923947,228.69642857142858,NQ
2024-02-06,-1,17614.0,17662.0,2,-194.44,-190.0,114.79464285714286,time,930,955,-0.42345181613129035,-0.41378237535972623,229.58928571428572,NQ
2024-02-07,-1,17843.75,17841.5,2,6.5600000000000005,11.0,112.23214285714286,time,930,955,0.014612569610182976,0.02450278440731901,224.46428571428572,NQ
2024-02-08,1,17870.25,17865.25,2,-22.44,-18.0,110.6875,time,930,955,-0.0506832298136646,-0.040654997176736304,221.375,NQ
2024-02-09,1,18036.0,18038.75,2,8.56,13.0,101.74107142857143,time,930,955,0.021033786748573938,0.031943835015357615,203.48214285714286,NQ
2024-02-12,1,17972.5,17963.25,2,-39.44,-35.0,103.6875,time,930,955,-0.09509342977697408,-0.08438818565400844,207.375,NQ
2024-02-13,1,17589.0,17680.25,2,362.56,367.0,105.67857142857143,time,930,955,0.8576951672862454,0.8681987157823589,211.35714285714286,NQ
2024-02-14,1,17830.5,17869.0,2,151.56,156.0,111.30357142857143,time,930,955,0.3404203433338681,0.35039306914808277,222.60714285714286,NQ
2024-02-15,-1,17894.5,17914.25,2,-81.44,-77.0,111.17857142857143,time,930,955,-0.18312881464824926,-0.17314487632508835,222.35714285714286,NQ
2024-02-16,-1,17785.75,17747.25,2,151.56,156.0,111.82142857142857,time,930,955,0.33884381986585754,0.34877036090705843,223.64285714285714,NQ
2024-02-20,-1,17540.75,17612.75,2,-290.44,-286.0,108.86607142857143,time,930,955,-0.6669662921348315,-0.656770278028377,217.73214285714286,NQ
2024-02-21,-1,17449.0,17537.25,2,-355.44,-351.0,108.25892857142857,time,930,955,-0.8208098969072165,-0.8105567010309278,216.51785714285714,NQ
2024-02-22,1,18053.25,18044.5,2,-37.44,-33.0,109.16071428571429,time,930,955,-0.0857451333224276,-0.07557663994765254,218.32142857142858,NQ
2024-02-23,-1,17979.75,17986.75,2,-30.44,-26.0,116.83035714285714,time,930,955,-0.065137179977073,-0.05563622468475354,233.66071428571428,NQ
2024-02-26,-1,17998.0,17977.75,2,78.56,83.0,117.09821428571429,time,930,955,0.16772245520396492,0.17720167746854745,234.19642857142858,NQ
2024-02-27,-1,18005.5,18018.0,2,-52.44,-48.0,113.04464285714286,time,930,955,-0.11597188215780743,-0.10615275254719216,226.08928571428572,NQ
2024-02-28,-1,17929.0,17917.75,2,42.56,47.0,109.83035714285714,time,930,955,0.0968766766929518,0.10698317209982929,219.66071428571428,NQ
2024-02-29,1,18047.75,18066.75,2,73.56,78.0,111.73214285714286,time,930,955,0.16459005913377017,0.17452453252357358,223.46428571428572,NQ
2024-03-01,1,18336.0,18334.75,2,-7.4399999999999995,-3.0,111.9375,time,930,955,-0.01661641541038526,-0.006700167504187605,223.875,NQ
2024-03-04,-1,18301.0,18258.75,2,166.56,171.0,116.24107142857143,time,930,955,0.3582210615254628,0.3677701820416315,232.48214285714286,NQ
2024-03-05,-1,17862.0,17932.0,2,-282.44,-278.0,104.55357142857143,time,930,955,-0.6753475661827497,-0.6647309991460291,209.10714285714286,NQ
2024-03-06,-1,17998.75,18044.5,2,-185.44,-181.0,112.39285714285714,time,930,955,-0.4124817286304417,-0.4026056561804894,224.78571428571428,NQ
2024-03-07,1,18316.25,18309.0,2,-31.44,-27.0,115.60714285714286,time,930,955,-0.06798887859128823,-0.05838739573679332,231.21428571428572,NQ
2024-03-08,1,18080.0,18040.25,2,-161.44,-157.0,119.27678571428571,time,930,955,-0.338372632682087,-0.32906654689722287,238.55357142857142,NQ
2024-03-11,-1,17974.5,17970.5,1,6.78,9.0,132.25892857142858,time,930,955,0.025631539863633295,0.03402416796057517,264.51785714285717,NQ
2024-03-12,-1,18213.75,18227.0,1,-27.72,-25.5,125.60714285714286,time,930,955,-0.11034404321865225,-0.10150696616434461,251.21428571428572,NQ
2024-03-13,-1,18324.75,18330.75,1,-13.22,-11.0,128.17857142857142,time,930,955,-0.05156868208414601,-0.042908888269713015,256.35714285714283,NQ
2024-03-14,-1,18169.5,18278.5,2,-438.44,-434.0,115.78571428571429,time,930,955,-0.9466625539790252,-0.9370758790869833,231.57142857142858,NQ
2024-03-15,-1,18075.0,18058.75,2,62.56,67.0,117.14285714285714,time,930,955,0.13351219512195123,0.1429878048780488,234.28571428571428,NQ
2024-03-18,1,18287.5,18229.25,2,-235.44,-231.0,123.51785714285714,time,930,955,-0.47653028769697847,-0.46754373283215267,247.03571428571428,NQ
2024-03-19,-1,18232.25,18270.25,1,-77.22,-75.0,130.61607142857142,time,930,955,-0.295599152368583,-0.28710096383895006,261.23214285714283,NQ
2024-03-20,-1,18492.25,18484.75,1,13.78,16.0,133.98214285714286,time,930,955,0.05142476342796214,0.05970944955351193,267.9642857142857,NQ
2024-03-21,-1,18578.0,18559.0,1,36.78,39.0,135.47321428571428,time,930,955,0.13574639161668756,0.1439398932313979,270.94642857142856,NQ
2024-03-22,-1,18567.0,18572.25,1,-11.72,-9.5,132.57142857142858,time,930,955,-0.04420258620689655,-0.03582974137931034,265.14285714285717,NQ
2024-03-25,1,18540.75,18509.25,1,-64.22,-62.0,133.70535714285714,time,930,955,-0.24015492487479131,-0.23185308848080136,267.4107142857143,NQ
2024-03-26,1,18488.0,18450.25,2,-153.44,-149.0,124.10714285714286,time,930,955,-0.30908776978417263,-0.3001438848920863,248.21428571428572,NQ
2024-03-27,-1,18436.0,18507.0,2,-286.44,-282.0,121.49107142857143,time,930,955,-0.5894260307194826,-0.5802895568457411,242.98214285714286,NQ
2024-03-28,1,18494.25,18462.75,2,-128.44,-124.0,117.11607142857143,time,930,955,-0.27417244796828544,-0.2646946710375848,234.23214285714286,NQ
2024-04-01,1,18480.5,18495.0,2,55.56,60.0,105.1875,time,930,955,0.13204991087344028,0.14260249554367202,210.375,NQ
2024-04-02,-1,18319.0,18330.75,2,-49.44,-45.0,106.70535714285714,time,930,955,-0.11583298468747386,-0.1054305079072881,213.41071428571428,NQ
2024-04-03,1,18342.0,18370.25,2,110.56,115.0,106.0625,time,930,955,0.2606010606953447,0.27106658809664114,212.125,NQ
2024-04-04,-1,18133.25,18075.25,2,229.56,234.0,106.39285714285714,time,930,955,0.5394159113796576,0.5498489425981873,212.78571428571428,NQ
2024-04-05,1,18321.5,18293.0,2,-116.44,-112.0,115.75,time,930,955,-0.25149028077753777,-0.24190064794816415,231.5,NQ
2024-04-08,-1,18329.75,18297.25,2,127.56,132.0,117.9375,time,930,955,0.2703974562798092,0.27980922098569155,235.875,NQ
2024-04-09,-1,18332.5,18362.5,2,-122.44,-118.0,111.36607142857143,time,930,955,-0.2748592960795318,-0.26489216708089475,222.73214285714286,NQ
2024-04-10,1,18161.75,18191.25,2,115.56,120.0,111.66071428571429,time,930,955,0.25873020949944026,0.26867103790180713,223.32142857142858,NQ
2024-04-11,-1,18505.5,18482.5,2,89.56,94.0,111.71428571428571,time,930,955,0.2004219948849105,0.21035805626598467,223.42857142857142,NQ
2024-04-12,1,18155.25,18180.75,2,99.56,104.0,116.16964285714286,time,930,955,0.21425562985166396,0.22381062178156944,232.33928571428572,NQ
2024-04-15,-1,17878.75,17876.5,2,6.5600000000000005,11.0,124.59821428571429,time,930,955,0.013162307416696524,0.022070942314582585,249.19642857142858,NQ
2024-04-16,1,17891.75,17876.25,1,-32.22,-30.0,136.75,time,930,955,-0.11780621572212066,-0.10968921389396709,273.5,NQ
2024-04-17,-1,17674.25,17654.5,1,38.28,40.5,136.77678571428572,time,930,955,0.13993602715581957,0.14805143938899404,273.55357142857144,NQ
2024-04-18,-1,17573.75,17545.25,1,55.78,58.0,142.16964285714286,time,930,955,0.1961740877975256,0.2039816617471582,284.3392857142857,NQ
2024-04-19,-1,17173.5,17182.0,1,-18.22,-16.0,146.97321428571428,time,930,955,-0.06198408359151935,-0.05443168701779965,293.94642857142856,NQ
2024-04-22,-1,17353.0,17350.75,1,3.2800000000000002,5.5,155.51785714285714,time,930,955,0.010545412791365255,0.0176828568147893,311.0357142857143,NQ
2024-04-23,1,17628.0,17606.75,1,-43.72,-41.5,155.72321428571428,time,930,955,-0.14037727194541597,-0.1332492402958546,311.44642857142856,NQ
2024-04-24,1,17669.25,17658.0,1,-23.72,-21.5,159.09821428571428,time,930,955,-0.07454514843706156,-0.06756832594421686,318.19642857142856,NQ
2024-04-25,1,17584.75,17567.0,1,-36.72,-34.5,149.4375,time,930,955,-0.12286072772898368,-0.11543287327478043,298.875,NQ
2024-04-26,1,17878.0,17839.0,1,-79.22,-77.0,150.03571428571428,time,930,955,-0.26400380861699596,-0.2566055701023566,300.07142857142856,NQ
2024-04-29,-1,17855.5,17905.25,1,-100.72,-98.5,157.02678571428572,time,930,955,-0.32070961505657586,-0.31364075737760844,314.05357142857144,NQ
2024-04-30,1,17699.0,17563.25,1,-272.72,-270.5,153.9375,time,930,955,-0.885814047909054,-0.878603329273244,307.875,NQ
2024-05-01,-1,17644.75,17431.75,1,424.78,427.0,157.04464285714286,time,930,955,1.3524179885155494,1.3594860424128716,314.0892857142857,NQ
2024-05-02,-1,17645.75,17648.5,1,-6.72,-4.5,158.64285714285714,time,930,955,-0.021179648806843764,-0.014182800540297164,317.2857142857143,NQ
2024-05-03,1,18000.0,18001.25,1,1.28,3.5,156.40178571428572,time,930,955,0.004092024890106754,0.011189130558885653,312.80357142857144,NQ
2024-05-06,1,18136.5,18197.0,1,119.78,122.0,152.99107142857142,time,930,955,0.391460752845054,0.39871607820250954,305.98214285714283,NQ
2024-05-07,-1,18192.25,18196.75,1,-10.22,-8.0,153.94642857142858,time,930,955,-0.0331933650388586,-0.02598306460967405,307.89285714285717,NQ
2024-05-08,1,18187.75,18182.75,1,-11.22,-9.0,145.21428571428572,time,930,955,-0.038632562715199215,-0.030988686669945892,290.42857142857144,NQ
2024-05-09,-1,18208.75,18216.0,1,-15.72,-13.5,143.04464285714286,time,930,955,-0.05494788090631047,-0.04718806566381624,286.0892857142857,NQ
2024-05-10,1,18260.25,18254.0,1,-13.72,-11.5,132.28571428571428,time,930,955,-0.05185745140388769,-0.04346652267818575,264.57142857142856,NQ
2024-05-13,-1,18291.25,18296.0,1,-10.72,-8.5,127.28571428571429,time,930,955,-0.04210998877665544,-0.03338945005611672,254.57142857142858,NQ
2024-05-14,1,18420.5,18411.0,2,-40.44,-36.0,119.94642857142857,time,930,955,-0.08428762840553819,-0.07503349709691827,239.89285714285714,NQ
2024-05-15,-1,18693.75,18693.0,2,0.56,5.0,117.77678571428571,time,930,955,0.0011886892578273067,0.010613296944886665,235.55357142857142,NQ
2024-05-16,1,18679.0,18650.75,2,-115.44,-111.0,115.83928571428571,time,930,955,-0.24913827655310622,-0.23955603514721752,231.67857142857142,NQ
2024-05-17,-1,18625.75,18638.75,2,-54.44,-50.0,108.08035714285714,time,930,955,-0.1259248244527055,-0.11565468814539447,216.16071428571428,NQ
2024-05-20,1,18766.0,18766.0,2,-2.44,2.0,107.16071428571429,time,930,955,-0.005692384602566238,0.004665889018496917,214.32142857142858,NQ
2024-05-21,1,18785.0,18800.5,2,59.56,64.0,100.65178571428571,time,930,955,0.14793577574736097,0.15896389603477337,201.30357142857142,NQ
2024-05-22,1,18775.0,18793.5,2,71.56,76.0,91.25,time,930,955,0.19605479452054794,0.20821917808219179,182.5,NQ
2024-05-23,-1,18677.0,18697.0,2,-82.44,-78.0,86.08035714285714,time,930,955,-0.23942744528575874,-0.22653251737371644,172.16071428571428,NQ
2024-05-24,-1,18869.0,18874.5,2,-24.44,-20.0,84.61607142857143,time,930,955,-0.07220850480109739,-0.05909042946079983,169.23214285714286,NQ
2024-05-28,-1,18901.25,18943.25,2,-170.44,-166.0,85.13392857142857,time,930,955,-0.5005055060304142,-0.4874672260094389,170.26785714285714,NQ
2024-05-29,1,18842.0,18810.5,2,-128.44,-124.0,83.97321428571429,time,930,955,-0.3823838383838383,-0.3691653375863902,167.94642857142858,NQ
2024-05-30,-1,18612.0,18604.25,2,28.56,33.0,85.8125,time,930,955,0.08320466132556445,0.09613983976693372,171.625,NQ
2024-05-31,-1,18427.75,18517.8125,2,-362.69,-358.25,89.5625,stop,930,950,-1.012393579902303,-1.0,179.125,NQ
2024-06-03,-1,18596.75,18653.0,2,-227.44,-223.0,99.88392857142857,time,930,955,-0.5692607490837579,-0.5581478501832484,199.76785714285714,NQ
2024-06-04,-1,18664.0,18702.0,2,-154.44,-150.0,105.32142857142857,time,930,955,-0.36659206510681586,-0.3560528992878942,210.64285714285714,NQ
2024-06-05,1,19037.75,19077.25,2,155.56,160.0,101.38392857142857,time,930,955,0.383591369440775,0.3945398502862175,202.76785714285714,NQ
2024-06-06,-1,19055.0,19066.0,2,-46.44,-42.0,110.69642857142857,time,930,955,-0.10488143248911114,-0.09485400871108243,221.39285714285714,NQ
2024-06-07,-1,19045.5,19041.0,2,15.56,20.0,109.5,time,930,955,0.03552511415525114,0.045662100456621,219.0,NQ
2024-06-10,1,19097.25,19112.25,2,57.56,62.0,109.61607142857143,time,930,955,0.13127637044880672,0.14140262279058402,219.23214285714286,NQ
2024-06-11,-1,19196.75,19242.25,2,-184.44,-180.0,110.375,time,930,955,-0.417757644394111,-0.40770101925254815,220.75,NQ
2024-06-12,1,19461.5,19492.0,2,119.56,124.0,113.89285714285714,time,930,955,0.26243963624960803,0.2721856381310756,227.78571428571428,NQ
2024-06-13,-1,19599.75,19592.75,2,25.56,30.0,113.38392857142857,time,930,955,0.05635719347980156,0.06614694070399244,226.76785714285714,NQ
2024-06-14,1,19667.0,19687.25,2,78.56,83.0,111.3125,time,930,955,0.1764402021336328,0.18641212801796744,222.625,NQ
2024-06-17,-1,19976.75,19925.25,2,203.56,208.0,113.22321428571429,time,930,955,0.44946613043135397,0.45926977367715477,226.44642857142858,NQ
2024-06-18,-1,19920.75,19923.5,2,-13.44,-9.0,121.41071428571429,time,930,955,-0.027674658037946755,-0.018532137078982203,242.82142857142858,NQ
2024-06-20,-1,20054.5,20035.5,2,73.56,78.0,120.83928571428571,time,930,955,0.15218560662036354,0.1613713610166987,241.67857142857142,NQ
2024-06-21,-1,20002.5,19975.25,2,106.56,111.0,117.79464285714286,time,930,955,0.22615629500492684,0.23557947396346546,235.58928571428572,NQ
2024-06-24,1,19827.5,19744.5,2,-334.44,-330.0,112.03571428571429,time,930,955,-0.7462798852406758,-0.7363723302518329,224.07142857142858,NQ
2024-06-25,1,19966.75,19966.5,2,-3.44,1.0,114.51785714285714,time,930,955,-0.00750974582878528,0.0021830656479026977,229.03571428571428,NQ
2024-06-26,1,19966.75,20004.5,2,148.56,153.0,109.47321428571429,time,930,955,0.33926107169072667,0.3494005382921458,218.94642857142858,NQ
2024-06-27,1,20040.5,20047.75,2,26.56,31.0,110.09821428571429,time,930,955,0.06030978833833427,0.07039169572621846,220.19642857142858,NQ
2024-06-28,1,19937.5,19932.25,2,-23.44,-19.0,110.10714285714286,time,930,955,-0.05322088874472916,-0.043139798897178075,220.21428571428572,NQ
2024-07-01,-1,20025.75,20049.0,2,-95.44,-91.0,117.78571428571429,time,930,955,-0.2025712553062462,-0.19314736203759852,235.57142857142858,NQ
2024-07-02,1,20228.75,20256.25,2,107.56,112.0,118.11607142857143,time,930,955,0.22765741930607,0.2370549550230554,236.23214285714286,NQ
2024-07-05,1,20626.75,20621.5,2,-23.44,-19.0,114.48214285714286,time,930,955,-0.051187022305412576,-0.04149118702230541,228.96428571428572,NQ
2024-07-08,1,20621.75,20666.25,2,175.56,180.0,110.83035714285714,time,930,955,0.3960106340127286,0.40602594054620156,221.66071428571428,NQ
2024-07-09,1,20662.5,20679.25,2,64.56,69.0,110.78571428571429,time,930,955,0.14568665377176016,0.15570599613152805,221.57142857142858,NQ
2024-07-10,1,20874.0,20894.25,2,78.56,83.0,104.59821428571429,time,930,955,0.18776611182244984,0.1983781476739223,209.19642857142858,NQ
2024-07-11,-1,20446.0,20430.0,2,61.56,66.0,102.17857142857143,time,930,955,0.1506186648025166,0.16148199930094373,204.35714285714286,NQ
2024-07-12,1,20642.0,20526.23214285714,2,-465.5114285714348,-461.0714285714348,115.26785714285714,stop,930,950,-1.009629744384212,-1.0000000000000135,230.53571428571428,NQ
2024-07-15,1,20630.5,20512.5625,2,-474.19,-469.75,117.4375,stop,930,950,-1.009451836083023,-1.0,234.875,NQ
2024-07-16,-1,20591.75,20599.75,2,-34.44,-30.0,119.375,time,930,955,-0.07212565445026177,-0.06282722513089005,238.75,NQ
2024-07-17,-1,20043.75,19992.25,2,203.56,208.0,123.08928571428571,time,930,955,0.41343972145655017,0.4224575656463079,246.17857142857142,NQ
2024-07-18,-1,19827.75,19891.5,1,-128.72,-126.5,139.125,time,930,955,-0.4626055705300988,-0.4546271338724169,278.25,NQ
2024-07-19,1,19732.25,19711.5,1,-42.72,-40.5,139.96428571428572,time,930,955,-0.1526103597856596,-0.14467976524623627,279.92857142857144,NQ
2024-07-22,1,19990.75,19998.0,1,13.28,15.5,142.11607142857142,time,930,955,0.04672237230633913,0.05453288936357354,284.23214285714283,NQ
2024-07-23,1,19975.25,19924.5,1,-102.72,-100.5,143.91964285714286,time,930,955,-0.35686581053415223,-0.34915317327377626,287.8392857142857,NQ
2024-07-24,-1,19267.5,19204.75,1,124.28,126.5,142.54464285714286,time,930,955,0.4359336047604134,0.44372063889758845,285.0892857142857,NQ
2024-07-25,-1,19192.0,18991.25,1,400.28,402.5,167.76785714285714,time,930,955,1.1929579563597659,1.1995742416178818,335.5357142857143,NQ
2024-07-26,-1,19116.75,19175.5,1,-118.72,-116.5,176.66071428571428,time,930,955,-0.3360113211361569,-0.32972809056908925,353.32142857142856,NQ
2024-07-29,1,19251.0,19208.75,1,-85.72,-83.5,184.04464285714286,time,930,955,-0.23287828069664773,-0.22684713530296413,368.0892857142857,NQ
2024-07-30,-1,18928.25,18939.0,1,-22.72,-20.5,187.90178571428572,time,930,955,-0.06045711570444286,-0.05454977429318127,375.80357142857144,NQ
2024-07-31,1,19470.75,19496.25,1,49.78,52.0,197.88392857142858,time,930,955,0.1257808058475838,0.1313901547624419,395.76785714285717,NQ
2024-08-01,1,18969.25,19027.0,1,114.28,116.5,201.79464285714286,time,930,955,0.28315915224990046,0.28865979381443296,403.5892857142857,NQ
2024-08-02,-1,18550.75,18561.25,1,-22.22,-20.0,219.58035714285714,time,930,955,-0.050596511202374655,-0.04554141422355955,439.1607142857143,NQ
2024-08-05,1,17978.25,18021.25,1,84.78,87.0,232.10714285714286,time,930,955,0.18263117402677334,0.1874134482228035,464.2142857142857,NQ
2024-08-06,1,18346.5,18171.75,1,-350.72,-348.5,261.8125,time,930,955,-0.6697923132012414,-0.6655526378610647,523.625,NQ
2024-08-07,1,18080.25,17972.25,1,-217.22,-215.0,258.4375,time,930,955,-0.42025634824667474,-0.4159613059250302,516.875,NQ
2024-08-08,-1,18438.25,18519.5,1,-163.72,-161.5,266.1607142857143,time,930,955,-0.3075585374035559,-0.30338812479033883,532.3214285714286,NQ
2024-08-09,-1,18613.25,18610.0,1,5.28,7.5,275.45535714285717,time,930,955,0.00958413017406243,0.01361382126997504,550.9107142857143,NQ
2024-08-12,-1,18616.0,18645.5,1,-60.22,-58.0,273.20535714285717,time,930,955,-0.11021013758619562,-0.10614725971436974,546.4107142857143,NQ
2024-08-13,1,19066.5,19101.0,1,67.78,70.0,275.38392857142856,time,930,955,0.12306455273481828,0.12709528904451578,550.7678571428571,NQ
2024-08-14,-1,19047.75,19107.5,1,-120.72,-118.5,265.07142857142856,time,930,955,-0.22771220695230399,-0.22352465642683914,530.1428571428571,NQ
2024-08-15,1,19595.5,19587.0,1,-18.22,-16.0,256.88392857142856,time,930,955,-0.03546348753953634,-0.03114246984811095,513.7678571428571,NQ
2024-08-16,-1,19611.5,19603.75,1,14.28,16.5,263.64285714285717,time,930,955,0.027082091574099156,0.03129233270116499,527.2857142857143,NQ
2024-08-19,-1,19780.75,19860.25,1,-160.22,-158.0,261.29464285714283,time,930,955,-0.3065887579019307,-0.30234067999316594,522.5892857142857,NQ
2024-08-20,1,19830.0,19811.5,1,-38.22,-36.0,254.70535714285714,time,930,955,-0.07502786833526133,-0.07066989168156483,509.4107142857143,NQ
2024-08-21,1,19873.75,19905.5,1,62.28,64.5,238.54464285714286,time,930,955,0.13054160272485682,0.13519481977766964,477.0892857142857,NQ
2024-08-22,-1,19569.0,19585.75,1,-34.72,-32.5,216.99107142857142,time,930,955,-0.08000329177467802,-0.07488787392502984,433.98214285714283,NQ
2024-08-23,-1,19785.5,19789.25,1,-8.72,-6.5,211.33928571428572,time,930,955,-0.02063033375580904,-0.015378115758343894,422.67857142857144,NQ
2024-08-26,-1,19589.25,19593.5,1,-9.72,-7.5,185.16071428571428,time,930,955,-0.02624746841546919,-0.020252676246504002,370.32142857142856,NQ
2024-08-27,1,19641.0,19651.0,1,18.78,21.0,177.25892857142858,time,930,955,0.05297335415302473,0.05923538004331839,354.51785714285717,NQ
2024-08-28,-1,19449.5,19421.5,1,54.78,57.0,164.61607142857142,time,930,955,0.16638715626186473,0.17313011878288226,329.23214285714283,NQ
2024-08-29,1,19406.25,19393.25,1,-27.22,-25.0,157.30357142857142,time,930,955,-0.08652060392780112,-0.07946418435690772,314.60714285714283,NQ
2024-08-30,1,19536.0,19610.0,1,146.78,149.0,160.39285714285714,time,930,955,0.45756401692273435,0.4644845246047651,320.7857142857143,NQ
2024-09-03,-1,19013.75,19012.5,1,1.28,3.5,147.39285714285714,time,930,955,0.004342137145626363,0.011873031257572086,294.7857142857143,NQ
2024-09-04,1,18960.0,18956.75,1,-7.72,-5.5,163.75,time,930,955,-0.023572519083969463,-0.016793893129770993,327.5,NQ
2024-09-05,1,18995.75,18975.25,1,-42.22,-40.0,155.91071428571428,time,930,955,-0.1353980071011339,-0.12827854770358493,311.82142857142856,NQ
2024-09-06,-1,18506.5,18458.5,1,94.78,97.0,159.84821428571428,time,930,955,0.2964687482544825,0.3034128358375691,319.69642857142856,NQ
2024-09-09,1,18646.0,18688.25,1,83.28,85.5,167.45535714285714,time,930,955,0.2486632897893895,0.25529192215409224,334.9107142857143,NQ
2024-09-10,1,18868.0,18855.25,1,-26.72,-24.5,170.66071428571428,time,930,955,-0.07828398032855499,-0.07177984723239511,341.32142857142856,NQ
2024-09-11,-1,19206.75,19254.75,1,-97.22,-95.0,173.46428571428572,time,930,955,-0.2802305950175005,-0.27383158328186125,346.92857142857144,NQ
2024-09-12,-1,19445.0,19451.75,1,-14.72,-12.5,182.86607142857142,time,930,955,-0.04024803476392755,-0.03417801865143304,365.73214285714283,NQ
2024-09-13,1,19531.5,19527.0,1,-10.22,-8.0,182.14285714285714,time,930,955,-0.028054901960784317,-0.02196078431372549,364.2857142857143,NQ
2024-09-16,-1,19431.5,19438.0,1,-14.22,-12.0,177.96428571428572,time,930,955,-0.03995183624322697,-0.03371462974111981,355.92857142857144,NQ
2024-09-17,-1,19413.5,19445.0,1,-64.22,-62.0,177.08035714285714,time,930,955,-0.18133010638834265,-0.1750617657439621,354.1607142857143,NQ
2024-09-18,-1,19696.5,19584.0,1,223.78,226.0,173.38392857142858,time,930,955,0.6453308615273701,0.6517328389721406,346.76785714285717,NQ
2024-09-19,-1,20109.25,20081.75,1,53.78,56.0,176.91071428571428,time,930,955,0.15199757747047543,0.15827192893913394,353.82142857142856,NQ
2024-09-20,-1,20045.75,20033.0,1,24.28,26.5,189.66071428571428,time,930,955,0.0640090386969212,0.06986159495339422,379.32142857142856,NQ
2024-09-23,-1,20078.0,20076.75,1,1.28,3.5,194.70535714285714,time,930,955,0.0032870179300224698,0.008987939652405191,389.4107142857143,NQ
2024-09-24,-1,20149.25,20170.5,1,-43.72,-41.5,172.27678571428572,time,930,955,-0.12688883130344647,-0.12044571132417724,344.55357142857144,NQ
2024-09-25,1,20180.25,20194.75,1,27.78,30.0,171.75,time,930,955,0.08087336244541485,0.08733624454148471,343.5,NQ
2024-09-26,-1,20354.0,20341.75,1,23.28,25.5,165.57142857142858,time,930,955,0.07030198446937015,0.07700603968938739,331.14285714285717,NQ
2024-09-27,-1,20234.25,20223.25,1,20.78,23.0,157.86607142857142,time,930,955,0.06581528194106669,0.07284655845257622,315.73214285714283,NQ
2024-09-30,1,20148.0,20270.0,1,242.78,245.0,155.66071428571428,time,930,955,0.7798370999196972,0.7869679935757715,311.32142857142856,NQ
2024-10-01,-1,19994.75,19978.5,1,31.28,33.5,153.58928571428572,time,930,955,0.10183001976514358,0.10905708638530402,307.17857142857144,NQ
2024-10-02,-1,20039.75,20010.25,1,57.78,60.0,143.08035714285714,time,930,955,0.2019145085803432,0.20967238689547582,286.1607142857143,NQ
2024-10-03,1,19944.25,19987.75,1,85.78,88.0,141.58928571428572,time,930,955,0.3029184008071636,0.31075797704628577,283.17857142857144,NQ
2024-10-04,-1,20216.25,20227.5,1,-23.72,-21.5,143.58035714285714,time,930,955,-0.08260182824451215,-0.07487096573596169,287.1607142857143,NQ
2024-10-07,-1,19976.5,19999.25,1,-46.72,-44.5,144.63392857142858,time,930,955,-0.16151120439533304,-0.1538366565837397,289.26785714285717,NQ
2024-10-08,1,20304.5,20299.75,1,-10.72,-8.5,144.80357142857142,time,930,955,-0.03701566161055618,-0.029350104821802937,289.60714285714283,NQ
2024-10-09,-1,20462.25,20458.5,1,6.28,8.5,140.34821428571428,time,930,955,0.02237292448629048,0.03028182454354603,280.69642857142856,NQ
2024-10-10,-1,20407.5,20429.75,1,-45.72,-43.5,126.95535714285714,time,930,955,-0.1800632955904072,-0.17132006470215908,253.91071428571428,NQ
2024-10-11,1,20483.75,20449.5,1,-69.72,-67.5,126.33928571428571,time,930,955,-0.2759236749116608,-0.26713780918727914,252.67857142857142,NQ
2024-10-14,1,20636.5,20621.5,1,-31.22,-29.0,128.89285714285714,time,930,955,-0.12110834026045995,-0.11249653643668607,257.7857142857143,NQ
2024-10-15,-1,20271.5,20343.75,1,-145.72,-143.5,127.76785714285714,time,930,955,-0.5702529699510832,-0.5615653389238295,255.53571428571428,NQ
2024-10-16,-1,20355.0,20346.5,1,15.78,18.0,137.40178571428572,time,930,955,0.05742283449216973,0.0655013321203457,274.80357142857144,NQ
2024-10-17,-1,20385.0,20364.25,1,40.28,42.5,131.8125,time,930,955,0.1527927927927928,0.16121384542437173,263.625,NQ
2024-10-18,1,20481.75,20482.5,1,0.28,2.5,132.51785714285714,time,930,955,0.0010564613933432153,0.009432691011992993,265.0357142857143,NQ
2024-10-21,1,20465.25,20520.25,1,108.78,111.0,130.19642857142858,time,930,955,0.4177533945960773,0.42627897407762994,260.39285714285717,NQ
2024-10-22,1,20549.5,20539.5,2,-42.44,-38.0,121.52678571428571,time,930,955,-0.08730585555800456,-0.07817206671074867,243.05357142857142,NQ
2024-10-23,-1,20184.0,20218.5,2,-140.44,-136.0,120.66964285714286,time,930,955,-0.29095967443581205,-0.28176100628930817,241.33928571428572,NQ
2024-10-24,-1,20400.5,20380.25,1,39.28,41.5,128.74107142857142,time,930,955,0.15255426867327834,0.1611762258131632,257.48214285714283,NQ
2024-10-25,1,20516.75,20494.75,1,-45.22,-43.0,126.33928571428571,time,930,955,-0.1789625441696113,-0.17017667844522968,252.67857142857142,NQ
2024-10-28,-1,20532.5,20500.75,1,62.28,64.5,128.05357142857142,time,930,955,0.24317947287686517,0.25184771998326594,256.10714285714283,NQ
2024-10-29,1,20744.75,20694.75,2,-202.44,-198.0,121.27678571428571,time,930,955,-0.4173098726349113,-0.40815725539277037,242.55357142857142,NQ
2024-10-30,-1,20562.75,20534.75,2,109.56,114.0,123.77678571428571,time,930,955,0.22128543605280243,0.23025319194979443,247.55357142857142,NQ
2024-10-31,-1,20065.0,20011.5,2,211.56,216.0,122.99107142857143,time,930,955,0.4300312159709619,0.4390562613430127,245.98214285714286,NQ
2024-11-01,1,20162.75,20146.75,1,-33.22,-31.0,135.33928571428572,time,930,955,-0.12272859216255441,-0.11452698245151074,270.67857142857144,NQ
2024-11-04,1,20094.75,20085.0,1,-20.72,-18.5,137.0,time,930,955,-0.07562043795620438,-0.06751824817518248,274.0,NQ
2024-11-05,1,20343.5,20341.0,1,-6.22,-4.0,130.16071428571428,time,930,955,-0.02389353820825902,-0.015365619426533132,260.32142857142856,NQ
2024-11-06,-1,20905.0,20894.0,1,20.78,23.0,134.25,time,930,955,0.0773929236499069,0.0856610800744879,268.5,NQ
2024-11-07,1,21229.5,21221.5,1,-17.22,-15.0,147.10714285714286,time,930,955,-0.05852876911871813,-0.05098324836125273,294.2142857142857,NQ
2024-11-08,1,21218.5,21233.75,1,29.28,31.5,154.01785714285714,time,930,955,0.09505391304347827,0.10226086956521739,308.0357142857143,NQ
2024-11-11,-1,21198.5,21220.5,1,-45.22,-43.0,150.24107142857142,time,930,955,-0.15049147203898497,-0.1431033458132763,300.48214285714283,NQ
2024-11-12,1,21182.25,21184.75,1,3.7800000000000002,6.0,148.875,time,930,955,0.012695214105793452,0.020151133501259445,297.75,NQ
2024-11-13,-1,21203.0,21159.0,1,86.78,89.0,139.45535714285714,time,930,955,0.311138997374992,0.31909853383699344,278.9107142857143,NQ
2024-11-14,-1,20994.75,21008.75,1,-29.22,-27.0,140.23214285714286,time,930,955,-0.1041843881319241,-0.09626894180567935,280.4642857142857,NQ
2024-11-15,-1,20482.75,20492.0,1,-19.72,-17.5,135.8125,time,930,955,-0.07260009203865624,-0.06442705936493327,271.625,NQ
2024-11-18,-1,20635.75,20632.0,1,6.28,8.5,152.33035714285714,time,930,955,0.020613094191430748,0.027899888634898305,304.6607142857143,NQ
2024-11-19,1,20750.0,20765.0,1,28.78,31.0,149.41071428571428,time,930,955,0.09631170072905462,0.10374088681725828,298.82142857142856,NQ
2024-11-20,-1,20720.0,20752.5,1,-66.22,-64.0,152.97321428571428,time,930,955,-0.21644312146150704,-0.20918694916243508,305.94642857142856,NQ
2024-11-21,-1,20851.25,20824.0,1,53.28,55.5,144.50892857142858,time,930,955,0.18434847080630212,0.19202965708989803,289.01785714285717,NQ
2024-11-22,1,20831.25,20847.0,1,30.28,32.5,148.60714285714286,time,930,955,0.10187935592405672,0.10934871425138187,297.2142857142857,NQ
2024-11-25,-1,20858.5,20878.25,1,-40.72,-38.5,146.60714285714286,time,930,955,-0.13887454323995127,-0.13130328867235078,293.2142857142857,NQ
2024-11-26,1,20951.0,20989.5,1,75.78,78.0,147.08035714285714,time,930,955,0.25761427790930613,0.26516117282826446,294.1607142857143,NQ
2024-11-27,-1,20790.75,20816.5,1,-52.72,-50.5,131.25892857142858,time,930,955,-0.20082443371199235,-0.19236786613155565,262.51785714285717,NQ
2024-12-02,1,21238.0,21216.75,1,-43.72,-41.5,129.91964285714286,time,930,955,-0.16825785169404164,-0.1597141089959453,259.8392857142857,NQ
2024-12-03,1,21251.25,21278.75,1,53.78,56.0,132.47321428571428,time,930,955,0.20298443081485476,0.21136348318393208,264.94642857142856,NQ
2024-12-05,-1,21480.25,21475.75,1,7.78,10.0,132.8125,time,930,955,0.029289411764705883,0.03764705882352941,265.625,NQ
2024-12-06,1,21653.25,21658.25,2,17.56,22.0,115.13392857142857,time,930,955,0.03812950756107018,0.047770453664210934,230.26785714285714,NQ
2024-12-09,1,21450.5,21485.25,2,136.56,141.0,113.75,time,930,955,0.30013186813186815,0.3098901098901099,227.5,NQ
2024-12-10,1,21372.5,21407.75,2,138.56,143.0,111.53571428571429,time,930,955,0.3105731668267691,0.3205251360870957,223.07142857142858,NQ
2024-12-11,1,21810.0,21791.5,2,-76.44,-72.0,110.3125,time,930,955,-0.17323512747875353,-0.1631728045325779,220.625,NQ
2024-12-12,-1,21670.75,21643.5,2,106.56,111.0,111.04464285714286,time,930,955,0.23990351370909382,0.24989949344697274,222.08928571428572,NQ
2024-12-13,1,21822.25,21797.25,2,-102.44,-98.0,111.375,time,930,955,-0.2299438832772166,-0.21997755331088664,222.75,NQ
2024-12-16,1,22132.25,22111.25,2,-86.44,-82.0,110.08928571428571,time,930,955,-0.19629521492295215,-0.1862124898621249,220.17857142857142,NQ
2024-12-17,-1,21967.0,22016.0,2,-198.44,-194.0,117.52678571428571,time,930,955,-0.42211653878295224,-0.412671883309276,235.05357142857142,NQ
2024-12-18,1,21405.0,21292.16964285714,2,-453.7614285714348,-449.3214285714348,112.33035714285714,stop,930,935,-1.0098815674429835,-1.000000000000014,224.66071428571428,NQ
2024-12-19,-1,21443.5,21377.0,1,131.78,134.0,141.0625,time,930,955,0.46709791758972086,0.4749667700487373,282.125,NQ
2024-12-20,1,21569.75,21567.25,1,-6.22,-4.0,150.8125,time,930,955,-0.02062163282221301,-0.01326150020721094,301.625,NQ
2024-12-23,1,21720.25,21755.25,1,68.78,71.0,164.5,time,930,955,0.20905775075987842,0.21580547112462006,329.0,NQ
2024-12-26,-1,22050.25,22007.5,1,84.28,86.5,170.54464285714286,time,930,955,0.24709072823412387,0.2535992879953929,341.0892857142857,NQ
2024-12-27,-1,21642.75,21703.25,1,-122.22,-120.0,174.03571428571428,time,930,955,-0.35113482454340245,-0.3447568233121281,348.07142857142856,NQ
2024-12-30,-1,21470.25,21412.0,1,115.28,117.5,185.27678571428572,time,930,955,0.31110211556069584,0.31709315213724637,370.55357142857144,NQ
2024-12-31,-1,21284.5,21220.5,1,126.78,129.0,193.40178571428572,time,930,955,0.3277632611606112,0.3335026083744979,386.80357142857144,NQ
2025-01-02,1,21157.0,21168.75,1,22.28,24.5,195.27678571428572,time,930,955,0.05704723149375886,0.06273147089753554,390.55357142857144,NQ
2025-01-03,1,21510.5,21508.0,1,-6.22,-4.0,197.0,time,930,955,-0.01578680203045685,-0.01015228426395939,394.0,NQ
2025-01-06,1,21731.5,21750.25,1,36.28,38.5,204.97321428571428,time,930,955,0.08849936838437078,0.09391471011020604,409.94642857142856,NQ
2025-01-07,-1,21302.5,21359.25,1,-114.72,-112.5,209.39285714285714,time,930,955,-0.2739348456421627,-0.2686338052191711,418.7857142857143,NQ
2025-01-08,-1,21330.5,21360.5,1,-61.22,-59.0,215.51785714285714,time,930,955,-0.14202999420001658,-0.1368796089154031,431.0357142857143,NQ
2025-01-10,-1,20997.5,21015.75,1,-37.72,-35.5,218.95535714285714,time,930,955,-0.08613628022672593,-0.08106675365982954,437.9107142857143,NQ
2025-01-13,1,20898.0,20948.0,1,98.78,101.0,204.23214285714286,time,930,955,0.24183264842178892,0.24726764011541488,408.4642857142857,NQ
2025-01-14,-1,20821.25,20923.25,1,-205.22,-203.0,198.10714285714286,time,930,955,-0.5179520461510726,-0.5123490174869298,396.2142857142857,NQ
2025-01-15,1,21443.5,21395.5,1,-97.22,-95.0,187.55357142857142,time,930,955,-0.2591792821098734,-0.25326097305531753,375.10714285714283,NQ
2025-01-16,-1,21324.5,21248.25,1,151.28,153.5,195.75892857142858,time,930,955,0.38639361459521093,0.3920638540478905,391.51785714285717,NQ
2025-01-17,-1,21618.25,21601.0,1,33.28,35.5,194.33928571428572,time,930,955,0.08562344941652118,0.0913351098042819,388.67857142857144,NQ
2025-01-21,-1,21735.75,21714.75,1,40.78,43.0,190.32142857142858,time,930,955,0.10713454681929067,0.11296678551322949,380.64285714285717,NQ
2025-01-22,1,22025.0,21997.5,1,-56.22,-54.0,183.04464285714286,time,930,955,-0.15356909419052728,-0.14750499975610945,366.0892857142857,NQ
2025-01-23,1,21967.25,22041.5,1,147.28,149.5,185.63392857142858,time,930,955,0.3966947236785147,0.4026742340435765,371.26785714285717,NQ
2025-01-24,1,21872.25,21908.25,1,70.78,73.0,175.54464285714286,time,930,955,0.201601139311327,0.2079243171761355,351.0892857142857,NQ
2025-01-27,1,21183.75,21257.75,1,146.78,149.0,169.97321428571428,time,930,955,0.4317739139570311,0.4383043546777329,339.94642857142856,NQ
2025-01-28,-1,21618.5,21575.75,1,84.28,86.5,185.15178571428572,time,930,955,0.2275970487534359,0.23359213000916235,370.30357142857144,NQ
2025-01-29,-1,21582.75,21530.5,1,103.28,105.5,183.00892857142858,time,930,955,0.28217202517441575,0.2882373030199541,366.01785714285717,NQ
2025-01-30,1,21686.5,21622.75,1,-128.72,-126.5,182.07142857142858,time,930,955,-0.3534876422126324,-0.3473911337779521,364.14285714285717,NQ
2025-01-31,1,21576.75,21580.5,1,6.28,8.5,176.49107142857142,time,930,955,0.01779126827540851,0.02408053827085547,352.98214285714283,NQ
2025-02-03,1,21459.5,21406.0,1,-108.22,-106.0,180.66071428571428,time,930,955,-0.2995117129583869,-0.29336759909063953,361.32142857142856,NQ
2025-02-04,1,21639.25,21668.0,1,56.28,58.5,184.63392857142858,time,930,955,0.1524096909908603,0.15842158711736543,369.26785714285717,NQ
2025-02-05,1,21734.25,21761.0,1,52.28,54.5,176.02678571428572,time,930,955,0.14850012680699975,0.15480598529038803,352.05357142857144,NQ
2025-02-06,1,21798.75,21870.5,1,142.28,144.5,176.50892857142858,time,930,955,0.40303910162375434,0.4093277353432141,353.01785714285717,NQ
2025-02-07,1,21596.0,21588.0,1,-17.22,-15.0,167.46428571428572,time,930,955,-0.05141394753678822,-0.044785668586052464,334.92857142857144,NQ
2025-02-10,1,21860.0,21843.5,1,-34.22,-32.0,175.9375,time,930,955,-0.09725044404973357,-0.09094138543516873,351.875,NQ
2025-02-11,1,21800.0,21790.75,1,-19.72,-17.5,178.0625,time,930,955,-0.05537381537381537,-0.04914004914004914,356.125,NQ
2025-02-12,1,21821.5,21801.75,1,-40.72,-38.5,170.625,time,930,955,-0.11932600732600732,-0.11282051282051282,341.25,NQ
2025-02-13,1,22067.0,22109.5,1,83.78,86.0,175.08928571428572,time,930,955,0.23924936257011728,0.2455889852116267,350.17857142857144,NQ
2025-02-14,1,22201.75,22194.0,1,-16.72,-14.5,178.22321428571428,time,930,955,-0.046907469565653025,-0.04067932468313211,356.44642857142856,NQ
2025-02-18,-1,22170.0,22239.0,1,-139.22,-137.0,139.44642857142858,time,930,955,-0.49918811627609166,-0.49122807017543857,278.89285714285717,NQ
2025-02-19,-1,22240.75,22247.25,1,-14.22,-12.0,136.80357142857142,time,930,955,-0.051972327372405695,-0.04385850411173477,273.60714285714283,NQ
2025-02-20,-1,22107.25,22145.0,1,-76.72,-74.5,131.53571428571428,time,930,955,-0.29163182188433345,-0.283193049144719,263.07142857142856,NQ
2025-02-21,-1,21705.5,21682.75,1,44.28,46.5,126.74107142857143,time,930,955,0.1746868615709757,0.18344487495597042,253.48214285714286,NQ
2025-02-24,-1,21546.5,21421.25,1,249.28,251.5,128.8125,time,930,955,0.9676079573022804,0.9762251334303736,257.625,NQ
2025-02-25,-1,21214.0,21150.0,1,126.78,129.0,132.53571428571428,time,930,955,0.4782861762328214,0.486661277283751,265.07142857142856,NQ
2025-02-26,1,21150.5,21191.0,1,79.78,82.0,138.35714285714286,time,930,955,0.2883118224057821,0.2963345379452762,276.7142857142857,NQ
2025-02-27,-1,20714.5,20608.5,1,210.78,213.0,144.57142857142858,time,930,955,0.7289822134387351,0.7366600790513833,289.14285714285717,NQ
2025-02-28,1,20705.25,20919.5,1,427.28,429.5,157.71428571428572,time,930,955,1.3546014492753622,1.361639492753623,315.42857142857144,NQ
2025-03-03,-1,20384.0,20473.25,1,-179.72,-177.5,164.07142857142858,time,930,955,-0.5476882890727035,-0.54092294296909,328.14285714285717,NQ
2025-03-04,-1,20569.0,20397.75,1,341.28,343.5,186.69642857142858,time,930,955,0.9139971305595408,0.9199426111908178,373.39285714285717,NQ
2025-03-05,-1,20661.25,20658.25,1,4.78,7.0,199.35714285714286,time,930,955,0.011988534575420996,0.017556431386599784,398.7142857142857,NQ
2025-03-06,-1,20099.75,20092.0,1,14.28,16.5,206.07142857142858,time,930,955,0.03464818024263431,0.040034662045060655,412.14285714285717,NQ
2025-03-07,1,20230.25,20223.75,1,-14.22,-12.0,224.64285714285714,time,930,955,-0.03165023847376789,-0.02670906200317965,449.2857142857143,NQ
2025-03-10,-1,19531.5,19463.75,1,134.28,136.5,241.125,time,930,955,0.2784447900466563,0.28304821150855364,482.25,NQ
2025-03-11,1,19527.25,19392.75,1,-270.22,-268.0,269.2142857142857,time,930,955,-0.5018678694613956,-0.49774475988325817,538.4285714285714,NQ
2025-03-12,-1,19619.75,19609.25,1,19.78,22.0,280.07142857142856,time,930,955,0.03531242030094364,0.03927569497577149,560.1428571428571,NQ
2025-03-13,-1,19274.0,19251.75,1,43.28,45.5,283.24107142857144,time,930,955,0.07640134917882924,0.08032027235759544,566.4821428571429,NQ
2025-03-14,1,19682.5,19705.0,1,43.78,46.0,280.1517857142857,time,930,955,0.0781362144245785,0.08209835229626797,560.3035714285714,NQ
2025-03-17,1,19904.25,19831.5,1,-146.72,-144.5,283.6517857142857,time,930,955,-0.2586269633919859,-0.254713714627467,567.3035714285714,NQ
2025-03-18,-1,19515.0,19501.75,1,25.28,27.5,280.0625,time,930,955,0.045132782860968536,0.049096183887525104,560.125,NQ
2025-03-19,1,19780.5,19748.0,1,-66.22,-64.0,283.25,time,930,955,-0.11689320388349514,-0.11297440423654016,566.5,NQ
2025-03-20,1,19853.5,19881.0,1,53.78,56.0,270.75892857142856,time,930,955,0.09931343775762573,0.10341302555647157,541.5178571428571,NQ
2025-03-21,1,19840.0,19952.75,1,224.28,226.5,266.2232142857143,time,930,955,0.42122547539993965,0.42539490894456183,532.4464285714286,NQ
2025-03-24,1,20370.5,20365.5,1,-11.22,-9.0,250.58928571428572,time,930,955,-0.022387230100477447,-0.017957671203591534,501.17857142857144,NQ
2025-03-25,1,20455.5,20487.5,1,62.78,65.0,243.41964285714286,time,930,955,0.12895426035285917,0.13351428676227856,486.8392857142857,NQ
2025-03-26,-1,20079.5,20112.75,1,-67.72,-65.5,229.97321428571428,time,930,955,-0.1472345381837947,-0.14240788911752145,459.94642857142856,NQ
2025-03-27,1,20085.0,19994.25,1,-182.72,-180.5,222.39285714285714,time,930,955,-0.41080456078368394,-0.40581339328729726,444.7857142857143,NQ
2025-03-28,-1,19426.75,19461.75,1,-71.22,-69.0,213.16071428571428,time,930,955,-0.1670570495099271,-0.16184971098265896,426.32142857142856,NQ
2025-03-31,-1,19421.0,19450.25,1,-59.72,-57.5,199.63392857142858,time,930,955,-0.14957377342457176,-0.1440135963146831,399.26785714285717,NQ
2025-04-01,1,19513.5,19603.25,1,178.28,180.5,200.60714285714286,time,930,955,0.4443510770874132,0.4498842798646964,401.2142857142857,NQ
2025-04-02,1,19734.0,19746.25,1,23.28,25.5,200.53571428571428,time,930,955,0.058044523597506684,0.06357969723953695,401.07142857142856,NQ
2025-04-03,1,18707.0,18685.5,1,-44.22,-42.0,205.34821428571428,time,930,955,-0.10767076829427366,-0.10226531588329928,410.69642857142856,NQ
2025-04-04,1,17844.0,17617.053571428572,1,-455.1128571428551,-452.89285714285506,226.44642857142858,stop,930,950,-1.0049018216228958,-0.9999999999999953,452.89285714285717,NQ
2025-04-07,1,17590.5,17560.5,1,-61.22,-59.0,255.97321428571428,time,930,955,-0.11958282465380725,-0.1152464334298371,511.94642857142856,NQ
2025-04-08,1,17190.25,17239.25,1,96.78,99.0,300.75892857142856,time,930,955,0.16089297907080305,0.16458364257087726,601.5178571428571,NQ
2025-04-09,1,19233.25,19269.25,1,70.78,73.0,334.69642857142856,time,930,955,0.10573760870725071,0.10905404684415515,669.3928571428571,NQ
2025-04-10,-1,18452.25,18483.25,1,-63.22,-61.0,399.9732142857143,time,930,955,-0.07903029220706743,-0.07625510636873005,799.9464285714286,NQ
2025-04-11,1,18837.0,18809.25,1,-56.72,-54.5,435.11607142857144,time,930,955,-0.06517801079350748,-0.06262696735271787,870.2321428571429,NQ
2025-04-14,-1,19045.25,18942.5,1,204.28,206.5,440.36607142857144,time,930,955,0.2319433912532187,0.2344640214107581,880.7321428571429,NQ
2025-04-15,1,18962.25,18959.25,1,-7.22,-5.0,454.07142857142856,time,930,955,-0.00795029101777568,-0.005505741702060721,908.1428571428571,NQ
2025-04-16,-1,18192.25,18387.0,1,-390.72,-388.5,447.5625,time,930,955,-0.4364976958525346,-0.4340175953079179,895.125,NQ
2025-04-17,-1,18398.75,18373.5,1,49.28,51.5,468.3125,time,930,955,0.05261444014413453,0.05498465234218604,936.625,NQ
2025-04-21,-1,17804.0,17922.5,1,-238.22,-236.0,457.29464285714283,time,930,955,-0.26046664193529495,-0.2580393228810747,914.5892857142857,NQ
2025-04-22,1,18266.75,18379.75,1,224.78,227.0,463.01785714285717,time,930,955,0.2427336187280651,0.24513093447491224,926.0357142857143,NQ
2025-04-23,1,18779.5,18788.0,1,15.78,18.0,470.48214285714283,time,930,955,0.016770030743538163,0.019129312635214637,940.9642857142857,NQ
2025-04-24,1,19253.0,19319.5,1,131.78,134.0,478.04464285714283,time,930,955,0.13783231542182628,0.14015427429446592,956.0892857142857,NQ
2025-04-25,-1,19479.25,19530.25,1,-103.22,-101.0,459.05357142857144,time,930,955,-0.11242696541797953,-0.11000894697942194,918.1071428571429,NQ
2025-04-28,-1,19516.25,19524.75,1,-18.22,-16.0,429.16964285714283,time,930,955,-0.021227037260490564,-0.018640647429629478,858.3392857142857,NQ
2025-04-29,1,19651.5,19644.5,1,-15.22,-13.0,381.94642857142856,time,930,955,-0.01992426013371359,-0.017018093412501753,763.8928571428571,NQ
2025-04-30,-1,19478.75,19642.75,1,-329.22,-327.0,342.69642857142856,time,930,955,-0.48033765827731756,-0.47709863998749413,685.3928571428571,NQ
2025-05-01,-1,20010.25,19878.0,1,263.28,265.5,286.5357142857143,time,930,955,0.45941916988657605,0.463293032531472,573.0714285714286,NQ
2025-05-02,-1,20210.5,20186.0,1,47.78,50.0,255.5625,time,930,955,0.0934800684764001,0.09782342871117633,511.125,NQ
2025-05-05,1,20119.25,20065.25,1,-109.22,-107.0,248.25892857142858,time,930,955,-0.21997194749145835,-0.21550080920697715,496.51785714285717,NQ
2025-05-06,-1,19961.0,19876.0,1,168.78,171.0,237.15178571428572,time,930,955,0.35584804788976315,0.36052859455592784,474.30357142857144,NQ
2025-05-07,1,19770.25,19949.0,1,356.28,358.5,239.50892857142858,time,930,955,0.7437718546132338,0.7484063373718546,479.01785714285717,NQ
2025-05-08,-1,20305.0,20152.5,1,303.78,306.0,222.77678571428572,time,930,955,0.6818035349284597,0.6867861007574847,445.55357142857144,NQ
2025-05-09,1,20165.25,20136.0,1,-59.72,-57.5,227.1875,time,930,955,-0.13143328748280605,-0.1265474552957359,454.375,NQ
2025-05-12,-1,20887.25,20950.0,1,-126.72,-124.5,211.0625,time,930,955,-0.3001954397394137,-0.29493633402428193,422.125,NQ
2025-05-13,1,21327.0,21270.5,1,-114.22,-112.0,219.14285714285714,time,930,955,-0.26060625814863103,-0.25554106910039115,438.2857142857143,NQ
2025-05-14,1,21355.75,21396.75,1,80.78,83.0,205.25892857142858,time,930,955,0.19677584931923964,0.20218365305145938,410.51785714285717,NQ
2025-05-15,-1,21359.0,21419.75,1,-122.72,-120.5,190.92857142857142,time,930,955,-0.3213767302656192,-0.31556303778526,381.85714285714283,NQ
2025-05-16,-1,21480.5,21506.0,1,-52.22,-50.0,189.55357142857142,time,930,955,-0.13774470089495996,-0.131888836552049,379.10714285714283,NQ
2025-05-19,1,21465.0,21523.0,1,114.78,117.0,183.33928571428572,time,930,955,0.3130262004480374,0.3190805493328139,366.67857142857144,NQ
2025-05-20,-1,21403.75,21447.75,1,-89.22,-87.0,185.39285714285714,time,930,955,-0.24062415719514543,-0.2346368715083799,370.7857142857143,NQ
2025-05-21,1,21148.75,21148.75,1,-1.22,1.0,171.58035714285714,time,930,955,-0.003555185512827184,0.0029140864859239215,343.1607142857143,NQ
2025-05-22,1,21304.0,21183.25,1,-242.72,-240.5,171.66964285714286,time,930,955,-0.7069392000832163,-0.700473292765382,343.3392857142857,NQ
2025-05-23,1,21035.25,20978.25,1,-115.22,-113.0,165.41071428571428,time,930,955,-0.3482845730324949,-0.3415740041023427,330.82142857142856,NQ
2025-05-27,1,21432.0,21466.25,1,67.28,69.5,171.03571428571428,time,930,955,0.19668406765504282,0.2031739402798079,342.07142857142856,NQ
2025-05-28,-1,21455.25,21372.75,1,163.78,166.0,168.21428571428572,time,930,955,0.4868195329087049,0.49341825902335457,336.42857142857144,NQ
2025-05-29,-1,21381.75,21411.75,1,-61.22,-59.0,162.16071428571428,time,930,955,-0.1887633520537386,-0.18191829093712147,324.32142857142856,NQ
2025-05-30,-1,21371.5,21369.75,1,2.2800000000000002,4.5,167.76785714285714,time,930,955,0.006795103778605642,0.013411389036721661,335.5357142857143,NQ
2025-06-02,1,21516.5,21534.0,1,33.78,36.0,151.48214285714286,time,930,955,0.11149829069904515,0.11882588706825416,302.9642857142857,NQ
2025-06-03,1,21705.25,21704.25,1,-3.2199999999999998,-1.0,148.34821428571428,time,930,955,-0.01085284381582907,-0.003370448390009028,296.69642857142856,NQ
2025-06-04,1,21778.75,21757.0,1,-44.72,-42.5,151.96428571428572,time,930,955,-0.14713983548766157,-0.1398354876615746,303.92857142857144,NQ
2025-06-05,-1,21610.0,21587.0,1,44.78,47.0,147.67857142857142,time,930,955,0.1516130592503023,0.1591293833131802,295.35714285714283,NQ
2025-06-06,1,21804.25,21789.25,1,-31.22,-29.0,156.24107142857142,time,930,955,-0.09990970912623579,-0.09280530316018058,312.48214285714283,NQ
2025-06-09,-1,21851.5,21819.0,1,63.78,66.0,154.25892857142858,time,930,955,0.2067303351276263,0.21392602882444867,308.51785714285717,NQ
2025-06-10,1,21955.75,21964.25,1,15.78,18.0,151.21428571428572,time,930,955,0.05217760982522437,0.05951818611242324,302.42857142857144,NQ
2025-06-11,-1,21828.0,21888.0,1,-121.22,-119.0,142.77678571428572,time,930,955,-0.4245087861922331,-0.41673441310737286,285.55357142857144,NQ
2025-06-12,1,21928.0,21936.25,1,15.28,17.5,144.625,time,930,955,0.05282627484874676,0.06050129645635264,289.25,NQ
2025-06-13,1,21622.25,21652.0,1,58.28,60.5,137.40178571428572,time,930,955,0.21207875755409708,0.22015725518227303,274.80357142857144,NQ
2025-06-16,1,21931.75,21948.25,1,31.78,34.0,137.65178571428572,time,930,955,0.11543620678471816,0.1235000324317312,275.30357142857144,NQ
2025-06-17,1,21758.75,21730.0,1,-58.72,-56.5,139.49107142857142,time,930,955,-0.21047942136593487,-0.2025219228061192,278.98214285714283,NQ
2025-06-18,1,21961.5,21948.75,1,-26.72,-24.5,141.09821428571428,time,930,955,-0.09468581914826299,-0.08681895842561539,282.19642857142856,NQ
2025-06-20,-1,21824.25,21843.0,1,-38.72,-36.5,138.4375,time,930,955,-0.13984650112866817,-0.13182844243792324,276.875,NQ
2025-06-23,1,22052.75,22072.5,1,38.28,40.5,142.66964285714286,time,930,955,0.13415607985480943,0.14193629138243946,285.3392857142857,NQ
2025-06-24,1,22424.0,22405.25,1,-38.72,-36.5,146.41071428571428,time,930,955,-0.13223075984876204,-0.12464934748140018,292.82142857142856,NQ
2025-06-25,1,22432.25,22463.0,1,60.28,62.5,154.03571428571428,time,930,955,0.19566890795270114,0.20287502898214702,308.07142857142856,NQ
2025-06-26,-1,22673.0,22673.5,1,-2.2199999999999998,-0.0,144.33035714285714,time,930,955,-0.007690689761831116,-0.0,288.6607142857143,NQ
2025-06-27,1,22690.0,22751.75,1,122.28,124.5,142.33035714285714,time,930,955,0.4295640173138448,0.4373627752336742,284.6607142857143,NQ
2025-06-30,-1,22881.0,22885.75,1,-10.72,-8.5,145.38392857142858,time,930,955,-0.03686789903580421,-0.02923294233249401,290.76785714285717,NQ
2025-07-01,1,22702.25,22692.75,1,-20.22,-18.0,143.0,time,930,955,-0.0706993006993007,-0.06293706293706294,286.0,NQ
2025-07-02,1,22831.0,22844.25,1,25.28,27.5,143.55357142857142,time,930,955,0.08805075258116682,0.09578305759422814,287.10714285714283,NQ
2025-07-07,1,22858.25,22883.0,1,48.28,50.5,136.03571428571428,time,930,955,0.17745339984247835,0.1856130217904962,272.07142857142856,NQ
2025-07-08,-1,22889.75,22892.0,1,-5.72,-3.5,133.6875,time,930,955,-0.021393174380551657,-0.013090229079008883,267.375,NQ
2025-07-09,1,23039.0,23050.75,2,44.56,49.0,124.91071428571429,time,930,955,0.08918370264474625,0.0980700500357398,249.82142857142858,NQ
2025-07-10,-1,23034.25,23015.25,2,73.56,78.0,122.10714285714286,time,930,955,0.15060544018718924,0.1596958174904943,244.21428571428572,NQ
2025-07-11,1,22979.25,22955.0,2,-99.44,-95.0,113.58035714285714,time,930,955,-0.21887587453816523,-0.2091030579356969,227.16071428571428,NQ
2025-07-14,-1,23034.0,23034.5,2,-4.4399999999999995,-0.0,106.57142857142857,time,930,955,-0.010415549597855227,-0.0,213.14285714285714,NQ
2025-07-15,-1,23087.25,23052.5,2,136.56,141.0,101.16964285714286,time,930,955,0.33745300503044745,0.34842467566852,202.33928571428572,NQ
2025-07-16,-1,23069.0,23074.75,2,-25.44,-21.0,102.19642857142857,time,930,955,-0.06223309453084047,-0.05137165822121265,204.39285714285714,NQ
2025-07-17,1,23269.0,23257.5,2,-48.44,-44.0,103.40178571428571,time,930,955,-0.11711596580606165,-0.1063811415249115,206.80357142857142,NQ
2025-07-18,-1,23205.25,23226.75,2,-88.44,-84.0,102.99107142857143,time,930,955,-0.21467880364109232,-0.20390117035110533,205.98214285714286,NQ
2025-07-21,1,23366.75,23344.5,2,-91.44,-87.0,101.48214285714286,time,930,955,-0.22526130564842511,-0.21432342072848848,202.96428571428572,NQ
2025-07-22,-1,23242.25,23221.5,2,80.56,85.0,98.16964285714286,time,930,955,0.2051550704865848,0.21646202819463392,196.33928571428572,NQ
2025-07-23,-1,23283.0,23324.75,2,-169.44,-165.0,99.5625,time,930,955,-0.4254613935969868,-0.4143126177024482,199.125,NQ
2025-07-24,-1,23415.25,23377.0,2,150.56,155.0,96.70535714285714,time,930,955,0.3892235250669375,0.40070168959468194,193.41071428571428,NQ
2025-07-25,1,23442.25,23422.25,2,-82.44,-78.0,95.10714285714286,time,930,955,-0.21670296657904617,-0.20503191888847164,190.21428571428572,NQ
2025-07-28,1,23459.0,23491.5,2,127.56,132.0,93.23214285714286,time,930,955,0.342049415820724,0.35395518099980844,186.46428571428572,NQ
2025-07-29,-1,23453.5,23457.25,2,-17.44,-13.0,92.6875,time,930,955,-0.0470397842211733,-0.03506405933917734,185.375,NQ
2025-07-30,-1,23411.75,23484.25,2,-292.44,-288.0,93.08035714285714,time,930,955,-0.7854503597122302,-0.7735251798561151,186.16071428571428,NQ
2025-07-31,-1,23390.75,23354.5,2,142.56,147.0,94.66071428571429,time,930,955,0.3765025466893039,0.388228636106395,189.32142857142858,NQ
2025-08-01,-1,22883.75,22880.75,2,9.56,14.0,104.94642857142857,time,930,955,0.02277352390675515,0.03335034881742386,209.89285714285714,NQ
2025-08-04,1,23260.25,23296.5,2,142.56,147.0,117.625,time,930,955,0.30299681190223166,0.31243358129649307,235.25,NQ
2025-08-05,1,23165.75,23133.25,1,-66.22,-64.0,126.13392857142857,time,930,955,-0.26249876123734694,-0.25369859134989736,252.26785714285714,NQ
2025-08-06,1,23438.0,23424.5,1,-28.22,-26.0,126.82142857142857,time,930,955,-0.11125880033793298,-0.10250633624331175,253.64285714285714,NQ
2025-08-07,1,23416.0,23500.75,1,168.28,170.5,130.3125,time,930,955,0.6456786570743406,0.6541966426858513,260.625,NQ
2025-08-08,1,23701.5,23714.25,1,24.28,26.5,137.50892857142858,time,930,955,0.08828517628725407,0.09635737939094863,275.01785714285717,NQ
2025-08-11,1,23654.0,23638.25,1,-32.72,-30.5,138.39285714285714,time,930,955,-0.1182141935483871,-0.11019354838709677,276.7857142857143,NQ
2025-08-12,-1,23929.0,23934.75,1,-12.72,-10.5,137.50892857142858,time,930,955,-0.04625154210765534,-0.038179339003960776,275.01785714285717,NQ
2025-08-13,-1,23926.25,23943.25,1,-35.22,-33.0,142.86607142857142,time,930,955,-0.12326229610649335,-0.11549278170114369,285.73214285714283,NQ
2025-08-14,1,23923.5,23921.75,1,-4.72,-2.5,144.875,time,930,955,-0.01628990509059534,-0.008628127696289905,289.75,NQ
2025-08-15,-1,23810.75,23806.25,1,7.78,10.0,145.63392857142858,time,930,955,0.026710808656734718,0.0343326589418184,291.26785714285717,NQ
2025-08-18,-1,23789.25,23797.25,1,-17.22,-15.0,148.52678571428572,time,930,955,-0.05796934174932371,-0.05049594229035167,297.05357142857144,NQ
2025-08-19,-1,23467.75,23470.5,1,-6.72,-4.5,144.02678571428572,time,930,955,-0.023328993862748743,-0.015622094104519247,288.05357142857144,NQ
2025-08-20,-1,23338.75,23325.0,1,26.28,28.5,148.95535714285714,time,930,955,0.08821434993706169,0.0956662470778637,297.9107142857143,NQ
2025-08-21,-1,23229.5,23217.75,1,22.28,24.5,148.55357142857142,time,930,955,0.07498978242577234,0.08246183435509076,297.10714285714283,NQ
2025-08-22,1,23569.5,23564.75,1,-10.72,-8.5,136.05357142857142,time,930,955,-0.03939624622653892,-0.031237695235595227,272.10714285714283,NQ
2025-08-25,1,23547.25,23495.25,1,-105.22,-103.0,136.6875,time,930,955,-0.3848925468678555,-0.37677183356195704,273.375,NQ
2025-08-26,1,23570.25,23586.75,1,31.78,34.0,132.73214285714286,time,930,955,0.11971478541638639,0.1280774922642271,265.4642857142857,NQ
2025-08-27,-1,23604.5,23620.5,1,-33.22,-31.0,127.77678571428571,time,930,955,-0.1299923136049193,-0.12130528963734191,255.55357142857142,NQ
2025-08-28,-1,23778.0,23767.0,2,41.56,46.0,121.63392857142857,time,930,955,0.08542024517360347,0.09454598840196726,243.26785714285714,NQ
2025-08-29,-1,23459.75,23473.75,2,-58.44,-54.0,121.92857142857143,time,930,955,-0.11982425307557117,-0.11072056239015816,243.85714285714286,NQ
2025-09-02,1,23234.75,23276.5,2,164.56,169.0,117.97321428571429,time,930,955,0.3487232271248013,0.3581321425868463,235.94642857142858,NQ
2025-09-03,-1,23373.75,23452.5,1,-158.72,-156.5,128.49107142857142,time,930,955,-0.6176304634841221,-0.6089917309429506,256.98214285714283,NQ
2025-09-04,-1,23626.0,23666.75,1,-82.72,-80.5,131.41964285714286,time,930,955,-0.31471703240709287,-0.3062708064406549,262.8392857142857,NQ
2025-09-05,-1,23663.75,23691.25,1,-56.22,-54.0,134.375,time,930,955,-0.2091906976744186,-0.20093023255813955,268.75,NQ
2025-09-08,1,23771.25,23803.5,1,63.28,65.5,144.79464285714286,time,930,955,0.21851637170870075,0.22618240118394278,289.5892857142857,NQ
2025-09-09,-1,23858.5,23868.0,1,-20.22,-18.0,138.58035714285714,time,930,955,-0.07295406223825784,-0.06494426905482895,277.1607142857143,NQ
2025-09-10,-1,23829.25,23874.5,1,-91.72,-89.5,128.89285714285714,time,930,955,-0.35579939041285674,-0.3471875865890829,257.7857142857143,NQ
2025-09-11,1,24036.25,24011.25,1,-51.22,-49.0,128.40178571428572,time,930,955,-0.19945205479452052,-0.19080731520756553,256.80357142857144,NQ
2025-09-12,1,24111.5,24110.0,2,-8.44,-4.0,118.66071428571429,time,930,955,-0.017781790820165535,-0.008427389014296464,237.32142857142858,NQ
2025-09-15,1,24277.5,24311.5,2,133.56,138.0,118.10714285714286,time,930,955,0.282709404293922,0.2921076504384639,236.21428571428572,NQ
2025-09-16,-1,24297.5,24286.25,2,42.56,47.0,119.25892857142857,time,930,955,0.0892176386913229,0.09852511791569964,238.51785714285714,NQ
2025-09-17,-1,24250.0,24232.0,2,69.56,74.0,116.66964285714286,time,930,955,0.14905334047600827,0.15856738348511518,233.33928571428572,NQ
2025-09-18,1,24717.25,24698.0,2,-79.44,-75.0,119.26785714285714,time,930,955,-0.16651594550082346,-0.15720916304836055,238.53571428571428,NQ
2025-09-19,1,24843.25,24860.25,1,32.78,35.0,126.94642857142857,time,930,955,0.1291095794063863,0.13785342523561683,253.89285714285714,NQ
2025-09-22,1,25011.25,24998.5,1,-26.72,-24.5,131.40178571428572,time,930,955,-0.10167289529115987,-0.09322552150574165,262.80357142857144,NQ
2025-09-23,-1,24816.0,24831.75,2,-65.44,-61.0,121.97321428571429,time,930,955,-0.13412780909157454,-0.125027450406266,243.94642857142858,NQ
2025-09-24,-1,24731.0,24739.75,2,-37.44,-33.0,121.28571428571429,time,930,955,-0.07717314487632508,-0.06802120141342756,242.57142857142858,NQ
2025-09-25,-1,24609.75,24632.5,2,-93.44,-89.0,121.35714285714286,time,930,955,-0.19248969982342554,-0.183343143025309,242.71428571428572,NQ
2025-09-26,1,24717.0,24725.25,2,30.56,35.0,118.5,time,930,955,0.06447257383966244,0.07383966244725738,237.0,NQ
2025-09-29,1,24810.75,24837.0,2,102.56,107.0,119.21428571428571,time,930,955,0.2150748951467945,0.22438585979628523,238.42857142857142,NQ
2025-09-30,-1,24871.0,24898.5,2,-112.44,-108.0,122.28571428571429,time,930,955,-0.2298714953271028,-0.22079439252336447,244.57142857142858,NQ
2025-10-01,1,25032.75,25011.5,2,-87.44,-83.0,121.42857142857143,time,930,955,-0.1800235294117647,-0.17088235294117646,242.85714285714286,NQ
2025-10-02,-1,25121.25,25109.75,1,21.78,24.0,126.39285714285714,time,930,955,0.08615993218423285,0.0949420740322125,252.78571428571428,NQ
2025-10-03,-1,25011.75,24997.0,1,28.28,30.5,127.02678571428571,time,930,955,0.11131510508188656,0.12005341955436846,254.05357142857142,NQ
2025-10-06,-1,25222.75,25184.5,1,75.28,77.5,128.4375,time,930,955,0.2930608272506083,0.30170316301703165,256.875,NQ
2025-10-07,1,25042.0,25045.0,1,4.78,7.0,134.09821428571428,time,930,955,0.01782275784006925,0.026100272987549106,268.19642857142856,NQ
2025-10-08,1,25312.5,25329.75,1,33.28,35.5,133.24107142857142,time,930,955,0.12488641694029352,0.13321718153186357,266.48214285714283,NQ
2025-10-09,-1,25267.0,25294.75,2,-113.44,-109.0,123.05357142857143,time,930,955,-0.23046872732549703,-0.22144826585401248,246.10714285714286,NQ
2025-10-10,1,24514.5,24391.508928571428,2,-494.40428571428987,-489.9642857142899,122.49107142857143,stop,930,955,-1.0090618849770476,-1.0000000000000084,244.98214285714286,NQ
2025-10-13,1,24922.25,24920.25,1,-5.22,-3.0,150.73214285714286,time,930,955,-0.017315483947399596,-0.009951427555976779,301.4642857142857,NQ
2025-10-14,-1,24877.5,24757.5,1,238.78,241.0,162.64285714285714,time,930,955,0.734062362758015,0.7408871321914801,325.2857142857143,NQ
2025-10-15,1,24935.25,24924.25,1,-23.22,-21.0,171.72321428571428,time,930,955,-0.06760879737950398,-0.061144907190765874,343.44642857142856,NQ
2025-10-16,1,24726.25,24830.5,1,207.28,209.5,176.53571428571428,time,930,955,0.5870766740845641,0.593364353631398,353.07142857142856,NQ
2025-10-17,1,25006.25,24988.75,1,-36.22,-34.0,187.92857142857142,time,930,955,-0.0963664006081338,-0.09045990117825922,375.85714285714283,NQ
2025-10-20,1,25320.0,25300.0,1,-41.22,-39.0,192.6875,time,930,955,-0.10696075251378527,-0.10120012974375608,385.375,NQ
2025-10-21,-1,25305.0,25291.5,1,25.78,28.0,198.90178571428572,time,930,955,0.06480585357094762,0.07038649728419445,397.80357142857144,NQ
2025-10-22,-1,25023.0,25040.75,1,-36.72,-34.5,192.99107142857142,time,930,955,-0.09513393476752256,-0.089382373351839,385.98214285714283,NQ
2025-10-23,1,25268.5,25252.75,1,-32.72,-30.5,204.10714285714286,time,930,955,-0.08015398075240594,-0.0747156605424322,408.2142857142857,NQ
2025-10-24,1,25553.5,25509.25,1,-89.72,-87.5,205.6875,time,930,955,-0.21809784260103313,-0.2127013065937405,411.375,NQ
2025-10-27,1,25930.5,25960.75,1,59.28,61.5,207.89285714285714,time,930,955,0.1425734409895207,0.14791272977151693,415.7857142857143,NQ
2025-10-28,1,26225.5,26159.75,1,-132.72,-130.5,214.74107142857142,time,930,955,-0.3090233254334539,-0.3038543095921168,429.48214285714283,NQ
2025-10-29,1,26181.75,26281.0,1,197.28,199.5,213.72321428571428,time,930,955,0.46153152024063165,0.466725153528011,427.44642857142856,NQ
2025-10-30,-1,25937.25,25872.25,1,128.78,131.0,217.41071428571428,time,930,955,0.2961675564681725,0.3012731006160164,434.82142857142856,NQ
2025-10-31,-1,26116.0,25993.0,1,244.78,247.0,196.28571428571428,time,930,955,0.6235298398835517,0.6291848617176128,392.57142857142856,NQ
2025-11-03,-1,26081.75,26110.5,1,-58.72,-56.5,187.88392857142858,time,930,955,-0.1562666920115953,-0.1503587891460343,375.76785714285717,NQ
2025-11-04,1,25605.25,25577.75,1,-56.22,-54.0,178.83928571428572,time,930,955,-0.1571802296555167,-0.1509735396904643,357.67857142857144,NQ
2025-11-05,1,25818.5,25740.75,1,-156.72,-154.5,182.92857142857142,time,930,955,-0.4283639203436158,-0.42229597813354164,365.85714285714283,NQ
2025-11-06,-1,25362.75,25258.5,1,207.28,209.5,177.78571428571428,time,930,955,0.5829489754921655,0.5891924467657694,355.57142857142856,NQ
2025-11-07,-1,25079.25,25164.5,1,-171.72,-169.5,183.5,time,930,955,-0.4679019073569482,-0.46185286103542234,367.0,NQ
2025-11-10,1,25708.5,25712.75,1,7.28,9.5,190.05357142857142,time,930,955,0.019152494597387958,0.024992953114723295,380.10714285714283,NQ
2025-11-11,1,25660.25,25646.75,1,-28.22,-26.0,206.16071428571428,time,930,955,-0.06844174967518406,-0.06305760069294067,412.32142857142856,NQ
2025-11-12,-1,25633.25,25625.5,1,14.28,16.5,197.16071428571428,time,930,955,0.03621411104066661,0.04184403586631646,394.32142857142856,NQ
2025-11-13,-1,25093.0,25100.25,1,-15.72,-13.5,197.26785714285714,time,930,955,-0.039844301620349416,-0.03421743459762831,394.5357142857143,NQ
2025-11-14,1,25151.25,25105.0,1,-93.72,-91.5,208.16071428571428,time,930,955,-0.22511452346229735,-0.2197821051728575,416.32142857142856,NQ
2025-11-17,1,24771.5,24888.0,1,231.78,234.0,215.14285714285714,time,930,955,0.5386653386454183,0.5438247011952191,430.2857142857143,NQ
2025-11-18,-1,24659.25,24585.25,1,146.78,149.0,224.13392857142858,time,930,955,0.3274381548022149,0.33239055093016767,448.26785714285717,NQ
2025-11-19,1,24772.0,24724.75,1,-95.72,-93.5,232.51785714285714,time,930,955,-0.2058336533292374,-0.20105982643422166,465.0357142857143,NQ
2025-11-20,1,24250.0,24138.0,1,-225.22,-223.0,234.97321428571428,time,930,955,-0.4792461146787248,-0.47452217198008895,469.94642857142856,NQ
2025-11-21,-1,24389.75,24314.0,1,150.28,152.5,266.5625,time,930,955,0.2818851113716295,0.28604923798358733,533.125,NQ
2025-11-24,1,24944.25,24935.0,1,-19.72,-17.5,280.69642857142856,time,930,955,-0.03512691647051339,-0.031172466441885618,561.3928571428571,NQ
2025-11-25,-1,25072.75,25080.25,1,-16.22,-14.0,284.75,time,930,955,-0.0284811237928007,-0.024582967515364356,569.5,NQ
2025-11-26,-1,25339.25,25296.75,1,83.78,86.0,289.79464285714283,time,930,955,0.14455063622639186,0.1483809347752411,579.5892857142857,NQ
2025-12-01,1,25395.75,25402.0,1,11.28,13.5,248.27678571428572,time,930,955,0.022716582155572335,0.027187398856403065,496.55357142857144,NQ
2025-12-02,1,25635.25,25600.25,1,-71.22,-69.0,250.13392857142858,time,930,955,-0.14236373371408173,-0.13792611101195787,500.26785714285717,NQ
2025-12-03,-1,25669.0,25657.75,1,21.28,23.5,249.26785714285714,time,930,955,0.04268500608926141,0.04713804713804714,498.5357142857143,NQ
2025-12-04,-1,25576.75,25628.25,1,-104.22,-102.0,236.14285714285714,time,930,955,-0.22067150635208713,-0.21597096188747733,472.2857142857143,NQ
2025-12-05,1,25726.75,25725.5,1,-3.7199999999999998,-1.5,220.32142857142858,time,930,955,-0.00844221105527638,-0.003404117360998541,440.64285714285717,NQ
2025-12-08,-1,25598.75,25669.0,1,-141.72,-139.5,210.24107142857142,time,930,955,-0.3370416613581348,-0.33176200789909543,420.48214285714283,NQ
2025-12-09,1,25691.25,25702.75,1,21.78,24.0,202.52678571428572,time,930,955,0.05377066525591853,0.05925142176960719,405.05357142857144,NQ
2025-12-10,-1,25851.25,25800.25,1,100.78,103.0,191.625,time,930,955,0.26296151337247226,0.26875407697325504,383.25,NQ
2025-12-11,-1,25669.75,25715.0,1,-91.72,-89.5,160.55357142857142,time,930,955,-0.2856367478589701,-0.2787231676120565,321.10714285714283,NQ
2025-12-12,-1,25198.5,25209.75,1,-23.72,-21.5,151.29464285714286,time,930,955,-0.07839008557096488,-0.07105340808498081,302.5892857142857,NQ
2025-12-15,-1,25108.0,25084.5,1,45.78,48.0,148.33035714285714,time,930,955,0.15431770300367184,0.16180099921748028,296.6607142857143,NQ
2025-12-16,1,25156.75,25131.75,1,-51.22,-49.0,142.74107142857142,time,930,955,-0.17941577531744543,-0.17163945705886033,285.48214285714283,NQ
2025-12-17,-1,24954.0,24892.5,1,121.78,124.0,141.79464285714286,time,930,955,0.4294238398085763,0.437252062212707,283.5892857142857,NQ
2025-12-18,-1,25318.25,25252.0,1,131.28,133.5,160.65178571428572,time,930,955,0.40858556105152,0.4154949146890457,321.30357142857144,NQ
2025-12-19,1,25578.5,25580.5,1,2.7800000000000002,5.0,172.16071428571428,time,930,955,0.008073851260242714,0.014521315216263873,344.32142857142856,NQ
2025-12-22,-1,25695.25,25688.5,1,12.28,14.5,174.375,time,930,955,0.035211469534050174,0.04157706093189964,348.75,NQ
2025-12-23,1,25798.75,25811.0,1,23.28,25.5,172.45535714285714,time,930,955,0.06749572870825783,0.07393217706445768,344.9107142857143,NQ
2025-12-26,-1,25872.75,25867.0,1,10.28,12.5,166.05357142857142,time,930,955,0.030953866007097538,0.037638455747929886,332.10714285714283,NQ
2025-12-29,1,25752.0,25740.75,1,-23.72,-21.5,161.08928571428572,time,930,955,-0.07362376676643387,-0.0667331781398958,322.17857142857144,NQ
2025-12-30,1,25711.0,25677.75,1,-67.72,-65.5,158.33035714285714,time,930,955,-0.21385665144081656,-0.20684599334573958,316.6607142857143,NQ
2025-12-31,-1,25499.0,25455.5,1,85.78,88.0,156.53571428571428,time,930,955,0.27399498060689026,0.2810860141455624,313.07142857142856,NQ
2026-01-02,1,25417.0,25385.25,1,-64.72,-62.5,153.16071428571428,time,930,955,-0.21128133379969688,-0.20403404453771717,306.32142857142856,NQ
2026-01-05,-1,25595.5,25587.0,1,15.78,18.0,157.75892857142858,time,930,955,0.05001301714867847,0.05704906899088799,315.51785714285717,NQ
2026-01-06,1,25814.25,25813.25,1,-3.2199999999999998,-1.0,147.96428571428572,time,930,955,-0.010881004103306781,-0.0033791938209027273,295.92857142857144,NQ
2026-01-07,1,25839.0,25834.75,1,-9.72,-7.5,143.47321428571428,time,930,955,-0.033873918725496305,-0.026137282967203933,286.94642857142856,NQ
2026-01-08,-1,25692.5,25682.75,1,18.28,20.5,141.89285714285714,time,930,955,0.06441479989932042,0.07223760382582432,283.7857142857143,NQ
2026-01-09,1,25970.5,25933.0,1,-76.22,-74.0,131.39285714285714,time,930,955,-0.2900462082087524,-0.281598260396847,262.7857142857143,NQ
2026-01-12,1,25989.5,25952.0,1,-76.22,-74.0,126.02678571428571,time,930,955,-0.30239603258944386,-0.29358838115479985,252.05357142857142,NQ
2026-01-13,-1,25813.75,25904.0,2,-363.44,-359.0,123.47321428571429,time,930,955,-0.7358681032612625,-0.7268782992262636,246.94642857142858,NQ
2026-01-14,-1,25607.5,25636.75,2,-119.44,-115.0,124.38392857142857,time,930,955,-0.2400631684731893,-0.23113918598808414,248.76785714285714,NQ
2026-01-15,-1,25707.5,25719.5,1,-25.22,-23.0,134.76785714285714,time,930,955,-0.09356830528686895,-0.08533191996819929,269.5357142857143,NQ
2026-01-16,-1,25704.75,25684.75,1,38.78,41.0,142.20535714285714,time,930,955,0.13635210648584167,0.14415771959565518,284.4107142857143,NQ
2026-01-20,1,25132.0,25142.0,1,18.78,21.0,157.48214285714286,time,930,955,0.059625807914729566,0.06667422610273273,314.9642857142857,NQ
2026-01-21,1,25499.25,25471.25,1,-57.22,-55.0,164.84821428571428,time,930,955,-0.17355359367383416,-0.16682012673996643,329.69642857142856,NQ
2026-01-22,-1,25600.25,25662.25,1,-125.22,-123.0,174.79464285714286,time,930,955,-0.3581917556316085,-0.3518414465954947,349.5892857142857,NQ
2026-01-23,1,25708.75,25735.25,1,51.78,54.0,164.85714285714286,time,930,955,0.15704506065857884,0.1637781629116118,329.7142857142857,NQ
2026-01-26,1,25885.0,25844.75,1,-81.72,-79.5,163.45535714285714,time,930,955,-0.24997651171682964,-0.24318566668487465,326.9107142857143,NQ
2026-01-27,1,26095.5,26075.75,1,-40.72,-38.5,162.78571428571428,time,930,955,-0.12507240017551557,-0.11825362000877579,325.57142857142856,NQ
2026-01-28,1,26153.25,26149.0,1,-9.72,-7.5,164.35714285714286,time,930,955,-0.02956975228161669,-0.022816166883963495,328.7142857142857,NQ
2026-01-29,-1,25875.0,25991.75,1,-234.72,-232.5,162.89285714285714,time,930,955,-0.7204735803551853,-0.713659285244464,325.7857142857143,NQ
2026-01-30,-1,25622.25,25675.75,1,-108.22,-106.0,172.5,time,930,955,-0.31368115942028985,-0.3072463768115942,345.0,NQ
2026-02-02,1,25859.25,25856.25,1,-7.22,-5.0,177.70535714285714,time,930,955,-0.02031452544842486,-0.014068230919961814,355.4107142857143,NQ
2026-02-03,-1,25396.25,25445.75,1,-100.22,-98.0,183.78571428571428,time,930,955,-0.2726544889234357,-0.266614846482705,367.57142857142856,NQ
2026-02-04,-1,25065.25,24994.75,1,139.78,142.0,192.72321428571428,time,930,955,0.3626444290016215,0.3684039842483206,385.44642857142856,NQ
2026-02-05,-1,24627.5,24638.5,1,-23.22,-21.0,205.07142857142858,time,930,955,-0.05661442006269592,-0.05120167189132706,410.14285714285717,NQ
2026-02-06,1,25104.25,25146.5,1,83.28,85.5,210.49107142857142,time,930,955,0.19782311770943797,0.2030965005302227,420.98214285714283,NQ
2026-02-09,1,25350.5,25337.5,1,-27.22,-25.0,215.33928571428572,time,930,955,-0.06320258727921055,-0.05804793100588772,430.67857142857144,NQ
2026-02-10,1,25245.5,25219.5,1,-53.22,-51.0,220.39285714285714,time,930,955,-0.12073894020418084,-0.11570247933884298,440.7857142857143,NQ
2026-02-11,-1,25278.0,25278.75,1,-2.7199999999999998,-0.5,210.5,time,930,955,-0.0064608076009501185,-0.0011876484560570072,421.0,NQ
2026-02-12,-1,24804.5,24763.75,1,80.28,82.5,215.74107142857142,time,930,955,0.1860563671729504,0.1912014236642801,431.48214285714283,NQ
2026-02-13,-1,24742.5,24802.25,1,-120.72,-118.5,229.58928571428572,time,930,955,-0.26290425449171656,-0.25806953410593453,459.17857142857144,NQ
2026-02-17,-1,24756.0,24777.25,1,-43.72,-41.5,231.25,time,930,955,-0.09452972972972973,-0.08972972972972973,462.5,NQ
2026-02-18,1,24912.5,24957.25,1,88.28,90.5,238.94642857142858,time,930,955,0.18472759883416784,0.1893729915551902,477.89285714285717,NQ
2026-02-19,1,24807.75,24863.25,1,109.78,112.0,229.5625,time,930,955,0.23910699700517288,0.24394228151374897,459.125,NQ
2026-02-20,1,25026.5,25074.5,1,94.78,97.0,221.98214285714286,time,930,955,0.21348564073686752,0.21848604295712332,443.9642857142857,NQ
2026-02-23,-1,24746.5,24768.25,1,-44.72,-42.5,223.8125,time,930,955,-0.09990505445406311,-0.09494554593688914,447.625,NQ
2026-02-24,1,25017.25,25029.75,1,23.78,26.0,212.15178571428572,time,930,955,0.05604477926013215,0.061276882286099066,424.30357142857144,NQ
2026-02-25,1,25357.0,25384.25,1,53.28,55.5,202.23214285714286,time,930,955,0.13172980132450332,0.1372185430463576,404.4642857142857,NQ
2026-02-26,-1,25068.75,25083.5,1,-30.72,-28.5,199.20535714285714,time,930,955,-0.07710636009143472,-0.07153422078795213,398.4107142857143,NQ
2026-02-27,1,24960.5,24998.0,1,73.78,76.0,197.02678571428572,time,930,955,0.18723342547695654,0.1928671772329723,394.05357142857144,NQ
2026-03-02,1,25005.25,25023.0,1,34.28,36.5,190.88392857142858,time,930,955,0.08979278731465457,0.09560783946863745,381.76785714285717,NQ
2026-03-03,-1,24773.25,24757.5,1,30.28,32.5,199.70535714285714,time,930,955,0.0758116868601064,0.08136987526266375,399.4107142857143,NQ
2026-03-04,1,25141.0,25119.75,1,-43.72,-41.5,209.14285714285714,time,930,955,-0.10452185792349726,-0.09921448087431695,418.2857142857143,NQ
2026-03-05,1,24984.75,25047.5,1,124.28,126.5,201.625,time,930,955,0.30819590824550525,0.3137011779293242,403.25,NQ
2026-03-06,1,24638.75,24667.5,1,56.28,58.5,202.35714285714286,time,930,955,0.13906106600776563,0.14454641722555595,404.7142857142857,NQ
2026-03-09,-1,24989.25,24992.5,1,-7.72,-5.5,213.625,time,930,955,-0.018069046225863077,-0.012873025160912814,427.25,NQ
2026-03-10,-1,24974.5,24986.75,1,-25.72,-23.5,224.5,time,930,955,-0.05728285077951002,-0.052338530066815145,449.0,NQ
2026-03-11,1,24968.25,24983.75,1,29.78,32.0,222.67857142857142,time,930,955,0.06686768243785085,0.07185244587008821,445.35714285714283,NQ
2026-03-12,-1,24626.0,24555.5,1,139.78,142.0,226.10714285714286,time,930,955,0.3091012478281472,0.31401042489338177,452.2142857142857,NQ
2026-03-13,1,24378.75,24397.75,1,36.78,39.0,225.40178571428572,time,930,955,0.08158764111705288,0.08651218062982768,450.80357142857144,NQ
2026-03-16,1,24677.0,24670.0,1,-15.22,-13.0,227.11607142857142,time,930,955,-0.03350709596257421,-0.028619727169084407,454.23214285714283,NQ
2026-03-17,1,24784.5,24791.0,1,11.78,14.0,228.33035714285714,time,930,955,0.02579595667305361,0.030657333906854888,456.6607142857143,NQ
2026-03-18,1,24735.0,24651.25,1,-168.72,-166.5,223.30357142857142,time,930,955,-0.37778168732507,-0.37281087564974014,446.60714285714283,NQ
2026-03-19,1,24580.75,24574.5,1,-13.72,-11.5,217.36607142857142,time,930,955,-0.03155966317518998,-0.02645307044567673,434.73214285714283,NQ
2026-03-20,-1,24030.5,24113.75,1,-167.72,-165.5,219.63392857142858,time,930,955,-0.38181714703849745,-0.376763283060287,439.26785714285717,NQ
2026-03-23,1,24474.5,24398.5,1,-153.22,-151.0,223.47321428571428,time,930,955,-0.34281513444404493,-0.3378480962083983,446.94642857142856,NQ
2026-03-24,-1,24246.0,24219.5,1,51.78,54.0,220.08928571428572,time,930,955,0.1176340770791075,0.12267748478701825,440.17857142857144,NQ
2026-03-25,-1,24342.75,24372.0,1,-59.72,-57.5,213.09821428571428,time,930,955,-0.140123182637114,-0.13491431683915028,426.19642857142856,NQ
2026-03-26,1,23822.0,23786.5,1,-72.22,-70.0,208.4375,time,930,955,-0.17324137931034483,-0.1679160419790105,416.875,NQ
2026-03-27,-1,23347.25,23309.0,1,75.28,77.5,213.79464285714286,time,930,955,0.1760567968260597,0.18124869492587178,427.5892857142857,NQ
2026-03-30,-1,23029.25,23135.75,1,-214.22,-212.0,205.67857142857142,time,930,955,-0.5207640215315159,-0.5153672512588992,411.35714285714283,NQ
2026-03-31,1,23885.75,23909.5,1,46.28,48.5,212.41071428571428,time,930,955,0.10893989071038251,0.11416561580496007,424.82142857142856,NQ
2026-04-01,1,24220.5,24200.5,1,-41.22,-39.0,231.45535714285714,time,930,955,-0.08904524939243143,-0.08424950815877792,462.9107142857143,NQ
2026-04-02,1,24145.0,24220.5,1,149.78,152.0,231.35714285714286,time,930,955,0.32369867242976225,0.32849644952145723,462.7142857142857,NQ
2026-04-06,1,24342.75,24363.5,1,40.28,42.5,236.14285714285714,time,930,955,0.08528735632183908,0.08998790078644889,472.2857142857143,NQ
2026-04-07,-1,24211.0,24369.75,1,-318.72,-316.5,230.11607142857142,time,930,955,-0.6925200791526016,-0.6876964264928414,460.23214285714283,NQ
2026-04-08,-1,24993.5,25080.25,1,-174.72,-172.5,237.75,time,930,955,-0.3674447949526814,-0.3627760252365931,475.5,NQ
2026-04-09,-1,25243.0,25249.25,1,-13.72,-11.5,256.45535714285717,time,930,955,-0.026749294990077638,-0.02242105629634787,512.9107142857143,NQ
2026-04-10,1,25282.75,25284.0,1,1.28,3.5,254.47321428571428,time,930,955,0.0025149994737026773,0.006876951685905758,508.94642857142856,NQ
2026-04-13,1,25473.75,25538.0,1,127.28,129.5,239.01785714285714,time,930,955,0.2662562570041091,0.2709002614867389,478.0357142857143,NQ
2026-04-14,1,25971.5,26000.5,1,56.78,59.0,232.36607142857142,time,930,955,0.12217790585975025,0.12695485110470703,464.73214285714283,NQ
2026-04-15,1,26349.75,26364.0,1,27.28,29.5,239.51785714285714,time,930,955,0.05694773726981287,0.06158204726757623,479.0357142857143,NQ
2026-04-16,-1,26458.25,26485.0,1,-54.72,-52.5,242.67857142857142,time,930,955,-0.11274172185430464,-0.10816777041942606,485.35714285714283,NQ
2026-04-17,1,26803.75,26827.0,1,45.28,47.5,231.66964285714286,time,930,955,0.0977253632404517,0.10251666859367171,463.3392857142857,NQ
2026-04-20,-1,26723.5,26746.0,1,-46.22,-44.0,227.46428571428572,time,930,955,-0.10159836709059507,-0.09671848013816925,454.92857142857144,NQ
2026-04-21,1,26768.0,26642.0,1,-253.22,-251.0,218.36607142857142,time,930,955,-0.57980619045672,-0.5747229831949954,436.73214285714283,NQ
2026-04-22,-1,27048.25,27080.25,1,-65.22,-63.0,200.28571428571428,time,930,955,-0.16281740370898717,-0.1572753209700428,400.57142857142856,NQ
2026-04-23,1,26891.0,26926.0,1,68.78,71.0,200.72321428571428,time,930,955,0.1713304568302122,0.1768604599439527,401.44642857142856,NQ
2026-04-24,-1,27421.0,27434.25,1,-27.72,-25.5,196.625,time,930,955,-0.07048951048951049,-0.06484424666242848,393.25,NQ
2026-04-27,-1,27429.5,27445.25,1,-32.72,-30.5,206.86607142857142,time,930,955,-0.07908498424619104,-0.07371919375026977,413.73214285714283,NQ
2026-04-28,1,27174.0,27169.0,1,-11.22,-9.0,196.75,time,930,955,-0.028513341804320205,-0.022871664548919948,393.5,NQ
2026-04-29,1,27279.25,27337.0,1,114.28,116.5,180.86607142857142,time,930,955,0.3159243718220862,0.3220615096016192,361.73214285714283,NQ
2026-04-30,-1,27595.75,27577.75,1,34.78,37.0,177.53571428571428,time,930,955,0.0979521223093945,0.10420438543552606,355.07142857142856,NQ
2026-05-01,1,27884.25,27837.0,1,-95.72,-93.5,187.82142857142858,time,930,955,-0.2548165050389808,-0.24890663624263165,375.64285714285717,NQ
2026-05-04,1,27787.75,27780.0,1,-16.72,-14.5,186.00892857142858,time,930,955,-0.044944079105265676,-0.038976623625978014,372.01785714285717,NQ
2026-05-05,1,28161.75,28135.5,1,-53.72,-51.5,181.11607142857142,time,930,955,-0.14830268671432092,-0.1421740202119793,362.23214285714283,NQ
2026-05-06,1,28672.5,28710.0,1,73.78,76.0,181.57142857142858,time,930,955,0.20317073170731706,0.2092840283241542,363.14285714285717,NQ
2026-05-07,1,28643.25,28684.0,1,80.28,82.5,192.33928571428572,time,930,955,0.20869371460402933,0.21446476650264598,384.67857142857144,NQ
2026-05-08,1,29276.75,29339.5,1,124.28,126.5,192.08035714285714,time,930,955,0.32351043555059733,0.3292892669548645,384.1607142857143,NQ
2026-05-11,1,29387.0,29429.0,1,82.78,85.0,206.28571428571428,time,930,955,0.20064404432132965,0.20602493074792244,412.57142857142856,NQ
2026-05-12,-1,29103.0,29174.5,1,-144.22,-142.0,202.70535714285714,time,930,955,-0.35573800819274987,-0.3502620799013346,405.4107142857143,NQ
2026-05-13,-1,29515.25,29476.25,1,76.78,79.0,211.15178571428572,time,930,955,0.18181233878810943,0.1870692206858641,422.30357142857144,NQ
2026-05-14,1,29710.5,29686.5,1,-49.22,-47.0,211.74107142857142,time,930,955,-0.11622686063672781,-0.11098460889732238,423.48214285714283,NQ
2026-05-15,-1,29312.75,29231.5,1,161.28,163.5,204.14285714285714,time,930,955,0.39501749475157455,0.40045486354093773,408.2857142857143,NQ
2026-05-18,-1,28951.75,29099.0,1,-295.72,-293.5,219.88392857142858,time,930,955,-0.6724456896901775,-0.6673975717708206,439.76785714285717,NQ
2026-05-19,1,28968.75,28924.25,1,-90.22,-88.0,223.66964285714286,time,930,955,-0.2016813700051894,-0.19671869386451638,447.3392857142857,NQ
2026-05-20,1,29340.0,29396.0,1,110.78,113.0,232.50892857142858,time,930,955,0.2382274106217119,0.2430014208363734,465.01785714285717,NQ
2026-05-21,1,29409.25,29446.0,1,72.28,74.5,232.99107142857142,time,930,955,0.15511324008430735,0.1598773711438973,465.98214285714283,NQ
2026-05-22,1,29571.0,29552.25,1,-38.72,-36.5,236.11607142857142,time,930,955,-0.08199357156362261,-0.07729249385517112,472.23214285714283,NQ
2026-05-26,1,30070.5,30079.5,1,16.78,19.0,236.40178571428572,time,930,955,0.03549042565245308,0.04018582165653208,472.80357142857144,NQ
2026-05-27,-1,30040.75,30047.5,1,-14.72,-12.5,225.75892857142858,time,930,955,-0.03260114692505438,-0.027684397864346448,451.51785714285717,NQ
2026-05-28,-1,30312.0,30306.5,1,9.78,12.0,222.96428571428572,time,930,955,0.021931763575204228,0.02691013935607881,445.92857142857144,NQ
2026-05-29,1,30403.0,30397.25,1,-12.72,-10.5,214.66071428571428,time,930,955,-0.029628150736211632,-0.024457199900174694,429.32142857142856,NQ
2026-06-01,-1,30595.75,30571.5,1,47.28,49.5,215.83035714285714,time,930,955,0.10953046787738387,0.11467339593761636,431.6607142857143,NQ
2026-06-02,1,30675.5,30707.0,1,61.78,64.0,205.60714285714286,time,930,955,0.1502379711655376,0.15563661629320827,411.2142857142857,NQ
2026-06-03,-1,30648.0,30636.0,1,22.78,25.0,198.71428571428572,time,930,955,0.057318475916606756,0.06290438533429188,397.42857142857144,NQ
2026-06-04,-1,30588.0,30485.75,1,203.28,205.5,198.29464285714286,time,930,955,0.5125705794947994,0.518168310144536,396.5892857142857,NQ
2026-06-05,-1,29113.25,29016.0,1,193.28,195.5,194.28571428571428,time,930,955,0.4974117647058824,0.503125,388.57142857142856,NQ
2026-06-08,-1,29457.0,29453.25,1,6.28,8.5,228.91964285714286,time,930,955,0.013716603611685323,0.01856546667186708,457.8392857142857,NQ
2026-06-09,-1,28977.5,29115.5,1,-277.22,-275.0,238.33928571428572,time,930,955,-0.5815658949576684,-0.5769086686146699,476.67857142857144,NQ
2026-06-10,1,28607.0,28525.75,1,-163.72,-161.5,279.3482142857143,time,930,955,-0.293039281490715,-0.2890657461565507,558.6964285714286,NQ
2026-06-11,1,29527.75,29456.5,1,-143.72,-141.5,291.13392857142856,time,930,955,-0.24682798172171622,-0.24301530346244674,582.2678571428571,NQ
2026-06-12,-1,29604.75,29648.5,1,-88.72,-86.5,316.6875,time,930,955,-0.14007499506611407,-0.13656996250246695,633.375,NQ
2026-06-15,1,30537.75,30567.25,1,57.78,60.0,319.85714285714283,time,930,955,0.09032157213041538,0.09379187137114785,639.7142857142857,NQ
2026-06-16,-1,30107.0,29991.5,1,229.78,232.0,343.86607142857144,time,930,955,0.3341126372913042,0.33734063822605354,687.7321428571429,NQ
2026-06-17,-1,30060.0,29995.0,1,128.78,131.0,353.99107142857144,time,930,955,0.18189724317098394,0.18503291547910308,707.9821428571429,NQ
2026-06-18,-1,30682.5,30693.0,1,-22.22,-20.0,361.08035714285717,time,930,955,-0.03076877426374224,-0.027694666303998416,722.1607142857143,NQ
2026-06-22,1,30585.5,30654.0,1,135.78,138.0,368.0357142857143,time,930,955,0.18446579330422125,0.18748180494905387,736.0714285714286,NQ
2026-06-23,1,29738.5,29650.25,1,-177.72,-175.5,374.01785714285717,time,930,955,-0.23758223919789925,-0.2346144664597756,748.0357142857143,NQ
2026-06-24,-1,29398.5,29514.25,1,-232.72,-230.5,401.3482142857143,time,930,955,-0.2899228048319281,-0.2871571266490178,802.6964285714286,NQ
2026-06-25,-1,29667.25,29749.75,1,-166.22,-164.0,406.99107142857144,time,930,955,-0.20420595397406927,-0.20147862141587872,813.9821428571429,NQ
2026-06-26,1,29488.75,29315.75,1,-347.22,-345.0,385.0625,time,930,955,-0.4508618730725532,-0.44797922415192337,770.125,NQ
2026-06-29,-1,30008.0,30046.5,1,-78.22,-76.0,379.375,time,930,955,-0.10309060955518945,-0.10016474464579901,758.75,NQ
2026-06-30,1,30569.75,30513.25,1,-114.22,-112.0,349.91964285714283,time,930,955,-0.16320890000255162,-0.1600367431298002,699.8392857142857,NQ
2026-07-01,1,30213.5,30080.5,1,-267.22,-265.0,343.125,time,930,955,-0.38939162112932607,-0.3861566484517304,686.25,NQ
2026-07-02,1,29461.25,29538.0,1,152.28,154.5,323.16964285714283,time,930,955,0.2356038126813096,0.23903854123497723,646.3392857142857,NQ
2026-07-06,1,30027.0,29951.5,1,-152.22,-150.0,319.1607142857143,time,930,955,-0.23846919935097632,-0.2349913277010015,638.3214285714286,NQ
2026-07-07,-1,29369.0,29394.75,1,-52.72,-50.5,309.1517857142857,time,930,955,-0.085265559566787,-0.08167509025270758,618.3035714285714,NQ
2026-07-08,1,29399.25,29457.25,1,114.78,117.0,313.4017857142857,time,930,955,0.1831195692430415,0.1866613486795248,626.8035714285714,NQ
2026-07-09,1,29918.5,29948.5,1,58.78,61.0,301.88392857142856,time,930,955,0.09735529857147084,0.10103220845287038,603.7678571428571,NQ
2026-07-10,1,30052.0,30037.25,1,-30.72,-28.5,318.4107142857143,time,930,955,-0.04823958274914475,-0.04475351915203859,636.8214285714286,NQ
2026-07-13,-1,29437.0,29467.25,1,-61.72,-59.5,316.1875,time,930,955,-0.09760031626803715,-0.09408974105554457,632.375,NQ
2026-07-14,-1,29800.5,29786.25,1,27.28,29.5,300.73214285714283,time,930,955,0.0453559764859569,0.04904696870732142,601.4642857142857,NQ
2026-07-15,-1,29622.0,29701.25,1,-159.72,-157.5,293.0892857142857,time,930,955,-0.2724766953025041,-0.26868945348199597,586.1785714285714,NQ
2026-07-16,-1,29149.25,29217.25,1,-137.22,-135.0,281.7767857142857,time,930,955,-0.24349060489876104,-0.23955131658164072,563.5535714285714,NQ
2026-07-17,1,28802.0,28764.0,1,-77.22,-75.0,283.7232142857143,time,930,955,-0.13608333071089151,-0.13217106712402052,567.4464285714286,NQ
2026-07-20,-1,28867.25,28785.5,1,162.28,164.5,284.1875,time,930,955,0.2855157246536178,0.28942159665713657,568.375,NQ
2026-07-21,-1,29305.5,29311.0,1,-12.22,-10.0,279.24107142857144,time,930,955,-0.021880735411670665,-0.017905675459632293,558.4821428571429,NQ
2026-07-22,1,29229.25,29160.25,1,-139.22,-137.0,283.5267857142857,time,930,955,-0.24551472209100927,-0.24159974807116988,567.0535714285714,NQ
2026-07-23,-1,28560.0,28615.25,1,-111.72,-109.5,258.07142857142856,time,930,955,-0.21645170218654858,-0.21215056739551622,516.1428571428571,NQ
2026-07-24,-1,28281.0,28283.5,1,-6.22,-4.0,269.17857142857144,time,930,955,-0.011553668568395912,-0.007430011941090619,538.3571428571429,NQ
2026-07-27,-1,28232.75,28192.5,1,79.28,81.5,272.76785714285717,time,930,955,0.14532504091653026,0.14939443535188215,545.5357142857143,NQ
2026-07-28,-1,28000.25,27918.75,1,161.78,164.0,270.44642857142856,time,930,955,0.29909805216242985,0.30320237702211955,540.8928571428571,NQ
2026-07-29,-1,27610.0,27335.25,1,548.28,550.5,274.83035714285717,time,930,955,0.9974880608167375,1.0015269159546472,549.6607142857143,NQ
2026-07-30,1,28243.0,28228.75,1,-29.72,-27.5,283.61607142857144,time,930,955,-0.052394774122461824,-0.04848103258303164,567.2321428571429,NQ
2026-07-31,-1,28459.5,28403.0,1,111.78,114.0,303.61607142857144,time,930,955,0.18408116453462725,0.18773709748566386,607.2321428571429,NQ
2026-08-03,1,28912.0,28901.0,1,-23.22,-21.0,303.67857142857144,time,930,955,-0.03823121251323062,-0.034576031988709864,607.3571428571429,NQ
2026-08-04,1,29913.25,29877.5,1,-72.72,-70.5,311.60714285714283,time,930,955,-0.11668538681948425,-0.11312320916905445,623.2142857142857,NQ
2026-08-05,1,29731.0,29606.5,1,-250.22,-248.0,328.5625,time,930,955,-0.3807799124976222,-0.37740155982499524,657.125,NQ
2026-08-06,1,29538.75,29496.5,1,-85.72,-83.5,323.51785714285717,time,930,955,-0.1324810951040459,-0.12905006347629297,647.0357142857143,NQ
2026-08-07,-1,29779.0,29833.5,1,-110.22,-108.0,310.5267857142857,time,930,955,-0.1774726127835763,-0.17389804192184938,621.0535714285714,NQ
2026-08-10,1,29777.25,29743.75,1,-68.22,-66.0,308.2142857142857,time,930,955,-0.11066975666280417,-0.1070683661645423,616.4285714285714,NQ
2026-08-11,-1,29636.5,29636.25,1,-0.72,1.5,293.99107142857144,time,930,955,-0.0012245269839341573,0.002551097883196161,587.9821428571429,NQ
2026-08-12,-1,29858.5,29853.25,1,9.28,11.5,296.01785714285717,time,930,955,0.01567473004765639,0.019424503830608675,592.0357142857143,NQ
2026-08-13,1,30216.5,30194.5,1,-45.22,-43.0,283.08035714285717,time,930,955,-0.07987131367292225,-0.0759501655890238,566.1607142857143,NQ
2026-08-14,-1,30101.0,30144.75,1,-88.72,-86.5,283.13392857142856,time,930,955,-0.15667497083031126,-0.15275456466210463,566.2678571428571,NQ
2026-08-17,1,30097.5,30091.25,1,-13.72,-11.5,267.9642857142857,time,930,955,-0.02560042649606824,-0.02145808343329335,535.9285714285714,NQ
2026-08-18,-1,29592.0,29586.0,1,10.78,13.0,254.83035714285714,time,930,955,0.021151326162362916,0.02550716513086437,509.6607142857143,NQ
2026-08-19,-1,29581.75,29522.25,1,117.78,120.0,247.52678571428572,time,930,955,0.23791364570933882,0.24239800887349852,495.05357142857144,NQ
2026-08-20,1,29304.25,29306.25,1,2.7800000000000002,5.0,226.25,time,930,955,0.00614364640883978,0.011049723756906077,452.5,NQ
2026-08-21,-1,29403.75,29396.0,1,14.28,16.5,214.58035714285714,time,930,955,0.033274247909124956,0.03844713518911497,429.1607142857143,NQ
2026-08-24,-1,29142.0,29099.75,1,83.28,85.5,200.9375,time,930,955,0.20722861586314154,0.21275272161741834,401.875,NQ
2026-08-25,1,29227.25,29270.0,1,84.28,86.5,179.28571428571428,time,930,955,0.23504382470119523,0.2412350597609562,358.57142857142856,NQ
2026-08-26,1,29343.5,29296.5,1,-95.22,-93.0,173.35714285714286,time,930,955,-0.27463535228677377,-0.26823238566131025,346.7142857142857,NQ
2026-08-27,-1,29623.75,29692.0,1,-137.72,-135.5,165.01785714285714,time,930,955,-0.41728817227572773,-0.41056162752948816,330.0357142857143,NQ
2026-08-28,1,29498.25,29496.25,1,-5.22,-3.0,166.59821428571428,time,930,955,-0.01566643442842596,-0.009003697947371242,333.19642857142856,NQ
2026-08-31,1,29444.75,29506.25,1,121.78,124.0,173.52678571428572,time,930,955,0.3508968356058657,0.3572935425778235,347.05357142857144,NQ
2026-09-01,-1,29119.0,29127.0,1,-17.22,-15.0,169.03571428571428,time,930,955,-0.05093598140714135,-0.044369321783224176,338.07142857142856,NQ
2026-09-02,-1,29171.0,29190.75,1,-40.72,-38.5,173.99107142857142,time,930,955,-0.11701749884538411,-0.1106378611381947,347.98214285714283,NQ
2026-09-03,1,29526.0,29530.5,1,7.78,10.0,165.99107142857142,time,930,955,0.02343499542789522,0.03012210209241031,331.98214285714283,NQ
2026-09-04,1,29538.25,29568.5,1,59.28,61.5,171.05357142857142,time,930,955,0.17327904791731916,0.17976824303163172,342.10714285714283,NQ
2026-09-08,-1,29562.5,29543.75,1,36.28,38.5,153.44642857142858,time,930,955,0.11821715349703246,0.12545094844640986,306.89285714285717,NQ
2026-09-09,1,29450.5,29454.25,1,6.28,8.5,149.6875,time,930,955,0.02097703549060543,0.028392484342379957,299.375,NQ
2026-09-10,1,29163.75,29137.75,1,-53.22,-51.0,146.70535714285714,time,930,955,-0.18138396932627351,-0.1738177834580975,293.4107142857143,NQ
2026-09-11,1,29419.5,29386.5,1,-67.22,-65.0,151.28571428571428,time,930,955,-0.22216241737488196,-0.21482530689329557,302.57142857142856,NQ
