day,dir,entry,exit,qty,pnl,pnl_gross,stop_dist,why,min_in,min_out,R,R_gross,atr,market
2010-09-13,1,1917.75,1918.0,20,-14.399999999999999,30.0,12.0,time,635,955,-0.029999999999999995,0.0625,62.69642857142857,NQ
2010-09-20,1,1969.25,1986.25,20,655.6,700.0,11.5,time,600,955,1.4252173913043478,1.5217391304347827,60.69642857142857,NQ
2010-09-27,-1,2011.75,2021.5,20,-414.4,-370.0,9.25,stop,670,835,-1.1199999999999999,-1.0,60.625,NQ
2010-10-04,-1,1983.0,1972.75,19,366.32,408.5,12.75,time,640,955,0.756078431372549,0.8431372549019608,55.035714285714285,NQ
2010-10-11,1,2033.75,2023.0,20,-454.4,-410.0,10.25,stop,620,930,-1.1082926829268291,-1.0,55.25,NQ
2010-11-01,1,2146.0,2130.75,16,-507.52,-472.0,14.75,stop,600,660,-1.0752542372881355,-1.0,52.767857142857146,NQ
2010-11-08,1,2184.5,2185.25,20,5.600000000000001,50.0,10.75,time,615,955,0.013023255813953492,0.11627906976744186,53.607142857142854,NQ
2010-11-15,-1,2131.0,2128.0,12,57.36,84.0,19.75,time,605,955,0.1210126582278481,0.17721518987341772,56.660714285714285,NQ
2010-11-29,-1,2118.0,2147.0,8,-473.76,-456.0,28.5,stop,600,915,-1.0389473684210526,-1.0,51.232142857142854,NQ
2010-12-06,-1,2183.0,2193.0,20,-424.4,-380.0,9.5,stop,695,940,-1.1168421052631579,-1.0,46.089285714285715,NQ
2010-12-13,1,2224.25,2215.0,20,-394.4,-350.0,8.75,stop,655,920,-1.1268571428571428,-1.0,48.42857142857143,NQ
2010-12-20,-1,2213.75,2225.0,20,-474.4,-430.0,10.75,stop,600,840,-1.1032558139534883,-1.0,46.267857142857146,NQ
2011-01-03,1,2257.25,2252.0,12,-140.64,-114.0,19.5,time,605,955,-0.30051282051282047,-0.24358974358974358,42.05357142857143,NQ
2011-01-10,1,2275.75,2283.25,20,275.6,320.0,11.5,time,715,955,0.5991304347826087,0.6956521739130435,41.285714285714285,NQ
2011-01-18,1,2320.75,2327.25,12,141.36,168.0,20.5,time,680,955,0.28731707317073174,0.34146341463414637,34.982142857142854,NQ
2011-01-24,1,2281.75,2298.0,17,531.76,569.5,14.25,time,660,955,1.0975438596491227,1.1754385964912282,36.089285714285715,NQ
2011-02-07,1,2346.25,2346.5,20,-14.399999999999999,30.0,9.25,time,600,955,-0.03891891891891892,0.08108108108108109,36.42857142857143,NQ
2011-02-14,1,2383.75,2384.0,20,-14.399999999999999,30.0,7.25,time,610,955,-0.0496551724137931,0.10344827586206896,37.910714285714285,NQ
2011-02-22,1,2364.5,2341.0,10,-482.2,-460.0,23.0,stop,615,755,-1.0482608695652174,-1.0,38.767857142857146,NQ
2011-02-28,-1,2352.25,2351.5,20,5.600000000000001,50.0,10.5,time,685,955,0.013333333333333336,0.11904761904761904,40.035714285714285,NQ
2011-03-07,-1,2358.0,2328.25,19,1107.32,1149.5,13.0,time,605,955,2.2415384615384615,2.326923076923077,39.5,NQ
2011-03-14,-1,2279.25,2288.5,11,-216.92,-192.5,21.0,time,655,955,-0.4695238095238095,-0.4166666666666667,41.625,NQ
2011-03-15,1,2239.0,2256.25,10,332.8,355.0,25.0,time,625,955,0.6656,0.71,43.94642857142857,NQ
2011-03-21,1,2266.5,2258.75,12,-200.64,-174.0,19.5,time,625,955,-0.4287179487179487,-0.3717948717948718,47.357142857142854,NQ
2011-03-22,-1,2253.25,2256.75,20,-164.4,-120.0,10.25,time,655,955,-0.4009756097560976,-0.2926829268292683,46.410714285714285,NQ
2011-03-25,1,2322.0,2313.75,20,-354.4,-310.0,10.5,time,630,955,-0.8438095238095238,-0.7380952380952381,44.892857142857146,NQ
2011-03-28,-1,2311.5,2301.25,18,347.04,387.0,13.5,time,700,955,0.7140740740740741,0.7962962962962963,48.875,NQ
2011-03-31,-1,2329.0,2339.25,20,-434.4,-390.0,9.75,stop,600,855,-1.1138461538461537,-1.0,47.910714285714285,NQ
2011-04-04,-1,2332.5,2332.5,15,-18.3,15.0,16.0,time,600,955,-0.038125,0.03125,46.42857142857143,NQ
2011-04-11,-1,2315.75,2310.0,16,164.48,200.0,15.5,time,605,955,0.33161290322580644,0.4032258064516129,45.232142857142854,NQ
2011-04-14,1,2303.5,2308.0,15,116.7,150.0,15.75,time,625,955,0.246984126984127,0.31746031746031744,41.69642857142857,NQ
2011-04-15,1,2303.25,2304.0,18,5.039999999999999,45.0,13.75,time,660,955,0.01018181818181818,0.09090909090909091,40.535714285714285,NQ
2011-04-18,-1,2258.0,2283.0,10,-512.2,-490.0,24.5,stop,600,885,-1.0453061224489797,-1.0,40.82142857142857,NQ
2011-04-19,-1,2286.5,2297.25,20,-454.4,-410.0,10.25,stop,655,830,-1.1082926829268291,-1.0,41.05357142857143,NQ
2011-04-20,1,2351.25,2354.5,20,105.6,150.0,10.75,time,605,955,0.2455813953488372,0.3488372093023256,39.482142857142854,NQ
2011-04-25,-1,2373.0,2381.25,20,-354.4,-310.0,7.75,stop,650,860,-1.1432258064516128,-1.0,38.75,NQ
2011-05-02,1,2410.5,2400.25,20,-434.4,-390.0,9.75,stop,620,740,-1.1138461538461537,-1.0,36.57142857142857,NQ
2011-05-05,1,2387.75,2372.25,16,-515.52,-480.0,15.0,stop,600,910,-1.074,-1.0,33.75,NQ
2011-05-06,1,2403.25,2387.25,16,-531.52,-496.0,15.5,stop,670,795,-1.0716129032258064,-1.0,34.642857142857146,NQ
2011-05-09,1,2384.5,2375.25,20,-394.4,-350.0,8.75,stop,610,620,-1.1268571428571428,-1.0,36.375,NQ
2011-05-16,1,2371.25,2359.25,20,-504.4,-460.0,11.5,stop,660,710,-1.0965217391304347,-1.0,32.857142857142854,NQ
2011-05-24,-1,2311.0,2301.5,20,355.6,400.0,10.5,time,630,955,0.8466666666666667,0.9523809523809523,35.25,NQ
2011-05-25,1,2309.0,2310.0,20,15.600000000000001,60.0,11.5,time,630,955,0.03391304347826087,0.13043478260869565,34.839285714285715,NQ
2011-05-31,-1,2354.0,2362.75,20,-374.4,-330.0,8.25,stop,600,940,-1.1345454545454545,-1.0,34.357142857142854,NQ
2011-06-02,1,2333.0,2318.25,17,-522.24,-484.5,14.25,stop,600,690,-1.0778947368421052,-1.0,35.410714285714285,NQ
2011-06-06,1,2297.75,2286.25,20,-484.4,-440.0,11.0,stop,680,820,-1.1009090909090908,-1.0,37.75,NQ
2011-06-09,1,2255.5,2256.0,20,-4.399999999999999,40.0,9.25,time,600,955,-0.011891891891891888,0.10810810810810811,38.285714285714285,NQ
2011-06-10,-1,2238.75,2221.75,20,655.6,700.0,12.0,time,605,955,1.3658333333333335,1.4583333333333333,35.910714285714285,NQ
2011-06-13,1,2230.0,2217.75,20,-514.4,-470.0,11.75,stop,625,710,-1.0944680851063828,-1.0,36.589285714285715,NQ
2011-06-20,1,2197.5,2199.75,16,52.480000000000004,88.0,14.75,time,700,955,0.11118644067796611,0.1864406779661017,35.464285714285715,NQ
2011-06-27,1,2226.0,2247.5,16,668.48,704.0,15.5,time,600,955,1.3477419354838711,1.4193548387096775,35.339285714285715,NQ
2011-07-05,1,2362.0,2356.5,20,-244.4,-200.0,5.0,stop,600,615,-1.222,-1.0,43.82142857142857,NQ
2011-07-11,-1,2375.0,2360.0,17,489.26,527.0,14.25,time,615,955,1.0098245614035088,1.087719298245614,40.839285714285715,NQ
2011-07-18,-1,2334.25,2341.5,14,-220.07999999999998,-189.0,17.25,time,605,955,-0.45565217391304347,-0.391304347826087,41.142857142857146,NQ
2011-07-25,1,2419.0,2421.5,15,56.7,90.0,16.5,time,605,955,0.11454545454545455,0.18181818181818182,42.392857142857146,NQ
2011-08-01,-1,2343.0,2350.5,4,-64.88,-56.0,50.75,time,600,955,-0.15980295566502462,-0.13793103448275862,47.142857142857146,NQ
2011-08-08,-1,2117.5,2059.75,5,571.4,582.5,44.0,time,620,955,1.2986363636363636,1.3238636363636365,51.55357142857143,NQ
2011-08-15,1,2207.0,2185.25,11,-491.92,-467.5,21.25,stop,620,675,-1.0522352941176472,-1.0,68.26785714285714,NQ
2011-08-22,-1,2062.25,2042.25,11,426.58,451.0,22.25,time,605,955,0.8714606741573033,0.9213483146067416,75.21428571428571,NQ
2011-08-29,1,2206.75,2221.75,10,287.8,310.0,24.5,time,620,955,0.5873469387755103,0.6326530612244898,85.76785714285714,NQ
2011-09-06,1,2133.0,2115.5,14,-507.08,-476.0,17.0,stop,600,630,-1.0652941176470587,-1.0,102.76785714285714,NQ
2011-09-12,1,2172.5,2135.0,6,-457.32,-444.0,37.0,stop,605,850,-1.03,-1.0,105.625,NQ
2011-09-19,1,2278.0,2303.0,10,487.8,510.0,23.25,time,670,955,1.0490322580645162,1.096774193548387,106.94642857142857,NQ
2011-09-26,-1,2177.25,2216.0,6,-472.32,-459.0,38.25,stop,605,935,-1.0290196078431373,-1.0,111.71428571428571,NQ
2011-10-03,1,2140.75,2104.75,7,-512.54,-497.0,35.5,stop,605,775,-1.0312676056338028,-1.0,113.17857142857143,NQ
2011-10-10,1,2252.75,2273.25,12,477.36,504.0,20.5,time,600,955,0.9702439024390244,1.024390243902439,122.625,NQ
2011-10-17,-1,2349.0,2330.75,18,635.04,675.0,13.5,time,615,955,1.3066666666666666,1.3888888888888888,133.875,NQ
2011-10-24,1,2358.75,2379.25,11,437.58,462.0,21.75,time,610,955,0.9144827586206896,0.9655172413793104,137.32142857142858,NQ
2011-10-31,1,2380.25,2364.25,16,-531.52,-496.0,15.5,stop,630,915,-1.0716129032258064,-1.0,134.60714285714286,NQ
2011-11-07,-1,2344.5,2362.5,14,-521.08,-490.0,17.5,stop,620,910,-1.0634285714285716,-1.0,129.53571428571428,NQ
2011-11-14,1,2354.5,2339.0,16,-515.52,-480.0,15.0,stop,605,735,-1.074,-1.0,111.92857142857143,NQ
2011-11-21,-1,2201.5,2209.75,10,-177.2,-155.0,24.25,time,605,955,-0.365360824742268,-0.31958762886597936,103.80357142857143,NQ
2011-11-28,1,2225.75,2224.5,10,-37.2,-15.0,24.5,time,615,955,-0.07591836734693878,-0.030612244897959183,94.07142857142857,NQ
2011-12-05,1,2340.0,2321.0,13,-509.86,-481.0,18.5,stop,625,905,-1.06,-1.0,91.55357142857143,NQ
2011-12-12,-1,2275.75,2290.5,14,-430.08,-399.0,17.0,time,600,955,-0.9035294117647058,-0.8382352941176471,95.82142857142857,NQ
2011-12-19,-1,2234.5,2211.0,20,915.6,960.0,12.25,time,645,955,1.8685714285714285,1.9591836734693877,96.05357142857143,NQ
2011-12-27,1,2292.0,2288.5,16,-131.52,-96.0,15.5,time,600,955,-0.2651612903225807,-0.1935483870967742,93.14285714285714,NQ
2012-01-09,-1,2347.25,2347.5,18,-30.96,9.0,13.25,time,645,955,-0.0649056603773585,0.018867924528301886,81.375,NQ
2012-01-17,1,2397.0,2389.0,20,-344.4,-300.0,7.5,stop,630,890,-1.148,-1.0,66.92857142857143,NQ
2012-01-23,1,2450.25,2432.75,14,-507.08,-476.0,17.0,stop,600,695,-1.0652941176470587,-1.0,64.35714285714286,NQ
2012-01-30,-1,2431.5,2443.0,20,-484.4,-440.0,11.0,stop,610,645,-1.1009090909090908,-1.0,66.69642857142857,NQ
2012-02-06,1,2520.25,2525.0,20,165.6,210.0,8.75,time,600,955,0.47314285714285714,0.6,66.08928571428571,NQ
2012-02-13,-1,2558.25,2566.25,20,-344.4,-300.0,7.5,stop,620,825,-1.148,-1.0,67.91071428571429,NQ
2012-02-21,1,2594.25,2582.5,20,-494.4,-450.0,11.25,stop,630,850,-1.0986666666666667,-1.0,57.392857142857146,NQ
2012-02-27,1,2592.25,2607.75,18,536.04,576.0,13.25,time,605,955,1.1237735849056603,1.2075471698113207,53.75,NQ
2012-03-05,1,2643.0,2635.25,20,-334.4,-290.0,7.25,stop,600,620,-1.153103448275862,-1.0,47.964285714285715,NQ
2012-03-12,-1,2642.75,2648.0,20,-234.4,-190.0,8.25,time,600,955,-0.7103030303030303,-0.5757575757575758,46.55357142857143,NQ
2012-03-19,1,2719.75,2728.25,20,315.6,360.0,12.25,time,695,955,0.6440816326530613,0.7346938775510204,43.07142857142857,NQ
2012-03-26,1,2748.75,2773.5,20,965.6,1010.0,6.0,time,605,955,4.023333333333333,4.208333333333333,43.17857142857143,NQ
2012-04-02,1,2756.25,2779.5,20,905.6,950.0,12.5,time,600,955,1.8112000000000001,1.9,43.625,NQ
2012-04-09,1,2735.25,2736.5,15,19.2,52.5,16.25,time,620,955,0.039384615384615386,0.1076923076923077,43.32142857142857,NQ
2012-04-16,-1,2663.0,2666.25,5,-38.6,-27.5,46.75,time,610,955,-0.0825668449197861,-0.058823529411764705,44.94642857142857,NQ
2012-04-23,-1,2633.25,2653.25,12,-494.64,-468.0,19.5,stop,605,870,-1.0569230769230769,-1.0,49.30357142857143,NQ
2012-05-07,1,2637.5,2635.5,12,-62.64,-36.0,20.75,time,620,955,-0.1257831325301205,-0.07228915662650602,51.142857142857146,NQ
2012-05-14,-1,2586.5,2597.75,20,-474.4,-430.0,10.75,stop,610,650,-1.1032558139534883,-1.0,53.857142857142854,NQ
2012-05-21,1,2494.25,2542.25,14,1326.92,1358.0,17.75,time,605,955,2.669859154929578,2.732394366197183,54.30357142857143,NQ
2012-05-29,1,2550.0,2539.5,20,-444.4,-400.0,10.0,stop,605,720,-1.111,-1.0,59.017857142857146,NQ
2012-06-04,-1,2448.25,2476.0,7,-397.04,-381.5,31.75,time,600,955,-0.8932283464566929,-0.8582677165354331,58.82142857142857,NQ
2012-06-11,-1,2550.0,2512.75,10,732.8,755.0,23.25,time,605,955,1.5759139784946237,1.6236559139784945,64.25,NQ
2012-06-18,1,2573.25,2587.0,10,262.8,285.0,23.75,time,600,955,0.5532631578947369,0.6,68.57142857142857,NQ
2012-06-25,-1,2542.25,2527.25,16,460.48,496.0,15.5,time,605,955,0.9283870967741936,1.0,68.19642857142857,NQ
2012-07-02,-1,2602.5,2618.5,14,-465.08,-434.0,17.5,time,600,955,-0.9491428571428571,-0.8857142857142857,69.66071428571429,NQ
2012-07-05,-1,2628.5,2642.75,18,-534.96,-495.0,13.75,stop,600,640,-1.0807272727272728,-1.0,73.44642857142857,NQ
2012-07-09,-1,2597.0,2604.75,13,-217.36,-188.5,18.25,time,605,955,-0.45808219178082193,-0.3972602739726027,71.76785714285714,NQ
2012-07-16,1,2580.5,2571.25,13,-256.36,-227.5,18.5,time,670,955,-0.532972972972973,-0.47297297297297297,69.71428571428571,NQ
2012-07-23,1,2565.5,2582.5,11,360.58,385.0,22.0,time,685,955,0.745,0.7954545454545454,69.875,NQ
2012-07-30,-1,2643.25,2636.75,18,212.04,252.0,13.75,time,650,955,0.42836363636363634,0.509090909090909,67.30357142857143,NQ
2012-08-06,1,2691.5,2689.0,17,-105.74,-68.0,14.0,time,605,955,-0.22214285714285714,-0.14285714285714285,65.39285714285714,NQ
2012-08-13,-1,2713.5,2725.25,20,-494.4,-450.0,11.25,stop,620,895,-1.0986666666666667,-1.0,66.32142857142857,NQ
2012-08-20,-1,2767.5,2778.75,20,-474.4,-430.0,10.75,stop,620,710,-1.1032558139534883,-1.0,61.089285714285715,NQ
2012-08-21,1,2799.25,2789.25,20,-424.4,-380.0,9.5,stop,600,655,-1.1168421052631579,-1.0,64.51785714285714,NQ
2012-08-22,1,2775.0,2783.0,15,221.7,255.0,15.75,time,600,955,0.4692063492063492,0.5396825396825397,64.92857142857143,NQ
2012-08-23,-1,2756.25,2773.0,15,-520.8,-487.5,16.25,stop,610,670,-1.0683076923076922,-1.0,59.017857142857146,NQ
2012-08-24,1,2758.75,2777.75,20,735.6,780.0,8.0,time,615,955,2.29875,2.4375,54.125,NQ
2012-08-27,1,2792.25,2777.75,17,-513.74,-476.0,14.0,stop,685,950,-1.0792857142857144,-1.0,50.75,NQ
2012-08-28,1,2786.75,2782.5,20,-194.4,-150.0,12.25,time,715,955,-0.39673469387755106,-0.30612244897959184,47.267857142857146,NQ
2012-08-29,-1,2779.5,2789.75,20,-434.4,-390.0,9.75,stop,635,820,-1.1138461538461537,-1.0,42.0,NQ
2012-08-31,-1,2761.0,2781.0,12,-494.64,-468.0,19.5,stop,600,660,-1.0569230769230769,-1.0,40.69642857142857,NQ
2012-09-04,-1,2760.25,2772.75,20,-524.4,-480.0,12.0,stop,605,870,-1.0925,-1.0,37.44642857142857,NQ
2012-09-05,1,2777.75,2766.5,13,-308.36,-279.5,18.0,time,610,955,-0.658888888888889,-0.5972222222222222,36.732142857142854,NQ
2012-09-06,1,2807.75,2827.0,10,372.8,395.0,24.5,time,600,955,0.7608163265306123,0.8061224489795918,32.892857142857146,NQ
2012-09-10,-1,2812.0,2789.0,20,895.6,940.0,11.5,time,610,955,1.9469565217391305,2.0434782608695654,30.910714285714285,NQ
2012-09-11,1,2799.5,2784.0,16,-515.52,-480.0,15.0,stop,680,885,-1.074,-1.0,29.464285714285715,NQ
2012-09-12,-1,2787.0,2792.75,20,-254.4,-210.0,12.25,time,600,955,-0.5191836734693878,-0.42857142857142855,27.982142857142858,NQ
2012-09-13,1,2801.75,2829.5,20,1085.6,1130.0,10.5,time,600,955,2.5847619047619044,2.6904761904761907,27.517857142857142,NQ
2012-09-14,1,2862.0,2855.25,11,-161.92,-137.5,22.5,time,610,955,-0.3271111111111111,-0.2777777777777778,29.071428571428573,NQ
2012-09-19,1,2856.5,2845.75,20,-454.4,-410.0,10.25,stop,600,630,-1.1082926829268291,-1.0,28.428571428571427,NQ
2012-09-20,1,2849.5,2855.25,20,205.6,250.0,12.0,time,630,955,0.42833333333333334,0.5208333333333334,28.589285714285715,NQ
2012-09-21,-1,2865.25,2856.75,20,315.6,360.0,6.25,time,655,955,1.2624000000000002,1.44,27.25,NQ
2012-09-25,1,2850.5,2838.0,20,-524.4,-480.0,12.0,stop,660,755,-1.0925,-1.0,27.375,NQ
2012-09-26,-1,2782.25,2777.25,17,149.26,187.0,14.5,time,615,955,0.30275862068965514,0.3793103448275862,29.767857142857142,NQ
2012-09-27,1,2785.0,2815.0,20,1175.6,1220.0,6.5,time,610,955,4.521538461538461,4.6923076923076925,27.928571428571427,NQ
2012-09-28,-1,2791.5,2792.25,11,-29.92,-5.5,22.0,time,625,955,-0.06181818181818182,-0.011363636363636364,30.196428571428573,NQ
2012-10-01,1,2819.25,2800.25,13,-509.86,-481.0,18.5,stop,600,750,-1.06,-1.0,29.446428571428573,NQ
2012-10-02,-1,2789.0,2794.75,13,-165.36,-136.5,18.5,time,600,955,-0.3437837837837838,-0.28378378378378377,31.196428571428573,NQ
2012-10-03,-1,2793.25,2806.25,20,-544.4,-500.0,12.5,stop,600,615,-1.0888,-1.0,31.982142857142858,NQ
2012-10-04,1,2821.0,2822.0,19,14.82,57.0,13.0,time,605,955,0.03,0.11538461538461539,30.25,NQ
2012-10-08,-1,2777.5,2781.75,16,-155.52,-120.0,15.5,time,675,955,-0.31354838709677424,-0.24193548387096775,29.303571428571427,NQ
2012-10-10,1,2741.25,2727.25,18,-525.96,-486.0,13.5,stop,625,710,-1.0822222222222222,-1.0,31.607142857142858,NQ
2012-10-15,-1,2711.0,2728.5,14,-507.08,-476.0,17.0,stop,610,755,-1.0652941176470587,-1.0,35.357142857142854,NQ
2012-10-16,1,2748.0,2771.5,20,915.6,960.0,11.75,time,615,955,1.9480851063829787,2.0425531914893615,35.92857142857143,NQ
2012-10-17,1,2774.0,2769.75,12,-116.64,-90.0,20.25,time,600,955,-0.24,-0.18518518518518517,37.410714285714285,NQ
2012-10-18,-1,2751.75,2765.0,19,-526.68,-484.5,12.75,stop,615,700,-1.0870588235294116,-1.0,37.892857142857146,NQ
2012-10-19,-1,2712.75,2672.0,10,802.8,825.0,23.25,time,615,955,1.7264516129032257,1.7741935483870968,38.767857142857146,NQ
2012-10-22,1,2683.25,2668.5,17,-522.24,-484.5,14.25,stop,600,805,-1.0778947368421052,-1.0,39.892857142857146,NQ
2012-10-23,1,2669.25,2656.25,20,-544.4,-500.0,12.5,stop,600,630,-1.0888,-1.0,39.232142857142854,NQ
2012-10-24,-1,2663.75,2648.75,16,460.48,496.0,15.25,time,605,955,0.9436065573770492,1.0163934426229508,38.57142857142857,NQ
2012-10-25,-1,2659.0,2650.25,17,276.76,314.5,14.25,time,600,955,0.5712280701754385,0.6491228070175439,39.035714285714285,NQ
2012-10-26,-1,2644.25,2667.0,11,-513.92,-489.5,22.25,stop,650,910,-1.0498876404494382,-1.0,38.07142857142857,NQ
2012-10-31,-1,2642.5,2640.5,14,38.92,70.0,16.75,time,610,955,0.08298507462686568,0.14925373134328357,38.375,NQ
2012-11-01,1,2665.0,2679.25,17,463.76,501.5,14.5,time,600,955,0.9406896551724138,1.0172413793103448,38.44642857142857,NQ
2012-11-02,-1,2677.25,2649.25,16,876.48,912.0,15.25,time,625,955,1.7960655737704918,1.8688524590163935,40.035714285714285,NQ
2012-11-05,1,2658.75,2667.75,19,318.82,361.0,13.0,time,630,955,0.6453846153846153,0.7307692307692307,39.839285714285715,NQ
2012-11-07,-1,2634.5,2610.75,18,833.04,873.0,13.25,time,610,955,1.7464150943396226,1.830188679245283,37.25,NQ
2012-11-09,1,2583.25,2579.0,17,-165.24,-127.5,14.25,time,605,955,-0.3410526315789474,-0.2631578947368421,40.07142857142857,NQ
2012-11-12,-1,2587.25,2579.25,20,295.6,340.0,9.75,time,605,955,0.757948717948718,0.8717948717948718,40.05357142857143,NQ
2012-11-19,1,2575.5,2592.0,15,476.7,510.0,16.25,time,640,955,0.9778461538461538,1.0461538461538462,40.05357142857143,NQ
2012-11-20,1,2594.25,2581.5,20,-534.4,-490.0,12.25,stop,615,785,-1.0906122448979592,-1.0,39.535714285714285,NQ
2012-11-26,-1,2624.5,2639.5,17,-530.74,-493.0,14.5,stop,680,765,-1.076551724137931,-1.0,37.857142857142854,NQ
2012-11-28,-1,2612.75,2629.5,15,-520.8,-487.5,16.25,stop,600,620,-1.0683076923076922,-1.0,37.30357142857143,NQ
2012-11-29,-1,2669.75,2679.75,13,-275.86,-247.0,18.5,time,700,955,-0.5735135135135135,-0.5135135135135135,38.80357142857143,NQ
2012-12-03,-1,2687.75,2671.75,20,615.6,660.0,10.5,time,600,955,1.4657142857142857,1.5714285714285714,38.375,NQ
2012-12-05,-1,2642.0,2638.0,11,74.58,99.0,21.75,time,600,955,0.15586206896551724,0.20689655172413793,37.660714285714285,NQ
2012-12-06,1,2649.0,2654.25,9,83.52,103.5,26.25,time,635,955,0.17676190476190476,0.21904761904761905,39.142857142857146,NQ
2012-12-07,-1,2639.0,2638.75,7,-5.039999999999999,10.5,31.75,time,630,955,-0.011338582677165353,0.023622047244094488,38.785714285714285,NQ
2012-12-10,1,2656.25,2646.5,10,-207.2,-185.0,24.75,time,650,955,-0.41858585858585856,-0.37373737373737376,38.535714285714285,NQ
2012-12-11,1,2682.5,2681.25,12,-44.64,-18.0,19.5,time,605,955,-0.09538461538461539,-0.038461538461538464,38.642857142857146,NQ
2012-12-17,1,2644.25,2659.25,11,316.58,341.0,21.25,time,695,955,0.6771764705882353,0.7294117647058823,38.67857142857143,NQ
2012-12-18,1,2677.0,2703.0,20,1015.6,1060.0,10.75,time,620,955,2.3618604651162793,2.4651162790697674,39.57142857142857,NQ
2012-12-19,-1,2699.5,2691.5,20,295.6,340.0,11.75,time,600,955,0.628936170212766,0.723404255319149,40.44642857142857,NQ
2012-12-21,1,2658.5,2659.25,11,3.08,27.5,22.0,time,610,955,0.006363636363636364,0.056818181818181816,38.017857142857146,NQ
2012-12-26,-1,2648.75,2632.25,20,635.6,680.0,9.75,time,620,955,1.62974358974359,1.7435897435897436,36.839285714285715,NQ
2012-12-28,1,2620.0,2606.75,19,-526.68,-484.5,12.75,stop,640,935,-1.0870588235294116,-1.0,37.660714285714285,NQ
2012-12-31,1,2625.5,2655.75,7,414.96,430.5,32.75,time,630,955,0.9050381679389312,0.9389312977099237,37.857142857142854,NQ
2013-01-02,-1,2718.5,2737.25,13,-503.36,-474.5,18.25,stop,645,950,-1.0608219178082192,-1.0,39.339285714285715,NQ
2013-01-07,1,2711.5,2718.75,20,265.6,310.0,8.75,time,605,955,0.7588571428571429,0.8857142857142857,42.69642857142857,NQ
2013-01-08,-1,2708.0,2713.5,15,-183.3,-150.0,16.5,time,610,955,-0.3703030303030303,-0.30303030303030304,42.535714285714285,NQ
2013-01-10,-1,2733.0,2738.5,20,-244.4,-200.0,10.25,time,615,955,-0.5960975609756097,-0.4878048780487805,42.30357142857143,NQ
2013-01-11,-1,2734.25,2743.25,20,-384.4,-340.0,9.5,time,605,955,-1.011578947368421,-0.8947368421052632,40.910714285714285,NQ
2013-01-14,-1,2723.0,2730.75,16,-267.52,-232.0,15.25,time,605,955,-0.5481967213114753,-0.47540983606557374,37.357142857142854,NQ
2013-01-17,1,2745.5,2734.5,20,-464.4,-420.0,10.5,stop,615,640,-1.1057142857142856,-1.0,34.767857142857146,NQ
2013-01-18,-1,2725.25,2738.0,20,-534.4,-490.0,12.25,stop,660,955,-1.0906122448979592,-1.0,35.75,NQ
2013-01-22,-1,2728.0,2740.0,18,-453.96,-414.0,13.25,time,600,955,-0.9516981132075472,-0.8679245283018868,35.69642857142857,NQ
2013-01-24,1,2737.0,2716.75,12,-500.64,-474.0,19.75,stop,600,825,-1.0562025316455697,-1.0,33.392857142857146,NQ
2013-01-28,1,2741.5,2730.25,20,-474.4,-430.0,10.75,stop,600,615,-1.1032558139534883,-1.0,34.660714285714285,NQ
2013-01-29,-1,2723.0,2735.0,20,-504.4,-460.0,11.5,stop,600,680,-1.0965217391304347,-1.0,34.17857142857143,NQ
2013-02-01,1,2749.5,2758.0,16,252.48,288.0,14.75,time,690,955,0.5349152542372881,0.6101694915254238,33.892857142857146,NQ
2013-02-04,-1,2739.0,2710.25,20,1125.6,1170.0,11.25,time,655,955,2.501333333333333,2.6,31.053571428571427,NQ
2013-02-06,-1,2736.75,2749.5,20,-534.4,-490.0,12.25,stop,630,660,-1.0906122448979592,-1.0,28.375,NQ
2013-02-07,-1,2730.75,2743.75,16,-435.52,-400.0,15.5,time,610,955,-0.8780645161290322,-0.8064516129032258,28.696428571428573,NQ
2013-02-12,1,2774.0,2765.0,20,-384.4,-340.0,8.5,stop,620,635,-1.1305882352941177,-1.0,29.321428571428573,NQ
2013-02-13,1,2779.75,2763.25,15,-513.3,-480.0,16.0,stop,605,710,-1.069375,-1.0,29.607142857142858,NQ
2013-02-21,-1,2715.25,2710.0,15,139.2,172.5,16.25,time,600,955,0.2855384615384615,0.35384615384615387,28.803571428571427,NQ
2013-02-25,1,2762.5,2753.25,20,-394.4,-350.0,8.75,stop,600,625,-1.1268571428571428,-1.0,32.232142857142854,NQ
2013-03-01,1,2728.5,2746.25,15,514.2,547.5,16.5,time,605,955,1.0387878787878788,1.106060606060606,35.42857142857143,NQ
2013-03-04,1,2747.0,2735.5,20,-484.4,-440.0,11.0,stop,685,745,-1.1009090909090908,-1.0,37.5,NQ
2013-03-11,-1,2793.75,2801.25,20,-324.4,-280.0,7.0,stop,625,720,-1.1585714285714286,-1.0,37.214285714285715,NQ
2013-03-12,-1,2793.5,2796.75,20,-154.4,-110.0,11.25,time,645,955,-0.34311111111111114,-0.24444444444444444,38.910714285714285,NQ
2013-03-13,-1,2783.0,2800.0,15,-528.3,-495.0,16.5,stop,605,820,-1.0672727272727272,-1.0,38.94642857142857,NQ
2013-03-14,-1,2799.25,2801.25,20,-104.4,-60.0,8.0,time,610,955,-0.32625000000000004,-0.1875,38.339285714285715,NQ
2013-03-15,-1,2790.0,2792.0,18,-93.96000000000001,-54.0,13.75,time,600,955,-0.18981818181818183,-0.10909090909090909,35.92857142857143,NQ
2013-03-18,1,2779.25,2785.0,12,123.36,150.0,19.25,time,610,955,0.26701298701298704,0.3246753246753247,34.17857142857143,NQ
2013-03-19,-1,2789.75,2781.0,20,325.6,370.0,8.25,time,620,955,0.9866666666666667,1.121212121212121,34.44642857142857,NQ
2013-03-20,-1,2791.0,2799.25,16,-283.52,-248.0,15.25,time,635,955,-0.580983606557377,-0.5081967213114754,35.392857142857146,NQ
2013-03-21,-1,2768.75,2780.5,20,-494.4,-450.0,11.25,stop,615,760,-1.0986666666666667,-1.0,36.107142857142854,NQ
2013-03-22,1,2784.25,2794.25,20,375.6,420.0,7.5,time,605,955,1.252,1.4,37.30357142857143,NQ
2013-03-25,1,2809.75,2800.0,20,-414.4,-370.0,9.25,stop,605,625,-1.1199999999999999,-1.0,38.232142857142854,NQ
2013-03-26,-1,2791.5,2801.0,20,-404.4,-360.0,9.0,stop,640,945,-1.1233333333333333,-1.0,35.142857142857146,NQ
2013-03-27,1,2788.25,2804.25,20,615.6,660.0,11.5,time,630,955,1.3382608695652174,1.434782608695652,31.857142857142858,NQ
2013-03-28,1,2807.75,2811.5,20,125.6,170.0,9.25,time,640,955,0.33945945945945943,0.4594594594594595,30.410714285714285,NQ
2013-04-01,-1,2803.25,2791.75,20,435.6,480.0,12.25,time,600,955,0.8889795918367347,0.9795918367346939,29.767857142857142,NQ
2013-04-02,1,2817.5,2812.75,16,-171.52,-136.0,14.75,time,605,955,-0.3633898305084746,-0.288135593220339,28.178571428571427,NQ
2013-04-03,-1,2808.0,2788.5,20,755.6,800.0,11.0,time,600,955,1.7172727272727273,1.8181818181818181,28.375,NQ
2013-04-04,1,2793.75,2781.25,20,-524.4,-480.0,12.0,stop,600,625,-1.0925,-1.0,29.660714285714285,NQ
2013-04-05,1,2750.75,2764.75,19,508.82,551.0,13.0,time,635,955,1.03,1.1153846153846154,30.160714285714285,NQ
2013-04-08,-1,2757.75,2768.75,20,-464.4,-420.0,10.5,stop,615,825,-1.1057142857142856,-1.0,32.42857142857143,NQ
2013-04-09,-1,2774.0,2789.25,16,-507.52,-472.0,14.75,stop,675,750,-1.0752542372881355,-1.0,31.392857142857142,NQ
2013-04-11,1,2851.0,2851.75,20,5.600000000000001,50.0,7.5,time,605,955,0.01866666666666667,0.16666666666666666,30.821428571428573,NQ
2013-04-12,-1,2843.75,2852.25,20,-364.4,-320.0,8.0,stop,600,950,-1.13875,-1.0,33.30357142857143,NQ
2013-04-15,-1,2831.5,2792.5,20,1535.6,1580.0,12.25,time,600,955,3.133877551020408,3.2244897959183674,32.30357142857143,NQ
2013-04-16,1,2815.5,2830.5,20,575.6,620.0,10.75,time,670,955,1.3386046511627907,1.441860465116279,34.5,NQ
2013-04-17,-1,2792.5,2775.0,18,608.04,648.0,13.25,time,600,955,1.2747169811320753,1.3584905660377358,34.625,NQ
2013-04-18,-1,2742.5,2735.5,6,76.68,90.0,40.75,time,600,955,0.15680981595092025,0.18404907975460122,38.535714285714285,NQ
2013-04-19,1,2760.0,2772.5,10,237.8,260.0,23.0,time,600,955,0.5169565217391304,0.5652173913043478,40.67857142857143,NQ
2013-04-22,-1,2776.5,2793.75,14,-500.08,-469.0,16.75,stop,620,725,-1.066268656716418,-1.0,42.660714285714285,NQ
2013-04-23,1,2831.25,2816.75,17,-513.74,-476.0,14.0,stop,630,785,-1.0792857142857144,-1.0,43.25,NQ
2013-04-24,-1,2815.75,2838.5,11,-513.92,-489.5,22.25,stop,610,895,-1.0498876404494382,-1.0,43.625,NQ
2013-04-25,1,2848.0,2843.25,20,-214.4,-170.0,12.5,time,615,955,-0.4288,-0.34,42.42857142857143,NQ
2013-04-26,-1,2832.25,2840.75,20,-364.4,-320.0,8.0,stop,605,900,-1.13875,-1.0,42.714285714285715,NQ
2013-04-29,1,2855.0,2860.25,19,176.32,218.5,12.75,time,600,955,0.36392156862745095,0.45098039215686275,40.589285714285715,NQ
2013-04-30,1,2866.75,2881.25,20,555.6,600.0,11.5,time,645,955,1.2078260869565218,1.3043478260869565,41.625,NQ
2013-05-01,-1,2874.0,2868.75,19,176.32,218.5,12.75,time,605,955,0.36392156862745095,0.45098039215686275,41.07142857142857,NQ
2013-05-02,1,2890.25,2904.0,12,315.36,342.0,19.75,time,610,955,0.6653164556962026,0.7215189873417721,38.517857142857146,NQ
2013-05-03,1,2946.5,2938.75,14,-234.07999999999998,-203.0,16.75,time,630,955,-0.49910447761194027,-0.43283582089552236,39.82142857142857,NQ
2013-05-06,1,2950.75,2949.5,20,-74.4,-30.0,9.25,time,715,955,-0.2010810810810811,-0.08108108108108109,38.607142857142854,NQ
2013-05-07,-1,2949.75,2947.0,20,85.6,130.0,6.75,time,600,955,0.317037037037037,0.48148148148148145,36.732142857142854,NQ
2013-05-08,1,2957.25,2961.75,16,124.48,160.0,15.25,time,610,955,0.25508196721311477,0.32786885245901637,32.94642857142857,NQ
2013-05-10,1,2974.5,2976.75,16,52.480000000000004,88.0,15.5,time,600,955,0.10580645161290324,0.1774193548387097,29.035714285714285,NQ
2013-05-13,1,2980.0,2980.25,20,-14.399999999999999,30.0,10.5,time,610,955,-0.03428571428571428,0.07142857142857142,27.553571428571427,NQ
2013-05-14,1,2992.75,2995.0,19,62.32,104.5,13.0,time,615,955,0.12615384615384614,0.21153846153846154,26.303571428571427,NQ
2013-05-15,1,3002.75,2988.0,17,-522.24,-484.5,14.25,stop,660,860,-1.0778947368421052,-1.0,26.535714285714285,NQ
2013-05-16,1,3015.5,3003.0,20,-524.4,-480.0,12.0,stop,695,920,-1.0925,-1.0,26.232142857142858,NQ
2013-05-20,1,3028.25,3017.5,20,-454.4,-410.0,10.25,stop,605,795,-1.1082926829268291,-1.0,25.821428571428573,NQ
2013-05-21,-1,3014.0,3027.75,18,-516.96,-477.0,13.25,stop,610,745,-1.0837735849056604,-1.0,25.321428571428573,NQ
2013-05-22,1,3041.5,3024.0,14,-507.08,-476.0,17.0,stop,600,805,-1.0652941176470587,-1.0,25.464285714285715,NQ
2013-05-23,1,2982.75,2991.25,15,236.7,270.0,15.75,time,605,955,0.5009523809523809,0.5714285714285714,27.446428571428573,NQ
2013-05-24,-1,2966.5,2980.25,18,-516.96,-477.0,13.25,stop,600,665,-1.0837735849056604,-1.0,26.892857142857142,NQ
2013-05-28,1,3036.5,3019.75,15,-520.8,-487.5,16.25,stop,605,715,-1.0683076923076922,-1.0,27.821428571428573,NQ
2013-05-29,-1,2987.75,3000.5,20,-534.4,-490.0,12.25,stop,635,835,-1.0906122448979592,-1.0,29.696428571428573,NQ
2013-05-30,1,3017.25,3011.0,11,-150.92,-126.5,21.0,time,655,955,-0.32666666666666666,-0.27380952380952384,30.321428571428573,NQ
2013-05-31,1,3018.75,2996.0,11,-513.92,-489.5,22.25,stop,665,945,-1.0498876404494382,-1.0,30.625,NQ
2013-06-03,-1,2967.5,2986.75,13,-516.36,-487.5,18.75,stop,640,950,-1.0592,-1.0,32.25,NQ
2013-06-04,1,3006.75,2990.5,15,-505.8,-472.5,15.75,stop,630,665,-1.0704761904761906,-1.0,33.714285714285715,NQ
2013-06-05,-1,2957.25,2935.75,14,584.92,616.0,17.25,time,615,955,1.211014492753623,1.2753623188405796,35.17857142857143,NQ
2013-06-06,-1,2934.75,2948.5,18,-516.96,-477.0,13.25,stop,610,955,-1.0837735849056604,-1.0,36.660714285714285,NQ
2013-06-07,1,2969.0,2988.75,15,574.2,607.5,16.0,time,600,955,1.19625,1.265625,37.75,NQ
2013-06-10,1,2998.75,2986.75,20,-504.4,-460.0,11.5,stop,635,850,-1.0965217391304347,-1.0,38.767857142857146,NQ
2013-06-11,1,2967.25,2960.25,14,-213.07999999999998,-182.0,17.5,time,600,955,-0.43485714285714283,-0.37142857142857144,38.660714285714285,NQ
2013-06-12,-1,2958.0,2925.75,11,696.08,720.5,21.0,time,600,955,1.5066666666666668,1.5595238095238095,39.625,NQ
2013-06-13,1,2929.25,2962.0,16,1028.48,1064.0,15.5,time,600,955,2.0735483870967744,2.1451612903225805,38.80357142857143,NQ
2013-06-14,-1,2951.75,2944.0,18,257.04,297.0,13.75,time,645,955,0.5192727272727273,0.6,40.25,NQ
2013-06-17,1,2978.0,2961.5,15,-513.3,-480.0,16.0,stop,605,885,-1.069375,-1.0,40.267857142857146,NQ
2013-06-18,1,2982.5,2991.5,20,335.6,380.0,12.5,time,615,955,0.6712,0.76,39.94642857142857,NQ
2013-06-20,-1,2915.0,2883.25,14,871.92,903.0,16.75,time,625,955,1.8591044776119403,1.9253731343283582,40.767857142857146,NQ
2013-06-21,-1,2872.75,2871.5,13,16.64,45.5,18.5,time,610,955,0.034594594594594595,0.0945945945945946,43.517857142857146,NQ
2013-06-24,-1,2825.0,2849.25,10,-497.2,-475.0,23.75,stop,675,845,-1.0467368421052632,-1.0,43.92857142857143,NQ
2013-06-25,-1,2851.25,2860.25,11,-211.42,-187.0,22.25,time,610,955,-0.4319101123595505,-0.38202247191011235,44.464285714285715,NQ
2013-06-26,-1,2877.5,2891.0,19,-536.18,-494.0,13.0,stop,715,905,-1.0853846153846154,-1.0,43.714285714285715,NQ
2013-06-27,1,2915.25,2901.25,18,-525.96,-486.0,13.5,stop,625,845,-1.0822222222222222,-1.0,43.339285714285715,NQ
2013-06-28,1,2902.5,2901.75,16,-43.519999999999996,-8.0,14.75,time,635,955,-0.09220338983050846,-0.01694915254237288,42.44642857142857,NQ
2013-07-01,1,2944.0,2923.5,12,-506.64,-480.0,20.0,stop,600,860,-1.0554999999999999,-1.0,43.67857142857143,NQ
2013-07-02,1,2938.25,2918.0,12,-500.64,-474.0,19.75,stop,620,820,-1.0562025316455697,-1.0,44.0,NQ
2013-07-05,-1,2944.25,2957.25,20,-544.4,-500.0,12.5,stop,605,870,-1.0888,-1.0,41.05357142857143,NQ
2013-07-08,-1,2963.0,2960.0,20,95.6,140.0,11.0,time,635,955,0.21727272727272726,0.3181818181818182,41.232142857142854,NQ
2013-07-09,-1,2961.25,2977.0,16,-523.52,-488.0,15.25,stop,615,685,-1.0727868852459017,-1.0,40.107142857142854,NQ
2013-07-11,1,3036.5,3055.25,20,725.6,770.0,10.75,time,650,955,1.6874418604651162,1.7906976744186047,38.57142857142857,NQ
2013-07-12,1,3061.5,3053.5,20,-344.4,-300.0,7.5,stop,615,685,-1.148,-1.0,37.160714285714285,NQ
2013-07-15,1,3074.0,3074.75,20,5.600000000000001,50.0,10.75,time,690,955,0.013023255813953492,0.11627906976744186,35.42857142857143,NQ
2013-07-16,-1,3071.75,3072.25,20,-44.4,-0.0,7.25,time,655,955,-0.15310344827586206,-0.0,32.57142857142857,NQ
2013-07-17,-1,3073.75,3084.75,20,-464.4,-420.0,10.5,stop,695,800,-1.1057142857142856,-1.0,31.446428571428573,NQ
2013-07-19,-1,3033.0,3040.25,20,-314.4,-270.0,12.25,time,700,955,-0.6416326530612244,-0.5510204081632653,30.267857142857142,NQ
2013-07-23,-1,3042.0,3027.0,20,575.6,620.0,12.25,time,600,955,1.1746938775510205,1.2653061224489797,29.928571428571427,NQ
2013-07-24,-1,3035.0,3035.25,11,-18.92,5.5,22.0,time,600,955,-0.03909090909090909,0.011363636363636364,28.946428571428573,NQ
2013-07-25,-1,3036.5,3052.25,16,-523.52,-488.0,15.25,stop,675,760,-1.0727868852459017,-1.0,28.696428571428573,NQ
2013-07-29,-1,3063.5,3064.75,16,-59.519999999999996,-24.0,14.75,time,670,955,-0.12610169491525422,-0.05084745762711865,27.857142857142858,NQ
2013-07-30,1,3077.75,3072.25,20,-244.4,-200.0,5.0,stop,605,820,-1.222,-1.0,27.589285714285715,NQ
2013-08-01,1,3113.75,3118.5,20,165.6,210.0,8.25,time,620,955,0.5018181818181818,0.6363636363636364,27.785714285714285,NQ
2013-08-02,1,3121.5,3135.75,20,545.6,590.0,9.0,time,620,955,1.5155555555555555,1.6388888888888888,26.125,NQ
2013-08-05,1,3137.75,3129.5,20,-354.4,-310.0,7.75,stop,630,755,-1.1432258064516128,-1.0,26.339285714285715,NQ
2013-08-06,-1,3124.5,3118.75,20,205.6,250.0,11.5,time,615,955,0.4469565217391304,0.5434782608695652,26.25,NQ
2013-08-07,-1,3102.75,3114.0,15,-355.8,-322.5,16.5,time,600,955,-0.7187878787878789,-0.6515151515151515,27.303571428571427,NQ
2013-08-08,-1,3117.75,3133.5,16,-523.52,-488.0,15.25,stop,600,735,-1.0727868852459017,-1.0,28.196428571428573,NQ
2013-08-09,-1,3121.25,3116.75,18,140.04,180.0,13.25,time,655,955,0.2935849056603773,0.37735849056603776,26.75,NQ
2013-08-12,1,3124.25,3123.0,12,-44.64,-18.0,20.0,time,610,955,-0.093,-0.0375,27.535714285714285,NQ
2013-08-13,-1,3111.5,3132.25,12,-512.64,-486.0,20.25,stop,600,765,-1.0548148148148149,-1.0,27.142857142857142,NQ
2013-08-14,-1,3132.5,3128.75,20,125.6,170.0,11.0,time,640,955,0.28545454545454546,0.38636363636363635,28.053571428571427,NQ
2013-08-15,-1,3073.75,3076.25,12,-74.64,-48.0,20.5,time,605,955,-0.15170731707317073,-0.0975609756097561,27.732142857142858,NQ
2013-08-16,1,3084.25,3073.0,16,-379.52,-344.0,15.5,time,605,955,-0.7651612903225806,-0.6935483870967742,29.75,NQ
2013-08-19,1,3094.75,3071.25,10,-482.2,-460.0,23.0,stop,600,935,-1.0482608695652174,-1.0,29.732142857142858,NQ
2013-08-20,1,3083.75,3082.25,20,-84.4,-40.0,11.25,time,630,955,-0.18755555555555556,-0.08888888888888889,29.875,NQ
2013-08-21,1,3088.75,3070.75,14,-521.08,-490.0,17.5,stop,600,710,-1.0634285714285716,-1.0,30.142857142857142,NQ
2013-08-22,1,3102.25,3082.75,13,-522.86,-494.0,19.0,stop,640,775,-1.058421052631579,-1.0,30.267857142857142,NQ
2013-08-23,-1,3114.5,3126.75,20,-514.4,-470.0,11.75,stop,625,955,-1.0944680851063828,-1.0,30.839285714285715,NQ
2013-08-26,1,3137.25,3121.75,16,-515.52,-480.0,15.0,stop,610,920,-1.074,-1.0,31.767857142857142,NQ
2013-08-27,-1,3083.5,3059.0,13,621.14,650.0,18.0,time,630,955,1.3272222222222223,1.3888888888888888,31.678571428571427,NQ
2013-08-28,1,3074.75,3071.5,13,-100.36,-71.5,18.5,time,655,955,-0.20864864864864865,-0.14864864864864866,34.589285714285715,NQ
2013-08-29,1,3093.5,3092.0,9,-37.980000000000004,-18.0,26.5,time,610,955,-0.07962264150943398,-0.03773584905660377,34.642857142857146,NQ
2013-08-30,-1,3078.25,3073.25,14,122.92,154.0,17.75,time,600,955,0.24732394366197183,0.30985915492957744,35.67857142857143,NQ
2013-09-03,1,3111.75,3097.5,18,-534.96,-495.0,13.75,stop,670,685,-1.0807272727272728,-1.0,36.30357142857143,NQ
2013-09-04,1,3110.25,3124.0,13,341.64,370.5,18.25,time,600,955,0.72,0.7808219178082192,36.07142857142857,NQ
2013-09-06,-1,3100.75,3142.75,6,-511.32,-498.0,41.5,stop,600,665,-1.0267469879518072,-1.0,33.982142857142854,NQ
2013-09-09,1,3157.5,3168.75,20,425.6,470.0,12.25,time,700,955,0.8685714285714287,0.9591836734693877,36.285714285714285,NQ
2013-09-10,1,3188.75,3179.0,20,-414.4,-370.0,9.25,stop,640,765,-1.1199999999999999,-1.0,37.0,NQ
2013-09-11,-1,3162.0,3174.0,20,-504.4,-460.0,11.5,stop,620,690,-1.0965217391304347,-1.0,36.42857142857143,NQ
2013-09-12,1,3183.75,3176.25,18,-291.96,-252.0,13.25,time,625,955,-0.6120754716981132,-0.5283018867924528,35.375,NQ
2013-09-13,-1,3172.25,3179.0,20,-294.4,-250.0,10.0,time,600,955,-0.736,-0.625,34.25,NQ
2013-09-16,-1,3180.75,3163.25,13,439.14,468.0,18.75,time,600,955,0.9007999999999999,0.96,33.92857142857143,NQ
2013-09-17,1,3178.5,3185.0,20,235.6,280.0,9.25,time,605,955,0.6367567567567567,0.7567567567567568,34.892857142857146,NQ
2013-09-18,-1,3187.75,3194.0,20,-274.4,-230.0,5.75,stop,675,840,-1.1930434782608694,-1.0,31.785714285714285,NQ
2013-09-19,-1,3224.75,3230.0,19,-222.68,-180.5,12.75,time,615,955,-0.4596078431372549,-0.37254901960784315,33.05357142857143,NQ
2013-09-23,-1,3218.5,3214.0,13,101.14,130.0,18.25,time,600,955,0.21315068493150685,0.273972602739726,29.339285714285715,NQ
2013-09-24,-1,3207.75,3221.25,19,-536.18,-494.0,13.0,stop,600,635,-1.0853846153846154,-1.0,29.267857142857142,NQ
2013-09-25,-1,3199.5,3216.0,15,-513.3,-480.0,16.0,stop,605,675,-1.069375,-1.0,28.482142857142858,NQ
2013-09-26,1,3233.0,3214.75,14,-528.08,-497.0,17.75,stop,600,665,-1.0625352112676056,-1.0,29.285714285714285,NQ
2013-09-27,1,3217.0,3222.25,18,167.04,207.0,13.75,time,615,955,0.33745454545454545,0.41818181818181815,27.75,NQ
2013-09-30,1,3201.0,3213.0,11,250.58,275.0,22.5,time,605,955,0.5062222222222222,0.5555555555555556,26.553571428571427,NQ
2013-10-01,1,3231.25,3245.75,13,361.14,390.0,18.0,time,620,955,0.7716666666666666,0.8333333333333334,28.321428571428573,NQ
2013-10-02,-1,3223.0,3237.75,17,-522.24,-484.5,14.25,stop,605,675,-1.0778947368421052,-1.0,29.142857142857142,NQ
2013-10-03,-1,3226.75,3207.25,11,415.58,440.0,21.0,time,600,955,0.8995238095238095,0.9523809523809523,30.035714285714285,NQ
2013-10-04,1,3224.75,3234.5,12,219.36,246.0,20.5,time,610,955,0.4458536585365854,0.5,32.75,NQ
2013-10-07,1,3228.5,3208.25,10,-417.2,-395.0,23.5,time,605,955,-0.8876595744680851,-0.8404255319148937,32.17857142857143,NQ
2013-10-08,-1,3190.75,3147.5,12,1023.36,1050.0,20.0,time,635,955,2.132,2.1875,32.464285714285715,NQ
2013-10-09,-1,3129.5,3135.5,10,-132.2,-110.0,25.0,time,610,955,-0.26439999999999997,-0.22,33.910714285714285,NQ
2013-10-10,1,3188.0,3201.25,13,328.64,357.5,19.0,time,645,955,0.6652631578947368,0.7236842105263158,36.0,NQ
2013-10-11,1,3213.75,3226.5,12,291.36,318.0,20.25,time,625,955,0.5995061728395062,0.654320987654321,40.607142857142854,NQ
2013-10-14,1,3221.5,3249.25,14,759.92,791.0,16.75,time,690,955,1.6202985074626866,1.6865671641791045,40.44642857142857,NQ
2013-10-15,1,3255.5,3239.75,16,-523.52,-488.0,15.25,stop,605,875,-1.0727868852459017,-1.0,41.714285714285715,NQ
2013-10-16,1,3270.5,3274.0,12,69.36,96.0,19.5,time,620,955,0.1482051282051282,0.20512820512820512,42.05357142857143,NQ
2013-10-17,1,3271.25,3292.0,17,684.76,722.5,14.5,time,615,955,1.3889655172413793,1.4655172413793103,42.464285714285715,NQ
2013-10-18,1,3334.5,3346.25,12,267.36,294.0,20.5,time,605,955,0.5434146341463415,0.5975609756097561,43.375,NQ
2013-10-21,1,3361.5,3346.5,17,-530.74,-493.0,14.5,stop,600,860,-1.076551724137931,-1.0,44.142857142857146,NQ
2013-10-22,1,3372.5,3364.25,20,-354.4,-310.0,7.75,stop,600,640,-1.1432258064516128,-1.0,42.94642857142857,NQ
2013-10-23,-1,3330.5,3339.25,13,-243.36,-214.5,18.25,time,645,955,-0.5128767123287672,-0.4520547945205479,43.67857142857143,NQ
2013-10-24,1,3348.25,3353.5,20,185.6,230.0,12.5,time,615,955,0.3712,0.46,42.0,NQ
2013-10-25,-1,3375.0,3376.25,15,-55.8,-22.5,15.75,time,660,955,-0.11809523809523809,-0.047619047619047616,41.25,NQ
2013-10-28,-1,3366.75,3380.0,19,-526.68,-484.5,12.75,stop,650,760,-1.0870588235294116,-1.0,41.892857142857146,NQ
2013-10-29,-1,3372.5,3384.0,12,-290.64,-264.0,19.5,time,600,955,-0.621025641025641,-0.5641025641025641,38.589285714285715,NQ
2013-10-30,-1,3391.0,3380.5,20,395.6,440.0,10.5,time,600,955,0.9419047619047619,1.0476190476190477,37.107142857142854,NQ
2013-10-31,-1,3363.5,3386.0,11,-508.42,-484.0,22.0,stop,635,680,-1.0504545454545455,-1.0,34.482142857142854,NQ
2013-11-01,-1,3379.5,3387.25,20,-334.4,-290.0,7.25,stop,600,605,-1.153103448275862,-1.0,34.232142857142854,NQ
2013-11-08,1,3342.75,3362.0,11,410.08,434.5,22.25,time,615,955,0.837752808988764,0.8876404494382022,32.375,NQ
2013-11-11,-1,3346.5,3357.25,13,-295.36,-266.5,18.75,time,660,955,-0.6058666666666667,-0.5466666666666666,33.785714285714285,NQ
2013-11-14,1,3404.0,3411.25,14,185.92000000000002,217.0,17.0,time,630,955,0.3905882352941177,0.45588235294117646,32.482142857142854,NQ
2013-11-18,-1,3407.5,3387.25,13,510.64,539.5,18.0,time,600,955,1.0911111111111111,1.1527777777777777,32.392857142857146,NQ
2013-11-22,1,3416.0,3421.0,20,175.6,220.0,9.5,time,610,955,0.46210526315789474,0.5789473684210527,32.19642857142857,NQ
2013-11-25,-1,3422.25,3429.0,16,-235.52,-200.0,14.75,time,600,955,-0.49898305084745764,-0.423728813559322,31.857142857142858,NQ
2013-11-27,1,3468.25,3471.0,15,64.2,97.5,16.25,time,695,955,0.1316923076923077,0.2,30.232142857142858,NQ
2013-12-02,-1,3485.5,3481.75,16,100.48,136.0,15.5,time,610,955,0.20258064516129032,0.27419354838709675,32.017857142857146,NQ
2013-12-04,1,3481.0,3462.5,13,-496.86,-468.0,18.0,stop,600,810,-1.0616666666666668,-1.0,31.089285714285715,NQ
2013-12-09,1,3524.0,3516.0,20,-344.4,-300.0,12.25,time,680,955,-0.7028571428571428,-0.6122448979591837,31.625,NQ
2013-12-11,-1,3498.5,3470.25,12,663.36,690.0,20.75,time,605,955,1.3320481927710843,1.3855421686746987,32.392857142857146,NQ
2013-12-12,-1,3464.0,3461.0,16,76.48,112.0,15.25,time,615,955,0.15672131147540985,0.22950819672131148,35.017857142857146,NQ
2013-12-13,-1,3457.0,3456.0,11,8.58,33.0,21.0,time,705,955,0.018571428571428572,0.07142857142857142,32.42857142857143,NQ
2013-12-23,-1,3549.75,3560.0,20,-434.4,-390.0,9.75,stop,600,690,-1.1138461538461537,-1.0,31.375,NQ
2013-12-26,1,3579.25,3579.75,20,-4.399999999999999,40.0,10.75,time,685,955,-0.010232558139534881,0.09302325581395349,37.214285714285715,NQ
2013-12-27,-1,3578.5,3571.75,20,245.6,290.0,8.75,time,630,955,0.7017142857142857,0.8285714285714286,35.19642857142857,NQ
2013-12-31,1,3578.0,3588.5,20,395.6,440.0,6.0,time,625,955,1.6483333333333334,1.8333333333333333,34.44642857142857,NQ
2014-01-06,-1,3515.0,3520.0,11,-123.42,-99.0,22.0,time,600,955,-0.255,-0.20454545454545456,34.660714285714285,NQ
2014-01-09,-1,3561.5,3548.25,20,505.6,550.0,11.75,time,605,955,1.0757446808510638,1.1702127659574468,36.714285714285715,NQ
2014-01-10,-1,3545.0,3559.5,13,-392.86,-364.0,18.25,time,600,955,-0.827945205479452,-0.7671232876712328,38.80357142857143,NQ
2014-01-13,1,3564.5,3552.0,20,-524.4,-480.0,12.0,stop,605,750,-1.0925,-1.0,38.32142857142857,NQ
2014-01-15,1,3601.25,3601.25,15,-18.3,15.0,16.0,time,600,955,-0.038125,0.03125,40.625,NQ
2014-01-16,1,3606.75,3604.25,20,-124.4,-80.0,12.5,time,620,955,-0.24880000000000002,-0.16,44.07142857142857,NQ
2014-01-21,-1,3600.5,3610.25,20,-414.4,-370.0,11.25,time,610,955,-0.9208888888888889,-0.8222222222222222,43.67857142857143,NQ
2014-01-27,-1,3520.5,3502.5,11,382.58,407.0,21.0,time,610,955,0.8280952380952381,0.8809523809523809,43.464285714285715,NQ
2014-01-31,1,3501.75,3513.25,12,261.36,288.0,19.75,time,610,955,0.5513924050632911,0.6075949367088608,46.17857142857143,NQ
2014-02-03,-1,3492.25,3436.0,7,778.96,794.5,32.5,time,600,955,1.7120000000000002,1.7461538461538462,48.589285714285715,NQ
2014-02-05,-1,3432.0,3460.0,9,-514.98,-495.0,27.5,stop,610,785,-1.0403636363636364,-1.0,54.25,NQ
2014-02-06,1,3486.0,3493.5,9,124.02,144.0,25.75,time,600,955,0.2675728155339806,0.3106796116504854,56.80357142857143,NQ
2014-02-10,1,3573.25,3577.5,12,87.36,114.0,19.5,time,705,955,0.18666666666666668,0.24358974358974358,58.67857142857143,NQ
2014-02-12,-1,3622.75,3625.0,20,-114.4,-70.0,9.75,time,615,955,-0.29333333333333333,-0.1794871794871795,61.94642857142857,NQ
2014-02-13,1,3623.75,3653.5,10,582.8,605.0,25.0,time,600,955,1.1656,1.21,62.07142857142857,NQ
2014-02-14,-1,3641.0,3653.25,20,-514.4,-470.0,11.75,stop,600,615,-1.0944680851063828,-1.0,62.339285714285715,NQ
2014-02-18,-1,3658.5,3675.25,15,-520.8,-487.5,16.25,stop,600,620,-1.0683076923076922,-1.0,61.875,NQ
2014-02-24,1,3694.5,3686.5,10,-172.2,-150.0,24.75,time,635,955,-0.34787878787878784,-0.30303030303030304,54.767857142857146,NQ
2014-02-26,1,3697.5,3678.0,13,-522.86,-494.0,19.0,stop,630,845,-1.058421052631579,-1.0,55.375,NQ
2014-03-03,-1,3652.5,3669.25,10,-347.2,-325.0,25.0,time,695,955,-0.6944,-0.65,55.892857142857146,NQ
2014-03-06,-1,3732.0,3722.25,20,365.6,410.0,5.0,time,600,955,1.828,2.05,49.339285714285715,NQ
2014-03-07,-1,3691.25,3704.5,5,-138.6,-127.5,47.0,time,660,955,-0.2948936170212766,-0.2712765957446808,50.57142857142857,NQ
2014-03-10,-1,3693.0,3707.75,14,-430.08,-399.0,16.75,time,610,955,-0.9170149253731343,-0.8507462686567164,47.214285714285715,NQ
2014-03-11,1,3719.0,3701.75,14,-500.08,-469.0,16.75,stop,630,785,-1.066268656716418,-1.0,45.410714285714285,NQ
2014-03-12,1,3684.5,3705.75,10,412.8,435.0,22.75,time,605,955,0.9072527472527473,0.9560439560439561,45.107142857142854,NQ
2014-03-13,-1,3707.25,3653.25,18,1922.04,1962.0,13.75,time,630,955,3.8829090909090906,3.963636363636364,42.339285714285715,NQ
2014-03-14,-1,3636.25,3627.25,11,184.58,209.0,21.0,time,655,955,0.39952380952380956,0.4523809523809524,44.42857142857143,NQ
2014-03-17,1,3670.5,3653.25,9,-321.48,-301.5,27.5,time,600,955,-0.6494545454545455,-0.6090909090909091,42.535714285714285,NQ
2014-03-18,1,3683.5,3697.75,9,245.52,265.5,26.75,time,615,955,0.5099065420560748,0.5514018691588785,43.857142857142854,NQ
2014-03-19,-1,3686.75,3677.25,16,284.48,320.0,15.25,time,640,955,0.5829508196721311,0.6557377049180327,45.339285714285715,NQ
2014-03-20,1,3681.25,3686.25,10,87.8,110.0,23.75,time,605,955,0.1848421052631579,0.23157894736842105,46.214285714285715,NQ
2014-03-21,-1,3677.0,3640.0,7,509.46,525.0,32.75,time,600,955,1.1111450381679389,1.1450381679389312,47.267857142857146,NQ
2014-03-24,-1,3619.25,3610.25,6,100.68,114.0,37.5,time,605,955,0.22373333333333334,0.25333333333333335,49.94642857142857,NQ
2014-03-25,1,3647.25,3627.5,12,-488.64,-462.0,19.25,stop,605,635,-1.0576623376623375,-1.0,52.92857142857143,NQ
2014-03-26,-1,3626.0,3575.0,11,1108.58,1133.0,21.25,time,620,955,2.3712941176470586,2.4235294117647057,54.232142857142854,NQ
2014-03-27,1,3578.75,3553.75,5,-256.1,-245.0,43.25,time,605,955,-0.5921387283236995,-0.5664739884393064,54.625,NQ
2014-03-28,1,3596.5,3560.0,6,-445.32,-432.0,36.0,stop,645,855,-1.0308333333333333,-1.0,54.42857142857143,NQ
2014-03-31,1,3611.0,3584.5,9,-487.98,-468.0,26.0,stop,600,955,-1.0426923076923078,-1.0,56.125,NQ
2014-04-01,1,3636.0,3649.25,7,176.96,192.5,33.25,time,600,955,0.3801503759398496,0.41353383458646614,56.44642857142857,NQ
2014-04-02,-1,3646.0,3659.5,11,-310.42,-286.0,22.25,time,610,955,-0.6341573033707866,-0.5842696629213483,57.785714285714285,NQ
2014-04-03,-1,3648.75,3629.75,13,478.14,507.0,19.0,time,625,955,0.9678947368421053,1.0263157894736843,53.57142857142857,NQ
2014-04-04,-1,3594.0,3531.25,3,372.84,379.5,63.5,time,655,955,0.9785826771653543,0.9960629921259843,55.642857142857146,NQ
2014-04-07,1,3536.0,3498.75,6,-454.32,-441.0,36.75,stop,605,725,-1.030204081632653,-1.0,62.0,NQ
2014-04-08,-1,3491.25,3520.5,8,-477.76,-460.0,28.75,stop,625,650,-1.0386086956521738,-1.0,63.392857142857146,NQ
2014-04-09,1,3555.0,3591.0,12,849.36,876.0,19.75,time,620,955,1.7918987341772152,1.8481012658227849,63.05357142857143,NQ
2014-04-11,1,3488.75,3440.5,5,-488.6,-477.5,47.75,stop,650,880,-1.0232460732984294,-1.0,64.625,NQ
2014-04-14,1,3473.25,3447.25,9,-478.98,-459.0,25.5,stop,645,900,-1.0435294117647058,-1.0,70.58928571428571,NQ
2014-04-15,-1,3465.0,3478.0,7,-190.54,-175.0,33.25,time,610,955,-0.4093233082706767,-0.37593984962406013,68.375,NQ
2014-04-16,-1,3482.5,3512.75,8,-493.76,-476.0,29.75,stop,640,725,-1.0373109243697478,-1.0,70.71428571428571,NQ
2014-04-17,1,3532.75,3525.0,8,-133.76,-116.0,30.5,time,625,955,-0.27409836065573767,-0.23770491803278687,68.75,NQ
2014-04-21,1,3543.5,3525.75,14,-514.08,-483.0,17.25,stop,600,630,-1.0643478260869565,-1.0,68.07142857142857,NQ
2014-04-22,1,3574.5,3579.75,14,129.92000000000002,161.0,17.25,time,600,955,0.2689855072463768,0.3333333333333333,67.0,NQ
2014-04-23,-1,3553.0,3547.75,8,74.24,92.0,28.0,time,600,955,0.1657142857142857,0.20535714285714285,66.16071428571429,NQ
2014-04-24,-1,3549.5,3583.0,4,-272.88,-264.0,58.5,time,605,955,-0.583076923076923,-0.5641025641025641,64.0,NQ
2014-04-25,-1,3546.5,3524.75,13,549.64,578.5,18.75,time,600,955,1.1274666666666666,1.1866666666666668,66.73214285714286,NQ
2014-04-28,1,3553.25,3520.5,7,-467.04,-451.5,32.25,stop,610,690,-1.0344186046511628,-1.0,67.17857142857143,NQ
2014-04-29,-1,3531.0,3560.25,8,-477.76,-460.0,28.75,stop,625,725,-1.0386086956521738,-1.0,63.392857142857146,NQ
2014-04-30,1,3562.25,3574.25,10,227.8,250.0,23.0,time,620,955,0.49521739130434783,0.5434782608695652,61.464285714285715,NQ
2014-05-01,1,3591.25,3585.0,12,-164.64,-138.0,20.5,time,640,955,-0.3346341463414634,-0.2804878048780488,60.982142857142854,NQ
2014-05-02,-1,3571.75,3578.25,7,-99.53999999999999,-84.0,31.75,time,645,955,-0.22393700787401574,-0.1889763779527559,59.0,NQ
2014-05-05,1,3576.75,3596.75,8,310.24,328.0,28.5,time,610,955,0.6803508771929825,0.7192982456140351,50.035714285714285,NQ
2014-05-06,-1,3576.25,3550.5,15,754.2,787.5,16.0,time,655,955,1.57125,1.640625,50.0,NQ
2014-05-07,-1,3517.25,3539.75,5,-231.1,-220.0,43.5,time,605,955,-0.531264367816092,-0.5057471264367817,46.767857142857146,NQ
2014-05-09,1,3535.75,3549.5,10,262.8,285.0,25.0,time,610,955,0.5256000000000001,0.57,48.0,NQ
2014-05-12,1,3597.0,3607.75,8,162.24,180.0,28.5,time,615,955,0.35578947368421054,0.39473684210526316,48.089285714285715,NQ
2014-05-13,1,3623.5,3604.0,13,-522.86,-494.0,19.0,stop,635,700,-1.058421052631579,-1.0,49.92857142857143,NQ
2014-05-14,1,3611.5,3595.75,16,-523.52,-488.0,15.25,stop,600,890,-1.0727868852459017,-1.0,48.714285714285715,NQ
2014-05-15,-1,3562.0,3563.5,7,-29.54,-14.0,35.5,time,600,955,-0.05943661971830986,-0.028169014084507043,48.375,NQ
2014-05-16,-1,3548.75,3568.25,13,-522.86,-494.0,19.0,stop,605,880,-1.058421052631579,-1.0,47.892857142857146,NQ
2014-05-19,1,3598.25,3612.25,8,214.24,232.0,28.25,time,625,955,0.4739823008849558,0.5132743362831859,46.482142857142854,NQ
2014-05-20,1,3616.5,3598.0,13,-496.86,-468.0,18.0,stop,655,790,-1.0616666666666668,-1.0,44.035714285714285,NQ
2014-05-21,1,3626.0,3633.5,11,151.58,176.0,22.5,time,650,955,0.30622222222222223,0.35555555555555557,43.892857142857146,NQ
2014-05-22,1,3648.5,3648.75,16,-11.52,24.0,15.25,time,645,955,-0.02360655737704918,0.04918032786885246,43.69642857142857,NQ
2014-05-23,1,3660.0,3676.0,17,523.26,561.0,14.5,time,675,955,1.0613793103448275,1.1379310344827587,43.214285714285715,NQ
2014-05-27,1,3704.25,3722.75,16,572.48,608.0,15.0,time,610,955,1.1926666666666668,1.2666666666666666,40.625,NQ
2014-05-28,-1,3709.5,3723.75,18,-534.96,-495.0,13.75,stop,615,695,-1.0807272727272728,-1.0,39.589285714285715,NQ
2014-05-30,1,3738.5,3727.25,20,-474.4,-430.0,10.75,stop,660,750,-1.1032558139534883,-1.0,35.17857142857143,NQ
2014-06-02,-1,3716.75,3731.5,10,-307.2,-285.0,23.0,time,600,955,-0.6678260869565217,-0.6195652173913043,32.660714285714285,NQ
2014-06-03,1,3733.0,3729.5,13,-106.86,-78.0,18.75,time,600,955,-0.2192,-0.16,33.517857142857146,NQ
2014-06-04,1,3733.0,3742.5,13,231.14,260.0,18.75,time,610,955,0.4741333333333333,0.5333333333333333,32.892857142857146,NQ
2014-06-05,-1,3739.75,3755.25,16,-515.52,-480.0,15.0,stop,605,675,-1.074,-1.0,31.303571428571427,NQ
2014-06-06,1,3793.75,3795.25,20,35.6,80.0,12.25,time,665,955,0.07265306122448979,0.16326530612244897,31.410714285714285,NQ
2014-06-09,1,3799.0,3787.0,20,-504.4,-460.0,11.5,stop,685,850,-1.0965217391304347,-1.0,29.482142857142858,NQ
2014-06-10,-1,3788.25,3800.25,20,-504.4,-460.0,11.5,stop,605,655,-1.0965217391304347,-1.0,28.107142857142858,NQ
2014-06-11,1,3801.25,3784.25,15,-528.3,-495.0,16.5,stop,615,850,-1.0672727272727272,-1.0,26.696428571428573,NQ
2014-06-16,1,3778.5,3758.5,12,-494.64,-468.0,19.5,stop,600,690,-1.0569230769230769,-1.0,26.196428571428573,NQ
2014-06-17,1,3783.75,3773.75,12,-254.64,-228.0,20.5,time,605,955,-0.5175609756097561,-0.4634146341463415,27.017857142857142,NQ
2014-06-18,-1,3770.25,3780.0,20,-414.4,-370.0,9.25,stop,600,865,-1.1199999999999999,-1.0,27.428571428571427,NQ
2014-06-19,-1,3790.25,3792.0,20,-94.4,-50.0,12.0,time,635,955,-0.19666666666666668,-0.10416666666666667,28.232142857142858,NQ
2014-06-20,-1,3785.5,3794.5,18,-345.96,-306.0,13.75,time,625,955,-0.6989090909090908,-0.6181818181818182,28.910714285714285,NQ
2014-06-23,-1,3786.0,3797.0,20,-464.4,-420.0,10.5,stop,650,750,-1.1057142857142856,-1.0,28.142857142857142,NQ
2014-06-24,1,3814.5,3795.25,13,-516.36,-487.5,18.75,stop,605,910,-1.0592,-1.0,27.214285714285715,NQ
2014-06-25,1,3803.25,3817.0,12,315.36,342.0,20.0,time,665,955,0.657,0.7125,28.214285714285715,NQ
2014-06-27,1,3825.5,3834.5,20,335.6,380.0,12.5,time,705,955,0.6712,0.76,29.232142857142858,NQ
2014-06-30,1,3844.0,3841.75,20,-114.4,-70.0,12.0,time,610,955,-0.23833333333333334,-0.14583333333333334,27.517857142857142,NQ
2014-07-01,1,3868.25,3884.75,17,540.26,578.0,14.5,time,600,955,1.0958620689655172,1.1724137931034482,27.428571428571427,NQ
2014-07-02,1,3894.0,3884.75,20,-394.4,-350.0,8.75,stop,640,670,-1.1268571428571428,-1.0,29.75,NQ
2014-07-07,1,3913.5,3906.5,20,-304.4,-260.0,6.5,stop,605,655,-1.1707692307692308,-1.0,26.821428571428573,NQ
2014-07-08,-1,3873.5,3858.5,9,259.02,279.0,25.5,time,600,955,0.5643137254901961,0.6078431372549019,26.660714285714285,NQ
2014-07-09,-1,3859.5,3878.75,13,-516.36,-487.5,18.75,stop,610,640,-1.0592,-1.0,27.839285714285715,NQ
2014-07-10,1,3848.75,3874.0,14,689.92,721.0,17.0,time,600,955,1.4494117647058822,1.5147058823529411,28.267857142857142,NQ
2014-07-11,1,3890.5,3897.75,13,172.64,201.5,18.5,time,615,955,0.3589189189189189,0.4189189189189189,31.410714285714285,NQ
2014-07-14,1,3919.25,3921.75,20,75.6,120.0,9.5,time,600,955,0.19894736842105262,0.3157894736842105,32.464285714285715,NQ
2014-07-15,-1,3915.25,3909.0,13,146.64,175.5,18.0,time,610,955,0.3133333333333333,0.375,31.464285714285715,NQ
2014-07-16,-1,3927.5,3924.25,18,95.03999999999999,135.0,13.25,time,645,955,0.1992452830188679,0.2830188679245283,32.392857142857146,NQ
2014-07-17,-1,3908.75,3872.25,14,1004.92,1036.0,17.25,time,665,955,2.0805797101449275,2.1449275362318843,32.5,NQ
2014-07-18,1,3905.5,3932.5,14,738.92,770.0,17.75,time,650,955,1.4867605633802816,1.5492957746478873,35.660714285714285,NQ
2014-07-21,-1,3917.5,3930.5,20,-544.4,-500.0,12.5,stop,605,800,-1.0888,-1.0,38.82142857142857,NQ
2014-07-22,1,3956.75,3953.5,17,-131.24,-93.5,14.25,time,605,955,-0.27087719298245616,-0.19298245614035087,36.82142857142857,NQ
2014-07-23,1,3974.5,3977.75,17,89.76,127.5,14.25,time,625,955,0.18526315789473685,0.2631578947368421,38.142857142857146,NQ
2014-07-24,-1,3971.5,3974.25,13,-87.36,-58.5,18.25,time,600,955,-0.1841095890410959,-0.1232876712328767,38.57142857142857,NQ
2014-07-25,1,3962.75,3945.75,15,-528.3,-495.0,16.5,stop,620,655,-1.0672727272727272,-1.0,39.92857142857143,NQ
2014-07-28,-1,3940.0,3963.5,10,-482.2,-460.0,23.0,stop,600,810,-1.0482608695652174,-1.0,41.125,NQ
2014-07-29,1,3975.5,3961.75,18,-516.96,-477.0,13.25,stop,605,665,-1.0837735849056604,-1.0,39.660714285714285,NQ
2014-07-30,-1,3967.25,3969.0,16,-75.52,-40.0,15.5,time,600,955,-0.15225806451612903,-0.08064516129032258,39.214285714285715,NQ
2014-07-31,-1,3924.5,3888.0,14,1004.92,1036.0,17.25,time,600,955,2.0805797101449275,2.1449275362318843,37.19642857142857,NQ
2014-08-01,-1,3876.75,3873.5,10,52.8,75.0,23.75,time,655,955,0.1111578947368421,0.15789473684210525,41.482142857142854,NQ
2014-08-04,-1,3876.0,3894.75,13,-503.36,-474.5,18.25,stop,640,745,-1.0608219178082192,-1.0,42.982142857142854,NQ
2014-08-06,1,3868.25,3867.25,9,-28.98,-9.0,26.0,time,600,955,-0.06192307692307692,-0.019230769230769232,43.767857142857146,NQ
2014-08-07,1,3889.0,3877.5,20,-484.4,-440.0,11.0,stop,620,645,-1.1009090909090908,-1.0,42.410714285714285,NQ
2014-08-08,-1,3846.25,3864.5,14,-528.08,-497.0,17.75,stop,625,645,-1.0625352112676056,-1.0,41.55357142857143,NQ
2014-08-11,1,3912.0,3905.75,14,-192.07999999999998,-161.0,17.0,time,605,955,-0.40352941176470586,-0.3382352941176471,42.839285714285715,NQ
2014-08-12,-1,3896.75,3903.75,15,-228.3,-195.0,16.0,time,645,955,-0.475625,-0.40625,43.107142857142854,NQ
2014-08-13,1,3928.0,3945.0,20,655.6,700.0,10.0,time,615,955,1.639,1.75,43.19642857142857,NQ
2014-08-14,1,3956.0,3965.25,20,345.6,390.0,10.5,time,665,955,0.822857142857143,0.9285714285714286,44.75,NQ
2014-08-15,1,3992.5,3984.0,20,-364.4,-320.0,8.0,stop,620,640,-1.13875,-1.0,43.660714285714285,NQ
2014-08-18,1,4012.5,4015.75,20,105.6,150.0,12.0,time,610,955,0.22,0.3125,44.089285714285715,NQ
2014-08-20,1,4041.0,4032.5,20,-364.4,-320.0,8.0,stop,650,845,-1.13875,-1.0,44.267857142857146,NQ
2014-08-21,-1,4035.5,4047.75,20,-514.4,-470.0,11.75,stop,605,635,-1.0944680851063828,-1.0,39.125,NQ
2014-08-22,1,4052.5,4052.0,19,-42.18,0.0,13.0,time,605,955,-0.08538461538461538,0.0,36.285714285714285,NQ
2014-08-25,1,4076.25,4069.75,20,-284.4,-240.0,6.0,stop,635,725,-1.1849999999999998,-1.0,34.375,NQ
2014-08-26,1,4074.25,4071.25,20,-144.4,-100.0,11.25,time,685,955,-0.3208888888888889,-0.2222222222222222,32.80357142857143,NQ
2014-08-27,1,4075.25,4072.0,20,-154.4,-110.0,11.5,time,705,955,-0.3356521739130435,-0.2391304347826087,30.285714285714285,NQ
2014-08-28,1,4066.0,4066.75,20,5.600000000000001,50.0,11.25,time,645,955,0.012444444444444447,0.1111111111111111,27.553571428571427,NQ
2014-08-29,-1,4066.0,4080.5,17,-513.74,-476.0,14.0,stop,605,690,-1.0792857142857144,-1.0,25.803571428571427,NQ
2014-09-04,1,4098.75,4074.5,10,-497.2,-475.0,23.75,stop,620,885,-1.0467368421052632,-1.0,21.035714285714285,NQ
2014-09-10,-1,4056.5,4074.0,14,-507.08,-476.0,17.0,stop,600,695,-1.0652941176470587,-1.0,23.910714285714285,NQ
2014-09-11,-1,4071.25,4088.75,14,-507.08,-476.0,17.0,stop,635,930,-1.0652941176470587,-1.0,25.803571428571427,NQ
2014-09-12,-1,4068.75,4070.25,12,-50.64,-24.0,19.75,time,600,955,-0.10683544303797468,-0.05063291139240506,27.232142857142858,NQ
2014-09-15,-1,4026.0,4022.75,6,31.68,45.0,41.25,time,640,955,0.064,0.09090909090909091,28.160714285714285,NQ
2014-09-16,1,4033.0,4058.25,8,394.24,412.0,28.5,time,610,955,0.864561403508772,0.9035087719298246,30.535714285714285,NQ
2014-09-17,-1,4054.25,4067.75,19,-536.18,-494.0,13.0,stop,635,850,-1.0853846153846154,-1.0,33.982142857142854,NQ
2014-09-18,1,4086.75,4095.75,18,302.04,342.0,13.75,time,600,955,0.6101818181818183,0.6909090909090909,36.214285714285715,NQ
2014-09-19,-1,4103.0,4092.0,20,415.6,460.0,10.25,time,625,955,1.0136585365853659,1.1219512195121952,37.107142857142854,NQ
2014-09-22,-1,4066.75,4053.75,15,371.7,405.0,16.0,time,615,955,0.7743749999999999,0.84375,38.25,NQ
2014-09-26,1,4024.25,4007.75,15,-513.3,-480.0,16.0,stop,600,695,-1.069375,-1.0,41.964285714285715,NQ
2014-09-29,1,4021.25,4038.25,12,393.36,420.0,20.75,time,610,955,0.7898795180722892,0.8433734939759037,44.05357142857143,NQ
2014-09-30,-1,4025.0,4056.0,8,-505.76,-488.0,30.5,stop,600,645,-1.0363934426229509,-1.0,44.32142857142857,NQ
2014-10-01,-1,3995.5,3978.5,6,196.68,210.0,40.5,time,600,955,0.40469135802469136,0.43209876543209874,44.535714285714285,NQ
2014-10-02,-1,3971.0,3987.25,15,-505.8,-472.5,15.75,stop,610,850,-1.0704761904761906,-1.0,48.089285714285715,NQ
2014-10-03,1,4024.75,4018.0,6,-88.32,-75.0,37.0,time,600,955,-0.1989189189189189,-0.16891891891891891,48.5,NQ
2014-10-06,-1,4026.5,4010.0,18,572.04,612.0,13.75,time,615,955,1.1556363636363636,1.2363636363636363,49.607142857142854,NQ
2014-10-07,1,3993.25,3973.0,12,-500.64,-474.0,19.75,stop,625,695,-1.0562025316455697,-1.0,50.339285714285715,NQ
2014-10-08,-1,3944.25,3966.0,11,-491.92,-467.5,21.25,stop,640,720,-1.0522352941176472,-1.0,52.035714285714285,NQ
2014-10-09,-1,4012.25,3962.5,11,1081.08,1105.5,21.75,time,630,955,2.259310344827586,2.310344827586207,55.714285714285715,NQ
2014-10-10,-1,3920.5,3863.75,6,673.68,687.0,41.5,time,605,955,1.3527710843373493,1.3795180722891567,56.875,NQ
2014-10-13,-1,3829.25,3875.25,5,-466.1,-455.0,45.5,stop,615,745,-1.0243956043956044,-1.0,60.767857142857146,NQ
2014-10-14,1,3844.5,3798.75,5,-463.6,-452.5,45.25,stop,675,905,-1.0245303867403315,-1.0,64.71428571428571,NQ
2014-10-16,1,3748.5,3755.5,4,51.12,60.0,51.0,time,645,955,0.1252941176470588,0.14705882352941177,66.30357142857143,NQ
2014-10-17,1,3813.75,3805.25,7,-127.53999999999999,-112.0,32.75,time,615,955,-0.2781679389312977,-0.24427480916030533,69.94642857142857,NQ
2014-10-20,1,3828.0,3860.75,7,449.96,465.5,32.25,time,600,955,0.9965891472868217,1.0310077519379846,72.64285714285714,NQ
2014-10-23,1,3994.75,4002.5,12,171.36,198.0,19.75,time,600,955,0.3615189873417722,0.4177215189873418,79.67857142857143,NQ
2014-10-24,1,4021.25,4032.25,12,249.36,276.0,19.5,time,695,955,0.5328205128205129,0.5897435897435898,80.01785714285714,NQ
2014-10-27,-1,4011.25,4035.0,10,-487.2,-465.0,23.25,stop,600,640,-1.0477419354838708,-1.0,78.58928571428571,NQ
2014-10-28,1,4075.25,4098.25,11,492.58,517.0,21.75,time,640,955,1.0294252873563219,1.0804597701149425,77.03571428571429,NQ
2014-10-30,-1,4061.75,4083.25,11,-486.42,-462.0,21.0,stop,600,750,-1.052857142857143,-1.0,77.25,NQ
2014-10-31,-1,4138.25,4150.25,10,-252.2,-230.0,24.75,time,605,955,-0.5094949494949494,-0.46464646464646464,72.625,NQ
2014-11-07,-1,4147.0,4158.25,10,-237.2,-215.0,23.25,time,600,955,-0.5101075268817205,-0.46236559139784944,66.625,NQ
2014-11-10,1,4164.0,4172.75,16,260.48,296.0,14.75,time,630,955,0.5518644067796611,0.6271186440677966,62.964285714285715,NQ
2014-11-14,1,4214.75,4198.0,15,-520.8,-487.5,16.25,stop,610,635,-1.0683076923076922,-1.0,60.80357142857143,NQ
2014-11-17,-1,4207.25,4211.25,16,-147.52,-112.0,15.0,time,645,955,-0.30733333333333335,-0.23333333333333334,56.785714285714285,NQ
2014-11-18,1,4238.5,4242.5,10,67.8,90.0,23.25,time,605,955,0.14580645161290323,0.1935483870967742,53.089285714285715,NQ
2014-11-19,-1,4213.75,4224.25,10,-222.2,-200.0,25.0,time,600,955,-0.44439999999999996,-0.4,50.892857142857146,NQ
2014-11-20,1,4227.25,4243.25,10,307.8,330.0,24.75,time,600,955,0.6218181818181818,0.6666666666666666,45.142857142857146,NQ
2014-11-21,-1,4267.25,4251.75,14,416.92,448.0,17.0,time,605,955,0.8758823529411766,0.9411764705882353,42.30357142857143,NQ
2014-11-24,1,4273.25,4284.25,17,353.26,391.0,14.25,time,600,955,0.7291228070175438,0.8070175438596491,42.589285714285715,NQ
2014-12-04,-1,4298.5,4323.25,10,-507.2,-485.0,24.25,stop,685,750,-1.0457731958762886,-1.0,41.285714285714285,NQ
2014-12-10,-1,4273.75,4227.5,10,912.8,935.0,24.25,time,625,955,1.882061855670103,1.9278350515463918,41.67857142857143,NQ
2014-12-11,1,4274.5,4238.75,7,-509.04,-493.5,35.25,stop,600,950,-1.0314893617021277,-1.0,44.875,NQ
2014-12-15,-1,4204.75,4155.0,8,786.24,804.0,29.0,time,600,955,1.6944827586206896,1.7327586206896552,48.07142857142857,NQ
2014-12-16,-1,4107.75,4146.75,6,-475.32,-462.0,38.5,stop,610,655,-1.0288311688311689,-1.0,52.357142857142854,NQ
2014-12-17,1,4114.0,4160.0,8,726.24,744.0,29.25,time,680,955,1.5517948717948717,1.5897435897435896,57.089285714285715,NQ
2014-12-18,1,4231.75,4261.5,10,582.8,605.0,22.75,time,600,955,1.2808791208791208,1.3296703296703296,60.660714285714285,NQ
2014-12-26,1,4304.75,4311.0,20,225.6,270.0,11.5,time,655,955,0.49043478260869566,0.5869565217391305,63.017857142857146,NQ
2014-12-29,1,4318.75,4309.5,18,-354.96,-315.0,13.25,time,665,955,-0.7441509433962263,-0.660377358490566,62.232142857142854,NQ
2015-01-02,-1,4247.75,4222.75,10,487.8,510.0,24.75,time,605,955,0.9854545454545455,1.0303030303030303,61.767857142857146,NQ
2015-01-05,-1,4178.25,4157.0,8,330.24,348.0,28.75,time,630,955,0.7179130434782609,0.7565217391304347,64.875,NQ
2015-01-07,1,4150.25,4153.5,7,36.96,52.5,32.5,time,600,955,0.08123076923076923,0.11538461538461539,67.69642857142857,NQ
2015-01-12,-1,4159.5,4163.0,4,-32.88,-24.0,58.75,time,610,955,-0.06995744680851064,-0.05106382978723404,66.58928571428571,NQ
2015-01-13,1,4245.25,4201.75,5,-441.1,-430.0,43.0,stop,650,800,-1.0258139534883721,-1.0,65.75,NQ
2015-01-14,1,4154.0,4112.5,6,-505.32,-492.0,41.0,stop,605,810,-1.0270731707317073,-1.0,69.33928571428571,NQ
2015-01-16,-1,4072.25,4105.5,7,-474.04,-458.5,32.75,stop,610,655,-1.0338931297709923,-1.0,69.17857142857143,NQ
2015-01-20,-1,4118.25,4165.75,5,-481.1,-470.0,47.0,stop,700,880,-1.0236170212765958,-1.0,62.0,NQ
2015-01-21,1,4191.0,4186.0,4,-44.88,-36.0,53.75,time,645,955,-0.10437209302325581,-0.08372093023255814,59.44642857142857,NQ
2015-01-22,1,4219.25,4263.25,4,347.12,356.0,54.5,time,650,955,0.7961467889908257,0.8165137614678899,61.5,NQ
2015-01-23,1,4274.5,4272.25,10,-57.2,-35.0,24.0,time,685,955,-0.11916666666666667,-0.07291666666666667,67.625,NQ
2015-02-02,-1,4097.5,4158.5,4,-492.88,-484.0,60.5,stop,600,690,-1.0183471074380166,-1.0,73.26785714285714,NQ
2015-02-06,1,4266.0,4237.5,8,-465.76,-448.0,28.0,stop,640,805,-1.039642857142857,-1.0,74.625,NQ
2015-02-09,-1,4203.5,4226.0,11,-508.42,-484.0,22.0,stop,655,745,-1.0504545454545455,-1.0,77.78571428571429,NQ
2015-02-11,1,4296.75,4278.5,14,-528.08,-497.0,17.75,stop,640,790,-1.0625352112676056,-1.0,75.125,NQ
2015-02-13,-1,4349.75,4364.25,17,-513.74,-476.0,14.0,stop,605,705,-1.0792857142857144,-1.0,73.01785714285714,NQ
2015-02-16,-1,4379.75,4382.25,20,-124.4,-80.0,2.0,stop,620,630,-1.5550000000000002,-1.0,75.08928571428571,NQ
2015-02-17,1,4384.75,4385.25,17,-3.7399999999999984,34.0,14.25,time,640,955,-0.007719298245614032,0.07017543859649122,70.375,NQ
2015-02-18,-1,4375.0,4386.25,20,-474.4,-430.0,10.75,stop,620,650,-1.1032558139534883,-1.0,66.94642857142857,NQ
2015-02-19,1,4403.0,4412.5,16,284.48,320.0,15.5,time,605,955,0.5735483870967742,0.6451612903225806,66.48214285714286,NQ
2015-02-20,1,4417.25,4441.25,11,514.58,539.0,21.0,time,635,955,1.1138095238095238,1.1666666666666667,63.785714285714285,NQ
2015-02-23,-1,4431.75,4444.0,20,-514.4,-470.0,11.75,stop,615,725,-1.0944680851063828,-1.0,62.410714285714285,NQ
2015-02-24,1,4443.75,4450.5,20,245.6,290.0,12.0,time,625,955,0.5116666666666666,0.6041666666666666,56.285714285714285,NQ
2015-02-26,1,4450.5,4461.0,12,237.36,264.0,19.25,time,640,955,0.5137662337662338,0.5714285714285714,55.767857142857146,NQ
2015-03-02,1,4472.25,4481.75,11,195.58,220.0,22.25,time,610,955,0.39955056179775283,0.449438202247191,45.625,NQ
2015-03-04,1,4449.25,4444.25,9,-100.98,-81.0,27.5,time,675,955,-0.20400000000000001,-0.16363636363636364,41.69642857142857,NQ
2015-03-05,1,4461.5,4448.75,20,-534.4,-490.0,12.25,stop,605,665,-1.0906122448979592,-1.0,39.75,NQ
2015-03-11,1,4341.0,4323.0,14,-521.08,-490.0,17.5,stop,605,630,-1.0634285714285716,-1.0,37.535714285714285,NQ
2015-03-12,1,4331.5,4334.5,8,38.24,56.0,31.0,time,675,955,0.07709677419354839,0.11290322580645161,38.92857142857143,NQ
2015-03-13,-1,4318.75,4315.5,8,42.24,60.0,28.5,time,625,955,0.09263157894736843,0.13157894736842105,40.357142857142854,NQ
2015-03-16,1,4345.0,4365.0,9,349.02,369.0,25.5,time,605,955,0.7603921568627451,0.803921568627451,43.32142857142857,NQ
2015-03-17,-1,4343.25,4361.25,14,-521.08,-490.0,17.5,stop,675,760,-1.0634285714285716,-1.0,45.517857142857146,NQ
2015-03-18,1,4361.75,4346.75,17,-530.74,-493.0,14.5,stop,655,785,-1.076551724137931,-1.0,46.05357142857143,NQ
2015-03-19,1,4430.5,4412.75,14,-514.08,-483.0,17.25,stop,615,780,-1.0643478260869565,-1.0,49.589285714285715,NQ
2015-03-20,1,4461.25,4451.5,19,-393.68,-351.5,12.75,time,680,955,-0.8125490196078432,-0.7254901960784313,49.80357142857143,NQ
2015-03-23,1,4454.75,4440.25,17,-513.74,-476.0,14.0,stop,610,955,-1.0792857142857144,-1.0,51.482142857142854,NQ
2015-03-24,1,4449.5,4431.75,14,-514.08,-483.0,17.25,stop,600,855,-1.0643478260869565,-1.0,50.55357142857143,NQ
2015-03-25,-1,4396.25,4321.5,6,889.68,903.0,39.5,time,675,955,1.8769620253164556,1.9050632911392404,51.19642857142857,NQ
2015-03-26,1,4313.25,4307.25,6,-79.32,-66.0,41.0,time,710,955,-0.16121951219512193,-0.13414634146341464,56.517857142857146,NQ
2015-03-27,1,4326.75,4304.75,11,-497.42,-473.0,21.5,stop,600,610,-1.0516279069767442,-1.0,56.267857142857146,NQ
2015-03-31,1,4369.75,4344.5,10,-517.2,-495.0,24.75,stop,670,910,-1.044848484848485,-1.0,56.142857142857146,NQ
2015-04-06,1,4327.25,4342.25,4,115.12,124.0,51.75,time,620,955,0.27806763285024155,0.2995169082125604,51.82142857142857,NQ
2015-04-07,1,4366.0,4339.25,9,-492.48,-472.5,26.25,stop,625,940,-1.0422857142857143,-1.0,54.69642857142857,NQ
2015-04-09,-1,4364.25,4390.25,9,-478.98,-459.0,25.5,stop,645,910,-1.0435294117647058,-1.0,52.410714285714285,NQ
2015-04-10,1,4401.75,4415.0,15,379.2,412.5,15.75,time,605,955,0.8025396825396826,0.873015873015873,53.125,NQ
2015-04-13,1,4439.75,4417.25,11,-508.42,-484.0,22.0,stop,620,790,-1.0504545454545455,-1.0,48.25,NQ
2015-04-14,-1,4373.25,4392.0,6,-232.32,-219.0,39.5,time,600,955,-0.490126582278481,-0.4620253164556962,49.75,NQ
2015-04-15,-1,4398.0,4412.75,17,-522.24,-484.5,14.25,stop,695,795,-1.0778947368421052,-1.0,49.32142857142857,NQ
2015-04-16,-1,4402.5,4419.25,15,-520.8,-487.5,16.25,stop,630,825,-1.0683076923076922,-1.0,50.55357142857143,NQ
2015-04-17,-1,4350.0,4343.75,7,78.96000000000001,94.5,32.5,time,600,955,0.17353846153846156,0.2076923076923077,49.339285714285715,NQ
2015-04-20,1,4391.5,4409.25,8,274.24,292.0,28.25,time,630,955,0.6067256637168141,0.6460176991150443,47.375,NQ
2015-04-22,-1,4415.5,4443.25,9,-510.48,-490.5,27.25,stop,600,820,-1.0407339449541284,-1.0,48.285714285714285,NQ
2015-04-23,1,4457.25,4469.25,12,273.36,300.0,20.75,time,600,955,0.5489156626506024,0.6024096385542169,47.892857142857146,NQ
2015-04-24,1,4525.0,4528.75,18,113.03999999999999,153.0,13.75,time,670,955,0.22836363636363635,0.3090909090909091,48.30357142857143,NQ
2015-04-27,-1,4537.0,4519.25,14,479.92,511.0,17.25,time,710,955,0.9936231884057971,1.0579710144927537,47.392857142857146,NQ
2015-04-28,-1,4488.0,4525.5,6,-457.32,-444.0,37.0,stop,600,725,-1.03,-1.0,48.07142857142857,NQ
2015-04-29,-1,4483.0,4481.0,9,25.02,45.0,27.75,time,620,955,0.05009009009009009,0.09009009009009009,49.392857142857146,NQ
2015-04-30,-1,4442.75,4409.5,7,456.96,472.5,31.5,time,600,955,1.036190476190476,1.0714285714285714,50.017857142857146,NQ
2015-05-01,1,4448.0,4469.0,11,448.58,473.0,21.75,time,615,955,0.937471264367816,0.9885057471264368,54.589285714285715,NQ
2015-05-05,-1,4431.25,4403.5,7,379.96,395.5,34.5,time,600,955,0.7866666666666666,0.8188405797101449,55.125,NQ
2015-05-06,-1,4363.5,4372.75,4,-78.88,-70.0,58.75,time,605,955,-0.16782978723404254,-0.14893617021276595,57.80357142857143,NQ
2015-05-07,1,4398.75,4397.0,7,-33.04,-17.5,31.75,time,685,955,-0.07433070866141732,-0.03937007874015748,62.17857142857143,NQ
2015-05-08,1,4458.75,4451.75,11,-167.42,-143.0,21.75,time,675,955,-0.34988505747126436,-0.2988505747126437,58.892857142857146,NQ
2015-05-11,-1,4443.0,4434.75,11,168.08,192.5,21.25,time,630,955,0.35952941176470593,0.4117647058823529,58.32142857142857,NQ
2015-05-12,1,4410.0,4415.75,7,71.96000000000001,87.5,35.25,time,640,955,0.14581560283687944,0.1773049645390071,58.25,NQ
2015-05-13,-1,4425.75,4423.25,7,26.46,42.0,31.75,time,660,955,0.05952755905511811,0.09448818897637795,59.30357142857143,NQ
2015-05-14,1,4466.75,4488.75,11,470.58,495.0,22.5,time,610,955,0.9506666666666667,1.0,58.464285714285715,NQ
2015-05-15,-1,4481.0,4489.25,9,-159.48,-139.5,25.5,time,600,955,-0.3474509803921568,-0.30392156862745096,58.67857142857143,NQ
2015-05-18,1,4496.25,4508.0,14,311.92,343.0,17.75,time,670,955,0.627605633802817,0.6901408450704225,57.44642857142857,NQ
2015-05-19,-1,4507.5,4503.25,19,138.32,180.5,12.75,time,650,955,0.28549019607843135,0.37254901960784315,56.017857142857146,NQ
2015-05-21,1,4509.5,4529.75,14,549.92,581.0,17.25,time,600,955,1.1385507246376811,1.2028985507246377,50.785714285714285,NQ
2015-05-22,1,4538.5,4526.5,15,-378.3,-345.0,16.25,time,610,955,-0.776,-0.7076923076923077,49.57142857142857,NQ
2015-05-26,-1,4485.75,4473.0,6,145.68,159.0,35.75,time,600,955,0.3395804195804196,0.3706293706293706,44.375,NQ
2015-05-27,1,4515.5,4545.5,6,352.68,366.0,38.25,time,650,955,0.7683660130718954,0.7973856209150327,43.660714285714285,NQ
2015-05-29,-1,4524.0,4509.25,16,452.48,488.0,14.75,time,605,955,0.9586440677966102,1.0338983050847457,43.375,NQ
2015-06-01,-1,4491.75,4522.25,5,-311.1,-300.0,44.0,time,610,955,-0.7070454545454546,-0.6818181818181818,44.05357142857143,NQ
2015-06-02,1,4512.25,4508.75,8,-65.76,-48.0,28.25,time,635,955,-0.14548672566371681,-0.10619469026548672,43.089285714285715,NQ
2015-06-03,1,4536.75,4513.5,10,-477.2,-455.0,22.75,stop,610,745,-1.0487912087912088,-1.0,43.535714285714285,NQ
2015-06-04,1,4522.75,4493.0,8,-485.76,-468.0,29.25,stop,600,780,-1.037948717948718,-1.0,40.75,NQ
2015-06-05,1,4490.75,4477.5,6,-166.32,-153.0,41.25,time,635,955,-0.33599999999999997,-0.3090909090909091,42.44642857142857,NQ
2015-06-08,-1,4454.25,4431.75,10,437.8,460.0,24.0,time,650,955,0.9120833333333334,0.9583333333333334,42.767857142857146,NQ
2015-06-09,-1,4399.5,4428.75,8,-477.76,-460.0,28.75,stop,600,775,-1.0386086956521738,-1.0,45.089285714285715,NQ
2015-06-10,1,4460.25,4482.25,9,385.02,405.0,26.5,time,605,955,0.8071698113207547,0.8490566037735849,44.910714285714285,NQ
2015-06-11,-1,4490.75,4491.25,11,-24.42,-0.0,21.0,time,635,955,-0.05285714285714286,-0.0,47.017857142857146,NQ
2015-06-12,-1,4457.75,4454.25,14,80.92,112.0,17.75,time,630,955,0.1628169014084507,0.22535211267605634,47.714285714285715,NQ
2015-06-15,1,4418.5,4424.75,7,78.96000000000001,94.5,31.75,time,670,955,0.17763779527559057,0.2125984251968504,49.642857142857146,NQ
2015-06-17,-1,4449.25,4465.75,15,-513.3,-480.0,16.0,stop,685,880,-1.069375,-1.0,46.642857142857146,NQ
2015-06-18,1,4512.5,4524.25,6,133.68,147.0,37.25,time,605,955,0.2990604026845638,0.3288590604026846,48.0,NQ
2015-06-19,-1,4511.25,4503.25,11,162.58,187.0,22.0,time,635,955,0.33590909090909093,0.38636363636363635,50.339285714285715,NQ
2015-06-22,1,4547.0,4531.5,16,-515.52,-480.0,15.0,stop,665,745,-1.074,-1.0,48.982142857142854,NQ
2015-06-23,-1,4529.0,4541.5,15,-393.3,-360.0,16.5,time,615,955,-0.7945454545454546,-0.7272727272727273,49.07142857142857,NQ
2015-06-24,1,4543.75,4529.75,18,-525.96,-486.0,13.5,stop,600,730,-1.0822222222222222,-1.0,48.517857142857146,NQ
2015-06-26,-1,4485.75,4477.5,9,137.52,157.5,26.25,time,655,955,0.29104761904761905,0.3333333333333333,47.267857142857146,NQ
2015-06-29,-1,4418.0,4372.0,7,635.46,651.0,33.25,time,670,955,1.3651127819548874,1.3984962406015038,47.32142857142857,NQ
2015-06-30,-1,4384.75,4404.0,13,-516.36,-487.5,18.75,stop,640,830,-1.0592,-1.0,51.589285714285715,NQ
2015-07-02,-1,4420.25,4422.25,14,-73.08,-42.0,16.75,time,605,955,-0.15582089552238806,-0.08955223880597014,49.19642857142857,NQ
2015-07-06,1,4415.75,4412.0,8,-69.76,-52.0,30.75,time,610,955,-0.14178861788617889,-0.10569105691056911,48.5,NQ
2015-07-07,-1,4381.25,4418.5,6,-454.32,-441.0,36.75,stop,600,895,-1.030204081632653,-1.0,47.42857142857143,NQ
2015-07-09,-1,4385.75,4343.25,11,921.58,946.0,21.25,time,620,955,1.9712941176470589,2.023529411764706,53.232142857142854,NQ
2015-07-10,-1,4388.0,4402.75,17,-522.24,-484.5,14.25,stop,640,660,-1.0778947368421052,-1.0,52.5,NQ
2015-07-13,1,4475.25,4485.75,9,178.02,198.0,26.75,time,615,955,0.36971962616822435,0.411214953271028,56.25,NQ
2015-07-14,1,4505.0,4516.5,18,392.04,432.0,13.75,time,600,955,0.792,0.8727272727272727,58.517857142857146,NQ
2015-07-15,1,4536.75,4519.25,14,-507.08,-476.0,17.0,stop,605,875,-1.0652941176470587,-1.0,60.0,NQ
2015-07-16,1,4567.75,4584.75,15,491.7,525.0,16.5,time,660,955,0.9933333333333333,1.0606060606060606,59.339285714285715,NQ
2015-07-17,1,4629.0,4652.25,18,815.04,855.0,13.25,time,600,955,1.7086792452830188,1.7924528301886793,61.07142857142857,NQ
2015-07-20,1,4666.0,4669.25,16,84.48,120.0,15.5,time,655,955,0.1703225806451613,0.24193548387096775,61.857142857142854,NQ
2015-07-21,-1,4659.75,4666.0,15,-205.8,-172.5,16.25,time,640,955,-0.42215384615384616,-0.35384615384615387,56.75,NQ
2015-07-23,1,4626.75,4609.5,14,-500.08,-469.0,16.75,stop,620,715,-1.066268656716418,-1.0,57.142857142857146,NQ
2015-07-24,-1,4598.25,4551.75,9,826.02,846.0,25.25,time,615,955,1.8174257425742575,1.8613861386138615,59.67857142857143,NQ
2015-07-27,1,4537.75,4507.0,8,-501.76,-484.0,30.25,stop,630,815,-1.036694214876033,-1.0,61.589285714285715,NQ
2015-07-28,-1,4499.5,4534.25,7,-495.04,-479.5,34.25,stop,625,725,-1.0324087591240876,-1.0,58.42857142857143,NQ
2015-07-29,-1,4547.25,4568.75,11,-486.42,-462.0,21.0,stop,600,840,-1.052857142857143,-1.0,57.767857142857146,NQ
2015-07-30,1,4568.25,4589.75,7,292.46,308.0,33.75,time,690,955,0.6189629629629629,0.6518518518518519,55.714285714285715,NQ
2015-08-03,-1,4577.25,4572.75,11,85.58,110.0,21.75,time,620,955,0.17885057471264368,0.22988505747126436,51.107142857142854,NQ
2015-08-04,-1,4546.5,4574.75,9,-519.48,-499.5,27.75,stop,655,810,-1.04,-1.0,52.17857142857143,NQ
2015-08-05,1,4619.0,4597.25,6,-268.32,-255.0,35.75,time,625,955,-0.6254545454545455,-0.5944055944055944,52.42857142857143,NQ
2015-08-06,-1,4564.0,4524.5,5,388.9,400.0,43.75,time,615,955,0.8889142857142857,0.9142857142857143,52.642857142857146,NQ
2015-08-07,-1,4495.25,4517.75,7,-323.54,-308.0,33.25,time,670,955,-0.6950375939849625,-0.6616541353383458,55.285714285714285,NQ
2015-08-11,-1,4529.25,4511.0,7,246.96,262.5,33.75,time,660,955,0.5226666666666667,0.5555555555555556,58.75,NQ
2015-08-12,-1,4447.75,4480.75,7,-470.54,-455.0,32.5,stop,610,765,-1.0341538461538462,-1.0,59.625,NQ
2015-08-17,1,4517.0,4563.25,18,1643.04,1683.0,13.5,time,605,955,3.3807407407407406,3.462962962962963,60.07142857142857,NQ
2015-08-18,1,4558.5,4542.25,15,-505.8,-472.5,15.75,stop,615,780,-1.0704761904761906,-1.0,59.875,NQ
2015-08-19,-1,4498.0,4527.0,8,-473.76,-456.0,28.5,stop,675,845,-1.0389473684210526,-1.0,59.464285714285715,NQ
2015-08-20,-1,4449.5,4384.75,7,897.96,913.5,32.5,time,600,955,1.9735384615384617,2.0076923076923077,59.392857142857146,NQ
2015-08-21,1,4356.0,4302.0,4,-436.88,-428.0,53.5,stop,600,635,-1.020747663551402,-1.0,66.16071428571429,NQ
2015-08-25,1,4193.0,4134.25,4,-474.88,-466.0,58.25,stop,670,805,-1.0190557939914162,-1.0,93.58928571428571,NQ
2015-08-26,-1,4080.75,4150.0,3,-419.16,-412.5,68.75,stop,615,885,-1.0161454545454547,-1.0,102.625,NQ
2015-08-27,1,4300.25,4264.25,7,-512.54,-497.0,35.5,stop,655,890,-1.0312676056338028,-1.0,110.32142857142857,NQ
2015-08-28,1,4325.75,4297.5,9,-519.48,-499.5,27.75,stop,675,715,-1.04,-1.0,114.85714285714286,NQ
2015-08-31,-1,4275.0,4316.0,6,-499.32,-486.0,40.5,stop,600,700,-1.0274074074074073,-1.0,113.76785714285714,NQ
2015-09-02,-1,4179.75,4211.5,8,-517.76,-500.0,31.25,stop,615,790,-1.03552,-1.0,115.94642857142857,NQ
2015-09-03,1,4287.75,4257.0,8,-501.76,-484.0,30.25,stop,650,760,-1.036694214876033,-1.0,120.94642857142857,NQ
2015-09-04,1,4204.0,4171.0,7,-470.54,-455.0,32.5,stop,630,765,-1.0341538461538462,-1.0,124.21428571428571,NQ
2015-09-07,-1,4211.0,4217.0,20,-264.4,-220.0,5.5,stop,610,670,-1.2018181818181817,-1.0,125.10714285714286,NQ
2015-09-08,-1,4254.0,4291.75,6,-460.32,-447.0,37.25,stop,640,930,-1.0297986577181208,-1.0,125.71428571428571,NQ
2015-09-09,-1,4325.75,4252.5,9,1307.52,1327.5,26.25,time,600,955,2.767238095238095,2.8095238095238093,127.64285714285714,NQ
2015-09-10,1,4278.0,4296.25,6,211.68,225.0,36.0,time,630,955,0.49,0.5208333333333334,126.58928571428571,NQ
2015-09-11,-1,4269.75,4289.25,13,-522.86,-494.0,19.0,stop,600,710,-1.058421052631579,-1.0,119.33928571428571,NQ
2015-09-14,-1,4285.25,4297.0,5,-123.6,-112.5,43.5,time,690,955,-0.28413793103448276,-0.25862068965517243,102.60714285714286,NQ
2015-09-16,1,4360.25,4373.75,10,257.8,280.0,24.25,time,680,955,0.5315463917525773,0.5773195876288659,92.17857142857143,NQ
2015-09-17,1,4377.75,4364.0,18,-516.96,-477.0,13.25,stop,615,840,-1.0837735849056604,-1.0,82.78571428571429,NQ
2015-09-18,1,4342.25,4305.0,6,-454.32,-441.0,36.75,stop,605,945,-1.030204081632653,-1.0,80.85714285714286,NQ
2015-09-21,1,4348.0,4326.5,11,-486.42,-462.0,21.0,stop,620,720,-1.052857142857143,-1.0,82.55357142857143,NQ
2015-09-22,-1,4250.0,4261.5,10,-242.2,-220.0,23.25,time,620,955,-0.5208602150537635,-0.4731182795698925,83.21428571428571,NQ
2015-09-23,1,4274.0,4247.25,9,-492.48,-472.5,26.25,stop,630,710,-1.0422857142857143,-1.0,79.85714285714286,NQ
2015-09-24,-1,4199.75,4234.0,7,-488.04,-472.5,33.75,stop,625,865,-1.032888888888889,-1.0,74.67857142857143,NQ
2015-09-25,-1,4274.0,4212.5,10,1217.8,1240.0,24.25,time,615,955,2.5109278350515463,2.556701030927835,74.67857142857143,NQ
2015-09-28,-1,4146.5,4091.5,4,435.12,444.0,50.25,time,605,955,1.0823880597014925,1.1044776119402986,77.46428571428571,NQ
2015-09-29,1,4125.75,4072.5,4,-430.88,-422.0,52.75,stop,610,890,-1.021042654028436,-1.0,84.21428571428571,NQ
2015-09-30,1,4158.5,4124.0,7,-491.54,-476.0,34.0,stop,620,730,-1.0326470588235295,-1.0,84.89285714285714,NQ
2015-10-02,1,4144.5,4256.25,7,1555.96,1571.5,32.75,time,635,955,3.393587786259542,3.427480916030534,82.57142857142857,NQ
2015-10-05,1,4296.75,4319.25,14,612.92,644.0,17.5,time,610,955,1.2508571428571427,1.3142857142857143,89.01785714285714,NQ
2015-10-06,-1,4297.25,4298.0,10,-27.2,-5.0,24.5,time,615,955,-0.05551020408163265,-0.01020408163265306,90.85714285714286,NQ
2015-10-07,-1,4302.5,4324.25,8,-357.76,-340.0,29.25,time,640,955,-0.7644444444444444,-0.7264957264957265,89.21428571428571,NQ
2015-10-08,-1,4289.25,4310.0,12,-512.64,-486.0,20.25,stop,615,870,-1.0548148148148149,-1.0,87.85714285714286,NQ
2015-10-09,1,4362.0,4360.25,8,-37.76,-20.0,30.5,time,635,955,-0.07737704918032787,-0.040983606557377046,88.73214285714286,NQ
2015-10-12,-1,4354.75,4375.0,12,-500.64,-474.0,19.75,stop,620,700,-1.0562025316455697,-1.0,86.08928571428571,NQ
2015-10-13,1,4371.0,4342.25,8,-469.76,-452.0,28.25,stop,600,935,-1.03929203539823,-1.0,80.46428571428571,NQ
2015-10-14,-1,4334.0,4365.25,8,-509.76,-492.0,30.75,stop,615,775,-1.0360975609756098,-1.0,81.16071428571429,NQ
2015-10-15,1,4376.75,4348.0,8,-469.76,-452.0,28.25,stop,645,715,-1.03929203539823,-1.0,78.89285714285714,NQ
2015-10-16,1,4420.25,4404.5,16,-523.52,-488.0,15.25,stop,665,760,-1.0727868852459017,-1.0,75.92857142857143,NQ
2015-10-19,1,4436.25,4452.0,10,302.8,325.0,25.0,time,600,955,0.6056,0.65,68.85714285714286,NQ
2015-10-20,1,4450.25,4432.75,14,-507.08,-476.0,17.0,stop,605,665,-1.0652941176470587,-1.0,64.60714285714286,NQ
2015-10-21,-1,4435.0,4403.75,11,674.08,698.5,21.0,time,600,955,1.4590476190476191,1.5119047619047619,60.410714285714285,NQ
2015-10-22,1,4466.25,4492.25,6,304.68,318.0,36.75,time,615,955,0.6908843537414966,0.7210884353741497,59.642857142857146,NQ
2015-10-26,-1,4598.25,4616.0,14,-514.08,-483.0,17.25,stop,610,640,-1.0643478260869565,-1.0,61.017857142857146,NQ
2015-10-27,1,4636.0,4631.25,8,-85.76,-68.0,28.0,time,660,955,-0.19142857142857145,-0.15178571428571427,59.160714285714285,NQ
2015-10-28,-1,4616.75,4642.0,10,-517.2,-495.0,24.75,stop,615,670,-1.044848484848485,-1.0,56.589285714285715,NQ
2015-10-29,1,4660.25,4661.25,16,12.48,48.0,15.25,time,690,955,0.02557377049180328,0.09836065573770492,55.607142857142854,NQ
2015-10-30,-1,4659.0,4641.75,18,599.04,639.0,13.25,time,660,955,1.2558490566037734,1.3396226415094339,54.785714285714285,NQ
2015-11-02,1,4663.5,4694.5,13,790.14,819.0,19.0,time,600,955,1.5994736842105264,1.6578947368421053,55.17857142857143,NQ
2015-11-06,-1,4670.0,4704.5,7,-491.54,-476.0,34.0,stop,600,640,-1.0326470588235295,-1.0,55.625,NQ
2015-11-09,-1,4671.5,4651.75,14,535.92,567.0,17.75,time,600,955,1.0783098591549294,1.1408450704225352,55.660714285714285,NQ
2015-11-11,-1,4633.25,4652.75,13,-522.86,-494.0,19.0,stop,600,710,-1.058421052631579,-1.0,56.232142857142854,NQ
2015-11-19,1,4665.75,4654.5,13,-308.36,-279.5,18.75,time,605,955,-0.6325333333333334,-0.5733333333333334,64.875,NQ
2015-11-20,1,4690.25,4673.25,15,-528.3,-495.0,16.5,stop,610,905,-1.0672727272727272,-1.0,70.28571428571429,NQ
2015-11-23,1,4699.25,4682.0,14,-500.08,-469.0,16.75,stop,610,835,-1.066268656716418,-1.0,68.91071428571429,NQ
2015-11-24,-1,4637.75,4659.5,11,-491.92,-467.5,21.25,stop,625,710,-1.0522352941176472,-1.0,66.05357142857143,NQ
2015-11-25,1,4680.0,4673.25,15,-220.8,-187.5,15.75,time,615,955,-0.46730158730158733,-0.3968253968253968,60.05357142857143,NQ
2015-11-26,1,4699.25,4692.5,20,-294.4,-250.0,6.25,stop,690,770,-1.1776,-1.0,59.07142857142857,NQ
2015-11-27,-1,4668.75,4685.75,15,-528.3,-495.0,16.5,stop,600,680,-1.0672727272727272,-1.0,58.910714285714285,NQ
2015-11-30,-1,4674.5,4668.0,12,141.36,168.0,20.0,time,610,955,0.29450000000000004,0.35,56.142857142857146,NQ
2015-12-02,1,4737.75,4716.0,11,-491.92,-467.5,21.25,stop,635,830,-1.0522352941176472,-1.0,58.392857142857146,NQ
2015-12-03,-1,4673.0,4607.5,7,908.46,924.0,33.5,time,600,955,1.9370149253731344,1.9701492537313432,58.607142857142854,NQ
2015-12-04,1,4671.0,4713.75,4,337.12,346.0,60.75,time,635,955,0.6936625514403292,0.7119341563786008,64.28571428571429,NQ
2015-12-07,-1,4694.0,4692.5,9,16.02,36.0,26.75,time,605,955,0.033271028037383174,0.07476635514018691,66.89285714285714,NQ
2015-12-08,1,4668.25,4693.75,9,448.02,468.0,26.5,time,635,955,0.9392452830188679,0.9811320754716981,66.96428571428571,NQ
2015-12-09,1,4687.5,4660.25,9,-501.48,-481.5,26.75,stop,610,695,-1.0414953271028038,-1.0,61.125,NQ
2015-12-10,1,4648.0,4642.5,8,-97.76,-80.0,28.5,time,635,955,-0.2143859649122807,-0.17543859649122806,60.464285714285715,NQ
2015-12-11,-1,4569.0,4536.75,7,442.96,458.5,32.0,time,660,955,0.9887499999999999,1.0234375,61.857142857142854,NQ
2015-12-14,-1,4516.5,4546.25,8,-485.76,-468.0,29.25,stop,610,615,-1.037948717948718,-1.0,65.91071428571429,NQ
2015-12-16,-1,4607.25,4634.75,9,-505.98,-486.0,27.0,stop,605,890,-1.041111111111111,-1.0,71.91071428571429,NQ
2015-12-17,-1,4648.0,4591.75,7,778.96,794.5,33.75,time,615,955,1.6485925925925926,1.6814814814814816,76.71428571428571,NQ
2015-12-18,-1,4554.25,4504.75,7,684.46,700.0,32.25,time,605,955,1.5159689922480621,1.550387596899225,81.07142857142857,NQ
2015-12-21,-1,4529.5,4552.25,11,-513.92,-489.5,22.25,stop,670,955,-1.0498876404494382,-1.0,84.375,NQ
2015-12-23,1,4613.75,4600.0,18,-516.96,-477.0,13.25,stop,600,630,-1.0837735849056604,-1.0,82.67857142857143,NQ
2015-12-24,1,4628.5,4615.5,20,-544.4,-500.0,12.5,stop,710,775,-1.0888,-1.0,76.30357142857143,NQ
2015-12-28,-1,4590.5,4607.75,14,-500.08,-469.0,16.75,stop,600,810,-1.066268656716418,-1.0,69.625,NQ
2015-12-29,1,4665.25,4686.0,9,362.52,382.5,26.25,time,600,955,0.7672380952380952,0.8095238095238095,69.10714285714286,NQ
2015-12-30,-1,4661.0,4645.75,10,292.8,315.0,24.25,time,620,955,0.6037113402061856,0.6494845360824743,70.32142857142857,NQ
2015-12-31,-1,4606.75,4631.25,10,-502.2,-480.0,24.0,stop,625,740,-1.04625,-1.0,65.76785714285714,NQ
2016-01-04,-1,4451.25,4486.5,7,-502.04,-486.5,34.75,stop,600,955,-1.0319424460431654,-1.0,66.10714285714286,NQ
2016-01-05,-1,4481.0,4476.0,7,61.46,77.0,33.0,time,600,955,0.13303030303030303,0.16666666666666666,69.41071428571429,NQ
2016-01-06,1,4436.0,4436.25,7,-5.039999999999999,10.5,35.0,time,615,955,-0.010285714285714283,0.02142857142857143,66.625,NQ
2016-01-07,1,4380.25,4331.0,5,-498.6,-487.5,48.75,stop,630,790,-1.0227692307692309,-1.0,67.14285714285714,NQ
2016-01-08,-1,4320.5,4261.75,7,813.96,829.5,33.75,time,635,955,1.7226666666666668,1.7555555555555555,70.60714285714286,NQ
2016-01-11,-1,4253.25,4276.0,4,-186.88,-178.0,51.0,time,650,955,-0.4580392156862745,-0.4362745098039216,71.07142857142857,NQ
2016-01-12,-1,4305.75,4324.75,6,-235.32,-222.0,39.75,time,645,955,-0.49333333333333335,-0.46540880503144655,71.66071428571429,NQ
2016-01-13,-1,4315.5,4173.75,6,1693.68,1707.0,36.25,time,610,955,3.8935172413793104,3.924137931034483,74.05357142857143,NQ
2016-01-14,1,4203.75,4261.75,3,344.34,351.0,72.75,time,625,955,0.7888659793814432,0.8041237113402062,84.60714285714286,NQ
2016-01-19,-1,4151.25,4139.75,5,108.9,120.0,41.75,time,670,955,0.26083832335329343,0.2874251497005988,104.03571428571429,NQ
2016-01-20,-1,4036.5,4091.0,4,-440.88,-432.0,54.0,stop,600,830,-1.0205555555555554,-1.0,105.28571428571429,NQ
2016-01-21,1,4153.5,4130.75,3,-140.16,-133.5,65.0,time,610,955,-0.35938461538461536,-0.3423076923076923,115.69642857142857,NQ
2016-01-22,1,4230.25,4250.25,8,310.24,328.0,29.75,time,600,955,0.6517647058823529,0.6890756302521008,118.76785714285714,NQ
2016-01-25,1,4249.5,4228.5,12,-518.64,-492.0,20.5,stop,600,670,-1.0541463414634147,-1.0,116.33928571428571,NQ
2016-01-26,1,4214.5,4226.0,5,108.9,120.0,46.0,time,635,955,0.23673913043478262,0.2608695652173913,117.73214285714286,NQ
2016-01-27,-1,4173.25,4211.0,6,-460.32,-447.0,37.25,stop,600,725,-1.0297986577181208,-1.0,117.76785714285714,NQ
2016-01-28,-1,4154.25,4177.75,7,-337.54,-322.0,35.5,time,600,955,-0.6791549295774648,-0.647887323943662,116.41071428571429,NQ
2016-01-29,1,4223.5,4265.75,5,416.4,427.5,47.75,time,615,955,0.8720418848167539,0.8952879581151832,115.33928571428571,NQ
2016-02-01,-1,4231.5,4257.5,9,-478.98,-459.0,25.5,stop,600,640,-1.0435294117647058,-1.0,115.08928571428571,NQ
2016-02-03,-1,4149.25,4163.75,4,-120.88,-112.0,61.5,time,600,955,-0.24569105691056908,-0.22764227642276422,108.125,NQ
2016-02-04,1,4164.0,4163.0,4,-12.879999999999999,-4.0,50.25,time,610,955,-0.032039800995024875,-0.009950248756218905,104.125,NQ
2016-02-05,-1,4096.0,4017.5,4,623.12,632.0,54.0,time,615,955,1.4424074074074074,1.462962962962963,96.73214285714286,NQ
2016-02-08,-1,3916.75,3953.75,6,-451.32,-438.0,36.5,stop,625,940,-1.0304109589041095,-1.0,107.35714285714286,NQ
2016-02-09,1,3987.5,3943.0,2,-180.44,-176.0,89.75,time,600,955,-0.5026183844011142,-0.49025069637883006,109.66071428571429,NQ
2016-02-10,1,4021.5,3972.0,5,-501.1,-490.0,49.0,stop,615,925,-1.0226530612244897,-1.0,103.83928571428571,NQ
2016-02-11,-1,3897.5,3956.5,4,-476.88,-468.0,58.5,stop,690,890,-1.018974358974359,-1.0,103.39285714285714,NQ
2016-02-12,1,4010.0,4013.0,5,23.9,35.0,47.0,time,685,955,0.050851063829787234,0.07446808510638298,101.01785714285714,NQ
2016-02-16,-1,4066.5,4093.25,9,-492.48,-472.5,26.25,stop,600,785,-1.0422857142857143,-1.0,99.44642857142857,NQ
2016-02-17,1,4147.75,4196.5,10,962.8,985.0,24.5,time,605,955,1.9648979591836733,2.010204081632653,94.41071428571429,NQ
2016-02-18,-1,4178.75,4150.75,7,383.46,399.0,32.75,time,605,955,0.8363358778625953,0.8702290076335878,95.85714285714286,NQ
2016-02-19,1,4158.25,4162.75,6,46.68,60.0,37.75,time,615,955,0.10304635761589404,0.13245033112582782,94.10714285714286,NQ
2016-02-22,1,4225.75,4228.75,8,38.24,56.0,28.75,time,600,955,0.0831304347826087,0.12173913043478261,93.39285714285714,NQ
2016-02-23,-1,4192.5,4161.25,10,612.8,635.0,23.75,time,605,955,1.2901052631578946,1.3368421052631578,90.96428571428571,NQ
2016-02-24,1,4124.25,4198.75,7,1034.46,1050.0,34.75,time,700,955,2.1263309352517985,2.158273381294964,87.5,NQ
2016-02-25,-1,4174.75,4216.0,6,-502.32,-489.0,40.75,stop,605,820,-1.027239263803681,-1.0,90.19642857142857,NQ
2016-02-26,-1,4253.25,4234.75,12,429.36,456.0,20.25,time,600,955,0.8834567901234568,0.9382716049382716,83.58928571428571,NQ
2016-02-29,1,4250.0,4224.5,10,-522.2,-500.0,25.0,stop,675,860,-1.0444,-1.0,77.48214285714286,NQ
2016-03-01,1,4250.5,4332.0,9,1456.02,1476.0,26.25,time,600,955,3.0815238095238096,3.123809523809524,74.53571428571429,NQ
2016-03-02,-1,4309.0,4333.0,10,-492.2,-470.0,23.5,stop,710,955,-1.0472340425531914,-1.0,77.07142857142857,NQ
2016-03-03,-1,4305.0,4325.25,9,-375.48,-355.5,25.25,time,610,955,-0.8261386138613862,-0.7821782178217822,73.21428571428571,NQ
2016-03-04,1,4336.25,4326.5,6,-124.32,-111.0,38.0,time,670,955,-0.2726315789473684,-0.24342105263157895,71.55357142857143,NQ
2016-03-07,-1,4288.5,4312.0,10,-482.2,-460.0,23.0,stop,625,680,-1.0482608695652174,-1.0,70.76785714285714,NQ
2016-03-08,1,4295.25,4258.5,6,-448.32,-435.0,36.25,stop,715,955,-1.0306206896551724,-1.0,71.30357142857143,NQ
2016-03-09,1,4288.5,4291.75,7,36.96,52.5,31.5,time,635,955,0.0838095238095238,0.11904761904761904,67.64285714285714,NQ
2016-03-10,-1,4297.5,4287.0,7,138.46,154.0,35.25,time,630,955,0.28056737588652486,0.3120567375886525,65.39285714285714,NQ
2016-03-11,-1,4320.5,4340.25,12,-488.64,-462.0,19.25,stop,605,630,-1.0576623376623375,-1.0,68.98214285714286,NQ
2016-03-14,1,4349.25,4358.0,17,276.76,314.5,14.5,time,625,955,0.5613793103448276,0.6379310344827587,69.23214285714286,NQ
2016-03-15,-1,4331.5,4350.0,13,-496.86,-468.0,18.0,stop,600,630,-1.0616666666666668,-1.0,66.64285714285714,NQ
2016-03-16,1,4366.75,4396.5,12,699.36,726.0,19.75,time,605,955,1.4754430379746837,1.5316455696202531,60.392857142857146,NQ
2016-03-17,-1,4371.75,4394.75,11,-519.42,-495.0,22.5,stop,610,745,-1.0493333333333332,-1.0,59.767857142857146,NQ
2016-03-18,1,4409.25,4400.0,7,-138.04,-122.5,33.25,time,675,955,-0.2965413533834586,-0.2631578947368421,58.892857142857146,NQ
2016-03-22,1,4417.75,4429.25,9,196.02,216.0,26.5,time,625,955,0.4109433962264151,0.4528301886792453,49.517857142857146,NQ
2016-03-23,-1,4405.5,4394.0,12,261.36,288.0,19.25,time,655,955,0.5657142857142857,0.6233766233766234,50.57142857142857,NQ
2016-03-24,1,4385.0,4394.75,12,219.36,246.0,19.5,time,635,955,0.46871794871794875,0.5256410256410257,51.107142857142854,NQ
2016-03-29,1,4387.5,4459.25,18,2561.04,2601.0,13.25,time,600,955,5.3690566037735845,5.452830188679245,46.910714285714285,NQ
2016-03-30,-1,4478.75,4482.75,8,-73.76,-56.0,30.5,time,690,955,-0.15114754098360655,-0.11475409836065574,49.57142857142857,NQ
2016-03-31,1,4487.75,4473.25,17,-513.74,-476.0,14.0,stop,610,845,-1.0792857142857144,-1.0,50.607142857142854,NQ
2016-04-01,1,4466.25,4522.5,10,1112.8,1135.0,24.5,time,600,955,2.271020408163265,2.316326530612245,45.0,NQ
2016-04-04,1,4524.75,4508.75,16,-531.52,-496.0,15.5,stop,605,645,-1.0716129032258064,-1.0,45.625,NQ
2016-04-05,1,4483.25,4457.5,9,-474.48,-454.5,25.25,stop,605,740,-1.043960396039604,-1.0,45.267857142857146,NQ
2016-04-06,1,4485.0,4536.0,14,1410.92,1442.0,17.5,time,600,955,2.8794285714285714,2.942857142857143,46.30357142857143,NQ
2016-04-07,-1,4498.0,4469.0,12,681.36,708.0,19.25,time,610,955,1.4748051948051948,1.5324675324675325,47.25,NQ
2016-04-08,1,4505.0,4484.5,12,-506.64,-480.0,20.0,stop,600,655,-1.0554999999999999,-1.0,50.75,NQ
2016-04-11,1,4507.0,4479.75,9,-501.48,-481.5,26.75,stop,605,690,-1.0414953271028038,-1.0,52.410714285714285,NQ
2016-04-12,-1,4438.25,4460.25,11,-497.42,-473.0,21.5,stop,605,650,-1.0516279069767442,-1.0,54.375,NQ
2016-04-13,1,4544.5,4546.25,9,20.52,40.5,26.75,time,615,955,0.04261682242990654,0.08411214953271028,55.910714285714285,NQ
2016-04-14,1,4551.0,4546.5,15,-153.3,-120.0,16.25,time,650,955,-0.31446153846153846,-0.24615384615384617,57.25,NQ
2016-04-15,1,4548.75,4533.0,16,-523.52,-488.0,15.25,stop,645,790,-1.0727868852459017,-1.0,57.017857142857146,NQ
2016-04-18,1,4544.75,4559.0,9,245.52,265.5,25.25,time,600,955,0.5401980198019802,0.5841584158415841,57.142857142857146,NQ
2016-04-19,-1,4524.5,4532.5,5,-86.1,-75.0,44.0,time,710,955,-0.19568181818181818,-0.17045454545454544,53.75,NQ
2016-04-20,1,4547.5,4534.0,7,-197.54,-182.0,31.75,time,675,955,-0.4444094488188976,-0.4094488188976378,54.55357142857143,NQ
2016-04-21,1,4541.75,4534.75,9,-136.98,-117.0,27.25,time,635,955,-0.27926605504587154,-0.23853211009174313,55.55357142857143,NQ
2016-04-22,-1,4469.25,4467.0,9,29.52,49.5,27.5,time,610,955,0.05963636363636363,0.1,52.285714285714285,NQ
2016-04-25,-1,4449.25,4467.5,14,-528.08,-497.0,17.75,stop,615,955,-1.0625352112676056,-1.0,57.517857142857146,NQ
2016-04-26,-1,4464.0,4446.25,12,411.36,438.0,20.0,time,620,955,0.857,0.9125,55.732142857142854,NQ
2016-04-27,-1,4386.5,4418.75,7,-460.04,-444.5,31.75,stop,610,945,-1.03496062992126,-1.0,54.17857142857143,NQ
2016-04-28,1,4429.0,4407.75,12,-524.64,-498.0,20.75,stop,600,790,-1.0534939759036144,-1.0,53.339285714285715,NQ
2016-04-29,-1,4320.0,4331.25,5,-118.6,-107.5,43.5,time,650,955,-0.2726436781609195,-0.2471264367816092,55.892857142857146,NQ
2016-05-02,1,4345.75,4371.75,13,660.14,689.0,19.0,time,615,955,1.3363157894736841,1.394736842105263,56.410714285714285,NQ
2016-05-03,-1,4322.5,4351.75,8,-477.76,-460.0,28.75,stop,610,800,-1.0386086956521738,-1.0,55.214285714285715,NQ
2016-05-04,1,4316.25,4299.75,15,-513.3,-480.0,16.0,stop,610,685,-1.069375,-1.0,54.32142857142857,NQ
2016-05-05,1,4324.25,4302.0,11,-502.92,-478.5,21.75,stop,610,625,-1.0510344827586207,-1.0,55.035714285714285,NQ
2016-05-06,-1,4276.75,4311.0,7,-488.04,-472.5,33.75,stop,645,835,-1.032888888888889,-1.0,55.5,NQ
2016-05-09,1,4350.25,4335.0,9,-285.48,-265.5,27.25,time,605,955,-0.5820183486238533,-0.5412844036697247,56.0,NQ
2016-05-10,1,4366.25,4396.25,11,646.58,671.0,22.5,time,630,955,1.3062222222222224,1.3555555555555556,53.982142857142854,NQ
2016-05-11,1,4393.75,4381.25,20,-524.4,-480.0,12.0,stop,610,660,-1.0925,-1.0,55.625,NQ
2016-05-12,-1,4342.0,4337.5,8,62.24,80.0,29.75,time,615,955,0.1307563025210084,0.16806722689075632,56.375,NQ
2016-05-13,1,4357.5,4332.75,10,-507.2,-485.0,24.25,stop,685,805,-1.0457731958762886,-1.0,53.67857142857143,NQ
2016-05-16,1,4345.25,4375.75,11,657.58,682.0,21.5,time,635,955,1.390232558139535,1.441860465116279,55.464285714285715,NQ
2016-05-17,-1,4356.0,4320.0,8,566.24,584.0,28.5,time,605,955,1.2417543859649123,1.280701754385965,56.732142857142854,NQ
2016-05-18,1,4340.5,4312.0,8,-465.76,-448.0,28.0,stop,610,865,-1.039642857142857,-1.0,56.94642857142857,NQ
2016-05-19,-1,4294.75,4314.0,7,-278.04,-262.5,34.5,time,605,955,-0.5756521739130436,-0.5434782608695652,54.375,NQ
2016-05-20,1,4361.75,4360.5,7,-26.04,-10.5,33.0,time,600,955,-0.05636363636363636,-0.022727272727272728,53.5,NQ
2016-05-24,1,4408.75,4443.0,8,538.24,556.0,30.75,time,600,955,1.0939837398373984,1.1300813008130082,52.75,NQ
2016-05-25,1,4474.25,4475.0,11,3.08,27.5,21.75,time,610,955,0.006436781609195402,0.05747126436781609,56.839285714285715,NQ
2016-05-27,1,4504.25,4511.0,18,221.04,261.0,13.5,time,600,955,0.4548148148148148,0.5370370370370371,55.892857142857146,NQ
2016-05-31,1,4525.25,4513.5,20,-494.4,-450.0,11.25,stop,605,640,-1.0986666666666667,-1.0,51.660714285714285,NQ
2016-06-01,1,4514.0,4520.25,20,225.6,270.0,10.25,time,600,955,0.5502439024390243,0.6585365853658537,50.357142857142854,NQ
2016-06-02,1,4515.75,4529.25,8,206.24,224.0,29.25,time,665,955,0.4406837606837607,0.47863247863247865,47.642857142857146,NQ
2016-06-03,-1,4492.0,4509.0,8,-281.76,-264.0,31.25,time,600,955,-0.56352,-0.528,47.375,NQ
2016-06-06,1,4529.75,4510.75,13,-509.86,-481.0,18.5,stop,665,770,-1.06,-1.0,45.982142857142854,NQ
2016-06-07,-1,4519.75,4532.25,20,-524.4,-480.0,12.0,stop,650,785,-1.0925,-1.0,42.482142857142854,NQ
2016-06-08,-1,4517.0,4520.75,19,-165.68,-123.5,13.0,time,605,955,-0.3353846153846154,-0.25,39.82142857142857,NQ
2016-06-10,1,4479.5,4464.25,16,-507.52,-472.0,14.75,stop,630,750,-1.0752542372881355,-1.0,35.05357142857143,NQ
2016-06-13,1,4451.5,4426.75,10,-507.2,-485.0,24.25,stop,630,710,-1.0457731958762886,-1.0,37.625,NQ
2016-06-14,-1,4401.25,4417.75,8,-273.76,-256.0,30.0,time,645,955,-0.5703333333333334,-0.5333333333333333,34.339285714285715,NQ
2016-06-15,-1,4418.25,4431.0,20,-534.4,-490.0,12.25,stop,620,840,-1.0906122448979592,-1.0,34.517857142857146,NQ
2016-06-16,-1,4363.0,4385.25,11,-502.92,-478.5,21.75,stop,600,745,-1.0510344827586207,-1.0,35.5,NQ
2016-06-17,-1,4374.0,4364.75,7,120.96000000000001,136.5,34.25,time,620,955,0.25226277372262773,0.2846715328467153,38.589285714285715,NQ
2016-06-20,1,4432.75,4414.25,13,-496.86,-468.0,18.0,stop,600,865,-1.0616666666666668,-1.0,42.19642857142857,NQ
2016-06-21,-1,4394.5,4411.5,15,-528.3,-495.0,16.5,stop,655,875,-1.0672727272727272,-1.0,45.232142857142854,NQ
2016-06-22,1,4416.25,4400.5,16,-523.52,-488.0,15.25,stop,630,785,-1.0727868852459017,-1.0,45.05357142857143,NQ
2016-06-23,1,4434.75,4457.75,10,447.8,470.0,23.75,time,650,955,0.9427368421052632,0.9894736842105263,45.0,NQ
2016-06-27,-1,4206.25,4190.0,6,187.68,201.0,37.25,time,605,955,0.41986577181208057,0.44966442953020136,57.892857142857146,NQ
2016-06-29,1,4333.75,4355.25,11,459.58,484.0,22.5,time,615,955,0.9284444444444444,0.9777777777777777,68.71428571428571,NQ
2016-06-30,1,4373.75,4409.75,11,778.58,803.0,22.25,time,655,955,1.590561797752809,1.6404494382022472,72.94642857142857,NQ
2016-07-01,1,4435.5,4428.0,7,-113.53999999999999,-98.0,31.75,time,600,955,-0.2554330708661417,-0.2204724409448819,72.57142857142857,NQ
2016-07-04,1,4439.0,4433.75,20,-234.4,-190.0,4.75,stop,630,685,-1.2336842105263157,-1.0,72.05357142857143,NQ
2016-07-06,1,4400.25,4438.5,7,526.96,542.5,33.0,time,600,955,1.1406060606060606,1.1742424242424243,71.19642857142857,NQ
2016-07-07,-1,4440.5,4451.25,12,-272.64,-246.0,20.5,time,660,955,-0.5541463414634146,-0.5,71.55357142857143,NQ
2016-07-08,1,4497.25,4520.0,8,354.24,372.0,29.75,time,605,955,0.7442016806722689,0.7815126050420168,69.26785714285714,NQ
2016-07-11,1,4556.0,4547.0,12,-230.64,-204.0,20.5,time,670,955,-0.468780487804878,-0.4146341463414634,69.26785714285714,NQ
2016-07-12,-1,4569.25,4570.75,20,-84.4,-40.0,12.5,time,605,955,-0.1688,-0.08,70.51785714285714,NQ
2016-07-13,1,4583.0,4566.25,15,-520.8,-487.5,16.25,stop,640,690,-1.0683076923076922,-1.0,69.92857142857143,NQ
2016-07-14,1,4592.0,4578.75,19,-526.68,-484.5,12.75,stop,605,795,-1.0870588235294116,-1.0,67.125,NQ
2016-07-15,-1,4588.0,4582.5,16,156.48,192.0,15.25,time,610,955,0.320655737704918,0.39344262295081966,56.05357142857143,NQ
2016-07-18,1,4599.5,4612.75,16,404.48,440.0,14.75,time,600,955,0.8569491525423729,0.9322033898305084,50.607142857142854,NQ
2016-07-20,1,4632.0,4650.0,15,521.7,555.0,16.25,time,600,955,1.0701538461538462,1.1384615384615384,42.517857142857146,NQ
2016-07-21,-1,4647.25,4640.0,16,212.48,248.0,14.75,time,695,955,0.4501694915254237,0.5254237288135594,42.589285714285715,NQ
2016-07-22,1,4646.0,4658.5,14,332.92,364.0,17.25,time,605,955,0.6892753623188406,0.7536231884057971,42.07142857142857,NQ
2016-07-25,-1,4648.75,4660.0,20,-474.4,-430.0,11.5,time,610,955,-1.0313043478260868,-0.9347826086956522,43.714285714285715,NQ
2016-07-26,1,4679.75,4657.25,11,-508.42,-484.0,22.0,stop,600,650,-1.0504545454545455,-1.0,40.44642857142857,NQ
2016-07-27,-1,4690.0,4705.5,16,-515.52,-480.0,15.0,stop,640,905,-1.074,-1.0,38.125,NQ
2016-07-29,-1,4710.0,4731.5,11,-486.42,-462.0,21.0,stop,600,665,-1.052857142857143,-1.0,36.017857142857146,NQ
2016-08-01,1,4738.75,4748.0,14,241.92000000000002,273.0,17.5,time,605,955,0.49371428571428577,0.5571428571428572,34.892857142857146,NQ
2016-08-02,-1,4724.25,4713.0,11,234.08,258.5,21.5,time,605,955,0.4948837209302326,0.5465116279069767,35.214285714285715,NQ
2016-08-03,1,4723.0,4728.25,14,129.92000000000002,161.0,16.75,time,610,955,0.2770149253731344,0.34328358208955223,38.19642857142857,NQ
2016-08-04,-1,4715.75,4738.5,11,-513.92,-489.5,22.25,stop,605,650,-1.0498876404494382,-1.0,36.964285714285715,NQ
2016-08-05,1,4791.25,4786.25,8,-89.76,-72.0,31.25,time,600,955,-0.17952,-0.144,36.964285714285715,NQ
2016-08-08,-1,4777.25,4782.0,19,-203.68,-161.5,13.0,time,600,955,-0.4123076923076923,-0.3269230769230769,38.160714285714285,NQ
2016-08-09,1,4800.5,4792.25,13,-230.36,-201.5,18.25,time,615,955,-0.48547945205479454,-0.4246575342465753,38.125,NQ
2016-08-10,-1,4780.75,4780.5,16,-11.52,24.0,15.5,time,670,955,-0.0232258064516129,0.04838709677419355,35.5,NQ
2016-08-11,-1,4790.75,4800.75,12,-254.64,-228.0,20.0,time,605,955,-0.5305,-0.475,35.05357142857143,NQ
2016-08-12,1,4799.5,4803.5,20,135.6,180.0,12.25,time,660,955,0.276734693877551,0.3673469387755102,34.67857142857143,NQ
2016-08-15,1,4827.0,4824.0,13,-93.86,-65.0,19.0,time,620,955,-0.19,-0.13157894736842105,34.69642857142857,NQ
2016-08-17,-1,4781.5,4801.5,12,-494.64,-468.0,19.5,stop,600,820,-1.0569230769230769,-1.0,32.82142857142857,NQ
2016-08-18,1,4810.75,4795.25,16,-515.52,-480.0,15.0,stop,615,755,-1.074,-1.0,33.285714285714285,NQ
2016-08-19,1,4803.25,4805.25,13,36.14,65.0,18.0,time,620,955,0.07722222222222222,0.1388888888888889,32.839285714285715,NQ
2016-08-22,1,4812.25,4808.25,11,-101.42,-77.0,22.5,time,615,955,-0.2048888888888889,-0.15555555555555556,32.30357142857143,NQ
2016-08-23,-1,4823.75,4818.0,19,195.32,237.5,12.75,time,665,955,0.4031372549019608,0.49019607843137253,29.589285714285715,NQ
2016-08-24,-1,4811.0,4785.5,20,995.6,1040.0,10.0,time,620,955,2.489,2.6,29.982142857142858,NQ
2016-08-25,1,4784.75,4777.25,15,-243.3,-210.0,16.25,time,620,955,-0.4990769230769231,-0.4307692307692308,31.375,NQ
2016-08-26,1,4811.25,4779.75,8,-513.76,-496.0,31.0,stop,615,710,-1.0358064516129033,-1.0,29.196428571428573,NQ
2016-08-29,1,4802.0,4791.5,16,-355.52,-320.0,15.5,time,705,955,-0.716774193548387,-0.6451612903225806,31.767857142857142,NQ
2016-08-30,-1,4780.0,4777.5,13,49.14,78.0,18.25,time,610,955,0.10356164383561645,0.1643835616438356,31.392857142857142,NQ
2016-09-01,-1,4768.75,4787.0,14,-528.08,-497.0,17.75,stop,620,800,-1.0625352112676056,-1.0,31.714285714285715,NQ
2016-09-02,1,4816.25,4799.0,14,-500.08,-469.0,16.75,stop,600,685,-1.066268656716418,-1.0,33.32142857142857,NQ
2016-09-06,1,4818.25,4798.75,13,-522.86,-494.0,19.0,stop,600,620,-1.058421052631579,-1.0,32.875,NQ
2016-09-07,1,4839.0,4828.0,20,-464.4,-420.0,10.5,stop,625,645,-1.1057142857142856,-1.0,32.910714285714285,NQ
2016-09-09,-1,4754.25,4681.0,13,1888.64,1917.5,18.0,time,635,955,4.035555555555556,4.097222222222222,34.017857142857146,NQ
2016-09-12,1,4700.5,4760.5,5,593.9,605.0,49.25,time,600,955,1.2058883248730965,1.2284263959390862,40.69642857142857,NQ
2016-09-13,-1,4724.0,4718.5,8,78.24,96.0,28.0,time,600,955,0.17464285714285713,0.21428571428571427,47.089285714285715,NQ
2016-09-14,1,4747.5,4741.75,10,-127.2,-105.0,24.75,time,605,955,-0.25696969696969696,-0.21212121212121213,48.125,NQ
2016-09-15,1,4764.25,4816.5,10,1032.8,1055.0,22.75,time,605,955,2.2698901098901096,2.318681318681319,49.82142857142857,NQ
2016-09-16,-1,4795.0,4817.75,11,-513.92,-489.5,22.25,stop,600,945,-1.0498876404494382,-1.0,51.392857142857146,NQ
2016-09-19,-1,4820.75,4792.25,14,780.92,812.0,17.75,time,635,955,1.5712676056338026,1.6338028169014085,52.035714285714285,NQ
2016-09-20,-1,4801.0,4801.75,13,-35.36,-6.5,18.0,time,630,955,-0.07555555555555556,-0.013888888888888888,53.375,NQ
2016-09-21,1,4826.25,4815.5,20,-454.4,-410.0,10.25,stop,600,665,-1.1082926829268291,-1.0,53.57142857142857,NQ
2016-09-22,1,4882.5,4886.5,20,135.6,180.0,11.25,time,625,955,0.30133333333333334,0.4,55.160714285714285,NQ
2016-09-23,-1,4868.5,4855.5,20,495.6,540.0,12.5,time,605,955,0.9912000000000001,1.08,55.660714285714285,NQ
2016-09-26,1,4829.5,4811.5,14,-521.08,-490.0,17.5,stop,610,690,-1.0634285714285716,-1.0,57.285714285714285,NQ
2016-09-27,1,4848.0,4862.0,6,160.68,174.0,40.75,time,600,955,0.32858895705521474,0.3558282208588957,58.089285714285715,NQ
2016-09-28,-1,4859.5,4869.0,20,-404.4,-360.0,9.0,stop,610,865,-1.1233333333333333,-1.0,60.267857142857146,NQ
2016-09-29,-1,4849.0,4834.0,14,402.92,434.0,17.75,time,605,955,0.8107042253521127,0.8732394366197183,59.32142857142857,NQ
2016-09-30,-1,4844.0,4858.75,17,-522.24,-484.5,14.25,stop,620,645,-1.0778947368421052,-1.0,54.767857142857146,NQ
2016-10-03,1,4865.75,4847.75,14,-521.08,-490.0,17.5,stop,645,710,-1.0634285714285716,-1.0,50.05357142857143,NQ
2016-10-04,-1,4867.75,4856.0,12,267.36,294.0,20.0,time,610,955,0.557,0.6125,47.30357142857143,NQ
2016-10-05,1,4881.25,4872.75,17,-309.74,-272.0,14.0,time,605,955,-0.6507142857142857,-0.5714285714285714,47.464285714285715,NQ
2016-10-06,-1,4847.75,4871.0,10,-477.2,-455.0,22.75,stop,665,705,-1.0487912087912088,-1.0,43.92857142857143,NQ
2016-10-07,-1,4849.25,4859.25,7,-148.54,-133.0,31.5,time,695,955,-0.3368253968253968,-0.30158730158730157,44.30357142857143,NQ
2016-10-10,1,4899.0,4890.0,15,-288.3,-255.0,16.25,time,640,955,-0.5913846153846154,-0.5230769230769231,43.5,NQ
2016-10-11,-1,4853.25,4817.75,7,488.46,504.0,34.0,time,610,955,1.0261764705882352,1.0588235294117647,44.5,NQ
2016-10-14,-1,4818.0,4803.75,10,272.8,295.0,22.75,time,685,955,0.5995604395604396,0.6483516483516484,47.339285714285715,NQ
2016-10-17,1,4808.5,4790.5,10,-372.2,-350.0,24.0,time,625,955,-0.7754166666666666,-0.7291666666666666,47.035714285714285,NQ
2016-10-18,-1,4832.5,4850.75,14,-528.08,-497.0,17.75,stop,620,710,-1.0625352112676056,-1.0,44.80357142857143,NQ
2016-10-19,1,4836.0,4832.0,20,-184.4,-140.0,11.5,time,625,955,-0.4008695652173913,-0.30434782608695654,47.5,NQ
2016-10-20,1,4835.0,4807.0,9,-514.98,-495.0,27.5,stop,600,635,-1.0403636363636364,-1.0,44.482142857142854,NQ
2016-10-21,1,4837.75,4845.0,10,132.8,155.0,22.75,time,665,955,0.2918681318681319,0.34065934065934067,43.57142857142857,NQ
2016-10-24,1,4891.75,4903.5,15,334.2,367.5,15.75,time,615,955,0.7073015873015873,0.7777777777777778,44.05357142857143,NQ
2016-10-25,-1,4894.0,4887.0,20,255.6,300.0,12.25,time,640,955,0.5216326530612245,0.6122448979591837,44.80357142857143,NQ
2016-10-26,1,4863.75,4841.25,11,-508.42,-484.0,22.0,stop,635,845,-1.0504545454545455,-1.0,44.392857142857146,NQ
2016-10-27,-1,4864.0,4832.75,16,980.48,1016.0,15.5,time,600,955,1.9767741935483871,2.0483870967741935,45.267857142857146,NQ
2016-10-28,1,4837.5,4799.25,6,-466.32,-453.0,37.75,stop,630,815,-1.0294039735099338,-1.0,45.910714285714285,NQ
2016-10-31,-1,4803.25,4797.25,15,161.7,195.0,15.75,time,630,955,0.3422222222222222,0.4126984126984127,46.92857142857143,NQ
2016-11-01,-1,4784.5,4760.5,11,514.58,539.0,21.5,time,610,955,1.0879069767441862,1.1395348837209303,42.07142857142857,NQ
2016-11-02,-1,4748.25,4721.25,14,738.92,770.0,17.5,time,630,955,1.508,1.5714285714285714,46.07142857142857,NQ
2016-11-03,-1,4708.0,4676.0,11,690.58,715.0,21.25,time,615,955,1.4771764705882353,1.5294117647058822,45.875,NQ
2016-11-04,1,4687.0,4657.25,7,-425.04,-409.5,35.5,time,635,955,-0.8552112676056338,-0.823943661971831,46.982142857142854,NQ
2016-11-07,1,4741.75,4770.0,16,884.48,920.0,15.25,time,605,955,1.8124590163934426,1.8852459016393444,48.267857142857146,NQ
2016-11-08,1,4768.25,4801.25,16,1036.48,1072.0,15.25,time,645,955,2.1239344262295083,2.19672131147541,51.875,NQ
2016-11-09,1,4815.5,4820.5,3,26.34,33.0,77.25,time,690,955,0.0568284789644013,0.07119741100323625,55.714285714285715,NQ
2016-11-10,-1,4806.75,4742.5,5,636.4,647.5,44.5,time,600,955,1.4301123595505618,1.4550561797752808,59.482142857142854,NQ
2016-11-11,1,4740.25,4746.0,7,71.96000000000001,87.5,34.0,time,605,955,0.1511764705882353,0.18382352941176472,69.41071428571429,NQ
2016-11-14,-1,4700.5,4697.5,5,23.9,35.0,50.0,time,600,955,0.047799999999999995,0.07,68.55357142857143,NQ
2016-11-15,1,4761.5,4763.25,7,15.96,31.5,35.25,time,600,955,0.03234042553191489,0.06382978723404255,72.19642857142857,NQ
2016-11-16,1,4780.25,4790.75,6,118.68,132.0,39.25,time,620,955,0.25197452229299366,0.2802547770700637,74.67857142857143,NQ
2016-11-17,1,4800.75,4826.0,11,542.08,566.5,22.5,time,645,955,1.0951111111111111,1.1444444444444444,74.58928571428571,NQ
2016-11-18,-1,4816.25,4807.75,10,157.8,180.0,24.0,time,615,955,0.32875000000000004,0.375,74.01785714285714,NQ
2016-11-21,1,4853.0,4857.75,7,57.96,73.5,35.5,time,715,955,0.11661971830985916,0.14788732394366197,74.96428571428571,NQ
2016-11-22,-1,4867.0,4873.0,14,-185.07999999999998,-154.0,17.5,time,645,955,-0.37771428571428567,-0.3142857142857143,72.60714285714286,NQ
2016-11-23,-1,4834.75,4852.5,9,-330.48,-310.5,27.0,time,680,955,-0.68,-0.6388888888888888,70.375,NQ
2016-11-28,1,4872.25,4857.5,12,-368.64,-342.0,20.25,time,625,955,-0.7585185185185185,-0.7037037037037037,60.035714285714285,NQ
2016-11-29,1,4868.0,4873.75,12,123.36,150.0,20.25,time,620,955,0.25382716049382714,0.30864197530864196,57.05357142857143,NQ
2016-11-30,-1,4860.0,4813.25,11,1015.08,1039.5,21.25,time,600,955,2.171294117647059,2.223529411764706,54.089285714285715,NQ
2016-12-01,-1,4771.5,4733.0,5,378.9,390.0,42.75,time,620,955,0.8863157894736842,0.9122807017543859,46.69642857142857,NQ
2016-12-02,-1,4722.0,4739.25,6,-214.32,-201.0,36.75,time,610,955,-0.4859863945578231,-0.4557823129251701,49.660714285714285,NQ
2016-12-05,1,4783.5,4776.5,6,-91.32,-78.0,41.5,time,600,955,-0.1833734939759036,-0.1566265060240964,46.875,NQ
2016-12-06,1,4793.0,4768.0,10,-512.2,-490.0,24.5,stop,600,705,-1.0453061224489797,-1.0,45.07142857142857,NQ
2016-12-07,1,4785.75,4849.25,11,1383.58,1408.0,22.0,time,620,955,2.8586363636363634,2.909090909090909,43.267857142857146,NQ
2016-12-08,1,4865.75,4857.5,10,-177.2,-155.0,24.75,time,665,955,-0.35797979797979795,-0.31313131313131315,46.30357142857143,NQ
2016-12-09,1,4896.0,4894.75,12,-44.64,-18.0,20.5,time,635,955,-0.09073170731707317,-0.036585365853658534,45.67857142857143,NQ
2016-12-12,-1,4860.5,4873.25,13,-347.36,-318.5,18.5,time,625,955,-0.7221621621621622,-0.6621621621621622,44.625,NQ
2016-12-13,1,4946.5,4934.25,4,-102.88,-94.0,60.0,time,625,955,-0.21433333333333332,-0.19583333333333333,45.75,NQ
2016-12-14,-1,4938.0,4951.0,20,-544.4,-500.0,12.5,stop,665,815,-1.0888,-1.0,49.035714285714285,NQ
2016-12-15,1,4948.25,4923.5,10,-507.2,-485.0,24.25,stop,660,835,-1.0457731958762886,-1.0,51.357142857142854,NQ
2016-12-16,-1,4928.5,4914.75,10,262.8,285.0,23.0,time,630,955,0.571304347826087,0.6195652173913043,53.125,NQ
2016-12-19,1,4947.0,4935.25,7,-173.04,-157.5,34.25,time,635,955,-0.3608759124087591,-0.3284671532846715,54.517857142857146,NQ
2016-12-21,-1,4945.75,4950.25,18,-183.96,-144.0,13.75,time,645,955,-0.37163636363636365,-0.2909090909090909,51.839285714285715,NQ
2016-12-22,-1,4925.75,4936.25,9,-199.98,-180.0,26.5,time,700,955,-0.4192452830188679,-0.37735849056603776,46.75,NQ
2016-12-23,-1,4927.75,4941.0,19,-526.68,-484.5,12.75,stop,650,955,-1.0870588235294116,-1.0,46.5,NQ
2016-12-28,-1,4944.75,4924.75,7,271.46,287.0,34.0,time,605,955,0.5702941176470587,0.6029411764705882,45.625,NQ
2016-12-29,-1,4914.0,4916.25,12,-68.64,-42.0,19.25,time,645,955,-0.14857142857142858,-0.09090909090909091,43.30357142857143,NQ
2016-12-30,-1,4879.0,4866.25,5,121.4,132.5,47.25,time,615,955,0.25693121693121695,0.2804232804232804,43.55357142857143,NQ
2017-01-03,1,4924.75,4885.5,6,-478.32,-465.0,38.75,stop,605,700,-1.0286451612903225,-1.0,46.17857142857143,NQ
2017-01-06,1,4980.0,5003.25,9,407.52,427.5,27.25,time,600,955,0.8308256880733944,0.8715596330275229,42.839285714285715,NQ
2017-01-09,1,5021.25,5020.5,15,-40.8,-7.5,16.25,time,675,955,-0.08369230769230769,-0.015384615384615385,44.42857142857143,NQ
2017-01-10,1,5035.0,5031.75,10,-77.2,-55.0,23.75,time,660,955,-0.16252631578947369,-0.11578947368421053,42.892857142857146,NQ
2017-01-11,1,5039.75,5027.75,20,-504.4,-460.0,11.5,stop,630,680,-1.0965217391304347,-1.0,41.625,NQ
2017-01-12,-1,5001.25,5029.5,9,-519.48,-499.5,27.75,stop,605,825,-1.04,-1.0,42.375,NQ
2017-01-13,1,5060.25,5054.5,12,-152.64,-126.0,20.0,time,685,955,-0.31799999999999995,-0.2625,44.82142857142857,NQ
2017-01-17,1,5044.5,5040.25,12,-116.64,-90.0,19.25,time,630,955,-0.25246753246753245,-0.19480519480519481,43.17857142857143,NQ
2017-01-18,1,5053.5,5037.0,15,-513.3,-480.0,16.0,stop,600,715,-1.069375,-1.0,41.089285714285715,NQ
2017-01-19,-1,5052.5,5047.0,11,107.58,132.0,22.0,time,630,955,0.22227272727272726,0.2727272727272727,38.357142857142854,NQ
2017-01-20,-1,5064.0,5057.25,13,159.64,188.5,18.75,time,625,955,0.32746666666666663,0.38666666666666666,38.785714285714285,NQ
2017-01-23,-1,5047.75,5061.75,11,-321.42,-297.0,21.75,time,615,955,-0.6717241379310345,-0.6206896551724138,36.05357142857143,NQ
2017-01-24,-1,5064.75,5079.5,17,-522.24,-484.5,14.25,stop,600,785,-1.0778947368421052,-1.0,34.482142857142854,NQ
2017-01-25,1,5133.75,5146.75,20,495.6,540.0,10.0,time,605,955,1.239,1.35,35.017857142857146,NQ
2017-01-26,-1,5147.5,5152.5,16,-179.52,-144.0,15.5,time,625,955,-0.36193548387096774,-0.2903225806451613,36.267857142857146,NQ
2017-01-27,-1,5147.25,5162.5,12,-380.64,-354.0,20.0,time,605,955,-0.7929999999999999,-0.7375,32.982142857142854,NQ
2017-01-30,-1,5098.5,5123.75,5,-258.6,-247.5,47.0,time,610,955,-0.5502127659574468,-0.526595744680851,32.660714285714285,NQ
2017-01-31,-1,5090.75,5112.75,11,-497.42,-473.0,21.5,stop,600,945,-1.0516279069767442,-1.0,34.92857142857143,NQ
2017-02-01,-1,5143.5,5147.0,17,-139.74,-102.0,14.5,time,600,955,-0.283448275862069,-0.20689655172413793,35.07142857142857,NQ
2017-02-02,1,5155.25,5141.75,7,-197.54,-182.0,31.5,time,655,955,-0.4479365079365079,-0.4126984126984127,34.339285714285715,NQ
2017-02-03,1,5156.5,5144.75,20,-494.4,-450.0,11.25,stop,625,695,-1.0986666666666667,-1.0,34.92857142857143,NQ
2017-02-06,1,5153.75,5162.0,20,305.6,350.0,10.75,time,620,955,0.7106976744186047,0.813953488372093,35.982142857142854,NQ
2017-02-07,1,5183.25,5180.0,16,-123.52,-88.0,15.0,time,605,955,-0.2573333333333333,-0.18333333333333332,35.660714285714285,NQ
2017-02-08,1,5182.5,5190.0,13,179.14,208.0,18.75,time,610,955,0.36746666666666666,0.4266666666666667,36.32142857142857,NQ
2017-02-09,1,5203.25,5208.25,20,175.6,220.0,11.25,time,620,955,0.3902222222222222,0.4888888888888889,35.982142857142854,NQ
2017-02-10,-1,5210.75,5221.75,20,-464.4,-420.0,10.5,stop,605,630,-1.1057142857142856,-1.0,35.32142857142857,NQ
2017-02-13,1,5247.5,5254.25,20,245.6,290.0,8.5,time,600,955,0.7223529411764705,0.8529411764705882,34.214285714285715,NQ
2017-02-14,-1,5246.75,5257.0,20,-434.4,-390.0,9.75,stop,600,715,-1.1138461538461537,-1.0,33.785714285714285,NQ
2017-02-15,1,5278.5,5303.25,20,965.6,1010.0,12.0,time,630,955,2.0116666666666667,2.1041666666666665,32.410714285714285,NQ
2017-02-16,-1,5290.5,5301.75,9,-213.48,-193.5,26.25,time,650,955,-0.45180952380952377,-0.4095238095238095,33.892857142857146,NQ
2017-02-17,1,5306.75,5324.25,19,641.82,684.0,13.0,time,600,955,1.2992307692307694,1.3846153846153846,34.392857142857146,NQ
2017-02-21,1,5347.5,5350.25,16,68.48,104.0,15.5,time,605,955,0.13806451612903226,0.20967741935483872,30.321428571428573,NQ
2017-02-22,1,5351.25,5351.75,16,-3.5199999999999996,32.0,14.75,time,635,955,-0.007457627118644067,0.06779661016949153,28.714285714285715,NQ
2017-02-23,-1,5334.25,5332.75,10,17.8,40.0,25.0,time,610,955,0.0356,0.08,27.660714285714285,NQ
2017-02-24,1,5323.25,5342.5,14,521.92,553.0,16.75,time,660,955,1.1128358208955222,1.1791044776119404,29.696428571428573,NQ
2017-02-27,1,5336.5,5348.25,19,423.32,465.5,13.0,time,635,955,0.8569230769230769,0.9423076923076923,30.821428571428573,NQ
2017-02-28,-1,5336.5,5332.25,18,131.04,171.0,13.25,time,640,955,0.27471698113207543,0.3584905660377358,30.535714285714285,NQ
2017-03-01,1,5372.75,5390.0,14,465.92,497.0,17.5,time,600,955,0.9508571428571428,1.0142857142857142,30.5,NQ
2017-03-02,-1,5377.5,5363.0,20,555.6,600.0,12.0,time,610,955,1.1575,1.25,33.285714285714285,NQ
2017-03-03,-1,5349.5,5364.75,16,-507.52,-472.0,14.75,stop,620,750,-1.0752542372881355,-1.0,34.0,NQ
2017-03-06,-1,5341.0,5359.5,13,-496.86,-468.0,18.0,stop,620,790,-1.0616666666666668,-1.0,33.482142857142854,NQ
2017-03-07,1,5359.0,5343.75,16,-507.52,-472.0,14.75,stop,615,940,-1.0752542372881355,-1.0,33.535714285714285,NQ
2017-03-08,1,5369.75,5359.25,11,-244.42,-220.0,21.5,time,600,955,-0.5167441860465116,-0.46511627906976744,33.035714285714285,NQ
2017-03-09,1,5368.75,5347.0,11,-491.92,-467.5,21.25,stop,600,840,-1.0522352941176472,-1.0,33.089285714285715,NQ
2017-03-13,-1,5386.0,5396.25,20,-434.4,-390.0,9.75,stop,605,865,-1.1138461538461537,-1.0,34.357142857142854,NQ
2017-03-14,-1,5369.25,5385.25,13,-431.86,-403.0,19.0,time,615,955,-0.8742105263157895,-0.8157894736842105,33.839285714285715,NQ
2017-03-15,-1,5383.5,5398.0,17,-513.74,-476.0,14.0,stop,600,755,-1.0792857142857144,-1.0,34.92857142857143,NQ
2017-03-16,-1,5416.25,5414.25,20,55.6,100.0,12.25,time,610,955,0.11346938775510204,0.20408163265306123,35.125,NQ
2017-03-17,-1,5410.0,5421.25,20,-474.4,-430.0,10.75,stop,660,795,-1.1032558139534883,-1.0,34.410714285714285,NQ
2017-03-20,1,5416.5,5405.0,20,-484.4,-440.0,11.0,stop,600,820,-1.1009090909090908,-1.0,33.785714285714285,NQ
2017-03-21,-1,5427.0,5334.25,18,3317.04,3357.0,13.75,time,600,955,6.701090909090909,6.781818181818182,33.32142857142857,NQ
2017-03-22,1,5354.75,5369.75,12,345.36,372.0,20.25,time,655,955,0.7106172839506173,0.7654320987654321,36.392857142857146,NQ
2017-03-23,-1,5350.75,5369.0,14,-528.08,-497.0,17.75,stop,615,640,-1.0625352112676056,-1.0,37.392857142857146,NQ
2017-03-24,1,5393.5,5372.75,12,-512.64,-486.0,20.25,stop,715,835,-1.0548148148148149,-1.0,37.464285714285715,NQ
2017-03-27,1,5340.75,5375.5,10,682.8,705.0,23.25,time,605,955,1.4683870967741934,1.5161290322580645,38.44642857142857,NQ
2017-03-28,1,5386.75,5408.0,10,412.8,435.0,23.0,time,665,955,0.8973913043478261,0.9456521739130435,41.0,NQ
2017-03-29,1,5422.0,5433.5,16,348.48,384.0,15.25,time,610,955,0.7140983606557377,0.7868852459016393,43.285714285714285,NQ
2017-03-30,1,5444.75,5441.0,13,-113.36,-84.5,18.0,time,600,955,-0.24222222222222223,-0.18055555555555555,42.75,NQ
2017-03-31,1,5441.25,5436.25,18,-201.96,-162.0,13.75,time,600,955,-0.40800000000000003,-0.32727272727272727,41.964285714285715,NQ
2017-04-03,-1,5438.25,5433.25,15,131.7,165.0,16.5,time,640,955,0.26606060606060605,0.3333333333333333,42.732142857142854,NQ
2017-04-05,1,5465.25,5444.0,12,-524.64,-498.0,20.75,stop,625,915,-1.0534939759036144,-1.0,42.232142857142854,NQ
2017-04-06,1,5434.5,5410.0,10,-502.2,-480.0,24.0,stop,680,895,-1.04625,-1.0,45.5,NQ
2017-04-10,1,5442.0,5422.5,13,-522.86,-494.0,19.0,stop,630,690,-1.058421052631579,-1.0,47.07142857142857,NQ
2017-04-11,-1,5378.5,5399.5,5,-216.1,-205.0,45.75,time,620,955,-0.47234972677595627,-0.44808743169398907,41.857142857142854,NQ
2017-04-12,-1,5385.75,5376.25,16,284.48,320.0,14.75,time,640,955,0.6027118644067797,0.6779661016949152,43.17857142857143,NQ
2017-04-13,1,5394.0,5365.0,8,-473.76,-456.0,28.5,stop,600,825,-1.0389473684210526,-1.0,43.25,NQ
2017-04-17,1,5381.75,5397.75,17,523.26,561.0,14.5,time,605,955,1.0613793103448275,1.1379310344827587,43.160714285714285,NQ
2017-04-19,1,5430.0,5411.75,14,-528.08,-497.0,17.75,stop,680,785,-1.0625352112676056,-1.0,39.267857142857146,NQ
2017-04-20,1,5433.5,5441.0,11,151.58,176.0,22.25,time,705,955,0.30966292134831463,0.3595505617977528,40.107142857142854,NQ
2017-04-24,1,5506.25,5506.5,18,-12.96,27.0,13.75,time,615,955,-0.026181818181818185,0.05454545454545454,42.42857142857143,NQ
2017-04-25,1,5536.0,5547.25,16,340.48,376.0,15.0,time,605,955,0.7093333333333334,0.7833333333333333,43.92857142857143,NQ
2017-04-26,-1,5543.5,5539.25,13,94.64,123.5,18.75,time,630,955,0.19413333333333332,0.25333333333333335,45.589285714285715,NQ
2017-04-27,1,5559.75,5570.5,20,405.6,450.0,11.5,time,600,955,0.8817391304347827,0.9782608695652174,42.339285714285715,NQ
2017-04-28,-1,5575.75,5580.25,12,-122.64,-96.0,19.5,time,605,955,-0.26205128205128203,-0.20512820512820512,42.55357142857143,NQ
2017-05-01,1,5611.0,5627.75,17,548.76,586.5,14.25,time,630,955,1.1326315789473684,1.2105263157894737,41.75,NQ
2017-05-03,-1,5611.25,5621.5,14,-304.08,-273.0,17.5,time,605,955,-0.6205714285714286,-0.5571428571428572,39.75,NQ
2017-05-04,1,5628.75,5623.25,10,-122.2,-100.0,24.75,time,695,955,-0.24686868686868688,-0.20202020202020202,39.92857142857143,NQ
2017-05-05,-1,5623.5,5639.75,15,-505.8,-472.5,15.75,stop,610,950,-1.0704761904761906,-1.0,38.57142857142857,NQ
2017-05-08,-1,5635.75,5652.25,15,-513.3,-480.0,16.0,stop,680,760,-1.069375,-1.0,37.285714285714285,NQ
2017-05-09,1,5683.25,5674.5,10,-187.2,-165.0,24.25,time,600,955,-0.38597938144329896,-0.3402061855670103,36.69642857142857,NQ
2017-05-10,-1,5660.0,5679.5,13,-522.86,-494.0,19.0,stop,625,905,-1.058421052631579,-1.0,36.125,NQ
2017-05-11,-1,5640.5,5668.5,9,-514.98,-495.0,27.5,stop,620,835,-1.0403636363636364,-1.0,33.589285714285715,NQ
2017-05-12,-1,5671.0,5683.0,20,-504.4,-460.0,11.5,stop,650,690,-1.0965217391304347,-1.0,34.94642857142857,NQ
2017-05-15,1,5702.5,5703.25,12,3.3599999999999994,30.0,19.75,time,640,955,0.007088607594936708,0.06329113924050633,30.928571428571427,NQ
2017-05-16,-1,5703.25,5719.0,16,-523.52,-488.0,15.25,stop,625,710,-1.0727868852459017,-1.0,29.035714285714285,NQ
2017-05-17,-1,5658.5,5582.25,7,1058.96,1074.5,33.75,time,600,955,2.241185185185185,2.274074074074074,29.017857142857142,NQ
2017-05-18,1,5621.25,5629.0,5,71.4,82.5,48.5,time,600,955,0.14721649484536084,0.17010309278350516,37.125,NQ
2017-05-19,1,5668.75,5653.0,11,-359.92,-335.5,22.5,time,655,955,-0.7271111111111112,-0.6777777777777778,40.785714285714285,NQ
2017-05-22,1,5685.75,5700.75,11,316.58,341.0,22.25,time,600,955,0.6467415730337078,0.6966292134831461,40.07142857142857,NQ
2017-05-24,-1,5708.75,5724.25,16,-515.52,-480.0,15.0,stop,600,850,-1.074,-1.0,41.767857142857146,NQ
2017-05-25,1,5756.75,5780.0,16,724.48,760.0,15.5,time,605,955,1.4606451612903226,1.532258064516129,41.857142857142854,NQ
2017-05-26,1,5790.25,5789.75,15,-33.3,0.0,16.25,time,600,955,-0.0683076923076923,0.0,44.44642857142857,NQ
2017-05-31,-1,5770.75,5792.5,5,-223.6,-212.5,44.75,time,600,955,-0.49966480446927375,-0.4748603351955307,42.642857142857146,NQ
2017-06-01,-1,5787.75,5813.25,10,-522.2,-500.0,25.0,stop,605,950,-1.0444,-1.0,43.410714285714285,NQ
2017-06-02,1,5847.25,5881.75,12,813.36,840.0,20.75,time,610,955,1.6332530120481927,1.6867469879518073,44.857142857142854,NQ
2017-06-05,1,5891.0,5880.0,13,-301.86,-273.0,18.0,time,640,955,-0.645,-0.5833333333333334,47.92857142857143,NQ
2017-06-06,1,5888.75,5870.25,13,-496.86,-468.0,18.0,stop,615,920,-1.0616666666666668,-1.0,47.357142857142854,NQ
2017-06-07,-1,5864.25,5882.75,13,-496.86,-468.0,18.0,stop,640,940,-1.0616666666666668,-1.0,40.125,NQ
2017-06-08,-1,5859.5,5885.25,7,-369.04,-353.5,35.5,time,625,955,-0.7425352112676057,-0.7112676056338029,37.482142857142854,NQ
2017-06-09,1,5896.5,5878.25,14,-528.08,-497.0,17.75,stop,610,680,-1.0625352112676056,-1.0,37.089285714285715,NQ
2017-06-12,1,5712.75,5715.0,3,9.84,16.5,69.25,time,670,955,0.02368231046931408,0.039711191335740074,50.5,NQ
2017-06-13,-1,5741.25,5768.25,9,-496.98,-477.0,26.5,stop,620,935,-1.0418867924528303,-1.0,55.30357142857143,NQ
2017-06-15,-1,5642.5,5684.75,5,-428.6,-417.5,41.75,stop,620,680,-1.0265868263473055,-1.0,59.357142857142854,NQ
2017-06-16,-1,5677.25,5685.25,8,-137.76,-120.0,30.0,time,615,955,-0.287,-0.25,64.55357142857143,NQ
2017-06-19,1,5764.75,5776.0,6,127.68,141.0,36.5,time,600,955,0.2915068493150685,0.3219178082191781,67.125,NQ
2017-06-20,1,5776.5,5757.25,13,-516.36,-487.5,18.75,stop,645,685,-1.0592,-1.0,72.75,NQ
2017-06-21,1,5756.0,5787.25,15,919.2,952.5,15.75,time,605,955,1.9453968253968255,2.015873015873016,72.55357142857143,NQ
2017-06-23,1,5789.75,5807.5,9,308.52,328.5,26.5,time,630,955,0.6467924528301886,0.6886792452830188,72.03571428571429,NQ
2017-06-26,-1,5833.25,5780.5,13,1355.64,1384.5,18.5,time,600,955,2.8183783783783785,2.8783783783783785,74.46428571428571,NQ
2017-06-27,1,5761.0,5734.5,9,-487.98,-468.0,26.0,stop,640,755,-1.0426923076923078,-1.0,77.26785714285714,NQ
2017-06-28,1,5705.75,5756.0,5,496.4,507.5,43.0,time,630,955,1.1544186046511626,1.180232558139535,82.05357142857143,NQ
2017-06-29,-1,5678.5,5656.5,4,171.12,180.0,54.25,time,610,955,0.3942857142857143,0.4147465437788018,86.17857142857143,NQ
2017-06-30,-1,5654.75,5651.5,7,36.96,52.5,31.5,time,600,955,0.0838095238095238,0.11904761904761904,80.23214285714286,NQ
2017-07-05,-1,5599.75,5632.25,7,-463.54,-448.0,32.0,stop,600,645,-1.0346875,-1.0,77.92857142857143,NQ
2017-07-06,-1,5586.25,5620.5,7,-488.04,-472.5,33.75,stop,605,695,-1.032888888888889,-1.0,77.53571428571429,NQ
2017-07-07,1,5652.0,5658.75,7,85.96000000000001,101.5,33.5,time,685,955,0.18328358208955225,0.21641791044776118,79.26785714285714,NQ
2017-07-10,1,5681.75,5697.0,7,204.96,220.5,31.5,time,650,955,0.46476190476190476,0.5,77.69642857142857,NQ
2017-07-11,1,5705.25,5680.75,10,-502.2,-480.0,24.0,stop,605,680,-1.04625,-1.0,78.57142857142857,NQ
2017-07-14,-1,5806.0,5824.25,14,-528.08,-497.0,17.75,stop,605,755,-1.0625352112676056,-1.0,79.33928571428571,NQ
2017-07-17,1,5859.5,5840.0,13,-522.86,-494.0,19.0,stop,600,665,-1.058421052631579,-1.0,77.14285714285714,NQ
2017-07-18,1,5846.75,5881.0,9,605.52,625.5,26.25,time,610,955,1.2815238095238095,1.3238095238095238,71.89285714285714,NQ
2017-07-19,1,5914.25,5915.75,14,24.92,56.0,17.75,time,705,955,0.05014084507042254,0.11267605633802817,69.23214285714286,NQ
2017-07-20,-1,5916.25,5923.75,13,-210.86,-182.0,19.0,time,610,955,-0.4268421052631579,-0.3684210526315789,61.267857142857146,NQ
2017-07-21,1,5913.0,5920.75,11,157.08,181.5,22.25,time,610,955,0.3208988764044944,0.3707865168539326,60.642857142857146,NQ
2017-07-24,-1,5914.5,5926.75,20,-514.4,-470.0,11.75,stop,680,725,-1.0944680851063828,-1.0,55.17857142857143,NQ
2017-07-25,1,5935.25,5932.25,12,-86.64,-60.0,19.25,time,615,955,-0.18753246753246752,-0.12987012987012986,54.125,NQ
2017-07-26,1,5953.5,5941.5,20,-504.4,-460.0,11.5,stop,605,650,-1.0965217391304347,-1.0,50.089285714285715,NQ
2017-07-27,1,5995.0,5972.75,11,-502.92,-478.5,21.75,stop,690,750,-1.0510344827586207,-1.0,46.535714285714285,NQ
2017-07-31,-1,5892.75,5882.0,6,121.68,135.0,39.25,time,600,955,0.258343949044586,0.28662420382165604,51.107142857142854,NQ
2017-08-01,-1,5880.5,5894.75,10,-297.2,-275.0,24.75,time,620,955,-0.6004040404040404,-0.5555555555555556,51.732142857142854,NQ
2017-08-02,-1,5897.0,5912.0,6,-187.32,-174.0,38.25,time,615,955,-0.40810457516339865,-0.3790849673202614,48.285714285714285,NQ
2017-08-03,-1,5887.0,5890.0,7,-50.54,-35.0,32.75,time,605,955,-0.11022900763358778,-0.07633587786259542,51.714285714285715,NQ
2017-08-04,-1,5882.0,5898.25,8,-269.76,-252.0,29.75,time,600,955,-0.5667226890756303,-0.5294117647058824,50.964285714285715,NQ
2017-08-07,1,5915.5,5932.5,16,524.48,560.0,14.75,time,605,955,1.1111864406779661,1.1864406779661016,51.339285714285715,NQ
2017-08-08,1,5927.75,5911.75,16,-531.52,-496.0,15.5,stop,605,935,-1.0716129032258064,-1.0,49.589285714285715,NQ
2017-08-09,1,5898.5,5916.75,6,211.68,225.0,36.5,time,630,955,0.48328767123287675,0.5136986301369864,51.125,NQ
2017-08-10,-1,5844.75,5789.25,6,658.68,672.0,41.25,time,600,955,1.3306666666666667,1.3575757575757577,52.875,NQ
2017-08-11,1,5825.0,5832.5,6,82.68,96.0,41.25,time,605,955,0.16703030303030306,0.19393939393939394,60.07142857142857,NQ
2017-08-14,1,5898.0,5907.5,12,213.36,240.0,20.0,time,600,955,0.4445,0.5,61.732142857142854,NQ
2017-08-16,1,5931.5,5907.25,10,-497.2,-475.0,23.75,stop,645,860,-1.0467368421052632,-1.0,65.94642857142857,NQ
2017-08-17,-1,5883.25,5800.75,10,1637.8,1660.0,24.0,time,600,955,3.4120833333333334,3.4583333333333335,58.55357142857143,NQ
2017-08-18,1,5818.75,5794.25,5,-251.1,-240.0,46.0,time,685,955,-0.5458695652173913,-0.5217391304347826,63.625,NQ
2017-08-21,-1,5776.0,5789.25,8,-221.76,-204.0,31.25,time,600,955,-0.44351999999999997,-0.408,63.660714285714285,NQ
2017-08-22,1,5849.75,5875.5,7,351.96,367.5,32.75,time,615,955,0.7676335877862595,0.8015267175572519,65.67857142857143,NQ
2017-08-23,1,5863.0,5854.25,11,-205.92,-181.5,21.25,time,705,955,-0.4404705882352941,-0.38823529411764707,66.66071428571429,NQ
2017-08-24,-1,5832.0,5837.25,5,-58.6,-47.5,42.0,time,605,955,-0.13952380952380952,-0.1130952380952381,66.05357142857143,NQ
2017-08-25,-1,5840.75,5824.25,9,286.02,306.0,26.75,time,645,955,0.5940186915887851,0.6355140186915887,68.42857142857143,NQ
2017-08-28,1,5845.25,5840.75,12,-122.64,-96.0,19.5,time,640,955,-0.26205128205128203,-0.20512820512820512,69.83928571428571,NQ
2017-08-29,1,5825.5,5865.25,6,469.68,483.0,39.0,time,600,955,1.0035897435897436,1.0320512820512822,67.51785714285714,NQ
2017-08-30,1,5896.75,5934.5,8,594.24,612.0,31.0,time,615,955,1.1980645161290322,1.2338709677419355,69.39285714285714,NQ
2017-08-31,1,5970.5,5991.25,10,402.8,425.0,23.5,time,600,955,0.8570212765957447,0.9042553191489362,65.44642857142857,NQ
2017-09-01,-1,5976.25,5989.0,6,-160.32,-147.0,37.0,time,600,955,-0.36108108108108106,-0.3310810810810811,65.51785714285714,NQ
2017-09-05,-1,5947.0,5934.25,7,169.96,185.5,34.5,time,675,955,0.3518840579710145,0.38405797101449274,62.214285714285715,NQ
2017-09-06,-1,5928.0,5961.75,7,-481.04,-465.5,33.25,stop,615,920,-1.0333834586466166,-1.0,65.57142857142857,NQ
2017-09-07,-1,5945.5,5965.75,12,-500.64,-474.0,19.75,stop,600,635,-1.0562025316455697,-1.0,60.964285714285715,NQ
2017-09-08,-1,5938.75,5914.0,11,531.08,555.5,22.5,time,610,955,1.072888888888889,1.1222222222222222,59.17857142857143,NQ
2017-09-11,1,5997.5,5987.5,8,-169.76,-152.0,29.75,time,600,955,-0.3566386554621849,-0.31932773109243695,59.375,NQ
2017-09-12,-1,5985.25,6003.25,9,-334.98,-315.0,26.75,time,600,955,-0.6957009345794393,-0.6542056074766355,58.910714285714285,NQ
2017-09-13,1,6003.25,6009.75,12,141.36,168.0,19.5,time,610,955,0.30205128205128207,0.358974358974359,59.107142857142854,NQ
2017-09-14,1,5991.0,5970.0,12,-518.64,-492.0,20.5,stop,635,945,-1.0541463414634147,-1.0,56.035714285714285,NQ
2017-09-15,1,5977.75,5991.5,15,394.2,427.5,16.25,time,600,955,0.8086153846153846,0.8769230769230769,54.875,NQ
2017-09-20,-1,5984.75,5978.0,16,196.48,232.0,15.5,time,620,955,0.3961290322580645,0.46774193548387094,50.214285714285715,NQ
2017-09-21,-1,5921.25,5940.25,4,-156.88,-148.0,52.0,time,620,955,-0.37711538461538463,-0.3557692307692308,50.69642857142857,NQ
2017-09-25,-1,5883.5,5871.75,9,200.52,220.5,27.75,time,630,955,0.40144144144144145,0.44144144144144143,52.19642857142857,NQ
2017-09-26,-1,5892.0,5888.25,12,75.36,102.0,20.25,time,630,955,0.15506172839506172,0.20987654320987653,52.142857142857146,NQ
2017-09-27,-1,5915.0,5937.0,11,-497.42,-473.0,21.5,stop,610,840,-1.0516279069767442,-1.0,51.42857142857143,NQ
2017-09-28,1,5936.75,5936.5,9,-15.48,4.5,25.25,time,625,955,-0.03405940594059406,0.009900990099009901,54.107142857142854,NQ
2017-09-29,1,5959.75,5980.5,10,402.8,425.0,23.25,time,635,955,0.8662365591397849,0.9139784946236559,52.25,NQ
2017-10-02,1,6008.0,5988.75,13,-516.36,-487.5,18.75,stop,620,695,-1.0592,-1.0,49.767857142857146,NQ
2017-10-03,-1,5983.0,5998.75,11,-359.92,-335.5,21.5,time,610,955,-0.7609302325581395,-0.7093023255813954,50.785714285714285,NQ
2017-10-04,1,6003.25,6002.75,10,-22.2,0.0,23.5,time,685,955,-0.04723404255319149,0.0,50.589285714285715,NQ
2017-10-05,-1,6018.5,6040.75,11,-502.92,-478.5,21.75,stop,665,735,-1.0510344827586207,-1.0,50.214285714285715,NQ
2017-10-06,1,6060.5,6067.25,12,147.36,174.0,19.75,time,600,955,0.3108860759493671,0.3670886075949367,50.732142857142854,NQ
2017-10-09,1,6081.25,6068.25,20,-544.4,-500.0,12.5,stop,605,645,-1.0888,-1.0,49.125,NQ
2017-10-10,-1,6069.5,6067.25,13,42.64,71.5,18.75,time,600,955,0.08746666666666666,0.14666666666666667,49.089285714285715,NQ
2017-10-11,1,6070.25,6084.75,17,472.26,510.0,14.0,time,605,955,0.9921428571428571,1.0714285714285714,47.625,NQ
2017-10-12,1,6084.0,6068.0,16,-531.52,-496.0,15.5,stop,615,950,-1.0716129032258064,-1.0,45.589285714285715,NQ
2017-10-13,1,6099.0,6095.75,20,-154.4,-110.0,8.75,time,620,955,-0.44114285714285717,-0.3142857142857143,45.785714285714285,NQ
2017-10-16,-1,6106.5,6116.75,20,-434.4,-390.0,11.5,time,615,955,-0.9443478260869564,-0.8478260869565217,41.267857142857146,NQ
2017-10-17,-1,6106.5,6116.5,20,-424.4,-380.0,9.5,stop,625,660,-1.1168421052631579,-1.0,39.535714285714285,NQ
2017-10-18,-1,6112.0,6117.0,13,-145.86,-117.0,18.75,time,605,955,-0.2992,-0.24,35.642857142857146,NQ
2017-10-20,1,6121.75,6111.25,20,-444.4,-400.0,10.0,stop,605,635,-1.111,-1.0,35.982142857142854,NQ
2017-10-23,-1,6096.75,6069.5,9,479.52,499.5,25.25,time,605,955,1.055049504950495,1.099009900990099,34.482142857142854,NQ
2017-10-24,1,6086.0,6080.5,8,-97.76,-80.0,28.75,time,660,955,-0.2125217391304348,-0.17391304347826086,37.089285714285715,NQ
2017-10-25,-1,6061.75,6055.75,9,97.02,117.0,25.5,time,640,955,0.21137254901960784,0.2549019607843137,37.05357142857143,NQ
2017-10-26,-1,6039.25,6063.25,10,-492.2,-470.0,23.5,stop,605,645,-1.0472340425531914,-1.0,38.107142857142854,NQ
2017-10-27,1,6163.5,6212.5,7,677.46,693.0,35.25,time,600,955,1.3727659574468085,1.4042553191489362,38.375,NQ
2017-10-30,1,6239.75,6205.75,7,-484.54,-469.0,33.5,stop,610,735,-1.033134328358209,-1.0,49.67857142857143,NQ
2017-10-31,1,6249.75,6249.0,11,-29.92,-5.5,21.0,time,715,955,-0.06476190476190477,-0.011904761904761904,49.660714285714285,NQ
2017-11-01,-1,6257.5,6247.5,12,225.36,252.0,19.5,time,610,955,0.4815384615384616,0.5384615384615384,49.80357142857143,NQ
2017-11-02,-1,6223.0,6235.0,12,-302.64,-276.0,19.25,time,600,955,-0.655064935064935,-0.5974025974025974,51.464285714285715,NQ
2017-11-03,1,6266.5,6293.5,8,422.24,440.0,28.0,time,715,955,0.9425,0.9821428571428571,53.19642857142857,NQ
2017-11-06,1,6312.25,6313.5,10,12.8,35.0,25.0,time,620,955,0.0256,0.07,55.964285714285715,NQ
2017-11-07,-1,6304.5,6318.0,11,-310.42,-286.0,22.0,time,630,955,-0.6413636363636364,-0.5909090909090909,56.67857142857143,NQ
2017-11-08,1,6323.5,6344.0,16,636.48,672.0,15.5,time,650,955,1.2832258064516129,1.3548387096774193,57.214285714285715,NQ
2017-11-09,1,6303.0,6272.0,8,-505.76,-488.0,30.5,stop,605,710,-1.0363934426229509,-1.0,55.232142857142854,NQ
2017-11-10,-1,6287.0,6306.75,12,-488.64,-462.0,19.25,stop,630,730,-1.0576623376623375,-1.0,60.17857142857143,NQ
2017-11-13,1,6309.0,6316.25,10,132.8,155.0,23.75,time,605,955,0.2795789473684211,0.3263157894736842,57.94642857142857,NQ
2017-11-14,-1,6263.5,6298.0,7,-491.54,-476.0,34.0,stop,600,645,-1.0326470588235295,-1.0,58.267857142857146,NQ
2017-11-15,1,6270.5,6263.25,6,-94.32,-81.0,39.5,time,635,955,-0.19898734177215188,-0.17088607594936708,56.642857142857146,NQ
2017-11-16,1,6315.0,6344.0,12,681.36,708.0,19.75,time,600,955,1.4374683544303797,1.4936708860759493,58.875,NQ
2017-11-17,-1,6332.25,6319.0,14,353.92,385.0,16.75,time,630,955,0.7546268656716418,0.8208955223880597,52.267857142857146,NQ
2017-11-20,-1,6315.5,6314.0,18,32.04,72.0,13.5,time,625,955,0.06592592592592593,0.14814814814814814,51.339285714285715,NQ
2017-11-21,1,6377.25,6381.5,6,43.68,57.0,36.5,time,610,955,0.09972602739726028,0.13013698630136986,50.785714285714285,NQ
2017-11-27,1,6423.75,6403.5,12,-500.64,-474.0,19.75,stop,615,680,-1.0562025316455697,-1.0,46.0,NQ
2017-11-29,-1,6374.0,6314.75,5,586.4,597.5,44.5,time,600,955,1.317752808988764,1.3426966292134832,46.160714285714285,NQ
2017-11-30,1,6355.25,6366.0,8,162.24,180.0,30.75,time,630,955,0.3297560975609756,0.36585365853658536,49.25,NQ
2017-12-01,1,6365.25,6323.75,6,-505.32,-492.0,41.0,stop,615,670,-1.0270731707317073,-1.0,51.57142857142857,NQ
2017-12-04,-1,6337.0,6265.5,5,708.9,720.0,47.75,time,600,955,1.4846073298429319,1.5078534031413613,57.5,NQ
2017-12-05,1,6318.25,6267.0,3,-311.16,-304.5,79.25,time,645,955,-0.6543848580441641,-0.6403785488958991,62.75,NQ
2017-12-06,1,6287.0,6295.5,5,78.9,90.0,49.0,time,605,955,0.16102040816326532,0.1836734693877551,65.42857142857143,NQ
2017-12-07,1,6323.5,6318.0,7,-85.53999999999999,-70.0,34.5,time,630,955,-0.1771014492753623,-0.14492753623188406,63.589285714285715,NQ
2017-12-08,-1,6353.25,6345.0,9,137.52,157.5,25.5,time,685,955,0.2996078431372549,0.3431372549019608,64.33928571428571,NQ
2017-12-11,1,6388.5,6412.5,10,467.8,490.0,22.75,time,630,955,1.028131868131868,1.0769230769230769,66.94642857142857,NQ
2017-12-12,1,6412.25,6404.5,11,-183.92,-159.5,22.0,time,660,955,-0.37999999999999995,-0.32954545454545453,66.89285714285714,NQ
2017-12-13,-1,6422.25,6416.25,16,172.48,208.0,15.25,time,605,955,0.35344262295081963,0.4262295081967213,67.83928571428571,NQ
2017-12-14,1,6435.5,6418.5,15,-528.3,-495.0,16.5,stop,620,790,-1.0672727272727272,-1.0,69.42857142857143,NQ
2017-12-15,1,6442.25,6481.5,13,1004.64,1033.5,18.5,time,615,955,2.0886486486486486,2.1486486486486487,70.07142857142857,NQ
2017-12-18,1,6532.0,6534.75,13,55.64,84.5,18.75,time,605,955,0.11413333333333334,0.17333333333333334,73.73214285714286,NQ
2017-12-19,-1,6501.75,6498.0,8,50.24,68.0,29.5,time,620,955,0.1064406779661017,0.1440677966101695,75.125,NQ
2017-12-20,-1,6465.25,6490.75,4,-208.88,-200.0,56.25,time,640,955,-0.46417777777777774,-0.4444444444444444,68.875,NQ
2017-12-21,1,6510.0,6493.25,9,-312.48,-292.5,27.75,time,690,955,-0.6255855855855856,-0.5855855855855856,68.55357142857143,NQ
2017-12-27,1,6469.0,6452.5,15,-513.3,-480.0,16.0,stop,600,715,-1.069375,-1.0,52.214285714285715,NQ
2017-12-28,-1,6452.75,6449.75,17,81.26,119.0,14.5,time,600,955,0.16482758620689655,0.2413793103448276,49.660714285714285,NQ
2017-12-29,-1,6434.5,6409.25,10,492.8,515.0,23.25,time,610,955,1.0597849462365592,1.10752688172043,48.125,NQ
2018-01-02,1,6483.25,6520.5,4,293.12,302.0,56.75,time,605,955,0.6456387665198238,0.6651982378854625,47.482142857142854,NQ
2018-01-03,1,6567.25,6583.5,6,187.68,201.0,41.0,time,600,955,0.38146341463414635,0.40853658536585363,50.589285714285715,NQ
2018-01-05,1,6632.5,6660.5,13,712.14,741.0,18.0,time,615,955,1.5216666666666667,1.5833333333333333,53.17857142857143,NQ
2018-01-08,1,6679.5,6685.75,12,135.36,162.0,20.5,time,625,955,0.2751219512195122,0.32926829268292684,55.410714285714285,NQ
2018-01-11,1,6691.25,6676.5,17,-522.24,-484.5,14.25,stop,600,630,-1.0778947368421052,-1.0,50.875,NQ
2018-01-12,1,6729.25,6765.25,9,637.02,657.0,25.75,time,600,955,1.3743689320388348,1.4174757281553398,49.910714285714285,NQ
2018-01-15,1,6782.75,6775.0,20,-334.4,-290.0,7.25,stop,610,730,-1.153103448275862,-1.0,52.19642857142857,NQ
2018-01-16,-1,6801.0,6748.5,5,518.9,530.0,44.5,time,665,955,1.166067415730337,1.1910112359550562,51.660714285714285,NQ
2018-01-17,1,6787.5,6823.0,6,418.68,432.0,35.75,time,670,955,0.975944055944056,1.006993006993007,55.857142857142854,NQ
2018-01-18,-1,6803.75,6826.75,11,-519.42,-495.0,22.5,stop,600,675,-1.0493333333333332,-1.0,59.607142857142854,NQ
2018-01-19,-1,6821.25,6845.5,7,-348.04,-332.5,35.5,time,600,955,-0.7002816901408451,-0.6690140845070423,60.80357142857143,NQ
2018-01-22,1,6864.5,6917.5,8,838.24,856.0,30.0,time,605,955,1.7463333333333333,1.7833333333333334,60.410714285714285,NQ
2018-01-23,1,6964.5,6973.5,8,134.24,152.0,28.5,time,615,955,0.2943859649122807,0.3333333333333333,58.267857142857146,NQ
2018-01-24,1,6998.5,6965.25,7,-474.04,-458.5,32.75,stop,610,670,-1.0338931297709923,-1.0,57.767857142857146,NQ
2018-01-26,1,6970.0,7027.0,12,1353.36,1380.0,20.5,time,605,955,2.750731707317073,2.8048780487804876,64.10714285714286,NQ
2018-01-29,-1,6985.75,7021.5,7,-509.04,-493.5,35.25,stop,640,785,-1.0314893617021277,-1.0,69.23214285714286,NQ
2018-01-30,1,6954.25,6941.0,6,-166.32,-153.0,41.0,time,655,955,-0.33804878048780485,-0.31097560975609756,69.76785714285714,NQ
2018-01-31,-1,6971.0,6963.25,12,171.36,198.0,19.75,time,600,955,0.3615189873417722,0.4177215189873418,71.85714285714286,NQ
2018-02-01,1,6957.0,6910.75,5,-468.6,-457.5,45.75,stop,600,930,-1.0242622950819673,-1.0,73.53571428571429,NQ
2018-02-02,-1,6816.75,6765.25,3,305.34,312.0,78.75,time,600,955,0.6462222222222221,0.6603174603174603,75.25,NQ
2018-02-05,1,6751.75,6682.25,3,-420.66,-414.0,69.0,stop,600,860,-1.0160869565217392,-1.0,84.35714285714286,NQ
2018-02-07,1,6682.25,6623.25,4,-476.88,-468.0,58.5,stop,605,780,-1.018974358974359,-1.0,114.44642857142857,NQ
2018-02-08,-1,6543.5,6302.5,4,1923.12,1932.0,60.5,time,630,955,3.973388429752066,3.9917355371900825,121.32142857142857,NQ
2018-02-09,-1,6331.0,6424.25,2,-375.44,-371.0,92.75,stop,640,945,-1.0119676549865229,-1.0,139.67857142857142,NQ
2018-02-12,-1,6452.0,6517.0,3,-393.66,-387.0,64.5,stop,615,715,-1.0172093023255815,-1.0,154.48214285714286,NQ
2018-02-13,1,6517.0,6555.25,6,451.68,465.0,40.75,time,610,955,0.923680981595092,0.950920245398773,161.23214285714286,NQ
2018-02-14,1,6583.75,6680.5,3,576.84,583.5,67.25,time,605,955,1.4295910780669145,1.446096654275093,159.73214285714286,NQ
2018-02-15,-1,6699.5,6754.75,4,-446.88,-438.0,54.75,stop,640,755,-1.0202739726027397,-1.0,166.73214285714286,NQ
2018-02-16,1,6828.5,6782.5,5,-466.1,-455.0,45.5,stop,645,810,-1.0243956043956044,-1.0,168.78571428571428,NQ
2018-02-20,1,6801.0,6784.0,4,-140.88,-132.0,55.75,time,610,955,-0.31587443946188337,-0.29596412556053814,168.53571428571428,NQ
2018-02-21,1,6835.75,6806.0,8,-485.76,-468.0,29.25,stop,615,910,-1.037948717948718,-1.0,170.69642857142858,NQ
2018-02-22,1,6822.5,6781.75,6,-496.32,-483.0,40.25,stop,635,770,-1.0275776397515528,-1.0,172.71428571428572,NQ
2018-02-23,-1,6798.75,6826.0,9,-501.48,-481.5,26.75,stop,615,660,-1.0414953271028038,-1.0,168.32142857142858,NQ
2018-02-27,1,7001.5,6966.75,7,-495.04,-479.5,34.25,stop,610,650,-1.0324087591240876,-1.0,139.94642857142858,NQ
2018-02-28,1,6962.0,6926.25,7,-509.04,-493.5,35.25,stop,615,655,-1.0314893617021277,-1.0,137.46428571428572,NQ
2018-03-02,1,6705.25,6811.5,4,845.12,854.0,59.0,time,630,955,1.7905084745762712,1.8093220338983051,117.80357142857143,NQ
2018-03-05,-1,6757.25,6802.0,5,-453.6,-442.5,44.25,stop,610,640,-1.025084745762712,-1.0,119.17857142857143,NQ
2018-03-06,1,6934.25,6897.75,6,-445.32,-432.0,36.0,stop,625,655,-1.0308333333333333,-1.0,123.19642857142857,NQ
2018-03-07,1,6904.75,6856.0,5,-493.6,-482.5,48.25,stop,630,720,-1.0230051813471503,-1.0,115.60714285714286,NQ
2018-03-08,-1,6947.75,6971.25,10,-482.2,-460.0,23.0,stop,600,675,-1.0482608695652174,-1.0,112.33928571428571,NQ
2018-03-09,1,7031.25,7101.5,10,1392.8,1415.0,22.75,time,605,955,3.061098901098901,3.10989010989011,109.375,NQ
2018-03-12,1,7171.0,7141.5,8,-481.76,-464.0,29.0,stop,600,680,-1.0382758620689656,-1.0,115.53571428571429,NQ
2018-03-13,-1,7179.0,7071.5,7,1496.46,1512.0,35.25,time,630,955,3.032340425531915,3.0638297872340425,114.42857142857143,NQ
2018-03-14,-1,7072.75,7066.75,6,64.68,78.0,38.75,time,615,955,0.1390967741935484,0.16774193548387098,117.35714285714286,NQ
2018-03-15,1,7079.5,7038.25,6,-502.32,-489.0,40.75,stop,655,835,-1.027239263803681,-1.0,116.69642857142857,NQ
2018-03-16,-1,7063.0,7038.75,11,520.08,544.5,21.25,time,670,955,1.112470588235294,1.1647058823529413,111.89285714285714,NQ
2018-03-19,-1,6940.5,6886.0,7,754.46,770.0,32.75,time,610,955,1.645496183206107,1.6793893129770991,109.03571428571429,NQ
2018-03-20,-1,6872.25,6918.75,5,-471.1,-460.0,46.0,stop,705,905,-1.0241304347826088,-1.0,117.16071428571429,NQ
2018-03-21,1,6907.75,6878.0,8,-485.76,-468.0,29.25,stop,600,880,-1.037948717948718,-1.0,113.48214285714286,NQ
2018-03-22,1,6820.0,6765.75,4,-438.88,-430.0,53.75,stop,610,645,-1.0206511627906976,-1.0,106.32142857142857,NQ
2018-03-23,-1,6647.25,6520.5,3,756.84,763.5,73.75,time,700,955,1.7103728813559322,1.7254237288135594,106.28571428571429,NQ
2018-03-26,-1,6649.5,6680.25,8,-501.76,-484.0,30.25,stop,610,850,-1.036694214876033,-1.0,109.85714285714286,NQ
2018-03-27,-1,6771.5,6544.0,5,2268.9,2280.0,48.0,time,610,955,4.726875000000001,4.75,123.51785714285714,NQ
2018-03-28,1,6551.0,6444.0,2,-430.44,-426.0,106.5,stop,600,645,-1.0104225352112677,-1.0,140.875,NQ
2018-03-29,1,6530.5,6589.25,2,232.56,237.0,86.5,time,645,955,0.6721387283236995,0.684971098265896,148.71428571428572,NQ
2018-04-02,-1,6494.25,6399.75,3,563.34,570.0,75.75,time,600,955,1.2394719471947195,1.2541254125412542,154.05357142857142,NQ
2018-04-03,-1,6385.5,6467.5,3,-495.66,-489.0,81.5,stop,605,665,-1.0136196319018405,-1.0,166.89285714285714,NQ
2018-04-04,1,6400.0,6568.5,4,1343.12,1352.0,62.5,time,610,955,2.6862399999999997,2.704,165.57142857142858,NQ
2018-04-06,-1,6521.0,6443.25,3,462.84,469.5,78.0,time,660,955,0.9889743589743589,1.0032051282051282,179.75,NQ
2018-04-09,1,6551.0,6482.25,3,-416.16,-409.5,68.25,stop,625,955,-1.0162637362637363,-1.0,190.125,NQ
2018-04-10,1,6604.75,6543.25,4,-496.88,-488.0,61.0,stop,640,745,-1.0181967213114753,-1.0,187.10714285714286,NQ
2018-04-11,1,6623.5,6586.25,6,-454.32,-441.0,36.75,stop,620,920,-1.030204081632653,-1.0,194.92857142857142,NQ
2018-04-12,1,6675.25,6667.5,5,-83.6,-72.5,47.75,time,605,955,-0.1750785340314136,-0.1518324607329843,192.75,NQ
2018-04-13,-1,6669.75,6635.5,5,336.4,347.5,43.0,time,600,955,0.7823255813953488,0.8081395348837209,187.21428571428572,NQ
2018-04-17,1,6772.0,6826.0,7,747.46,763.0,31.75,time,600,955,1.6815748031496063,1.7165354330708662,167.32142857142858,NQ
2018-04-18,-1,6812.75,6842.0,8,-477.76,-460.0,28.75,stop,605,660,-1.0386086956521738,-1.0,155.30357142857142,NQ
2018-04-19,1,6815.5,6787.25,9,-519.48,-499.5,27.75,stop,610,655,-1.04,-1.0,149.35714285714286,NQ
2018-04-20,-1,6716.75,6673.25,5,428.9,440.0,49.5,time,600,955,0.8664646464646464,0.8888888888888888,140.58928571428572,NQ
2018-04-23,1,6707.25,6658.5,5,-493.6,-482.5,48.25,stop,650,840,-1.0230051813471503,-1.0,131.46428571428572,NQ
2018-04-24,-1,6629.75,6513.0,3,696.84,703.5,65.75,time,615,955,1.7663878326996199,1.7832699619771863,129.01785714285714,NQ
2018-04-25,1,6532.75,6522.0,2,-45.44,-41.0,90.5,time,660,955,-0.12552486187845302,-0.1132596685082873,127.16071428571429,NQ
2018-04-26,1,6632.75,6655.0,4,173.12,182.0,50.75,time,605,955,0.42640394088669953,0.4482758620689655,129.32142857142858,NQ
2018-04-27,-1,6659.0,6662.0,2,-14.44,-10.0,97.25,time,625,955,-0.03712082262210797,-0.02570694087403599,126.39285714285714,NQ
2018-04-30,1,6714.25,6671.5,5,-433.6,-422.5,42.25,stop,600,690,-1.0262721893491125,-1.0,123.42857142857143,NQ
2018-05-01,1,6620.75,6684.75,5,633.9,645.0,41.75,time,610,955,1.518323353293413,1.5449101796407185,120.14285714285714,NQ
2018-05-02,1,6703.75,6665.0,6,-472.32,-459.0,38.25,stop,610,700,-1.0290196078431373,-1.0,122.41071428571429,NQ
2018-05-03,-1,6586.0,6638.75,4,-426.88,-418.0,52.25,stop,620,770,-1.021244019138756,-1.0,121.08928571428571,NQ
2018-05-04,1,6678.75,6772.5,3,558.84,565.5,68.0,time,605,955,1.3697058823529413,1.3860294117647058,123.0,NQ
2018-05-07,1,6847.0,6826.5,5,-211.1,-200.0,49.25,time,680,955,-0.42862944162436545,-0.40609137055837563,130.375,NQ
2018-05-09,-1,6815.75,6845.75,8,-489.76,-472.0,29.5,stop,650,740,-1.0376271186440678,-1.0,124.08928571428571,NQ
2018-05-10,1,6933.75,6967.25,11,723.58,748.0,22.0,time,625,955,1.495,1.5454545454545454,124.48214285714286,NQ
2018-05-11,1,6964.5,6937.25,9,-501.48,-481.5,26.75,stop,610,745,-1.0414953271028038,-1.0,120.25,NQ
2018-05-14,1,7000.5,6973.5,9,-496.98,-477.0,26.5,stop,615,780,-1.0418867924528303,-1.0,115.64285714285714,NQ
2018-05-16,1,6924.75,6937.25,8,190.24,208.0,28.0,time,630,955,0.42464285714285716,0.4642857142857143,103.17857142857143,NQ
2018-05-17,1,6927.0,6906.0,12,-518.64,-492.0,20.5,stop,600,820,-1.0541463414634147,-1.0,96.625,NQ
2018-05-18,-1,6871.75,6895.5,10,-487.2,-465.0,23.25,stop,630,675,-1.0477419354838708,-1.0,93.30357142857143,NQ
2018-05-21,-1,6922.25,6912.25,7,131.46,147.0,34.5,time,670,955,0.27217391304347827,0.30434782608695654,87.78571428571429,NQ
2018-05-22,-1,6918.0,6901.0,6,196.68,210.0,36.5,time,610,955,0.44904109589041097,0.4794520547945205,85.89285714285714,NQ
2018-05-23,1,6888.0,6959.75,6,853.68,867.0,40.5,time,605,955,1.756543209876543,1.7839506172839505,84.75,NQ
2018-05-24,-1,6906.25,6968.75,4,-504.88,-496.0,62.0,stop,630,930,-1.0179032258064515,-1.0,83.33928571428571,NQ
2018-05-25,1,6975.75,6963.25,7,-183.54,-168.0,33.0,time,610,955,-0.3972727272727273,-0.36363636363636365,76.60714285714286,NQ
2018-05-29,1,6967.75,6915.25,4,-424.88,-416.0,52.0,stop,605,705,-1.021346153846154,-1.0,72.17857142857143,NQ
2018-05-30,1,6977.25,6981.25,8,54.24,72.0,30.0,time,640,955,0.113,0.15,72.83928571428571,NQ
2018-05-31,-1,6963.5,7000.0,6,-445.32,-432.0,36.0,stop,645,695,-1.0308333333333333,-1.0,71.91071428571429,NQ
2018-06-01,1,7055.75,7086.0,5,296.4,307.5,46.25,time,620,955,0.6408648648648648,0.6648648648648648,73.23214285714286,NQ
2018-06-04,1,7129.0,7146.75,8,274.24,292.0,28.75,time,715,955,0.5961739130434783,0.6347826086956522,77.33928571428571,NQ
2018-06-05,1,7181.5,7155.25,9,-483.48,-463.5,25.75,stop,600,665,-1.0431067961165048,-1.0,73.78571428571429,NQ
2018-06-06,-1,7152.75,7187.5,7,-495.04,-479.5,34.25,stop,600,695,-1.0324087591240876,-1.0,72.39285714285714,NQ
2018-06-07,-1,7182.75,7153.0,7,407.96,423.5,32.5,time,605,955,0.8966153846153846,0.9307692307692308,71.16071428571429,NQ
2018-06-08,-1,7107.5,7134.75,9,-501.48,-481.5,26.75,stop,635,665,-1.0414953271028038,-1.0,74.98214285714286,NQ
2018-06-11,1,7201.5,7192.75,8,-149.76,-132.0,31.25,time,700,955,-0.29952,-0.264,73.46428571428571,NQ
2018-06-12,1,7221.75,7236.0,10,272.8,295.0,22.75,time,695,955,0.5995604395604396,0.6483516483516484,73.39285714285714,NQ
2018-06-13,1,7256.75,7240.75,16,-531.52,-496.0,15.5,stop,600,845,-1.0716129032258064,-1.0,68.80357142857143,NQ
2018-06-14,1,7290.75,7310.0,8,298.24,316.0,29.25,time,600,955,0.6372649572649572,0.6752136752136753,67.875,NQ
2018-06-18,1,7246.5,7273.75,6,319.68,333.0,37.5,time,620,955,0.7104,0.74,73.14285714285714,NQ
2018-06-19,-1,7176.75,7223.0,5,-468.6,-457.5,45.75,stop,605,715,-1.0242622950819673,-1.0,71.0,NQ
2018-06-20,1,7309.0,7305.75,9,-69.48,-49.5,25.5,time,680,955,-0.15137254901960784,-0.10784313725490197,74.82142857142857,NQ
2018-06-21,-1,7296.0,7240.0,7,775.46,791.0,33.5,time,600,955,1.6534328358208956,1.6865671641791045,76.17857142857143,NQ
2018-06-22,-1,7205.75,7216.25,4,-88.88,-80.0,62.25,time,625,955,-0.17847389558232932,-0.1606425702811245,75.46428571428571,NQ
2018-06-25,-1,7105.0,7058.25,3,276.84,283.5,64.25,time,605,955,0.7181322957198443,0.7354085603112841,75.80357142857143,NQ
2018-06-27,1,7147.0,7106.0,6,-499.32,-486.0,40.5,stop,635,665,-1.0274074074074073,-1.0,88.51785714285714,NQ
2018-06-28,1,7030.25,7053.5,4,181.12,190.0,58.0,time,685,955,0.3903448275862069,0.40948275862068967,93.14285714285714,NQ
2018-06-29,1,7114.75,7083.25,8,-513.76,-496.0,31.0,stop,650,775,-1.0358064516129033,-1.0,96.41071428571429,NQ
2018-07-02,1,7043.5,7118.5,4,595.12,604.0,55.75,time,600,955,1.3343497757847533,1.3542600896860986,96.85714285714286,NQ
2018-07-05,-1,7072.75,7100.0,9,-501.48,-481.5,26.75,stop,600,720,-1.0414953271028038,-1.0,101.625,NQ
2018-07-06,1,7163.75,7228.25,6,766.68,780.0,40.0,time,600,955,1.5972499999999998,1.625,103.01785714285714,NQ
2018-07-09,-1,7243.75,7282.25,6,-469.32,-456.0,38.0,stop,610,895,-1.0292105263157894,-1.0,106.21428571428571,NQ
2018-07-10,1,7310.5,7288.0,11,-508.42,-484.0,22.0,stop,635,815,-1.0504545454545455,-1.0,102.85714285714286,NQ
2018-07-11,1,7279.25,7262.25,6,-211.32,-198.0,41.25,time,600,955,-0.4269090909090909,-0.4,99.80357142857143,NQ
2018-07-12,1,7324.75,7384.5,6,709.68,723.0,36.25,time,600,955,1.6314482758620688,1.6620689655172414,96.91071428571429,NQ
2018-07-13,1,7397.0,7393.5,8,-65.76,-48.0,29.75,time,625,955,-0.13815126050420168,-0.10084033613445378,100.80357142857143,NQ
2018-07-16,-1,7376.0,7374.0,8,22.240000000000002,40.0,31.0,time,655,955,0.04483870967741936,0.08064516129032258,87.76785714285714,NQ
2018-07-17,1,7341.75,7421.25,5,788.9,800.0,46.0,time,600,955,1.7149999999999999,1.7391304347826086,85.78571428571429,NQ
2018-07-18,-1,7387.75,7405.5,6,-220.32,-207.0,38.75,time,615,955,-0.4738064516129032,-0.44516129032258067,84.14285714285714,NQ
2018-07-20,1,7396.25,7377.5,13,-503.36,-474.5,18.25,stop,625,730,-1.0608219178082192,-1.0,78.01785714285714,NQ
2018-07-23,1,7356.0,7384.0,5,273.9,285.0,44.25,time,640,955,0.6189830508474575,0.6440677966101694,72.75,NQ
2018-07-24,-1,7449.5,7416.5,6,388.68,402.0,37.5,time,660,955,0.8637333333333334,0.8933333333333333,69.71428571428571,NQ
2018-07-25,1,7447.75,7520.75,8,1158.24,1176.0,31.25,time,695,955,2.31648,2.352,75.51785714285714,NQ
2018-07-27,-1,7392.0,7305.25,3,516.84,523.5,64.75,time,610,955,1.3303474903474903,1.3474903474903475,77.875,NQ
2018-07-30,-1,7210.25,7202.75,2,27.56,32.0,98.25,time,670,955,0.07012722646310432,0.08142493638676845,86.73214285714286,NQ
2018-07-31,-1,7203.5,7271.0,3,-408.66,-402.0,67.0,stop,615,720,-1.0165671641791045,-1.0,93.91071428571429,NQ
2018-08-01,1,7291.0,7252.75,6,-466.32,-453.0,37.75,stop,610,745,-1.0294039735099338,-1.0,96.19642857142857,NQ
2018-08-02,1,7272.0,7379.75,5,1071.4,1082.5,47.0,time,600,955,2.2795744680851064,2.3031914893617023,91.78571428571429,NQ
2018-08-03,1,7400.25,7401.0,6,1.6799999999999997,15.0,37.75,time,625,955,0.0037086092715231784,0.033112582781456956,100.89285714285714,NQ
2018-08-06,1,7417.75,7446.75,8,454.24,472.0,30.0,time,610,955,0.9463333333333334,0.9833333333333333,100.67857142857143,NQ
2018-08-07,-1,7452.0,7471.5,7,-281.54,-266.0,34.5,time,690,955,-0.5828985507246377,-0.5507246376811594,94.98214285714286,NQ
2018-08-08,1,7471.75,7477.5,8,82.24,100.0,29.0,time,610,955,0.1772413793103448,0.21551724137931033,94.58928571428571,NQ
2018-08-09,1,7490.25,7473.75,9,-307.98,-288.0,25.25,time,605,955,-0.6776237623762377,-0.6336633663366337,95.05357142857143,NQ
2018-08-10,-1,7416.75,7418.25,8,-33.76,-16.0,29.75,time,600,955,-0.07092436974789916,-0.03361344537815126,93.83928571428571,NQ
2018-08-13,1,7462.25,7427.0,7,-502.04,-486.5,34.75,stop,605,690,-1.0319424460431654,-1.0,94.14285714285714,NQ
2018-08-14,-1,7401.0,7445.25,5,-448.6,-437.5,43.75,stop,600,650,-1.0253714285714286,-1.0,91.80357142857143,NQ
2018-08-15,-1,7351.75,7365.5,3,-86.16,-79.5,66.25,time,600,955,-0.21675471698113208,-0.2,88.85714285714286,NQ
2018-08-16,1,7425.5,7396.5,8,-473.76,-456.0,28.5,stop,675,865,-1.0389473684210526,-1.0,89.89285714285714,NQ
2018-08-17,-1,7342.75,7382.5,6,-484.32,-471.0,39.25,stop,605,845,-1.02828025477707,-1.0,81.01785714285714,NQ
2018-08-20,-1,7357.0,7381.0,5,-246.1,-235.0,50.0,time,610,955,-0.49219999999999997,-0.47,76.96428571428571,NQ
2018-08-21,1,7432.0,7406.75,7,-362.04,-346.5,33.5,time,695,955,-0.7719402985074627,-0.7388059701492538,74.16071428571429,NQ
2018-08-22,1,7427.25,7435.25,6,88.68,102.0,38.5,time,645,955,0.19194805194805195,0.22077922077922077,74.78571428571429,NQ
2018-08-23,1,7470.5,7422.0,5,-491.1,-480.0,48.0,stop,620,675,-1.023125,-1.0,67.5,NQ
2018-08-24,1,7469.5,7492.75,10,452.8,475.0,23.25,time,600,955,0.973763440860215,1.021505376344086,69.10714285714286,NQ
2018-08-27,1,7545.0,7567.5,9,394.02,414.0,27.0,time,600,955,0.8107407407407407,0.8518518518518519,70.25,NQ
2018-08-28,-1,7570.0,7579.5,9,-181.98,-162.0,27.0,time,645,955,-0.3744444444444444,-0.3333333333333333,72.76785714285714,NQ
2018-08-29,1,7614.75,7667.0,9,929.52,949.5,25.25,time,610,955,2.045148514851485,2.089108910891089,71.30357142857143,NQ
2018-08-30,1,7666.5,7642.25,10,-497.2,-475.0,23.75,stop,615,900,-1.0467368421052632,-1.0,75.03571428571429,NQ
2018-08-31,1,7680.5,7640.5,6,-487.32,-474.0,39.5,stop,610,850,-1.0281012658227848,-1.0,74.14285714285714,NQ
2018-09-05,-1,7553.0,7528.75,3,141.84,148.5,62.75,time,600,955,0.37673306772908366,0.3944223107569721,66.26785714285714,NQ
2018-09-06,-1,7472.0,7458.5,3,77.34,84.0,66.75,time,610,955,0.19310861423220974,0.20973782771535582,70.25,NQ
2018-09-07,1,7484.5,7436.5,3,-291.66,-285.0,82.25,time,645,955,-0.5910030395136778,-0.5775075987841946,73.53571428571429,NQ
2018-09-10,-1,7429.0,7455.25,5,-268.6,-257.5,47.5,time,605,955,-0.5654736842105264,-0.5421052631578948,76.17857142857143,NQ
2018-09-11,1,7475.25,7511.5,3,213.84,220.5,70.5,time,605,955,0.505531914893617,0.5212765957446809,75.55357142857143,NQ
2018-09-12,-1,7461.0,7491.0,5,-306.1,-295.0,45.0,time,605,955,-0.6802222222222223,-0.6555555555555556,79.60714285714286,NQ
2018-09-17,-1,7515.75,7465.5,4,397.12,406.0,50.5,time,600,955,0.982970297029703,1.004950495049505,82.01785714285714,NQ
2018-09-18,1,7537.25,7526.75,3,-66.66,-60.0,69.75,time,610,955,-0.15928315412186378,-0.14336917562724014,87.41071428571429,NQ
2018-09-19,-1,7480.5,7520.75,3,-245.16,-238.5,65.25,time,610,955,-0.6262068965517241,-0.6091954022988506,87.83928571428571,NQ
2018-09-20,1,7598.0,7600.75,5,21.4,32.5,45.0,time,600,955,0.04755555555555555,0.07222222222222222,88.16071428571429,NQ
2018-09-21,-1,7595.25,7559.75,6,418.68,432.0,39.0,time,620,955,0.8946153846153846,0.9230769230769231,91.30357142857143,NQ
2018-09-24,1,7539.0,7579.0,3,236.34,243.0,65.0,time,610,955,0.606,0.6230769230769231,95.41071428571429,NQ
2018-09-25,-1,7552.75,7584.75,7,-456.54,-441.0,31.5,stop,655,685,-1.0352380952380953,-1.0,96.53571428571429,NQ
2018-09-26,1,7619.25,7592.5,9,-492.48,-472.5,26.25,stop,600,945,-1.0422857142857143,-1.0,90.91071428571429,NQ
2018-09-27,1,7668.75,7659.25,5,-101.1,-90.0,47.0,time,600,955,-0.2151063829787234,-0.19148936170212766,87.67857142857143,NQ
2018-09-28,1,7660.5,7656.5,6,-55.32,-42.0,37.0,time,650,955,-0.1245945945945946,-0.0945945945945946,87.69642857142857,NQ
2018-10-02,1,7687.5,7653.75,4,-274.88,-266.0,52.0,time,645,955,-0.6607692307692308,-0.6394230769230769,83.94642857142857,NQ
2018-10-03,1,7702.5,7676.0,9,-487.98,-468.0,26.0,stop,610,655,-1.0426923076923078,-1.0,83.28571428571429,NQ
2018-10-04,-1,7572.0,7514.25,4,457.12,466.0,60.5,time,610,955,0.9444628099173554,0.9628099173553719,80.55357142857143,NQ
2018-10-05,-1,7469.75,7421.0,3,288.84,295.5,64.75,time,600,955,0.7434749034749034,0.7606177606177607,90.30357142857143,NQ
2018-10-08,1,7433.0,7359.0,3,-447.66,-441.0,73.5,stop,610,690,-1.0151020408163265,-1.0,95.96428571428571,NQ
2018-10-09,1,7425.0,7395.0,3,-183.66,-177.0,63.0,time,620,955,-0.48587301587301585,-0.46825396825396826,99.78571428571429,NQ
2018-10-10,-1,7242.75,7071.75,2,681.56,686.0,113.25,time,600,955,1.5045474613686534,1.5143487858719646,101.125,NQ
2018-10-11,-1,6987.0,6984.5,1,3.7800000000000002,6.0,150.75,time,660,955,0.012537313432835822,0.01990049751243781,118.25,NQ
2018-10-12,-1,7103.0,7173.5,3,-426.66,-420.0,70.0,stop,700,945,-1.015857142857143,-1.0,128.67857142857142,NQ
2018-10-15,-1,7083.0,7161.25,3,-473.16,-466.5,77.75,stop,600,825,-1.0142765273311898,-1.0,136.05357142857142,NQ
2018-10-16,1,7191.5,7151.5,6,-487.32,-474.0,39.5,stop,600,630,-1.0281012658227848,-1.0,141.03571428571428,NQ
2018-10-17,-1,7257.0,7297.0,3,-243.66,-237.0,77.75,time,600,955,-0.5223151125401929,-0.5080385852090032,151.23214285714286,NQ
2018-10-18,-1,7216.25,7132.0,4,669.12,678.0,54.0,time,605,955,1.548888888888889,1.5694444444444444,152.69642857142858,NQ
2018-10-19,1,7237.25,7171.0,3,-401.16,-394.5,65.75,stop,600,695,-1.0168821292775665,-1.0,163.30357142857142,NQ
2018-10-22,1,7195.75,7155.5,2,-163.44,-159.0,94.25,time,645,955,-0.43352785145888595,-0.4217506631299735,168.64285714285714,NQ
2018-10-23,-1,6969.25,7049.5,3,-485.16,-478.5,79.75,stop,600,745,-1.0139184952978058,-1.0,170.96428571428572,NQ
2018-10-24,-1,7072.0,6798.5,4,2183.12,2192.0,58.75,time,600,955,4.644936170212766,4.663829787234042,182.80357142857142,NQ
2018-10-25,1,6991.75,7030.25,2,151.56,156.0,118.75,time,600,955,0.31907368421052634,0.32842105263157895,192.80357142857142,NQ
2018-10-26,-1,6787.75,6895.5,2,-433.44,-429.0,107.25,stop,635,725,-1.0103496503496503,-1.0,199.21428571428572,NQ
2018-10-29,1,6977.75,6920.75,4,-460.88,-452.0,56.5,stop,600,645,-1.0196460176991151,-1.0,208.32142857142858,NQ
2018-10-30,1,6806.25,6817.5,1,21.28,23.5,145.0,time,705,955,0.07337931034482759,0.08103448275862069,230.33928571428572,NQ
2018-10-31,1,6989.5,6973.25,4,-134.88,-126.0,62.0,time,600,955,-0.2719354838709677,-0.2540322580645161,218.28571428571428,NQ
2018-11-01,1,7020.75,7073.0,3,309.84,316.5,76.25,time,670,955,0.6772459016393442,0.6918032786885245,217.66071428571428,NQ
2018-11-02,-1,7017.25,6965.75,3,305.34,312.0,75.0,time,600,955,0.6785333333333333,0.6933333333333334,212.57142857142858,NQ
2018-11-05,-1,6893.5,6943.25,3,-302.16,-295.5,77.5,time,600,955,-0.6498064516129033,-0.635483870967742,217.23214285714286,NQ
2018-11-07,1,7116.5,7210.0,4,743.12,752.0,54.5,time,610,955,1.7044036697247706,1.724770642201835,207.69642857142858,NQ
2018-11-08,1,7199.75,7153.25,5,-471.1,-460.0,46.0,stop,600,805,-1.0241304347826088,-1.0,208.91071428571428,NQ
2018-11-09,-1,7063.75,7046.25,4,135.12,144.0,52.25,time,605,955,0.3232535885167464,0.3444976076555024,203.67857142857142,NQ
2018-11-12,-1,6912.5,6838.5,2,293.56,298.0,96.25,time,600,955,0.7624935064935064,0.7740259740259741,208.625,NQ
2018-11-13,-1,6847.75,6920.75,3,-441.66,-435.0,72.5,stop,600,660,-1.0153103448275862,-1.0,208.64285714285714,NQ
2018-11-14,-1,6868.75,6782.5,4,685.12,694.0,60.5,time,605,955,1.4155371900826446,1.4338842975206612,194.16071428571428,NQ
2018-11-15,-1,6722.0,6811.5,2,-360.44,-356.0,89.0,stop,630,680,-1.0124719101123596,-1.0,187.44642857142858,NQ
2018-11-16,1,6890.5,6878.75,3,-74.16,-67.5,82.75,time,630,955,-0.1493655589123867,-0.13595166163141995,182.32142857142858,NQ
2018-11-19,-1,6776.5,6653.0,3,737.34,744.0,75.75,time,600,955,1.6223102310231023,1.636963696369637,161.26785714285714,NQ
2018-11-20,-1,6453.25,6558.25,2,-422.44,-418.0,104.5,stop,610,635,-1.010622009569378,-1.0,167.17857142857142,NQ
2018-11-27,1,6679.25,6706.5,3,159.84,166.5,65.75,time,605,955,0.40517110266159695,0.4220532319391635,158.28571428571428,NQ
2018-11-28,-1,6731.0,6765.25,7,-488.04,-472.5,33.75,stop,630,720,-1.032888888888889,-1.0,150.46428571428572,NQ
2018-11-29,-1,6871.5,6911.5,6,-487.32,-474.0,39.5,stop,615,825,-1.0281012658227848,-1.0,160.23214285714286,NQ
2018-11-30,1,6923.75,6950.25,4,207.12,216.0,51.0,time,630,955,0.5076470588235295,0.5294117647058824,154.625,NQ
2018-12-03,-1,7029.75,7066.0,3,-221.16,-214.5,77.75,time,715,955,-0.4740836012861736,-0.45980707395498394,144.58928571428572,NQ
2018-12-04,-1,7008.75,6801.25,6,2482.68,2496.0,37.75,time,685,955,5.4805298013245025,5.509933774834437,145.55357142857142,NQ
2018-12-06,-1,6642.75,6731.5,2,-357.44,-353.0,88.25,stop,685,735,-1.0125779036827196,-1.0,152.28571428571428,NQ
2018-12-07,-1,6783.25,6615.75,3,1001.34,1008.0,68.5,time,610,955,2.436350364963504,2.4525547445255476,152.42857142857142,NQ
2018-12-10,-1,6575.0,6672.75,2,-393.44,-389.0,97.25,stop,650,830,-1.011413881748072,-1.0,163.125,NQ
2018-12-11,-1,6752.75,6706.5,5,456.4,467.5,43.0,time,610,955,1.0613953488372092,1.0872093023255813,158.30357142857142,NQ
2018-12-12,1,6817.0,6778.75,6,-466.32,-453.0,37.75,stop,600,890,-1.0294039735099338,-1.0,154.125,NQ
2018-12-13,-1,6771.75,6767.75,4,27.12,36.0,60.75,time,645,955,0.055802469135802474,0.07407407407407407,157.98214285714286,NQ
2018-12-14,1,6703.75,6654.5,5,-498.6,-487.5,48.75,stop,600,710,-1.0227692307692309,-1.0,160.73214285714286,NQ
2018-12-17,1,6603.75,6522.75,3,-489.66,-483.0,80.5,stop,655,810,-1.0137888198757765,-1.0,167.94642857142858,NQ
2018-12-20,1,6395.5,6318.75,3,-464.16,-457.5,76.25,stop,605,665,-1.0145573770491805,-1.0,180.33928571428572,NQ
2018-12-21,-1,6241.75,6312.75,3,-429.66,-423.0,70.5,stop,600,615,-1.015744680851064,-1.0,189.17857142857142,NQ
2018-12-24,1,6080.5,5941.0,1,-280.22,-278.0,139.0,stop,640,775,-1.0079856115107915,-1.0,205.0,NQ
2018-12-26,-1,5960.75,6052.0,2,-367.44,-363.0,90.75,stop,610,715,-1.0122314049586776,-1.0,208.71428571428572,NQ
2018-12-27,-1,6123.25,6228.5,2,-423.44,-419.0,104.75,stop,615,925,-1.0105966587112172,-1.0,216.33928571428572,NQ
2018-12-28,-1,6282.25,6349.0,3,-404.16,-397.5,66.25,stop,620,845,-1.0167547169811322,-1.0,219.17857142857142,NQ
2018-12-31,-1,6326.25,6346.0,4,-162.88,-154.0,50.25,time,610,955,-0.4051741293532338,-0.38308457711442784,212.14285714285714,NQ
2019-01-02,1,6296.75,6373.0,2,302.56,307.0,91.0,time,605,955,0.8312087912087912,0.8434065934065934,206.03571428571428,NQ
2019-01-03,-1,6228.5,6159.0,3,413.34,420.0,75.5,time,600,955,0.9124503311258277,0.9271523178807947,210.25,NQ
2019-01-04,1,6313.75,6435.25,3,725.34,732.0,72.0,time,600,955,1.6790277777777778,1.6944444444444444,214.46428571428572,NQ
2019-01-07,1,6476.75,6500.25,4,183.12,192.0,54.25,time,630,955,0.42193548387096774,0.4423963133640553,227.875,NQ
2019-01-08,-1,6528.25,6564.75,4,-296.88,-288.0,57.75,time,610,955,-0.6425974025974026,-0.6233766233766234,223.01785714285714,NQ
2019-01-09,1,6624.25,6614.75,4,-80.88,-72.0,55.0,time,710,955,-0.1838181818181818,-0.16363636363636364,215.39285714285714,NQ
2019-01-10,1,6575.0,6630.75,5,551.4,562.5,47.25,time,620,955,1.166984126984127,1.1904761904761905,212.83928571428572,NQ
2019-01-11,1,6604.25,6612.75,7,110.46000000000001,126.0,32.0,time,605,955,0.24656250000000002,0.28125,198.73214285714286,NQ
2019-01-14,1,6556.75,6552.0,7,-75.03999999999999,-59.5,35.0,time,615,955,-0.15314285714285714,-0.12142857142857143,186.91071428571428,NQ
2019-01-15,1,6666.75,6681.5,2,56.56,61.0,90.5,time,600,955,0.15624309392265193,0.1685082872928177,171.92857142857142,NQ
2019-01-16,-1,6685.25,6680.5,4,33.12,42.0,51.75,time,640,955,0.07999999999999999,0.10144927536231885,166.75,NQ
2019-01-17,1,6696.25,6730.0,4,265.12,274.0,51.75,time,690,955,0.6403864734299517,0.6618357487922706,143.66071428571428,NQ
2019-01-18,1,6789.0,6794.75,5,51.4,62.5,49.25,time,645,955,0.10436548223350253,0.12690355329949238,134.07142857142858,NQ
2019-01-22,-1,6711.75,6666.0,6,541.68,555.0,36.75,time,610,955,1.228299319727891,1.2585034013605443,126.875,NQ
2019-01-23,-1,6685.0,6669.25,6,181.68,195.0,37.75,time,625,955,0.40105960264900664,0.4304635761589404,123.03571428571429,NQ
2019-01-24,1,6710.75,6672.5,6,-466.32,-453.0,37.75,stop,615,670,-1.0294039735099338,-1.0,116.41071428571429,NQ
2019-01-25,1,6775.75,6793.0,6,199.68,213.0,36.5,time,600,955,0.45589041095890415,0.4863013698630137,98.82142857142857,NQ
2019-01-29,-1,6674.0,6638.25,7,491.96,507.5,35.5,time,610,955,0.9898591549295774,1.0211267605633803,99.89285714285714,NQ
2019-01-30,-1,6698.25,6737.0,6,-472.32,-459.0,38.25,stop,600,725,-1.0290196078431373,-1.0,100.48214285714286,NQ
2019-01-31,1,6884.25,6910.0,5,251.4,262.5,43.75,time,600,955,0.5746285714285715,0.6,106.57142857142857,NQ
2019-02-01,1,6916.25,6871.0,5,-458.6,-447.5,44.75,stop,610,825,-1.024804469273743,-1.0,111.53571428571429,NQ
2019-02-04,1,6919.75,6962.75,5,423.9,435.0,46.0,time,610,955,0.9215217391304348,0.9456521739130435,109.78571428571429,NQ
2019-02-05,1,7019.0,7025.0,5,53.9,65.0,49.25,time,630,955,0.10944162436548223,0.1319796954314721,106.42857142857143,NQ
2019-02-06,-1,7005.5,7003.25,7,22.96,38.5,33.0,time,600,955,0.0496969696969697,0.08333333333333333,107.10714285714286,NQ
2019-02-07,1,6946.25,6912.25,7,-484.54,-469.0,33.5,stop,620,650,-1.033134328358209,-1.0,103.58928571428571,NQ
2019-02-08,-1,6845.25,6877.25,7,-456.54,-441.0,31.5,stop,615,635,-1.0352380952380953,-1.0,107.07142857142857,NQ
2019-02-11,-1,6911.5,6916.0,4,-40.88,-32.0,52.75,time,665,955,-0.09687203791469196,-0.07582938388625593,108.96428571428571,NQ
2019-02-12,1,6991.0,7018.5,6,322.68,336.0,36.75,time,600,955,0.7317006802721089,0.7619047619047619,103.01785714285714,NQ
2019-02-13,-1,7036.25,7021.25,7,201.46,217.0,33.25,time,610,955,0.43278195488721805,0.46616541353383456,101.64285714285714,NQ
2019-02-14,1,7013.25,7027.75,6,166.68,180.0,41.0,time,600,955,0.33878048780487807,0.36585365853658536,101.51785714285714,NQ
2019-02-15,-1,7031.0,7060.0,4,-236.88,-228.0,53.0,time,675,955,-0.5586792452830188,-0.5377358490566038,100.125,NQ
2019-02-19,1,7074.75,7072.0,6,-40.32,-27.0,38.75,time,610,955,-0.08670967741935484,-0.05806451612903226,88.96428571428571,NQ
2019-02-20,1,7097.5,7074.75,11,-513.92,-489.5,22.25,stop,625,725,-1.0498876404494382,-1.0,79.14285714285714,NQ
2019-02-21,-1,7010.0,7066.5,4,-456.88,-448.0,56.0,stop,610,750,-1.0198214285714287,-1.0,75.16071428571429,NQ
2019-02-22,1,7081.25,7095.25,9,241.02,261.0,26.75,time,645,955,0.5005607476635514,0.5420560747663551,75.14285714285714,NQ
2019-02-26,1,7131.5,7128.25,6,-46.32,-33.0,40.25,time,600,955,-0.09590062111801242,-0.06832298136645963,73.08928571428571,NQ
2019-02-27,-1,7081.0,7119.25,6,-466.32,-453.0,37.75,stop,600,800,-1.0294039735099338,-1.0,72.625,NQ
2019-02-28,-1,7087.5,7122.25,7,-495.04,-479.5,34.25,stop,605,710,-1.0324087591240876,-1.0,68.125,NQ
2019-03-01,-1,7140.0,7162.25,11,-502.92,-478.5,21.75,stop,610,865,-1.0510344827586207,-1.0,65.69642857142857,NQ
2019-03-04,-1,7191.0,7155.25,12,843.36,870.0,20.25,time,610,955,1.7353086419753088,1.7901234567901234,65.26785714285714,NQ
2019-03-05,1,7164.0,7159.75,6,-58.32,-45.0,39.5,time,665,955,-0.1230379746835443,-0.0949367088607595,67.0,NQ
2019-03-06,-1,7134.75,7117.75,7,229.46,245.0,33.0,time,620,955,0.4966666666666667,0.5303030303030303,67.17857142857143,NQ
2019-03-07,-1,7029.5,7030.75,3,-11.16,-4.5,72.0,time,615,955,-0.025833333333333333,-0.010416666666666666,65.60714285714286,NQ
2019-03-08,1,6988.5,7018.75,5,296.4,307.5,44.5,time,640,955,0.666067415730337,0.6910112359550562,69.57142857142857,NQ
2019-03-11,1,7130.0,7192.25,4,493.12,502.0,57.25,time,600,955,1.0766812227074236,1.0960698689956332,74.19642857142857,NQ
2019-03-12,1,7228.25,7231.5,6,31.68,45.0,36.0,time,630,955,0.07333333333333333,0.10416666666666667,82.71428571428571,NQ
2019-03-13,1,7289.25,7286.0,8,-61.76,-44.0,31.0,time,650,955,-0.12451612903225806,-0.08870967741935484,81.69642857142857,NQ
2019-03-14,-1,7270.5,7294.75,10,-497.2,-475.0,23.75,stop,610,720,-1.0467368421052632,-1.0,83.53571428571429,NQ
2019-03-15,1,7337.5,7336.0,5,-21.1,-10.0,43.25,time,675,955,-0.04878612716763006,-0.023121387283236993,81.33928571428571,NQ
2019-03-18,1,7370.0,7335.0,7,-498.54,-483.0,34.5,stop,600,685,-1.0321739130434784,-1.0,82.5,NQ
2019-03-19,-1,7374.75,7399.25,10,-502.2,-480.0,24.0,stop,655,705,-1.04625,-1.0,82.33928571428571,NQ
2019-03-20,1,7388.5,7359.0,8,-481.76,-464.0,29.0,stop,645,715,-1.0382758620689656,-1.0,81.35714285714286,NQ
2019-03-21,1,7453.5,7526.5,3,434.34,441.0,66.25,time,625,955,1.0926792452830187,1.109433962264151,85.80357142857143,NQ
2019-03-22,-1,7437.25,7358.5,3,468.84,475.5,75.75,time,660,955,1.0315511551155114,1.046204620462046,92.19642857142857,NQ
2019-03-25,-1,7296.25,7347.25,3,-309.66,-303.0,75.0,time,610,955,-0.6881333333333334,-0.6733333333333333,94.82142857142857,NQ
2019-03-26,-1,7391.25,7378.25,4,99.12,108.0,50.25,time,710,955,0.2465671641791045,0.26865671641791045,96.26785714285714,NQ
2019-03-27,-1,7359.0,7335.5,5,228.9,240.0,45.5,time,640,955,0.5030769230769231,0.5274725274725275,99.55357142857143,NQ
2019-03-28,1,7369.75,7322.25,5,-481.1,-470.0,47.0,stop,600,665,-1.0236170212765958,-1.0,100.58928571428571,NQ
2019-03-29,-1,7357.5,7404.25,5,-473.6,-462.5,46.25,stop,650,900,-1.024,-1.0,99.39285714285714,NQ
2019-04-01,-1,7454.0,7483.25,8,-477.76,-460.0,28.75,stop,605,665,-1.0386086956521738,-1.0,90.92857142857143,NQ
2019-04-02,1,7515.0,7525.25,9,173.52,193.5,26.25,time,625,955,0.36723809523809525,0.4095238095238095,94.19642857142857,NQ
2019-04-03,1,7574.5,7554.0,12,-506.64,-480.0,20.0,stop,615,910,-1.0554999999999999,-1.0,90.89285714285714,NQ
2019-04-04,-1,7557.25,7565.75,6,-109.32,-96.0,40.5,time,620,955,-0.22493827160493826,-0.19753086419753085,95.375,NQ
2019-04-05,1,7601.75,7603.75,10,27.8,50.0,24.25,time,600,955,0.05731958762886598,0.10309278350515463,94.42857142857143,NQ
2019-04-08,1,7595.0,7623.75,7,393.96,409.5,33.5,time,660,955,0.84,0.8731343283582089,93.35714285714286,NQ
2019-04-09,1,7611.75,7584.25,9,-505.98,-486.0,27.0,stop,605,955,-1.041111111111111,-1.0,93.21428571428571,NQ
2019-04-10,1,7626.0,7636.5,8,158.24,176.0,29.75,time,645,955,0.33243697478991596,0.3697478991596639,88.69642857142857,NQ
2019-04-12,-1,7633.5,7650.5,12,-422.64,-396.0,19.5,time,640,955,-0.903076923076923,-0.8461538461538461,71.98214285714286,NQ
2019-04-15,-1,7638.5,7651.5,12,-326.64,-300.0,20.25,time,605,955,-0.6720987654320988,-0.6172839506172839,69.0,NQ
2019-04-16,1,7686.25,7668.0,14,-528.08,-497.0,17.75,stop,600,930,-1.0625352112676056,-1.0,65.66071428571429,NQ
2019-04-17,-1,7686.75,7701.5,5,-153.6,-142.5,46.5,time,600,955,-0.3303225806451613,-0.3064516129032258,59.517857142857146,NQ
2019-04-18,-1,7680.0,7710.75,6,-376.32,-363.0,36.75,time,600,955,-0.8533333333333333,-0.8231292517006803,58.42857142857143,NQ
2019-04-22,1,7706.5,7732.75,7,358.96,374.5,35.25,time,600,955,0.7273758865248227,0.7588652482269503,57.875,NQ
2019-04-23,1,7792.0,7828.5,4,287.12,296.0,52.25,time,600,955,0.6868899521531101,0.7081339712918661,54.94642857142857,NQ
2019-04-25,-1,7808.75,7831.5,4,-186.88,-178.0,55.75,time,610,955,-0.4190134529147982,-0.3991031390134529,55.892857142857146,NQ
2019-04-29,1,7852.75,7854.5,11,25.08,49.5,22.0,time,635,955,0.05181818181818181,0.10227272727272728,58.839285714285715,NQ
2019-04-30,-1,7773.75,7796.0,7,-320.04,-304.5,32.75,time,635,955,-0.6980152671755726,-0.6641221374045801,56.875,NQ
2019-05-01,1,7852.75,7831.0,11,-491.92,-467.5,21.25,stop,610,760,-1.0522352941176472,-1.0,61.839285714285715,NQ
2019-05-02,1,7790.25,7753.5,6,-448.32,-435.0,36.25,stop,600,680,-1.0306206896551724,-1.0,66.23214285714286,NQ
2019-05-03,1,7813.5,7856.75,8,682.24,700.0,30.75,time,600,955,1.3866666666666667,1.4227642276422765,71.64285714285714,NQ
2019-05-06,1,7760.0,7808.25,2,190.56,195.0,83.75,time,615,955,0.5688358208955224,0.582089552238806,78.14285714285714,NQ
2019-05-07,-1,7689.0,7654.5,3,203.34,210.0,63.25,time,600,955,0.5358102766798419,0.5533596837944664,86.76785714285714,NQ
2019-05-08,1,7674.25,7628.25,3,-279.66,-273.0,74.0,time,655,955,-0.6298648648648649,-0.6148648648648649,99.94642857142857,NQ
2019-05-09,-1,7501.5,7565.75,3,-389.16,-382.5,63.75,stop,600,750,-1.0174117647058825,-1.0,102.53571428571429,NQ
2019-05-10,-1,7533.5,7588.5,4,-444.88,-436.0,54.5,stop,600,900,-1.0203669724770643,-1.0,109.35714285714286,NQ
2019-05-13,-1,7367.25,7334.75,3,191.34,198.0,77.5,time,600,955,0.4114838709677419,0.4258064516129032,119.21428571428571,NQ
2019-05-14,1,7399.5,7412.5,4,99.12,108.0,53.5,time,615,955,0.23158878504672897,0.2523364485981308,132.14285714285714,NQ
2019-05-15,1,7415.5,7516.25,4,801.12,810.0,52.25,time,600,955,1.916555023923445,1.937799043062201,137.96428571428572,NQ
2019-05-16,1,7596.5,7592.25,2,-19.44,-15.0,84.5,time,615,955,-0.057514792899408286,-0.04437869822485207,145.30357142857142,NQ
2019-05-17,1,7571.75,7515.75,4,-452.88,-444.0,55.5,stop,625,915,-1.02,-1.0,148.30357142857142,NQ
2019-05-20,1,7418.25,7388.0,4,-246.88,-238.0,56.5,time,625,955,-0.5461946902654867,-0.5265486725663717,153.375,NQ
2019-05-21,-1,7435.75,7465.0,8,-477.76,-460.0,28.75,stop,605,640,-1.0386086956521738,-1.0,156.08928571428572,NQ
2019-05-22,1,7457.5,7419.75,6,-460.32,-447.0,37.25,stop,620,790,-1.0297986577181208,-1.0,155.55357142857142,NQ
2019-05-23,-1,7303.0,7316.25,5,-138.6,-127.5,42.75,time,710,955,-0.32421052631578945,-0.2982456140350877,150.625,NQ
2019-05-24,-1,7341.25,7309.0,6,379.68,393.0,38.25,time,625,955,0.8271895424836602,0.8562091503267973,153.14285714285714,NQ
2019-05-28,-1,7322.25,7283.75,5,378.9,390.0,49.25,time,635,955,0.7693401015228426,0.7918781725888325,130.35714285714286,NQ
2019-05-29,1,7255.25,7212.25,5,-436.1,-425.0,42.5,stop,615,680,-1.0261176470588236,-1.0,130.32142857142858,NQ
2019-05-30,-1,7236.0,7252.0,7,-232.54,-217.0,33.0,time,710,955,-0.5033333333333333,-0.4696969696969697,126.94642857142857,NQ
2019-05-31,1,7176.0,7133.25,5,-433.6,-422.5,42.25,stop,645,935,-1.0262721893491125,-1.0,117.01785714285714,NQ
2019-06-03,-1,7045.5,6980.5,2,257.56,262.0,86.75,time,600,955,0.7422478386167147,0.7550432276657061,105.125,NQ
2019-06-04,1,7076.5,7171.25,5,941.4,952.5,49.0,time,620,955,1.9212244897959183,1.9438775510204083,109.85714285714286,NQ
2019-06-05,-1,7183.75,7226.25,4,-344.88,-336.0,58.0,time,620,955,-0.7432758620689655,-0.7241379310344828,111.21428571428571,NQ
2019-06-06,-1,7209.5,7247.75,6,-466.32,-453.0,37.75,stop,625,685,-1.0294039735099338,-1.0,108.53571428571429,NQ
2019-06-07,1,7380.25,7421.0,3,240.84,247.5,69.0,time,600,955,0.5817391304347826,0.5978260869565217,107.375,NQ
2019-06-10,1,7527.75,7506.0,4,-178.88,-170.0,58.5,time,605,955,-0.3822222222222222,-0.36324786324786323,108.71428571428571,NQ
2019-06-11,-1,7550.25,7517.75,4,255.12,264.0,50.25,time,640,955,0.6346268656716418,0.6567164179104478,113.01785714285714,NQ
2019-06-12,-1,7477.25,7475.5,7,15.96,31.5,35.0,time,620,955,0.03257142857142857,0.06428571428571428,116.89285714285714,NQ
2019-06-14,1,7486.25,7482.25,8,-73.76,-56.0,29.75,time,645,955,-0.15495798319327733,-0.11764705882352941,108.0,NQ
2019-06-18,1,7685.0,7638.5,2,-188.44,-184.0,86.5,time,635,955,-0.5446242774566474,-0.5317919075144508,110.08928571428571,NQ
2019-06-20,-1,7772.25,7763.25,8,134.24,152.0,30.0,time,615,955,0.2796666666666667,0.31666666666666665,116.19642857142857,NQ
2019-06-21,1,7768.25,7755.25,8,-217.76,-200.0,31.0,time,630,955,-0.4390322580645161,-0.4032258064516129,115.17857142857143,NQ
2019-06-25,-1,7710.25,7622.0,5,876.4,887.5,42.25,time,615,955,2.0743195266272187,2.100591715976331,94.33928571428571,NQ
2019-06-27,-1,7668.25,7684.25,7,-232.54,-217.0,33.25,time,680,955,-0.49954887218045113,-0.46616541353383456,98.17857142857143,NQ
2019-07-01,-1,7808.75,7793.5,6,175.68,189.0,40.75,time,620,955,0.3592638036809816,0.38650306748466257,81.30357142857143,NQ
2019-07-02,1,7798.75,7776.75,11,-497.42,-473.0,21.5,stop,625,700,-1.0516279069767442,-1.0,84.73214285714286,NQ
2019-07-04,-1,7895.0,7900.75,20,-254.4,-210.0,5.25,stop,605,650,-1.2114285714285715,-1.0,85.23214285714286,NQ
2019-07-05,-1,7801.75,7841.5,6,-484.32,-471.0,39.25,stop,630,745,-1.02828025477707,-1.0,82.08928571428571,NQ
2019-07-09,1,7806.5,7850.0,6,514.68,528.0,40.5,time,600,955,1.0590123456790121,1.0864197530864197,79.44642857142857,NQ
2019-07-10,-1,7884.5,7927.5,3,-261.66,-255.0,64.75,time,675,955,-0.6735135135135136,-0.6563706563706564,80.125,NQ
2019-07-11,-1,7922.75,7949.5,9,-492.48,-472.5,26.25,stop,630,680,-1.0422857142857143,-1.0,79.57142857142857,NQ
2019-07-12,-1,7921.5,7947.75,9,-483.48,-463.5,25.75,stop,640,695,-1.0431067961165048,-1.0,79.35714285714286,NQ
2019-07-16,-1,7970.75,7948.75,15,641.7,675.0,16.25,time,615,955,1.3163076923076924,1.3846153846153846,72.73214285714286,NQ
2019-07-17,-1,7942.75,7909.5,12,783.36,810.0,19.5,time,610,955,1.673846153846154,1.7307692307692308,70.35714285714286,NQ
2019-07-18,-1,7856.5,7902.0,5,-461.1,-450.0,45.0,stop,680,860,-1.0246666666666666,-1.0,70.92857142857143,NQ
2019-07-19,-1,7933.25,7853.5,6,949.68,963.0,40.75,time,605,955,1.942085889570552,1.969325153374233,73.83928571428571,NQ
2019-07-23,-1,7925.5,7963.0,6,-457.32,-444.0,37.0,stop,605,930,-1.03,-1.0,73.55357142857143,NQ
2019-07-24,1,7985.25,8025.5,5,396.4,407.5,46.25,time,630,955,0.857081081081081,0.8810810810810811,73.21428571428571,NQ
2019-07-29,-1,7961.0,8002.5,3,-252.66,-246.0,63.5,time,605,955,-0.6631496062992126,-0.6456692913385826,77.57142857142857,NQ
2019-07-30,1,7973.25,7966.75,6,-85.32,-72.0,39.5,time,600,955,-0.18,-0.1518987341772152,76.39285714285714,NQ
2019-07-31,1,7990.5,7967.5,11,-519.42,-495.0,22.5,stop,610,630,-1.0493333333333332,-1.0,74.21428571428571,NQ
2019-08-01,1,7946.75,7867.25,3,-480.66,-474.0,79.0,stop,605,820,-1.0140506329113925,-1.0,84.73214285714286,NQ
2019-08-02,-1,7716.75,7701.5,5,146.4,157.5,48.75,time,600,955,0.30030769230769233,0.3230769230769231,98.32142857142857,NQ
2019-08-05,-1,7472.25,7423.25,3,290.34,297.0,68.25,time,635,955,0.7090109890109889,0.7252747252747253,107.78571428571429,NQ
2019-08-06,-1,7468.25,7528.75,4,-488.88,-480.0,60.0,stop,615,855,-1.0185,-1.0,127.53571428571429,NQ
2019-08-07,1,7468.25,7558.75,3,539.34,546.0,80.5,time,610,955,1.1166459627329193,1.1304347826086956,132.66071428571428,NQ
2019-08-08,1,7628.0,7732.0,5,1033.9,1045.0,49.75,time,605,955,2.0781909547738695,2.100502512562814,140.01785714285714,NQ
2019-08-09,-1,7652.0,7656.75,3,-32.16,-25.5,67.75,time,605,955,-0.07911439114391143,-0.06273062730627306,143.5,NQ
2019-08-13,1,7777.5,7737.75,1,-80.72,-78.5,222.0,time,625,955,-0.1818018018018018,-0.1768018018018018,151.44642857142858,NQ
2019-08-14,-1,7583.5,7502.0,4,647.12,656.0,50.75,time,610,955,1.5938916256157636,1.6157635467980296,161.91071428571428,NQ
2019-08-16,1,7595.5,7612.25,6,193.68,207.0,40.0,time,620,955,0.4035,0.43125,173.44642857142858,NQ
2019-08-19,-1,7708.25,7745.0,6,-448.32,-435.0,36.25,stop,605,700,-1.0306206896551724,-1.0,177.89285714285714,NQ
2019-08-20,1,7726.75,7680.25,5,-471.1,-460.0,46.0,stop,655,860,-1.0241304347826088,-1.0,182.80357142857142,NQ
2019-08-22,-1,7743.25,7715.0,8,442.24,460.0,30.0,time,605,955,0.9213333333333333,0.9583333333333334,162.25,NQ
2019-08-23,1,7675.75,7627.75,5,-486.1,-475.0,47.5,stop,600,660,-1.0233684210526317,-1.0,159.125,NQ
2019-08-26,-1,7523.75,7565.5,6,-508.32,-495.0,41.25,stop,610,670,-1.026909090909091,-1.0,155.08928571428572,NQ
2019-08-27,-1,7616.5,7571.0,7,628.46,644.0,31.75,time,620,955,1.4138582677165354,1.4488188976377954,153.94642857142858,NQ
2019-08-28,1,7568.0,7593.25,3,147.84,154.5,63.5,time,605,955,0.38803149606299214,0.40551181102362205,148.33928571428572,NQ
2019-08-29,-1,7675.0,7726.25,4,-414.88,-406.0,50.75,stop,635,835,-1.021871921182266,-1.0,143.14285714285714,NQ
2019-08-30,-1,7712.5,7691.5,6,244.68,258.0,38.0,time,610,955,0.536578947368421,0.5657894736842105,143.23214285714286,NQ
2019-09-02,1,7667.0,7640.75,9,-483.48,-463.5,25.75,stop,620,705,-1.0431067961165048,-1.0,142.01785714285714,NQ
2019-09-03,-1,7612.0,7614.5,3,-18.66,-12.0,64.5,time,600,955,-0.048217054263565894,-0.031007751937984496,133.17857142857142,NQ
2019-09-04,-1,7676.0,7705.75,8,-485.76,-468.0,29.25,stop,605,765,-1.037948717948718,-1.0,121.75,NQ
2019-09-05,1,7854.75,7865.25,4,79.12,88.0,50.25,time,600,955,0.19681592039800996,0.21890547263681592,122.875,NQ
2019-09-11,1,7865.25,7889.5,4,189.12,198.0,53.5,time,610,955,0.4418691588785047,0.46261682242990654,119.01785714285714,NQ
2019-09-12,1,7967.0,7920.25,4,-378.88,-370.0,57.25,time,615,955,-0.8272489082969432,-0.8078602620087336,116.42857142857143,NQ
2019-09-13,1,7923.5,7887.25,6,-442.32,-429.0,35.75,stop,665,820,-1.0310489510489511,-1.0,102.78571428571429,NQ
2019-09-19,1,7970.0,7924.0,5,-466.1,-455.0,45.5,stop,630,745,-1.0243956043956044,-1.0,87.375,NQ
2019-09-20,-1,7918.5,7839.25,10,1572.8,1595.0,23.5,time,635,955,3.3463829787234043,3.393617021276596,84.58928571428571,NQ
2019-09-23,-1,7816.75,7848.25,8,-513.76,-496.0,31.0,stop,605,695,-1.0358064516129033,-1.0,86.08928571428571,NQ
2019-09-24,-1,7850.25,7732.25,5,1173.9,1185.0,43.5,time,620,955,2.6986206896551725,2.7241379310344827,83.85714285714286,NQ
2019-09-25,1,7741.5,7823.0,4,647.12,656.0,51.25,time,650,955,1.5783414634146342,1.6,89.33928571428571,NQ
2019-09-26,-1,7763.25,7814.25,4,-412.88,-404.0,50.5,stop,615,930,-1.021980198019802,-1.0,90.625,NQ
2019-09-27,-1,7747.75,7699.0,3,288.84,295.5,63.0,time,600,955,0.7641269841269841,0.7817460317460317,94.01785714285714,NQ
2019-09-30,1,7755.25,7767.5,5,116.4,127.5,44.5,time,685,955,0.26157303370786517,0.28651685393258425,100.05357142857143,NQ
2019-10-01,-1,7779.0,7701.5,4,615.12,624.0,62.25,time,605,955,1.2351807228915663,1.2530120481927711,99.30357142857143,NQ
2019-10-02,-1,7579.5,7566.25,3,75.84,82.5,72.75,time,630,955,0.17374570446735396,0.18900343642611683,104.10714285714286,NQ
2019-10-03,-1,7499.75,7585.25,2,-344.44,-340.0,85.0,stop,600,660,-1.0130588235294118,-1.0,110.01785714285714,NQ
2019-10-04,1,7722.0,7765.0,6,508.68,522.0,39.75,time,600,955,1.0664150943396227,1.0943396226415094,119.625,NQ
2019-10-07,1,7761.25,7736.75,6,-301.32,-288.0,36.75,time,625,955,-0.683265306122449,-0.6530612244897959,125.44642857142857,NQ
2019-10-08,-1,7638.0,7694.0,4,-452.88,-444.0,55.5,stop,600,765,-1.02,-1.0,126.89285714285714,NQ
2019-10-09,1,7702.0,7700.5,6,-25.32,-12.0,40.0,time,705,955,-0.05275,-0.025,128.28571428571428,NQ
2019-10-10,1,7764.5,7754.0,3,-66.66,-60.0,73.25,time,650,955,-0.15167235494880546,-0.13651877133105803,131.83928571428572,NQ
2019-10-11,1,7892.25,7842.5,5,-503.6,-492.5,49.25,stop,625,750,-1.02253807106599,-1.0,129.25,NQ
2019-10-14,1,7872.5,7853.75,6,-232.32,-219.0,36.25,time,605,955,-0.5340689655172414,-0.503448275862069,136.83928571428572,NQ
2019-10-15,1,7904.5,7952.75,7,666.96,682.5,32.5,time,605,955,1.465846153846154,1.5,126.16071428571429,NQ
2019-10-16,-1,7911.0,7935.5,10,-502.2,-480.0,24.0,stop,600,625,-1.04625,-1.0,121.625,NQ
2019-10-17,-1,7966.0,7954.25,9,200.52,220.5,26.0,time,625,955,0.4284615384615385,0.47115384615384615,118.55357142857143,NQ
2019-10-18,-1,7938.0,7876.0,12,1473.36,1500.0,20.25,time,600,955,3.0316049382716046,3.0864197530864197,111.42857142857143,NQ
2019-10-21,-1,7902.25,7936.5,7,-488.04,-472.5,33.75,stop,600,670,-1.032888888888889,-1.0,114.28571428571429,NQ
2019-10-22,-1,7956.75,7885.0,7,995.96,1011.5,31.75,time,655,955,2.2406299212598424,2.2755905511811023,108.96428571428571,NQ
2019-10-23,1,7888.75,7896.0,7,92.96000000000001,108.5,35.5,time,650,955,0.18704225352112677,0.21830985915492956,104.10714285714286,NQ
2019-10-24,-1,7921.75,7961.5,6,-484.32,-471.0,39.25,stop,600,685,-1.02828025477707,-1.0,94.51785714285714,NQ
2019-10-25,1,7972.5,8035.5,5,623.9,635.0,43.0,time,605,955,1.4509302325581395,1.4767441860465116,91.67857142857143,NQ
2019-10-28,1,8103.25,8116.25,8,198.24,216.0,29.0,time,615,955,0.42724137931034484,0.46551724137931033,94.30357142857143,NQ
2019-10-29,-1,8082.25,8054.75,7,376.46,392.0,31.5,time,600,955,0.8536507936507935,0.8888888888888888,92.10714285714286,NQ
2019-10-31,-1,8082.0,8091.25,7,-138.04,-122.5,35.25,time,600,955,-0.2797163120567376,-0.24822695035460993,87.75,NQ
2019-11-01,1,8153.0,8117.25,7,-509.04,-493.5,35.25,stop,600,730,-1.0314893617021277,-1.0,81.125,NQ
2019-11-04,-1,8210.0,8213.75,10,-87.2,-65.0,23.5,time,600,955,-0.18553191489361703,-0.13829787234042554,83.39285714285714,NQ
2019-11-05,-1,8203.0,8231.0,9,-514.98,-495.0,27.5,stop,610,725,-1.0403636363636364,-1.0,79.85714285714286,NQ
2019-11-06,-1,8186.5,8202.0,10,-322.2,-300.0,24.5,time,625,955,-0.6575510204081633,-0.6122448979591837,79.57142857142857,NQ
2019-11-07,1,8264.5,8233.75,8,-501.76,-484.0,30.25,stop,615,880,-1.036694214876033,-1.0,78.41071428571429,NQ
2019-11-08,1,8236.0,8261.25,7,344.96,360.5,31.5,time,640,955,0.7822222222222222,0.8174603174603174,75.39285714285714,NQ
2019-11-11,1,8229.75,8248.75,10,367.8,390.0,23.0,time,610,955,0.7995652173913044,0.8478260869565217,75.08928571428571,NQ
2019-11-12,1,8277.25,8251.75,10,-522.2,-500.0,25.0,stop,605,890,-1.0444,-1.0,71.32142857142857,NQ
2019-11-13,1,8264.5,8264.75,9,-6.48,13.5,27.5,time,625,955,-0.013090909090909092,0.02727272727272727,72.125,NQ
2019-11-14,1,8264.0,8237.5,9,-487.98,-468.0,26.0,stop,600,655,-1.0426923076923078,-1.0,69.48214285714286,NQ
2019-11-15,1,8317.75,8318.5,8,2.24,20.0,28.5,time,660,955,0.004912280701754386,0.043859649122807015,65.44642857142857,NQ
2019-11-18,1,8319.75,8333.25,6,154.68,168.0,40.25,time,690,955,0.320248447204969,0.34782608695652173,62.92857142857143,NQ
2019-11-19,-1,8335.0,8344.25,8,-157.76,-140.0,29.25,time,600,955,-0.3370940170940171,-0.29914529914529914,63.05357142857143,NQ
2019-11-20,1,8334.75,8316.5,14,-528.08,-497.0,17.75,stop,605,770,-1.0625352112676056,-1.0,60.69642857142857,NQ
2019-11-21,-1,8257.25,8286.25,8,-473.76,-456.0,28.5,stop,615,870,-1.0389473684210526,-1.0,63.94642857142857,NQ
2019-11-22,-1,8276.0,8278.0,11,-57.42,-33.0,22.5,time,605,955,-0.116,-0.06666666666666667,61.92857142857143,NQ
2019-11-25,1,8358.75,8376.5,5,171.4,182.5,46.75,time,605,955,0.36663101604278076,0.39037433155080214,61.732142857142854,NQ
2019-11-26,1,8391.0,8391.75,11,3.08,27.5,22.0,time,665,955,0.006363636363636364,0.056818181818181816,65.89285714285714,NQ
2019-11-27,1,8419.25,8449.0,15,874.2,907.5,16.5,time,610,955,1.766060606060606,1.8333333333333333,64.44642857142857,NQ
2019-11-28,-1,8436.75,8442.75,20,-264.4,-220.0,5.5,stop,655,690,-1.2018181818181817,-1.0,62.80357142857143,NQ
2019-12-02,-1,8328.75,8316.25,2,47.56,52.0,84.5,time,610,955,0.14071005917159765,0.15384615384615385,57.42857142857143,NQ
2019-12-05,-1,8280.25,8312.75,5,-331.1,-320.0,46.75,time,605,955,-0.7082352941176471,-0.6844919786096256,71.51785714285714,NQ
2019-12-06,1,8394.75,8399.5,9,74.52,94.5,26.5,time,685,955,0.15622641509433963,0.19811320754716982,71.33928571428571,NQ
2019-12-10,1,8372.5,8358.75,7,-201.04,-185.5,33.75,time,605,955,-0.42548148148148146,-0.3925925925925926,74.44642857142857,NQ
2019-12-11,1,8393.5,8404.25,8,162.24,180.0,29.75,time,600,955,0.3408403361344538,0.37815126050420167,70.33928571428571,NQ
2019-12-12,1,8482.0,8466.75,2,-63.44,-59.0,100.75,time,600,955,-0.15741935483870967,-0.14640198511166252,70.75,NQ
2019-12-13,1,8515.5,8491.5,3,-147.66,-141.0,75.0,time,600,955,-0.32813333333333333,-0.31333333333333335,74.35714285714286,NQ
2019-12-16,1,8606.0,8601.25,7,-75.03999999999999,-59.5,34.25,time,615,955,-0.15649635036496348,-0.12408759124087591,72.92857142857143,NQ
2019-12-18,1,8635.0,8611.75,10,-477.2,-455.0,22.75,stop,675,955,-1.0487912087912088,-1.0,77.46428571428571,NQ
2019-12-19,1,8638.5,8670.75,12,759.36,786.0,20.0,time,625,955,1.582,1.6375,79.05357142857143,NQ
2019-12-23,-1,8721.75,8735.5,18,-516.96,-477.0,13.25,stop,605,690,-1.0837735849056604,-1.0,73.55357142857143,NQ
2019-12-26,1,8762.5,8801.0,10,757.8,780.0,23.25,time,605,955,1.6296774193548387,1.6774193548387097,62.94642857142857,NQ
2019-12-30,-1,8700.0,8731.75,2,-129.44,-125.0,92.75,time,610,955,-0.34889487870619945,-0.33692722371967654,61.875,NQ
2020-01-02,-1,8809.5,8852.75,5,-438.6,-427.5,42.75,stop,620,855,-1.0259649122807017,-1.0,64.76785714285714,NQ
2020-01-06,1,8806.25,8863.25,3,338.34,345.0,77.0,time,610,955,0.7323376623376623,0.7467532467532467,71.375,NQ
2020-01-07,1,8882.5,8862.25,5,-208.6,-197.5,47.75,time,660,955,-0.4368586387434555,-0.41361256544502617,75.48214285714286,NQ
2020-01-08,1,8897.75,8929.5,5,311.4,322.5,49.5,time,685,955,0.629090909090909,0.6515151515151515,70.32142857142857,NQ
2020-01-13,1,9041.25,9085.0,6,517.68,531.0,37.25,time,675,955,1.1581208053691274,1.1879194630872483,82.28571428571429,NQ
2020-01-15,1,9088.5,9051.0,6,-457.32,-444.0,37.0,stop,605,810,-1.03,-1.0,88.35714285714286,NQ
2020-01-16,-1,9085.75,9118.25,7,-463.54,-448.0,32.0,stop,670,935,-1.0346875,-1.0,91.58928571428571,NQ
2020-01-17,-1,9130.75,9180.25,5,-501.1,-490.0,49.0,stop,670,950,-1.0226530612244897,-1.0,92.57142857142857,NQ
2020-01-21,1,9180.25,9179.5,8,-21.759999999999998,-4.0,28.25,time,600,955,-0.04814159292035398,-0.008849557522123894,86.5,NQ
2020-01-22,1,9248.5,9211.5,6,-451.32,-438.0,36.5,stop,635,905,-1.0304109589041095,-1.0,85.41071428571429,NQ
2020-01-23,1,9202.5,9227.25,4,193.12,202.0,50.5,time,610,955,0.47801980198019806,0.5,80.57142857142857,NQ
2020-01-24,-1,9246.5,9152.0,6,1126.68,1140.0,36.5,time,615,955,2.5723287671232877,2.6027397260273974,77.96428571428571,NQ
2020-01-28,1,9049.75,9098.0,5,476.4,487.5,48.5,time,620,955,0.9822680412371133,1.0051546391752577,92.91071428571429,NQ
2020-01-29,-1,9079.0,9110.0,3,-189.66,-183.0,79.5,time,600,955,-0.39761006289308176,-0.3836477987421384,95.35714285714286,NQ
2020-01-30,-1,9033.25,9115.0,3,-494.16,-487.5,81.25,stop,650,880,-1.0136615384615386,-1.0,94.92857142857143,NQ
2020-01-31,-1,9102.25,8995.5,3,636.84,643.5,81.5,time,600,955,1.3023312883435583,1.3159509202453987,98.32142857142857,NQ
2020-02-03,1,9144.25,9131.25,2,-54.44,-50.0,108.25,time,600,955,-0.12572748267898382,-0.11547344110854503,106.46428571428571,NQ
2020-02-04,1,9280.0,9340.5,4,479.12,488.0,52.75,time,625,955,1.135355450236967,1.1563981042654028,113.64285714285714,NQ
2020-02-05,-1,9370.0,9376.0,2,-26.44,-22.0,87.5,time,610,955,-0.07554285714285715,-0.06285714285714286,124.73214285714286,NQ
2020-02-06,1,9416.75,9452.75,4,283.12,292.0,54.0,time,635,955,0.6553703703703704,0.6759259259259259,128.58928571428572,NQ
2020-02-07,1,9427.25,9410.75,5,-171.1,-160.0,42.0,time,635,955,-0.40738095238095234,-0.38095238095238093,131.03571428571428,NQ
2020-02-10,1,9454.5,9524.75,3,417.84,424.5,75.5,time,605,955,0.9223841059602649,0.9370860927152318,135.125,NQ
2020-02-11,1,9588.5,9538.5,5,-506.1,-495.0,49.5,stop,610,840,-1.0224242424242425,-1.0,142.19642857142858,NQ
2020-02-12,1,9605.25,9619.75,5,138.9,150.0,44.0,time,685,955,0.3156818181818182,0.3409090909090909,144.625,NQ
2020-02-13,1,9594.75,9604.5,4,73.12,82.0,55.25,time,640,955,0.16542986425339368,0.18552036199095023,145.83928571428572,NQ
2020-02-14,-1,9600.0,9640.25,6,-490.32,-477.0,39.75,stop,610,675,-1.0279245283018867,-1.0,140.96428571428572,NQ
2020-02-18,1,9624.25,9635.25,5,103.9,115.0,49.5,time,605,955,0.20989898989898992,0.23232323232323232,120.19642857142857,NQ
2020-02-19,1,9722.25,9728.0,6,61.68,75.0,40.5,time,620,955,0.12691358024691357,0.15432098765432098,120.58928571428571,NQ
2020-02-20,1,9719.75,9685.75,7,-484.54,-469.0,33.5,stop,610,665,-1.033134328358209,-1.0,119.83928571428571,NQ
2020-02-24,1,9200.75,9084.0,1,-234.72,-232.5,159.25,time,610,955,-0.7369544740973313,-0.7299843014128728,123.78571428571429,NQ
2020-02-25,-1,9068.25,8840.0,2,910.56,915.0,122.5,time,620,955,1.858285714285714,1.8673469387755102,136.82142857142858,NQ
2020-02-26,1,9029.5,8879.75,1,-300.72,-298.5,149.25,stop,640,735,-1.0074371859296483,-1.0,154.03571428571428,NQ
2020-02-27,-1,8584.25,8722.75,1,-278.22,-276.0,138.0,stop,625,675,-1.0080434782608696,-1.0,163.125,NQ
2020-02-28,1,8340.5,8475.5,1,268.78,271.0,214.0,time,685,955,0.6279906542056074,0.633177570093458,189.625,NQ
2020-03-02,-1,8464.25,8596.25,1,-265.22,-263.0,131.5,stop,605,650,-1.0084410646387834,-1.0,205.64285714285714,NQ
2020-03-03,1,8978.75,8744.5,1,-469.72,-467.5,233.75,stop,600,680,-1.0047486631016043,-1.0,229.10714285714286,NQ
2020-03-04,1,8789.0,8943.5,2,615.56,620.0,123.5,time,620,955,1.2460728744939271,1.2550607287449393,257.14285714285717,NQ
2020-03-05,1,8793.0,8701.25,2,-369.44,-365.0,91.25,stop,615,760,-1.0121643835616438,-1.0,274.92857142857144,NQ
2020-03-06,1,8465.0,8363.25,2,-409.44,-405.0,101.25,stop,620,870,-1.010962962962963,-1.0,294.8392857142857,NQ
2020-03-09,1,8151.75,7933.0,1,-438.72,-436.5,331.5,time,605,955,-0.6617194570135747,-0.6583710407239819,317.4107142857143,NQ
2020-03-10,-1,8111.5,8244.75,1,-267.72,-265.5,132.75,stop,645,910,-1.008361581920904,-1.0,361.4107142857143,NQ
2020-03-11,-1,8125.75,7998.5,2,506.56,511.0,90.75,time,635,955,1.3954820936639118,1.4077134986225894,384.4107142857143,NQ
2020-03-12,1,7609.25,7327.0,1,-565.72,-563.5,281.75,stop,650,730,-1.0039396628216504,-1.0,403.1607142857143,NQ
2020-03-13,-1,7445.25,7736.25,1,-583.22,-581.0,290.5,stop,655,950,-1.0038209982788298,-1.0,440.875,NQ
2020-03-16,1,7435.75,7022.75,1,-827.22,-825.0,412.5,stop,635,955,-1.002690909090909,-1.0,461.92857142857144,NQ
2020-03-17,1,7320.5,7453.5,1,264.78,267.0,354.25,time,665,955,0.37371912491178544,0.3768525052928723,507.19642857142856,NQ
2020-03-18,1,7295.75,6961.25,1,-670.22,-668.0,334.0,stop,600,795,-1.0033233532934132,-1.0,534.8571428571429,NQ
2020-03-19,1,7287.5,7268.25,1,-39.72,-37.5,277.25,time,605,955,-0.07163210099188458,-0.06762849413886383,548.7321428571429,NQ
2020-03-23,1,7064.25,6834.25,1,-461.22,-459.0,229.5,stop,610,685,-1.0048366013071897,-1.0,563.75,NQ
2020-03-24,1,7446.25,7324.75,2,-488.44,-484.0,121.0,stop,695,840,-1.0091735537190083,-1.0,555.9464285714286,NQ
2020-03-25,-1,7430.5,7664.5,1,-469.22,-467.0,233.5,stop,600,785,-1.0047537473233406,-1.0,569.3571428571429,NQ
2020-03-26,1,7666.0,7867.75,1,402.28,404.5,151.0,time,605,955,1.3320529801324503,1.3394039735099337,573.3928571428571,NQ
2020-03-30,1,7724.25,7866.75,2,567.56,572.0,94.0,time,600,955,1.5094680851063829,1.5212765957446808,550.1785714285714,NQ
2020-03-31,1,7879.5,7796.75,3,-500.16,-493.5,82.25,stop,605,910,-1.0134954407294834,-1.0,541.2857142857143,NQ
2020-04-01,1,7637.25,7560.75,3,-462.66,-456.0,76.0,stop,630,745,-1.0146052631578948,-1.0,525.125,NQ
2020-04-02,1,7521.75,7617.25,2,379.56,384.0,112.75,time,625,955,0.8415964523281596,0.8514412416851441,499.48214285714283,NQ
2020-04-03,-1,7567.5,7514.75,2,208.56,213.0,92.5,time,625,955,0.5636756756756757,0.5756756756756757,464.57142857142856,NQ
2020-04-06,1,7857.25,8053.25,2,781.56,786.0,107.0,time,615,955,1.82607476635514,1.8364485981308412,409.0,NQ
2020-04-07,-1,8174.25,8040.75,2,531.56,536.0,124.0,time,605,955,1.0716935483870966,1.0806451612903225,407.32142857142856,NQ
2020-04-08,-1,8052.0,8154.5,2,-412.44,-408.0,102.0,stop,605,680,-1.0108823529411766,-1.0,380.42857142857144,NQ
2020-04-09,-1,8220.5,8226.25,2,-25.44,-21.0,105.5,time,605,955,-0.06028436018957346,-0.04976303317535545,359.64285714285717,NQ
2020-04-13,-1,8147.25,8243.75,2,-388.44,-384.0,96.0,stop,665,830,-1.0115625,-1.0,334.51785714285717,NQ
2020-04-14,1,8607.5,8681.75,1,147.28,149.5,150.25,time,615,955,0.4901164725457571,0.49750415973377704,320.94642857142856,NQ
2020-04-15,1,8570.25,8581.75,2,43.56,48.0,83.5,time,650,955,0.13041916167664672,0.1437125748502994,310.32142857142856,NQ
2020-04-16,-1,8606.0,8698.25,2,-371.44,-367.0,91.75,stop,600,645,-1.0120980926430518,-1.0,296.4642857142857,NQ
2020-04-17,-1,8742.75,8816.0,1,-147.72,-145.5,128.5,time,645,955,-0.5747859922178988,-0.566147859922179,280.23214285714283,NQ
2020-04-20,1,8788.5,8729.5,4,-476.88,-468.0,58.5,stop,625,905,-1.018974358974359,-1.0,271.23214285714283,NQ
2020-04-21,-1,8522.0,8391.0,1,260.78,263.0,129.75,time,615,955,1.0049325626204237,1.0134874759152215,258.76785714285717,NQ
2020-04-22,1,8601.5,8647.75,3,273.84,280.5,67.5,time,700,955,0.676148148148148,0.6925925925925925,267.51785714285717,NQ
2020-04-23,1,8747.25,8661.75,2,-344.44,-340.0,85.0,stop,615,765,-1.0130588235294118,-1.0,261.64285714285717,NQ
2020-04-27,1,8869.5,8819.0,5,-511.1,-500.0,50.0,stop,615,655,-1.0222,-1.0,256.125,NQ
2020-04-28,-1,8824.0,8666.75,3,939.84,946.5,81.0,time,600,955,1.9338271604938273,1.9475308641975309,221.96428571428572,NQ
2020-04-29,1,8908.0,8963.25,2,218.56,223.0,91.75,time,615,955,0.5955313351498638,0.6076294277929155,220.78571428571428,NQ
2020-05-01,1,8855.75,8779.75,3,-459.66,-453.0,75.5,stop,600,690,-1.014701986754967,-1.0,226.82142857142858,NQ
2020-05-04,1,8746.25,8817.75,2,283.56,288.0,95.5,time,600,955,0.7423036649214659,0.7539267015706806,235.23214285714286,NQ
2020-05-05,1,8963.75,8895.0,3,-416.16,-409.5,68.25,stop,600,935,-1.0162637362637363,-1.0,219.80357142857142,NQ
2020-05-06,-1,8965.25,9029.25,3,-387.66,-381.0,63.5,stop,600,645,-1.01748031496063,-1.0,220.26785714285714,NQ
2020-05-07,-1,9051.75,9109.25,4,-464.88,-456.0,57.0,stop,610,705,-1.0194736842105263,-1.0,215.57142857142858,NQ
2020-05-08,1,9177.25,9209.25,4,251.12,260.0,61.0,time,615,955,0.5145901639344262,0.5327868852459017,213.58928571428572,NQ
2020-05-11,1,9236.25,9286.5,2,198.56,203.0,88.5,time,600,955,0.5609039548022599,0.5734463276836158,213.10714285714286,NQ
2020-05-13,1,9152.0,9042.5,2,-440.44,-436.0,109.0,stop,600,695,-1.0101834862385322,-1.0,195.76785714285714,NQ
2020-05-14,-1,8852.25,8976.0,2,-497.44,-493.0,123.25,stop,625,775,-1.0090060851926979,-1.0,206.16071428571428,NQ
2020-05-15,1,9025.0,9145.75,3,720.84,727.5,81.25,time,605,955,1.478646153846154,1.4923076923076923,209.35714285714286,NQ
2020-05-18,1,9304.0,9319.75,3,90.84,97.5,67.25,time,630,955,0.22513011152416357,0.241635687732342,216.41071428571428,NQ
2020-05-19,1,9383.75,9313.75,3,-423.66,-417.0,69.5,stop,605,950,-1.0159712230215827,-1.0,213.89285714285714,NQ
2020-05-20,1,9467.75,9479.75,3,68.34,75.0,65.5,time,605,955,0.1738931297709924,0.19083969465648856,198.19642857142858,NQ
2020-05-21,-1,9439.75,9377.75,3,368.34,375.0,70.75,time,600,955,0.8677031802120141,0.8833922261484098,204.91071428571428,NQ
2020-05-26,-1,9480.0,9388.25,2,364.56,369.0,89.5,time,680,955,1.0183240223463688,1.0307262569832403,183.08928571428572,NQ
2020-05-27,-1,9241.75,9385.5,1,-288.72,-286.5,143.25,stop,635,890,-1.0077486910994766,-1.0,187.30357142857142,NQ
2020-05-28,1,9468.0,9415.0,2,-214.44,-210.0,85.5,time,610,955,-0.6270175438596491,-0.6140350877192983,195.42857142857142,NQ
2020-05-29,-1,9415.0,9483.25,3,-413.16,-406.5,67.75,stop,605,850,-1.0163837638376385,-1.0,199.26785714285714,NQ
2020-06-01,1,9573.5,9593.25,3,114.84,121.5,67.5,time,605,955,0.28355555555555556,0.3,199.83928571428572,NQ
2020-06-02,1,9610.0,9558.0,4,-420.88,-412.0,51.5,stop,620,645,-1.0215533980582525,-1.0,189.48214285714286,NQ
2020-06-04,-1,9665.0,9627.75,3,219.84,226.5,77.25,time,670,955,0.4743042071197411,0.4886731391585761,166.07142857142858,NQ
2020-06-05,1,9792.25,9815.75,1,45.78,48.0,138.75,time,660,955,0.16497297297297298,0.17297297297297298,163.58928571428572,NQ
2020-06-08,-1,9765.75,9829.75,3,-387.66,-381.0,63.5,stop,600,800,-1.01748031496063,-1.0,163.82142857142858,NQ
2020-06-09,1,9912.75,9963.75,4,403.12,412.0,60.5,time,620,955,0.8328925619834711,0.8512396694214877,165.64285714285714,NQ
2020-06-10,1,10068.75,10023.25,5,-461.1,-450.0,45.0,stop,600,655,-1.0246666666666666,-1.0,161.89285714285714,NQ
2020-06-11,1,9964.0,9875.75,2,-355.44,-351.0,87.75,stop,610,660,-1.0126495726495726,-1.0,164.44642857142858,NQ
2020-06-12,-1,9774.25,9660.25,3,680.34,687.0,74.75,time,610,955,1.516923076923077,1.5317725752508362,193.53571428571428,NQ
2020-06-15,1,9603.0,9777.0,2,693.56,698.0,119.25,time,600,955,1.4540041928721172,1.4633123689727463,209.55357142857142,NQ
2020-06-16,-1,9944.5,9954.5,3,-63.66,-57.0,63.75,time,640,955,-0.1664313725490196,-0.14901960784313725,218.83928571428572,NQ
2020-06-17,-1,9945.25,10018.25,3,-441.66,-435.0,72.5,stop,615,750,-1.0153103448275862,-1.0,216.58928571428572,NQ
2020-06-18,1,9989.25,9941.5,5,-483.6,-472.5,47.25,stop,605,630,-1.0234920634920635,-1.0,211.44642857142858,NQ
2020-06-19,-1,10071.25,9990.75,6,958.68,972.0,37.75,time,675,955,2.1162913907284766,2.1456953642384105,203.21428571428572,NQ
2020-06-22,1,10038.25,10114.5,4,605.12,614.0,62.25,time,600,955,1.2151004016064257,1.2329317269076305,209.48214285714286,NQ
2020-06-23,1,10207.5,10197.25,5,-108.6,-97.5,48.5,time,615,955,-0.22391752577319587,-0.20103092783505155,208.98214285714286,NQ
2020-06-24,-1,10075.5,9993.0,1,163.78,166.0,145.75,time,600,955,0.5618524871355061,0.5694682675814752,215.69642857142858,NQ
2020-06-26,-1,9984.75,9841.5,2,570.56,575.0,97.25,time,600,955,1.4667352185089972,1.4781491002570695,224.125,NQ
2020-06-29,1,9869.0,9950.5,1,161.78,164.0,140.0,time,635,955,0.5777857142857142,0.5857142857142857,231.89285714285714,NQ
2020-06-30,1,10040.5,10148.25,2,428.56,433.0,97.0,time,605,955,1.1045360824742267,1.115979381443299,236.91071428571428,NQ
2020-07-01,1,10193.75,10264.75,3,422.34,429.0,68.0,time,615,955,1.0351470588235294,1.0514705882352942,239.53571428571428,NQ
2020-07-02,-1,10364.0,10335.5,4,223.12,232.0,55.25,time,625,955,0.5047963800904978,0.5248868778280543,216.625,NQ
2020-07-06,1,10540.0,10591.25,3,303.84,310.5,69.75,time,600,955,0.726021505376344,0.7419354838709677,182.69642857142858,NQ
2020-07-07,1,10648.25,10557.0,2,-367.44,-363.0,90.75,stop,610,905,-1.0122314049586776,-1.0,186.41071428571428,NQ
2020-07-08,1,10633.75,10566.25,3,-408.66,-402.0,67.0,stop,615,675,-1.0165671641791045,-1.0,191.94642857142858,NQ
2020-07-09,-1,10688.0,10748.25,4,-486.88,-478.0,59.75,stop,615,900,-1.0185774058577406,-1.0,196.30357142857142,NQ
2020-07-10,-1,10637.25,10749.75,2,-452.44,-448.0,112.0,stop,600,785,-1.0099107142857142,-1.0,198.19642857142858,NQ
2020-07-13,1,10998.75,10929.25,3,-420.66,-414.0,69.0,stop,625,840,-1.0160869565217392,-1.0,202.48214285714286,NQ
2020-07-14,-1,10367.5,10629.5,1,-525.22,-523.0,261.5,stop,610,860,-1.004244741873805,-1.0,225.01785714285714,NQ
2020-07-15,-1,10652.0,10688.0,2,-146.44,-142.0,114.25,time,660,955,-0.32043763676148795,-0.31072210065645517,227.60714285714286,NQ
2020-07-16,-1,10520.0,10600.0,3,-483.66,-477.0,79.5,stop,600,790,-1.0139622641509434,-1.0,227.78571428571428,NQ
2020-07-17,-1,10558.0,10650.25,2,-371.44,-367.0,91.75,stop,620,890,-1.0120980926430518,-1.0,224.17857142857142,NQ
2020-07-20,1,10696.75,10936.25,2,955.56,960.0,90.75,time,600,955,2.6323966942148758,2.644628099173554,217.66071428571428,NQ
2020-07-21,-1,10900.5,10824.25,2,302.56,307.0,102.0,time,625,955,0.7415686274509804,0.7524509803921569,226.98214285714286,NQ
2020-07-22,-1,10806.25,10860.0,2,-217.44,-213.0,89.25,time,645,955,-0.6090756302521009,-0.5966386554621849,229.375,NQ
2020-07-23,-1,10789.5,10572.25,3,1299.84,1306.5,82.0,time,610,955,2.641951219512195,2.6554878048780486,228.0,NQ
2020-07-24,1,10452.0,10469.5,1,33.78,36.0,150.75,time,620,955,0.11203980099502488,0.11940298507462686,250.01785714285714,NQ
2020-07-29,1,10625.75,10650.0,4,189.12,198.0,54.5,time,600,955,0.43376146788990827,0.4541284403669725,250.35714285714286,NQ
2020-07-30,1,10638.5,10704.75,2,262.56,267.0,106.5,time,690,955,0.6163380281690141,0.6267605633802817,246.42857142857142,NQ
2020-07-31,-1,10773.5,10898.0,1,-250.22,-248.0,128.0,time,605,955,-0.977421875,-0.96875,247.01785714285714,NQ
2020-08-03,1,11053.25,11038.5,3,-92.16,-85.5,72.5,time,715,955,-0.21186206896551724,-0.19655172413793104,226.57142857142858,NQ
2020-08-04,1,11080.5,11006.0,3,-450.66,-444.0,74.0,stop,605,870,-1.0150000000000001,-1.0,215.48214285714286,NQ
2020-08-05,1,11118.0,11111.0,4,-60.88,-52.0,53.25,time,610,955,-0.14291079812206572,-0.12206572769953052,207.0,NQ
2020-08-06,1,11130.75,11254.0,4,981.12,990.0,57.5,time,610,955,2.1328695652173915,2.152173913043478,196.41071428571428,NQ
2020-08-07,1,11265.25,11207.5,4,-466.88,-458.0,57.25,stop,650,685,-1.0193886462882096,-1.0,201.16071428571428,NQ
2020-08-10,-1,11051.5,11078.5,2,-110.44,-106.0,95.0,time,620,955,-0.2906315789473684,-0.2789473684210526,192.16071428571428,NQ
2020-08-11,1,11048.25,10955.75,2,-372.44,-368.0,92.0,stop,665,915,-1.0120652173913043,-1.0,192.19642857142858,NQ
2020-08-12,1,11068.0,11145.75,2,308.56,313.0,110.25,time,615,955,0.6996825396825397,0.7097505668934241,199.39285714285714,NQ
2020-08-13,1,11238.25,11164.25,3,-447.66,-441.0,73.5,stop,630,855,-1.0151020408163265,-1.0,196.51785714285714,NQ
2020-08-14,-1,11120.25,11160.0,2,-161.44,-157.0,86.25,time,615,955,-0.46794202898550724,-0.45507246376811594,186.92857142857142,NQ
2020-08-17,1,11271.5,11284.0,5,118.9,130.0,49.75,time,600,955,0.23899497487437188,0.2613065326633166,179.85714285714286,NQ
2020-08-18,-1,11298.0,11382.25,2,-339.44,-335.0,83.75,stop,605,750,-1.0132537313432837,-1.0,179.44642857142858,NQ
2020-08-19,1,11418.0,11332.25,2,-345.44,-341.0,85.25,stop,690,860,-1.0130205278592375,-1.0,178.58928571428572,NQ
2020-08-20,1,11378.75,11473.75,2,377.56,382.0,111.5,time,645,955,0.8465470852017938,0.8565022421524664,173.33928571428572,NQ
2020-08-21,1,11523.75,11554.25,3,179.34,186.0,68.0,time,625,955,0.4395588235294118,0.45588235294117646,174.67857142857142,NQ
2020-08-24,-1,11605.75,11626.5,2,-85.44,-81.0,116.5,time,605,955,-0.18334763948497854,-0.17381974248927037,170.58928571428572,NQ
2020-08-25,1,11638.75,11715.0,3,453.84,460.5,63.75,time,615,955,1.1865098039215685,1.203921568627451,177.57142857142858,NQ
2020-08-26,1,11801.25,11964.5,6,1951.68,1965.0,38.25,time,620,955,4.25202614379085,4.281045751633987,183.375,NQ
2020-08-27,1,12026.75,11911.75,2,-462.44,-458.0,114.5,stop,660,755,-1.009694323144105,-1.0,187.69642857142858,NQ
2020-08-31,1,12056.5,12092.5,4,283.12,292.0,62.5,time,615,955,0.56624,0.584,177.17857142857142,NQ
2020-09-01,1,12229.75,12293.75,2,253.56,258.0,104.5,time,600,955,0.6066028708133971,0.6172248803827751,172.53571428571428,NQ
2020-09-02,-1,12216.75,12435.0,1,-437.72,-435.5,217.75,stop,700,945,-1.0050975889781861,-1.0,164.75,NQ
2020-09-03,-1,12091.75,11773.0,1,636.28,638.5,150.5,time,615,955,2.1138870431893686,2.1212624584717608,173.82142857142858,NQ
2020-09-08,1,11320.25,11116.75,1,-408.22,-406.0,203.0,stop,605,880,-1.0054679802955666,-1.0,261.4107142857143,NQ
2020-09-09,1,11346.0,11384.5,1,75.78,78.0,157.5,time,625,955,0.24057142857142857,0.24761904761904763,283.5357142857143,NQ
2020-09-10,1,11556.75,11456.25,2,-404.44,-400.0,100.0,stop,600,645,-1.0110999999999999,-1.0,296.44642857142856,NQ
2020-09-11,-1,11117.25,11085.75,1,61.78,64.0,162.5,time,715,955,0.1900923076923077,0.19692307692307692,322.2142857142857,NQ
2020-09-14,1,11319.25,11207.25,2,-450.44,-446.0,111.5,stop,600,810,-1.0099551569506726,-1.0,332.80357142857144,NQ
2020-09-15,-1,11412.25,11482.75,3,-426.66,-420.0,70.0,stop,620,760,-1.015857142857143,-1.0,342.23214285714283,NQ
2020-09-16,-1,11395.0,11235.25,3,954.84,961.5,82.5,time,630,955,1.928969696969697,1.9424242424242424,339.4642857142857,NQ
2020-09-17,1,11084.25,10944.75,1,-280.22,-278.0,139.0,stop,605,735,-1.0079856115107915,-1.0,342.2857142857143,NQ
2020-09-18,-1,11012.75,10918.25,2,375.56,380.0,122.0,time,630,955,0.7695901639344263,0.7786885245901639,358.5892857142857,NQ
2020-09-21,-1,10702.75,10840.75,1,-277.22,-275.0,137.5,stop,625,725,-1.0080727272727275,-1.0,374.25,NQ
2020-09-22,-1,10946.0,11075.0,1,-259.22,-257.0,128.5,stop,655,820,-1.0086381322957199,-1.0,381.60714285714283,NQ
2020-09-23,-1,11054.75,10821.0,2,932.56,937.0,106.0,time,605,955,2.199433962264151,2.2099056603773586,382.01785714285717,NQ
2020-09-24,1,10899.25,10878.25,1,-43.22,-41.0,195.0,time,600,955,-0.11082051282051282,-0.10512820512820513,355.375,NQ
2020-09-25,1,10930.5,11133.0,2,807.56,812.0,99.75,time,620,955,2.0239598997493733,2.0350877192982457,327.2857142857143,NQ
2020-09-28,-1,11250.0,11343.25,2,-375.44,-371.0,92.75,stop,605,915,-1.0119676549865229,-1.0,338.9642857142857,NQ
2020-09-29,-1,11323.0,11310.0,4,99.12,108.0,56.75,time,630,955,0.21832599118942733,0.23788546255506607,323.2142857142857,NQ
2020-09-30,1,11425.5,11402.0,2,-96.44,-92.0,115.0,time,600,955,-0.20965217391304347,-0.2,300.80357142857144,NQ
2020-10-01,-1,11508.25,11568.75,4,-488.88,-480.0,60.0,stop,605,830,-1.0185,-1.0,282.05357142857144,NQ
2020-10-02,1,11446.5,11301.0,1,-292.22,-290.0,145.0,stop,605,710,-1.0076551724137932,-1.0,271.6607142857143,NQ
2020-10-05,1,11386.5,11488.5,3,608.34,615.0,64.75,time,600,955,1.565868725868726,1.583011583011583,278.14285714285717,NQ
2020-10-06,1,11484.75,11417.75,3,-405.66,-399.0,66.5,stop,605,670,-1.0166917293233084,-1.0,280.48214285714283,NQ
2020-10-07,-1,11377.75,11438.0,4,-486.88,-478.0,59.75,stop,610,690,-1.0185774058577406,-1.0,283.0,NQ
2020-10-08,-1,11510.5,11536.75,3,-161.16,-154.5,66.0,time,620,955,-0.406969696969697,-0.39015151515151514,276.55357142857144,NQ
2020-10-09,1,11643.25,11711.25,4,539.12,548.0,54.75,time,600,955,1.230867579908676,1.2511415525114156,255.39285714285714,NQ
2020-10-12,1,11954.25,12073.25,2,473.56,478.0,86.75,time,650,955,1.3647262247838616,1.377521613832853,245.89285714285714,NQ
2020-10-13,1,12167.0,12031.75,1,-271.72,-269.5,134.75,stop,680,835,-1.0082374768089055,-1.0,261.32142857142856,NQ
2020-10-14,-1,12053.0,11977.75,2,298.56,303.0,99.75,time,625,955,0.7482706766917293,0.7593984962406015,245.89285714285714,NQ
2020-10-16,1,11989.0,11926.5,4,-504.88,-496.0,62.0,stop,600,670,-1.0179032258064515,-1.0,234.35714285714286,NQ
2020-10-19,-1,11868.75,11630.0,3,1428.84,1435.5,81.5,time,600,955,2.921963190184049,2.9355828220858897,233.01785714285714,NQ
2020-10-20,1,11719.5,11631.5,2,-354.44,-350.0,87.5,stop,605,660,-1.0126857142857142,-1.0,251.78571428571428,NQ
2020-10-21,-1,11645.5,11652.75,1,-15.72,-13.5,133.5,time,675,955,-0.05887640449438202,-0.05056179775280899,250.16071428571428,NQ
2020-10-22,-1,11650.25,11654.5,3,-29.16,-22.5,73.5,time,600,955,-0.06612244897959184,-0.05102040816326531,246.75,NQ
2020-10-23,-1,11577.75,11679.25,2,-408.44,-404.0,101.0,stop,600,955,-1.010990099009901,-1.0,235.67857142857142,NQ
2020-10-26,1,11688.0,11566.25,2,-489.44,-485.0,121.25,stop,600,645,-1.0091546391752577,-1.0,226.89285714285714,NQ
2020-10-27,-1,11495.25,11578.25,3,-501.66,-495.0,82.5,stop,620,670,-1.0134545454545456,-1.0,231.625,NQ
2020-10-28,-1,11232.0,11137.75,1,187.28,189.5,190.75,time,615,955,0.4909043250327654,0.4967234600262123,224.92857142857142,NQ
2020-10-29,1,11284.5,11324.5,2,157.56,162.0,113.75,time,600,955,0.3462857142857143,0.35604395604395606,251.05357142857142,NQ
2020-10-30,-1,11115.25,11055.5,1,118.28,120.5,165.75,time,610,955,0.3568024132730015,0.363499245852187,261.2142857142857,NQ
2020-11-02,-1,11107.75,11069.0,2,152.56,157.0,104.0,time,670,955,0.36673076923076925,0.37740384615384615,253.69642857142858,NQ
2020-11-03,1,11233.0,11256.75,1,46.28,48.5,131.5,time,600,955,0.17596958174904945,0.1844106463878327,261.3392857142857,NQ
2020-11-04,1,11689.25,11759.5,1,139.28,141.5,132.0,time,600,955,0.5275757575757576,0.5359848484848485,263.26785714285717,NQ
2020-11-05,1,12093.5,12066.25,2,-111.44,-107.0,120.5,time,600,955,-0.23120331950207468,-0.22199170124481327,288.4107142857143,NQ
2020-11-06,1,12049.75,12079.75,1,58.78,61.0,166.25,time,695,955,0.17678195488721804,0.18345864661654135,298.625,NQ
2020-11-09,1,12214.25,12041.75,1,-346.22,-344.0,172.0,stop,600,850,-1.006453488372093,-1.0,289.0892857142857,NQ
2020-11-10,-1,11584.0,11620.25,1,-73.72,-71.5,165.25,time,620,955,-0.22305597579425113,-0.21633888048411498,307.2857142857143,NQ
2020-11-11,1,11831.25,11879.75,1,95.78,98.0,128.0,time,630,955,0.374140625,0.3828125,319.6607142857143,NQ
2020-11-12,-1,11860.25,11824.0,2,142.56,147.0,103.75,time,700,955,0.34351807228915665,0.3542168674698795,324.375,NQ
2020-11-13,-1,11863.5,11924.0,4,-488.88,-480.0,60.0,stop,600,930,-1.0185,-1.0,329.35714285714283,NQ
2020-11-16,1,11993.25,12013.25,2,77.56,82.0,105.25,time,620,955,0.18422802850356296,0.19477434679334918,314.98214285714283,NQ
2020-11-18,1,11998.25,11913.25,2,-342.44,-338.0,84.5,stop,715,950,-1.0131360946745562,-1.0,288.92857142857144,NQ
2020-11-19,1,11937.25,11981.0,2,172.56,177.0,95.25,time,635,955,0.45291338582677165,0.4645669291338583,275.85714285714283,NQ
2020-11-20,1,11985.0,11945.75,6,-478.32,-465.0,38.75,stop,620,915,-1.0286451612903225,-1.0,260.0,NQ
2020-11-23,-1,11928.25,11904.5,3,138.84,145.5,73.25,time,605,955,0.31590443686006825,0.3310580204778157,248.82142857142858,NQ
2020-11-24,1,11971.25,12075.0,2,412.56,417.0,98.25,time,640,955,1.0497709923664122,1.0610687022900764,242.76785714285714,NQ
2020-11-25,-1,12092.5,12145.5,4,-428.88,-420.0,52.5,stop,600,780,-1.0211428571428571,-1.0,217.01785714285714,NQ
2020-11-30,-1,12207.5,12274.25,2,-269.44,-265.0,92.25,time,625,955,-0.7301897018970189,-0.7181571815718157,168.03571428571428,NQ
2020-12-01,1,12413.0,12450.0,3,218.34,225.0,78.5,time,600,955,0.4635668789808917,0.47770700636942676,160.28571428571428,NQ
2020-12-02,1,12413.75,12457.0,2,170.56,175.0,101.0,time,615,955,0.42217821782178216,0.43316831683168316,157.375,NQ
2020-12-03,1,12508.5,12463.25,5,-458.6,-447.5,44.75,stop,600,665,-1.024804469273743,-1.0,154.46428571428572,NQ
2020-12-04,1,12512.0,12528.75,3,96.84,103.5,63.25,time,605,955,0.2551778656126482,0.2727272727272727,150.55357142857142,NQ
2020-12-07,1,12591.0,12597.0,3,32.34,39.0,65.0,time,600,955,0.08292307692307693,0.1,146.14285714285714,NQ
2020-12-08,-1,12505.5,12587.5,3,-495.66,-489.0,81.5,stop,620,720,-1.0136196319018405,-1.0,145.98214285714286,NQ
2020-12-09,-1,12578.0,12355.5,3,1331.34,1338.0,63.25,time,610,955,3.508142292490118,3.525691699604743,146.92857142857142,NQ
2020-12-10,1,12389.75,12397.75,1,14.78,17.0,171.25,time,605,955,0.04315328467153284,0.049635036496350364,159.53571428571428,NQ
2020-12-11,-1,12269.5,12355.75,2,-347.44,-343.0,85.75,stop,695,880,-1.0129446064139942,-1.0,167.92857142857142,NQ
2020-12-14,1,12525.5,12452.75,2,-293.44,-289.0,106.0,time,610,955,-0.6920754716981132,-0.6816037735849056,165.80357142857142,NQ
2020-12-15,-1,12527.25,12577.0,5,-503.6,-492.5,49.25,stop,635,900,-1.02253807106599,-1.0,162.0,NQ
2020-12-16,1,12630.25,12672.75,4,335.12,344.0,58.0,time,640,955,0.7222413793103448,0.7413793103448276,164.98214285714286,NQ
2020-12-17,-1,12726.0,12750.5,6,-301.32,-288.0,36.25,time,600,955,-0.6926896551724138,-0.6620689655172414,168.21428571428572,NQ
2020-12-18,-1,12690.25,12702.75,2,-52.44,-48.0,97.25,time,600,955,-0.13480719794344473,-0.12339331619537275,163.625,NQ
2020-12-21,-1,12534.25,12649.0,2,-461.44,-457.0,114.25,stop,600,770,-1.0097155361050327,-1.0,161.03571428571428,NQ
2020-12-22,-1,12639.75,12713.75,2,-298.44,-294.0,114.25,time,690,955,-0.6530415754923413,-0.6433260393873085,161.30357142857142,NQ
2020-12-28,-1,12764.25,12820.25,4,-452.88,-444.0,55.5,stop,605,660,-1.02,-1.0,160.07142857142858,NQ
2020-12-29,-1,12814.75,12847.0,2,-131.44,-127.0,103.25,time,610,955,-0.3182566585956416,-0.3075060532687651,164.78571428571428,NQ
2020-12-30,-1,12842.0,12843.0,3,-9.66,-3.0,67.5,time,610,955,-0.023851851851851853,-0.007407407407407408,161.89285714285714,NQ
2020-12-31,-1,12815.75,12857.75,6,-511.32,-498.0,41.5,stop,710,910,-1.0267469879518072,-1.0,144.35714285714286,NQ
2021-01-04,-1,12857.0,12688.25,2,672.56,677.0,84.0,time,610,955,2.0016666666666665,2.0148809523809526,134.98214285714286,NQ
2021-01-05,1,12773.0,12791.25,2,70.56,75.0,122.5,time,600,955,0.14400000000000002,0.15306122448979592,153.19642857142858,NQ
2021-01-06,1,12677.0,12618.25,1,-118.72,-116.5,125.5,time,610,955,-0.4729880478087649,-0.4641434262948207,151.96428571428572,NQ
2021-01-07,1,12871.75,12925.25,1,105.78,108.0,145.5,time,600,955,0.36350515463917527,0.3711340206185567,159.35714285714286,NQ
2021-01-08,-1,12958.5,13052.25,2,-377.44,-373.0,93.25,stop,625,665,-1.0119034852546918,-1.0,174.19642857142858,NQ
2021-01-11,1,12980.75,12892.0,2,-357.44,-353.0,88.25,stop,605,920,-1.0125779036827196,-1.0,180.58928571428572,NQ
2021-01-13,1,12959.0,12967.5,2,31.56,36.0,94.25,time,635,955,0.08371352785145889,0.09549071618037135,179.25,NQ
2021-01-14,1,13021.0,12968.5,4,-424.88,-416.0,52.0,stop,645,715,-1.021346153846154,-1.0,177.66071428571428,NQ
2021-01-15,-1,12857.5,12799.0,3,347.34,354.0,73.5,time,600,955,0.7876190476190476,0.8027210884353742,181.94642857142858,NQ
2021-01-19,-1,12859.0,12930.5,3,-432.66,-426.0,71.0,stop,675,755,-1.0156338028169014,-1.0,181.39285714285714,NQ
2021-01-20,1,13206.75,13285.25,2,311.56,316.0,85.5,time,605,955,0.9109941520467836,0.9239766081871345,187.28571428571428,NQ
2021-01-21,1,13364.75,13397.0,3,189.84,196.5,81.25,time,610,955,0.3894153846153846,0.40307692307692305,205.33928571428572,NQ
2021-01-25,-1,13495.25,13474.75,4,159.12,168.0,59.0,time,640,955,0.3371186440677966,0.3559322033898305,183.64285714285714,NQ
2021-01-26,1,13514.25,13484.5,2,-121.44,-117.0,87.25,time,645,955,-0.34796561604584525,-0.335243553008596,198.91071428571428,NQ
2021-01-28,1,13266.5,13185.5,1,-163.22,-161.0,138.0,time,615,955,-0.5913768115942029,-0.5833333333333334,197.82142857142858,NQ
2021-01-29,1,13147.75,12997.75,1,-301.22,-299.0,149.5,stop,620,680,-1.0074247491638797,-1.0,204.625,NQ
2021-02-01,1,13116.25,13230.25,1,226.78,229.0,145.75,time,640,955,0.7779759862778731,0.7855917667238422,214.375,NQ
2021-02-02,1,13434.5,13448.25,2,52.56,57.0,89.25,time,615,955,0.14722689075630252,0.15966386554621848,227.01785714285714,NQ
2021-02-03,-1,13459.0,13389.0,2,277.56,282.0,88.5,time,610,955,0.7840677966101695,0.7966101694915254,235.91071428571428,NQ
2021-02-04,-1,13392.75,13480.5,2,-353.44,-349.0,87.25,stop,600,755,-1.0127220630372493,-1.0,236.85714285714286,NQ
2021-02-05,-1,13528.0,13593.5,3,-396.66,-390.0,65.0,stop,615,735,-1.0170769230769232,-1.0,235.14285714285714,NQ
2021-02-08,1,13674.75,13632.5,5,-428.6,-417.5,41.75,stop,600,685,-1.0265868263473055,-1.0,241.42857142857142,NQ
2021-02-09,1,13713.75,13680.25,3,-204.66,-198.0,68.25,time,605,955,-0.49978021978021975,-0.4835164835164835,234.60714285714286,NQ
2021-02-10,-1,13702.75,13650.25,4,415.12,424.0,59.0,time,610,955,0.8794915254237288,0.8983050847457628,216.60714285714286,NQ
2021-02-12,1,13707.0,13803.75,4,769.12,778.0,60.75,time,610,955,1.582551440329218,1.6008230452674896,227.32142857142858,NQ
2021-02-16,1,13871.25,13811.25,4,-484.88,-476.0,59.5,stop,635,665,-1.018655462184874,-1.0,210.66071428571428,NQ
2021-02-17,-1,13601.5,13692.75,2,-367.44,-363.0,90.75,stop,620,930,-1.0122314049586776,-1.0,188.92857142857142,NQ
2021-02-18,-1,13510.0,13583.75,3,-446.16,-439.5,73.25,stop,605,795,-1.0151535836177474,-1.0,185.16071428571428,NQ
2021-02-19,-1,13640.0,13578.5,4,487.12,496.0,60.25,time,615,955,1.0106224066390042,1.0290456431535269,176.21428571428572,NQ
2021-02-22,-1,13347.5,13227.25,2,478.56,483.0,91.25,time,620,955,1.3111232876712329,1.3232876712328767,162.5,NQ
2021-02-24,-1,12976.25,13121.5,1,-291.72,-289.5,144.75,stop,600,665,-1.0076683937823836,-1.0,193.625,NQ
2021-02-25,-1,13171.0,12826.5,2,1375.56,1380.0,118.75,time,600,955,2.895915789473684,2.905263157894737,207.0,NQ
2021-02-26,-1,12814.0,13032.25,1,-437.72,-435.5,217.75,stop,605,725,-1.0050975889781861,-1.0,236.44642857142858,NQ
2021-03-01,1,13131.75,13274.0,2,566.56,571.0,91.0,time,615,955,1.5564835164835162,1.5686813186813187,253.625,NQ
2021-03-02,-1,13157.0,13058.5,1,195.78,198.0,145.75,time,625,955,0.6716295025728988,0.6792452830188679,275.32142857142856,NQ
2021-03-03,-1,12842.0,12681.0,1,320.78,323.0,209.75,time,610,955,0.7646722288438617,0.7699642431466031,276.0,NQ
2021-03-04,-1,12543.25,12765.25,1,-445.22,-443.0,221.5,stop,600,660,-1.0050112866817156,-1.0,294.8392857142857,NQ
2021-03-05,-1,12354.75,12606.25,1,-504.22,-502.0,251.0,stop,620,805,-1.004422310756972,-1.0,318.14285714285717,NQ
2021-03-08,1,12709.25,12526.5,1,-366.72,-364.5,182.25,stop,630,710,-1.006090534979424,-1.0,347.875,NQ
2021-03-09,1,12724.75,12786.75,1,122.78,125.0,137.5,time,600,955,0.4464727272727273,0.45454545454545453,367.48214285714283,NQ
2021-03-10,-1,12846.75,12752.5,1,187.28,189.5,132.5,time,620,955,0.7067169811320755,0.7150943396226415,392.1607142857143,NQ
2021-03-11,-1,12923.25,13007.25,2,-338.44,-334.0,83.5,stop,615,645,-1.0132934131736526,-1.0,394.1607142857143,NQ
2021-03-12,-1,12786.5,12895.0,2,-436.44,-432.0,108.0,stop,650,735,-1.0102777777777778,-1.0,408.5357142857143,NQ
2021-03-15,1,12987.75,12896.75,2,-366.44,-362.0,90.5,stop,610,690,-1.0122651933701658,-1.0,402.7142857142857,NQ
2021-03-16,1,13245.25,13142.25,2,-414.44,-410.0,102.5,stop,600,865,-1.010829268292683,-1.0,381.42857142857144,NQ
2021-03-17,1,13067.0,13192.75,1,250.28,252.5,132.5,time,615,955,0.9444528301886792,0.9528301886792453,372.125,NQ
2021-03-19,-1,12709.5,12837.75,1,-257.72,-255.5,127.75,stop,600,650,-1.0086888454011742,-1.0,364.9107142857143,NQ
2021-03-22,1,13026.25,13070.5,2,174.56,179.0,98.25,time,630,955,0.4441730279898219,0.455470737913486,351.75,NQ
2021-03-23,1,13122.0,13050.25,3,-434.16,-427.5,71.25,stop,610,895,-1.0155789473684211,-1.0,356.375,NQ
2021-03-24,-1,12916.5,12790.25,1,251.28,253.5,155.5,time,615,955,0.8079742765273312,0.815112540192926,342.80357142857144,NQ
2021-03-25,1,12823.25,12688.5,1,-270.72,-268.5,134.25,stop,600,645,-1.008268156424581,-1.0,328.05357142857144,NQ
2021-03-26,1,12850.5,12753.5,2,-390.44,-386.0,96.5,stop,600,845,-1.011502590673575,-1.0,309.25,NQ
2021-03-29,-1,12829.75,12978.25,1,-298.22,-296.0,148.0,stop,605,780,-1.0075,-1.0,297.82142857142856,NQ
2021-03-30,-1,12794.75,12888.5,2,-377.44,-373.0,93.25,stop,615,690,-1.0119034852546918,-1.0,270.7142857142857,NQ
2021-03-31,1,13067.75,13084.25,2,63.56,68.0,114.5,time,600,955,0.13877729257641921,0.14847161572052403,265.01785714285717,NQ
2021-04-01,1,13306.5,13314.0,3,41.34,48.0,64.5,time,605,955,0.10682170542635659,0.12403100775193798,257.57142857142856,NQ
2021-04-05,1,13490.0,13581.5,3,545.34,552.0,80.5,time,605,955,1.1290683229813665,1.1428571428571428,254.625,NQ
2021-04-06,1,13605.0,13571.25,3,-206.16,-199.5,66.0,time,600,955,-0.5206060606060606,-0.5037878787878788,261.67857142857144,NQ
2021-04-07,1,13593.0,13604.5,3,65.34,72.0,80.25,time,600,955,0.13570093457943927,0.14953271028037382,254.21428571428572,NQ
2021-04-08,-1,13703.5,13750.0,5,-471.1,-460.0,50.0,time,610,955,-0.9422,-0.92,239.33928571428572,NQ
2021-04-09,1,13732.25,13829.0,3,576.84,583.5,73.75,time,600,955,1.303593220338983,1.3186440677966103,219.28571428571428,NQ
2021-04-14,-1,13940.75,13808.75,5,1313.9,1325.0,47.5,time,620,955,2.766105263157895,2.789473684210526,200.625,NQ
2021-04-15,1,13989.0,14015.75,3,156.84,163.5,65.75,time,625,955,0.39756653992395435,0.4144486692015209,195.75,NQ
2021-04-19,-1,13923.75,13904.25,2,75.56,80.0,89.25,time,605,955,0.2116526610644258,0.22408963585434175,182.30357142857142,NQ
2021-04-20,-1,13824.75,13799.75,2,97.56,102.0,104.75,time,640,955,0.2328400954653938,0.24343675417661098,183.92857142857142,NQ
2021-04-21,1,13816.25,13918.5,2,406.56,411.0,115.5,time,625,955,0.88,0.8896103896103896,186.125,NQ
2021-04-22,1,13931.5,13855.25,3,-461.16,-454.5,75.75,stop,630,790,-1.0146534653465347,-1.0,183.5,NQ
2021-04-23,1,13838.0,13924.75,4,689.12,698.0,61.75,time,600,955,1.3949797570850202,1.4129554655870444,183.92857142857142,NQ
2021-04-26,1,13952.5,14013.75,5,606.4,617.5,50.0,time,605,955,1.2127999999999999,1.235,178.91071428571428,NQ
2021-04-27,-1,13938.0,13951.75,2,-57.44,-53.0,96.5,time,615,955,-0.14880829015544042,-0.13730569948186527,179.46428571428572,NQ
2021-04-29,-1,13945.5,13955.25,2,-41.44,-37.0,115.0,time,610,955,-0.09008695652173912,-0.08043478260869565,175.73214285714286,NQ
2021-04-30,1,13923.5,13840.25,3,-503.16,-496.5,82.75,stop,620,830,-1.0134138972809668,-1.0,180.07142857142858,NQ
2021-05-03,1,13929.5,13850.75,3,-476.16,-469.5,78.25,stop,610,650,-1.014185303514377,-1.0,182.53571428571428,NQ
2021-05-04,-1,13527.0,13543.5,1,-34.22,-32.0,169.25,time,600,955,-0.1010930576070901,-0.09453471196454949,182.07142857142858,NQ
2021-05-05,-1,13547.5,13494.25,2,210.56,215.0,117.75,time,600,955,0.44704883227176223,0.4564755838641189,195.92857142857142,NQ
2021-05-06,-1,13414.75,13509.25,2,-380.44,-376.0,94.0,stop,605,690,-1.011808510638298,-1.0,194.28571428571428,NQ
2021-05-07,1,13764.75,13706.25,2,-236.44,-232.0,103.0,time,605,955,-0.5738834951456311,-0.5631067961165048,203.41071428571428,NQ
2021-05-10,-1,13498.0,13356.5,1,281.78,284.0,159.5,time,630,955,0.8833228840125391,0.890282131661442,203.67857142857142,NQ
2021-05-11,1,13272.25,13343.75,1,141.78,144.0,187.25,time,675,955,0.378584779706275,0.38451268357810414,213.92857142857142,NQ
2021-05-12,-1,13105.75,12998.75,1,212.78,215.0,125.5,time,625,955,0.8477290836653386,0.8565737051792829,218.57142857142858,NQ
2021-05-13,1,13189.25,13086.5,2,-413.44,-409.0,102.25,stop,600,700,-1.0108557457212715,-1.0,228.66071428571428,NQ
2021-05-14,1,13286.5,13384.25,3,582.84,589.5,77.5,time,610,955,1.2534193548387098,1.267741935483871,228.375,NQ
2021-05-17,-1,13254.5,13306.0,2,-208.44,-204.0,88.25,time,600,955,-0.5904815864022663,-0.5779036827195467,243.0,NQ
2021-05-18,1,13382.5,13299.75,3,-500.16,-493.5,82.25,stop,625,870,-1.0134954407294834,-1.0,248.67857142857142,NQ
2021-05-19,1,13092.25,13230.25,2,549.56,554.0,122.5,time,625,955,1.1215510204081631,1.1306122448979592,255.0,NQ
2021-05-20,1,13406.0,13486.25,2,318.56,323.0,124.5,time,600,955,0.6396787148594377,0.6485943775100401,257.23214285714283,NQ
2021-05-21,-1,13481.75,13409.25,2,287.56,292.0,88.0,time,615,955,0.8169318181818181,0.8295454545454546,268.69642857142856,NQ
2021-05-24,1,13589.5,13637.25,2,188.56,193.0,95.75,time,600,955,0.4923237597911227,0.5039164490861618,268.60714285714283,NQ
2021-05-25,-1,13638.75,13656.5,2,-73.44,-69.0,93.5,time,630,955,-0.19636363636363635,-0.18449197860962566,259.125,NQ
2021-05-26,-1,13661.25,13709.0,5,-483.6,-472.5,47.25,stop,600,650,-1.0234920634920635,-1.0,253.625,NQ
2021-05-27,1,13699.25,13652.0,4,-382.88,-374.0,55.0,time,615,955,-0.8701818181818182,-0.85,243.17857142857142,NQ
2021-05-28,1,13745.75,13695.5,5,-508.6,-497.5,49.75,stop,700,950,-1.0223115577889448,-1.0,233.375,NQ
2021-06-01,-1,13700.25,13651.25,3,290.34,297.0,72.5,time,600,955,0.6674482758620689,0.6827586206896552,198.03571428571428,NQ
2021-06-03,1,13579.0,13528.0,2,-206.44,-202.0,116.5,time,655,955,-0.44300429184549356,-0.4334763948497854,175.14285714285714,NQ
2021-06-04,1,13733.25,13766.25,1,64.78,67.0,127.5,time,600,955,0.2540392156862745,0.2627450980392157,166.80357142857142,NQ
2021-06-07,-1,13714.75,13764.75,5,-506.1,-495.0,49.5,stop,615,780,-1.0224242424242425,-1.0,170.64285714285714,NQ
2021-06-08,-1,13827.5,13809.25,2,70.56,75.0,89.5,time,625,955,0.1970949720670391,0.20949720670391062,163.73214285714286,NQ
2021-06-09,-1,13839.0,13816.0,3,134.34,141.0,65.0,time,610,955,0.3444615384615385,0.36153846153846153,156.73214285714286,NQ
2021-06-11,-1,13937.25,13985.75,5,-491.1,-480.0,48.0,stop,660,950,-1.023125,-1.0,141.21428571428572,NQ
2021-06-15,-1,14070.0,14035.5,4,271.12,280.0,60.25,time,625,955,0.5624896265560166,0.5809128630705395,128.94642857142858,NQ
2021-06-16,1,14089.5,14042.25,5,-478.6,-467.5,46.75,stop,610,665,-1.0237433155080213,-1.0,132.71428571428572,NQ
2021-06-17,1,14040.75,14156.0,2,458.56,463.0,108.5,time,600,955,1.056589861751152,1.066820276497696,146.19642857142858,NQ
2021-06-18,-1,14029.0,14042.0,2,-54.44,-50.0,102.25,time,670,955,-0.13310513447432762,-0.12224938875305623,157.32142857142858,NQ
2021-06-21,1,14082.0,14128.0,2,181.56,186.0,123.25,time,635,955,0.3682758620689655,0.3772819472616633,164.98214285714286,NQ
2021-06-22,1,14187.5,14257.5,3,416.34,423.0,79.75,time,665,955,0.8700940438871473,0.8840125391849529,165.32142857142858,NQ
2021-06-23,-1,14252.25,14263.25,4,-92.88,-84.0,59.25,time,660,955,-0.19594936708860758,-0.17721518987341772,169.76785714285714,NQ
2021-06-24,1,14387.25,14343.75,5,-441.1,-430.0,43.0,stop,605,800,-1.0258139534883721,-1.0,160.625,NQ
2021-06-28,1,14467.0,14511.0,3,260.34,267.0,76.0,time,605,955,0.5709210526315789,0.5855263157894737,152.39285714285714,NQ
2021-07-01,-1,14509.5,14548.0,4,-312.88,-304.0,60.25,time,665,955,-0.6491286307053942,-0.6307053941908713,146.03571428571428,NQ
2021-07-02,1,14670.25,14714.5,4,349.12,358.0,50.75,time,710,955,0.8599014778325124,0.8817733990147784,148.46428571428572,NQ
2021-07-06,1,14786.25,14737.75,5,-491.1,-480.0,48.0,stop,605,630,-1.023125,-1.0,142.69642857142858,NQ
2021-07-07,-1,14802.0,14802.5,3,-6.66,-0.0,81.5,time,600,955,-0.013619631901840491,-0.0,135.5,NQ
2021-07-08,1,14644.25,14722.5,2,310.56,315.0,103.5,time,625,955,0.7501449275362319,0.7608695652173914,127.67857142857143,NQ
2021-07-09,1,14728.0,14810.0,4,651.12,660.0,59.75,time,620,955,1.3621757322175732,1.3807531380753137,135.92857142857142,NQ
2021-07-13,1,14927.5,14842.0,2,-344.44,-340.0,85.0,stop,600,840,-1.0130588235294118,-1.0,128.28571428571428,NQ
2021-07-14,1,14992.75,14934.75,4,-468.88,-460.0,57.5,stop,600,685,-1.019304347826087,-1.0,133.80357142857142,NQ
2021-07-15,-1,14786.0,14790.75,2,-21.44,-17.0,116.0,time,640,955,-0.04620689655172414,-0.036637931034482756,132.01785714285714,NQ
2021-07-16,-1,14790.5,14673.5,3,698.34,705.0,78.75,time,605,955,1.477968253968254,1.492063492063492,140.35714285714286,NQ
2021-07-20,1,14608.5,14718.25,2,436.56,441.0,91.5,time,620,955,1.1927868852459016,1.2049180327868851,152.10714285714286,NQ
2021-07-21,1,14761.5,14827.75,3,393.84,400.5,69.0,time,620,955,0.9513043478260869,0.967391304347826,166.91071428571428,NQ
2021-07-22,1,14905.25,14928.75,3,137.34,144.0,65.5,time,625,955,0.34946564885496184,0.366412213740458,169.85714285714286,NQ
2021-07-23,1,14997.5,15098.5,3,602.34,609.0,63.0,time,615,955,1.5934920634920635,1.6111111111111112,164.25,NQ
2021-07-26,1,15112.75,15116.75,3,20.34,27.0,72.25,time,600,955,0.0469204152249135,0.06228373702422145,175.875,NQ
2021-07-27,-1,15012.75,14950.5,2,246.56,251.0,94.0,time,605,955,0.6557446808510639,0.6675531914893617,170.80357142857142,NQ
2021-07-28,1,15054.0,15005.75,1,-97.72,-95.5,152.25,time,615,955,-0.32091954022988506,-0.3136288998357964,184.03571428571428,NQ
2021-07-30,1,14977.25,14954.5,2,-93.44,-89.0,111.0,time,600,955,-0.21045045045045044,-0.20045045045045046,173.25,NQ
2021-08-02,1,15045.25,14935.5,2,-441.44,-437.0,109.25,stop,680,945,-1.0101601830663616,-1.0,179.17857142857142,NQ
2021-08-03,-1,14866.75,15009.0,1,-285.72,-283.5,141.75,stop,605,715,-1.007830687830688,-1.0,176.17857142857142,NQ
2021-08-05,1,15129.25,15166.0,4,289.12,298.0,56.0,time,605,955,0.6453571428571429,0.6651785714285714,175.03571428571428,NQ
2021-08-06,-1,15088.25,15096.5,4,-70.88,-62.0,61.5,time,645,955,-0.14406504065040648,-0.12601626016260162,167.16071428571428,NQ
2021-08-10,-1,15096.0,15046.5,4,391.12,400.0,57.5,time,625,955,0.8502608695652174,0.8695652173913043,145.83928571428572,NQ
2021-08-11,-1,15040.0,15022.0,3,104.34,111.0,78.75,time,610,955,0.22082539682539684,0.23492063492063492,147.44642857142858,NQ
2021-08-12,1,15008.5,15076.0,4,535.12,544.0,61.75,time,615,955,1.0832388663967611,1.1012145748987854,151.25,NQ
2021-08-13,1,15133.25,15126.0,3,-47.16,-40.5,64.75,time,615,955,-0.12138996138996139,-0.10424710424710425,148.46428571428572,NQ
2021-08-16,-1,15006.25,15112.5,2,-427.44,-423.0,105.75,stop,605,920,-1.0104964539007093,-1.0,147.01785714285714,NQ
2021-08-17,1,15050.25,14954.75,2,-384.44,-380.0,95.0,stop,640,715,-1.0116842105263157,-1.0,138.23214285714286,NQ
2021-08-19,1,14847.0,14928.75,3,486.84,493.5,83.0,time,605,955,0.977590361445783,0.9909638554216867,149.46428571428572,NQ
2021-08-20,1,15059.5,15083.25,2,92.56,97.0,100.25,time,600,955,0.23082294264339154,0.24189526184538654,154.17857142857142,NQ
2021-08-23,1,15230.0,15306.0,2,301.56,306.0,105.0,time,600,955,0.718,0.7285714285714285,157.875,NQ
2021-08-24,1,15361.25,15355.75,5,-61.1,-50.0,48.0,time,605,955,-0.12729166666666666,-0.10416666666666667,161.66071428571428,NQ
2021-08-25,-1,15357.0,15362.75,6,-76.32,-63.0,39.75,time,605,955,-0.15999999999999998,-0.1320754716981132,159.03571428571428,NQ
2021-08-26,-1,15321.5,15274.0,6,562.68,576.0,40.5,time,620,955,1.1577777777777776,1.1851851851851851,156.23214285714286,NQ
2021-08-27,1,15361.25,15424.25,3,374.34,381.0,76.75,time,600,955,0.8128990228013029,0.8273615635179153,155.57142857142858,NQ
2021-08-30,1,15545.5,15599.0,2,211.56,216.0,90.0,time,600,955,0.5876666666666667,0.6,162.25,NQ
2021-09-02,-1,15633.5,15605.25,5,276.4,287.5,48.25,time,600,955,0.5728497409326424,0.5958549222797928,157.33928571428572,NQ
2021-09-03,1,15661.5,15652.25,2,-39.44,-35.0,107.0,time,600,955,-0.09214953271028037,-0.08177570093457943,161.39285714285714,NQ
2021-09-07,1,15673.5,15673.0,4,-8.879999999999999,0.0,59.75,time,650,955,-0.018577405857740585,0.0,140.96428571428572,NQ
2021-09-08,-1,15592.75,15623.0,3,-185.16,-178.5,74.25,time,630,955,-0.4156228956228956,-0.4006734006734007,133.80357142857142,NQ
2021-09-09,-1,15614.25,15564.25,4,395.12,404.0,61.25,time,685,955,0.8063673469387755,0.8244897959183674,127.67857142857143,NQ
2021-09-10,-1,15622.0,15445.5,5,1758.9,1770.0,45.75,time,600,955,3.844590163934426,3.8688524590163933,124.07142857142857,NQ
2021-09-13,-1,15414.75,15437.75,1,-47.22,-45.0,150.0,time,600,955,-0.15739999999999998,-0.15,122.67857142857143,NQ
2021-09-14,-1,15433.0,15390.5,2,167.56,172.0,97.5,time,600,955,0.42964102564102563,0.441025641025641,132.71428571428572,NQ
2021-09-15,-1,15318.75,15433.75,2,-462.44,-458.0,114.5,stop,610,775,-1.009694323144105,-1.0,140.96428571428572,NQ
2021-09-16,-1,15383.75,15473.0,2,-359.44,-355.0,88.75,stop,600,835,-1.0125070422535212,-1.0,147.89285714285714,NQ
2021-09-17,-1,15373.5,15322.25,2,202.56,207.0,111.25,time,610,955,0.45519101123595507,0.4651685393258427,148.16071428571428,NQ
2021-09-20,-1,15021.0,15004.75,1,31.28,33.5,130.0,time,620,955,0.12030769230769231,0.12884615384615383,151.07142857142858,NQ
2021-09-21,-1,15014.75,15018.75,2,-18.44,-14.0,116.75,time,605,955,-0.039486081370449684,-0.029978586723768737,181.28571428571428,NQ
2021-09-22,1,15094.5,15161.5,3,398.34,405.0,79.5,time,600,955,0.8350943396226415,0.8490566037735849,184.33928571428572,NQ
2021-09-23,1,15318.75,15299.25,1,-40.22,-38.0,136.5,time,600,955,-0.1473260073260073,-0.1391941391941392,190.19642857142858,NQ
2021-09-24,1,15257.5,15315.5,3,344.34,351.0,67.5,time,600,955,0.8502222222222222,0.8666666666666667,195.17857142857142,NQ
2021-09-27,1,15221.75,15194.0,1,-56.72,-54.5,137.5,time,660,955,-0.20625454545454544,-0.19818181818181818,201.55357142857142,NQ
2021-09-28,-1,14881.0,14764.5,1,231.78,234.0,147.75,time,605,955,0.7843654822335026,0.7918781725888325,211.33928571428572,NQ
2021-09-29,-1,14762.5,14742.5,1,38.78,41.0,140.5,time,695,955,0.13800711743772243,0.14590747330960854,233.05357142857142,NQ
2021-09-30,-1,14801.0,14676.0,3,746.34,753.0,77.5,time,650,955,1.6050322580645162,1.6193548387096774,238.39285714285714,NQ
2021-10-01,-1,14566.25,14735.75,1,-340.22,-338.0,169.0,stop,615,825,-1.0065680473372782,-1.0,236.53571428571428,NQ
2021-10-04,-1,14554.5,14468.25,1,171.28,173.5,165.25,time,600,955,0.5182450832072617,0.5249621785173979,241.26785714285714,NQ
2021-10-05,1,14606.25,14658.25,2,205.56,210.0,108.5,time,600,955,0.4736405529953917,0.4838709677419355,257.2142857142857,NQ
2021-10-06,-1,14495.75,14638.75,1,-287.22,-285.0,142.5,stop,600,620,-1.0077894736842106,-1.0,262.92857142857144,NQ
2021-10-07,1,14970.75,14886.25,2,-340.44,-336.0,111.25,time,600,955,-0.7650337078651686,-0.755056179775281,270.60714285714283,NQ
2021-10-08,-1,14827.0,14811.25,2,60.56,65.0,115.75,time,640,955,0.13079913606911447,0.14038876889848811,271.55357142857144,NQ
2021-10-11,1,14867.75,14721.75,1,-293.22,-291.0,145.5,stop,600,950,-1.0076288659793815,-1.0,245.67857142857142,NQ
2021-10-12,-1,14646.75,14650.25,1,-8.22,-6.0,132.0,time,650,955,-0.03113636363636364,-0.022727272727272728,248.80357142857142,NQ
2021-10-13,-1,14678.25,14779.0,2,-405.44,-401.0,100.25,stop,610,840,-1.011072319201995,-1.0,244.89285714285714,NQ
2021-10-14,1,14973.25,15036.75,3,377.34,384.0,82.5,time,600,955,0.7623030303030303,0.7757575757575758,242.07142857142858,NQ
2021-10-15,1,15110.75,15135.0,4,189.12,198.0,61.25,time,655,955,0.3859591836734694,0.40408163265306124,251.92857142857142,NQ
2021-10-18,1,15153.75,15286.0,2,526.56,531.0,101.5,time,605,955,1.2969458128078817,1.3078817733990147,242.57142857142858,NQ
2021-10-19,1,15359.5,15399.75,4,317.12,326.0,57.25,time,625,955,0.6924017467248909,0.7117903930131004,227.48214285714286,NQ
2021-10-20,-1,15390.5,15439.25,5,-493.6,-482.5,48.25,stop,600,630,-1.0230051813471503,-1.0,221.92857142857142,NQ
2021-10-21,1,15400.0,15475.0,3,446.34,453.0,65.75,time,605,955,1.1314068441064637,1.1482889733840305,216.14285714285714,NQ
2021-10-22,1,15462.75,15385.25,3,-468.66,-462.0,77.0,stop,625,675,-1.0144155844155844,-1.0,206.76785714285714,NQ
2021-10-25,1,15436.75,15501.0,2,254.56,259.0,114.25,time,715,955,0.5570240700218818,0.5667396061269147,192.39285714285714,NQ
2021-10-26,1,15674.75,15579.75,2,-382.44,-378.0,94.5,stop,610,720,-1.0117460317460318,-1.0,187.55357142857142,NQ
2021-10-27,1,15648.75,15584.75,2,-258.44,-254.0,89.75,time,650,955,-0.7198885793871866,-0.7075208913649025,181.73214285714286,NQ
2021-10-28,1,15699.0,15761.25,3,369.84,376.5,63.25,time,625,955,0.9745454545454545,0.9920948616600791,176.39285714285714,NQ
2021-10-29,1,15708.0,15840.0,2,525.56,530.0,92.0,time,665,955,1.4281521739130434,1.440217391304348,178.875,NQ
2021-11-01,-1,15777.75,15868.75,2,-366.44,-362.0,90.5,stop,600,780,-1.0122651933701658,-1.0,181.01785714285714,NQ
2021-11-02,1,15972.0,15961.75,2,-43.44,-39.0,107.75,time,700,955,-0.10078886310904872,-0.09048723897911833,179.08928571428572,NQ
2021-11-03,-1,15938.75,15997.5,4,-474.88,-466.0,58.25,stop,600,840,-1.0190557939914162,-1.0,176.98214285714286,NQ
2021-11-04,1,16254.0,16334.75,2,320.56,325.0,96.75,time,600,955,0.8283204134366925,0.8397932816537468,171.83928571428572,NQ
2021-11-08,-1,16315.5,16329.5,3,-87.66,-81.0,78.25,time,640,955,-0.18670926517571884,-0.17252396166134185,176.10714285714286,NQ
2021-11-10,1,16182.5,16041.5,1,-283.22,-281.0,140.5,stop,600,795,-1.0079003558718862,-1.0,181.69642857142858,NQ
2021-11-11,-1,16048.75,16022.75,4,203.12,212.0,61.5,time,625,955,0.41284552845528455,0.43089430894308944,194.17857142857142,NQ
2021-11-12,1,16087.25,16189.5,2,406.56,411.0,85.25,time,645,955,1.1922580645161291,1.2052785923753666,189.25,NQ
2021-11-15,-1,16181.25,16188.5,3,-47.16,-40.5,72.75,time,610,955,-0.10804123711340205,-0.09278350515463918,188.71428571428572,NQ
2021-11-16,1,16255.5,16304.75,2,194.56,199.0,106.0,time,660,955,0.4588679245283019,0.4693396226415094,186.73214285714286,NQ
2021-11-17,1,16344.75,16312.5,3,-197.16,-190.5,74.5,time,635,955,-0.4410738255033557,-0.4261744966442953,186.875,NQ
2021-11-18,-1,16337.5,16421.25,3,-506.16,-499.5,83.25,stop,610,690,-1.0133333333333334,-1.0,182.55357142857142,NQ
2021-11-19,1,16618.25,16572.5,2,-185.44,-181.0,101.75,time,695,955,-0.4556265356265356,-0.44471744471744473,180.32142857142858,NQ
2021-11-22,1,16744.5,16638.0,2,-428.44,-424.0,106.0,stop,600,670,-1.0104716981132076,-1.0,181.53571428571428,NQ
2021-11-23,-1,16243.0,16306.0,1,-127.22,-125.0,175.5,time,625,955,-0.36245014245014245,-0.3561253561253561,201.125,NQ
2021-11-24,1,16225.5,16362.0,2,543.56,548.0,123.25,time,600,955,1.1025557809330628,1.1115618661257607,207.53571428571428,NQ
2021-11-29,1,16317.25,16390.5,2,290.56,295.0,108.5,time,690,955,0.6694930875576037,0.6797235023041475,225.0,NQ
2021-11-30,1,16422.75,16318.75,2,-418.44,-414.0,103.5,stop,600,645,-1.0107246376811594,-1.0,236.60714285714286,NQ
2021-12-01,1,16371.5,16270.25,2,-407.44,-403.0,100.75,stop,605,775,-1.011017369727047,-1.0,241.10714285714286,NQ
2021-12-02,1,16019.0,15788.25,1,-462.72,-460.5,230.25,stop,600,640,-1.0048208469055375,-1.0,272.2857142857143,NQ
2021-12-03,-1,15792.0,15716.25,1,150.28,152.5,298.25,time,600,955,0.2519362950544845,0.25565800502933783,278.85714285714283,NQ
2021-12-06,1,15763.0,15842.5,1,157.78,160.0,203.5,time,615,955,0.38766584766584766,0.3931203931203931,306.0357142857143,NQ
2021-12-07,1,16245.25,16321.25,1,150.78,153.0,126.0,time,605,955,0.5983333333333334,0.6071428571428571,317.7142857142857,NQ
2021-12-09,-1,16303.75,16150.0,2,612.56,617.0,110.25,time,620,955,1.3890249433106574,1.399092970521542,340.67857142857144,NQ
2021-12-10,-1,16165.75,16326.25,1,-322.22,-320.0,160.0,stop,645,955,-1.0069375,-1.0,349.7857142857143,NQ
2021-12-13,-1,16223.0,16087.75,2,538.56,543.0,116.25,time,620,955,1.1581935483870966,1.167741935483871,336.32142857142856,NQ
2021-12-14,-1,15840.25,15926.75,1,-174.22,-172.0,158.25,time,645,955,-0.5504581358609795,-0.5434439178515008,333.94642857142856,NQ
2021-12-15,-1,15809.25,15928.0,2,-477.44,-473.0,118.25,stop,675,845,-1.00938689217759,-1.0,340.1607142857143,NQ
2021-12-16,-1,16126.25,15862.5,1,526.28,528.5,215.5,time,600,955,1.2210672853828306,1.2262180974477959,375.98214285714283,NQ
2021-12-17,1,15881.75,15779.25,1,-206.22,-204.0,224.5,time,645,955,-0.45928730512249444,-0.45434298440979953,385.44642857142856,NQ
2021-12-20,-1,15518.0,15625.0,1,-215.22,-213.0,140.5,time,660,955,-0.7659074733096085,-0.7580071174377224,379.05357142857144,NQ
2021-12-21,-1,15659.75,15798.5,1,-278.72,-276.5,138.25,stop,605,715,-1.0080289330922243,-1.0,371.9107142857143,NQ
2021-12-22,1,16066.0,16168.25,1,203.28,205.5,132.5,time,635,955,0.7670943396226415,0.7754716981132076,358.57142857142856,NQ
2021-12-23,1,16258.75,16293.5,3,204.84,211.5,82.0,time,610,955,0.4163414634146341,0.4298780487804878,354.3392857142857,NQ
2021-12-27,1,16457.75,16560.25,2,407.56,412.0,113.0,time,600,955,0.9016814159292036,0.911504424778761,328.26785714285717,NQ
2021-12-28,-1,16519.5,16495.0,2,95.56,100.0,88.75,time,605,955,0.2691830985915493,0.28169014084507044,323.39285714285717,NQ
2021-12-29,-1,16422.25,16488.75,1,-134.22,-132.0,127.0,time,610,955,-0.5284251968503937,-0.5196850393700787,298.73214285714283,NQ
2021-12-30,1,16538.5,16449.0,2,-360.44,-356.0,89.0,stop,605,945,-1.0124719101123596,-1.0,299.85714285714283,NQ
2021-12-31,-1,16363.75,16325.25,2,151.56,156.0,100.0,time,600,955,0.3789,0.39,291.375,NQ
2022-01-04,-1,16414.25,16273.0,2,562.56,567.0,97.5,time,600,955,1.4424615384615382,1.4538461538461538,283.32142857142856,NQ
2022-01-06,-1,15641.75,15850.75,1,-419.22,-417.0,208.5,stop,600,655,-1.0053237410071942,-1.0,281.57142857142856,NQ
2022-01-07,-1,15656.75,15585.25,1,141.78,144.0,170.75,time,620,955,0.4151683748169839,0.4216691068814056,263.5892857142857,NQ
2022-01-10,-1,15226.0,15415.25,1,-379.72,-377.5,188.75,stop,600,830,-1.0058807947019868,-1.0,264.51785714285717,NQ
2022-01-11,1,15621.0,15832.0,1,420.78,423.0,145.75,time,600,955,1.443499142367067,1.451114922813036,277.1607142857143,NQ
2022-01-12,1,16003.5,15884.25,2,-479.44,-475.0,118.75,stop,610,635,-1.0093473684210525,-1.0,275.7857142857143,NQ
2022-01-13,-1,15906.0,15498.25,3,2442.84,2449.5,73.5,time,600,955,5.539319727891157,5.554421768707483,273.48214285714283,NQ
2022-01-18,1,15408.25,15271.5,1,-274.72,-272.5,136.25,stop,605,690,-1.0081467889908258,-1.0,288.01785714285717,NQ
2022-01-19,-1,15213.0,15037.25,1,350.28,352.5,154.75,time,635,955,1.1317609046849757,1.1389337641357027,304.19642857142856,NQ
2022-01-20,1,15303.0,15160.0,1,-287.22,-285.0,142.5,stop,630,850,-1.0077894736842106,-1.0,317.85714285714283,NQ
2022-01-21,-1,14625.0,14818.75,1,-388.72,-386.5,193.25,stop,600,655,-1.0057438551099613,-1.0,344.5357142857143,NQ
2022-01-24,-1,14037.75,14263.75,1,-453.22,-451.0,225.5,stop,605,915,-1.0049223946784922,-1.0,361.5357142857143,NQ
2022-01-25,-1,14055.25,14305.0,1,-500.72,-498.5,249.25,stop,600,855,-1.0044533600802408,-1.0,393.2142857142857,NQ
2022-01-26,1,14505.25,14350.0,1,-311.72,-309.5,154.75,stop,600,640,-1.007172859450727,-1.0,391.25,NQ
2022-01-27,1,14401.5,14231.75,1,-340.72,-338.5,169.25,stop,610,630,-1.0065583456425407,-1.0,417.4107142857143,NQ
2022-01-28,1,14110.0,14433.25,1,645.28,647.5,242.75,time,650,955,1.3291040164778578,1.333676622039135,427.875,NQ
2022-01-31,1,14649.25,14898.25,1,496.78,499.0,232.75,time,600,955,1.0671965628356606,1.0719656283566057,435.98214285714283,NQ
2022-02-01,-1,14758.5,14952.25,1,-388.72,-386.5,193.25,stop,600,930,-1.0057438551099613,-1.0,445.6607142857143,NQ
2022-02-02,-1,15022.5,15114.0,1,-184.22,-182.0,155.25,time,660,955,-0.5933011272141707,-0.5861513687600645,451.25,NQ
2022-02-03,1,14823.0,14677.25,1,-292.72,-290.5,145.25,stop,625,715,-1.0076419965576593,-1.0,430.89285714285717,NQ
2022-02-04,1,14610.5,14680.0,1,137.78,140.0,177.5,time,600,955,0.38811267605633804,0.39436619718309857,461.625,NQ
2022-02-07,-1,14659.0,14565.75,1,185.28,187.5,147.0,time,680,955,0.6302040816326531,0.6377551020408163,484.375,NQ
2022-02-08,-1,14478.75,14588.25,2,-440.44,-436.0,109.0,stop,600,645,-1.0101834862385322,-1.0,477.67857142857144,NQ
2022-02-09,-1,14858.75,14951.5,2,-373.44,-369.0,92.25,stop,615,660,-1.0120325203252032,-1.0,474.89285714285717,NQ
2022-02-10,1,14959.0,14734.75,1,-449.72,-447.5,223.75,stop,600,815,-1.0049608938547487,-1.0,459.67857142857144,NQ
2022-02-11,-1,14620.75,14238.0,1,764.28,766.5,145.75,time,615,955,2.62188679245283,2.6295025728987995,458.05357142857144,NQ
2022-02-14,1,14338.25,14181.75,1,-314.22,-312.0,156.0,stop,675,830,-1.0071153846153846,-1.0,441.60714285714283,NQ
2022-02-15,1,14540.25,14444.75,2,-384.44,-380.0,95.0,stop,640,765,-1.0116842105263157,-1.0,427.73214285714283,NQ
2022-02-17,-1,14369.25,14166.5,1,404.28,406.5,125.5,time,615,955,1.6106772908366533,1.6195219123505975,391.67857142857144,NQ
2022-02-18,-1,14065.5,14005.25,1,119.28,121.5,155.0,time,630,955,0.3847741935483871,0.3919354838709677,382.7857142857143,NQ
2022-02-22,1,14104.75,13861.75,1,-487.22,-485.0,242.5,stop,625,710,-1.0045773195876289,-1.0,369.5357142857143,NQ
2022-02-23,-1,13878.0,13507.0,1,740.78,743.0,152.75,time,600,955,2.42481178396072,2.4320785597381342,381.0357142857143,NQ
2022-02-24,1,13378.5,13965.5,1,1172.78,1175.0,320.25,time,610,955,1.83103825136612,1.834504293520687,372.39285714285717,NQ
2022-02-25,-1,13847.5,14013.75,1,-333.72,-331.5,165.75,stop,600,630,-1.0066968325791856,-1.0,410.85714285714283,NQ
2022-02-28,1,14180.5,14027.0,1,-308.22,-306.0,153.0,stop,635,845,-1.0072549019607844,-1.0,415.17857142857144,NQ
2022-03-01,-1,14151.0,14005.0,2,581.56,586.0,102.0,time,655,955,1.425392156862745,1.4362745098039216,414.32142857142856,NQ
2022-03-02,-1,13990.25,14130.0,1,-280.72,-278.5,139.25,stop,605,660,-1.007971274685817,-1.0,418.76785714285717,NQ
2022-03-03,-1,14231.5,14035.75,2,780.56,785.0,123.75,time,605,955,1.5768888888888888,1.5858585858585859,412.89285714285717,NQ
2022-03-04,-1,13818.5,13834.0,1,-32.22,-30.0,176.75,time,610,955,-0.09114568599717114,-0.08486562942008487,399.6607142857143,NQ
2022-03-07,-1,13617.25,13320.5,1,592.28,594.5,262.25,time,610,955,1.1292278360343184,1.1334604385128695,400.35714285714283,NQ
2022-03-08,-1,13183.0,13374.25,1,-383.72,-381.5,190.75,stop,600,730,-1.0058191349934469,-1.0,415.14285714285717,NQ
2022-03-09,1,13641.25,13741.5,1,199.28,201.5,145.0,time,620,955,0.6871724137931035,0.6948275862068966,435.4107142857143,NQ
2022-03-10,1,13605.5,13486.0,2,-480.44,-476.0,119.0,stop,615,630,-1.009327731092437,-1.0,441.67857142857144,NQ
2022-03-11,-1,13540.0,13300.5,1,477.78,480.0,183.25,time,600,955,1.3036289222373805,1.30968622100955,443.89285714285717,NQ
2022-03-14,1,13373.5,13204.75,1,-338.72,-336.5,168.25,stop,610,700,-1.0065973254086182,-1.0,454.82142857142856,NQ
2022-03-15,1,13220.25,13456.5,1,471.28,473.5,128.75,time,600,955,1.8302135922330096,1.8388349514563107,453.35714285714283,NQ
2022-03-16,1,13751.0,13612.0,1,-279.22,-277.0,138.5,stop,610,845,-1.0080144404332132,-1.0,446.5,NQ
2022-03-17,1,13992.0,14119.25,1,253.28,255.5,172.75,time,600,955,0.733082489146165,0.7395079594790159,416.17857142857144,NQ
2022-03-18,1,14179.5,14410.0,1,459.78,462.0,184.25,time,600,955,1.2477069199457258,1.2537313432835822,412.44642857142856,NQ
2022-03-21,-1,14283.25,14373.0,1,-180.72,-178.5,183.25,time,600,955,-0.4930968622100955,-0.4870395634379263,421.9107142857143,NQ
2022-03-22,1,14531.0,14654.75,1,246.28,248.5,156.75,time,600,955,0.7855821371610845,0.7926634768740032,415.48214285714283,NQ
2022-03-23,1,14564.25,14460.5,2,-417.44,-413.0,103.25,stop,610,950,-1.0107506053268764,-1.0,413.98214285714283,NQ
2022-03-24,-1,14458.25,14551.25,2,-374.44,-370.0,92.5,stop,615,660,-1.012,-1.0,402.60714285714283,NQ
2022-03-25,1,14793.25,14708.0,2,-343.44,-339.0,84.75,stop,640,660,-1.0130973451327434,-1.0,405.0,NQ
2022-03-28,-1,14729.75,14912.5,1,-366.72,-364.5,182.25,stop,705,895,-1.006090534979424,-1.0,381.39285714285717,NQ
2022-03-29,-1,15094.0,15219.75,1,-252.72,-250.5,125.25,stop,605,885,-1.008862275449102,-1.0,362.76785714285717,NQ
2022-03-30,1,15220.5,15141.0,3,-480.66,-474.0,79.0,stop,610,660,-1.0140506329113925,-1.0,344.2142857142857,NQ
2022-03-31,-1,14979.5,15090.25,2,-445.44,-441.0,110.25,stop,600,655,-1.0100680272108844,-1.0,335.9107142857143,NQ
2022-04-01,-1,14787.5,14860.0,1,-146.22,-144.0,144.25,time,695,955,-0.5068284228769497,-0.49913344887348354,321.48214285714283,NQ
2022-04-04,1,15061.5,15164.5,1,204.78,207.0,177.75,time,635,955,0.5760337552742616,0.5822784810126582,309.3392857142857,NQ
2022-04-05,-1,14969.5,14831.75,1,274.28,276.5,166.5,time,605,955,0.8236636636636636,0.8303303303303303,299.82142857142856,NQ
2022-04-06,-1,14468.0,14643.75,1,-352.72,-350.5,175.25,stop,600,900,-1.006333808844508,-1.0,291.51785714285717,NQ
2022-04-07,-1,14448.75,14578.25,1,-260.22,-258.0,129.0,stop,640,895,-1.0086046511627909,-1.0,301.07142857142856,NQ
2022-04-11,-1,14080.0,14000.75,2,314.56,319.0,116.75,time,625,955,0.673576017130621,0.683083511777302,289.42857142857144,NQ
2022-04-12,-1,14107.25,13942.0,1,329.28,331.5,155.5,time,645,955,1.0587781350482315,1.0659163987138263,291.82142857142856,NQ
2022-04-13,1,14081.75,14221.5,1,278.28,280.5,160.5,time,615,955,0.8669158878504672,0.8738317757009346,302.89285714285717,NQ
2022-04-14,-1,14046.25,13893.75,1,303.78,306.0,200.25,time,605,955,0.758501872659176,0.7640449438202247,303.625,NQ
2022-04-18,1,13946.0,13826.75,2,-479.44,-475.0,118.75,stop,610,730,-1.0093473684210525,-1.0,312.60714285714283,NQ
2022-04-19,1,14023.25,14212.0,1,376.28,378.5,189.5,time,600,955,0.9928232189973614,0.9986807387862797,307.57142857142856,NQ
2022-04-20,-1,14062.25,14003.75,1,115.78,118.0,207.5,time,605,955,0.2789879518072289,0.28433734939759037,316.64285714285717,NQ
2022-04-21,-1,14147.75,13722.25,1,849.78,852.0,135.0,time,610,955,3.147333333333333,3.1555555555555554,322.6607142857143,NQ
2022-04-22,-1,13606.25,13357.0,1,497.28,499.5,171.25,time,620,955,1.451912408759124,1.4583941605839417,348.60714285714283,NQ
2022-04-25,1,13392.75,13530.5,1,274.28,276.5,156.5,time,625,955,0.87629392971246,0.8833865814696485,365.0892857142857,NQ
2022-04-26,-1,13219.25,13009.25,1,418.78,421.0,231.25,time,600,955,0.9054702702702702,0.9102702702702703,365.0892857142857,NQ
2022-04-27,-1,13004.75,13002.0,1,4.28,6.5,250.25,time,610,955,0.008551448551448551,0.012987012987012988,375.0892857142857,NQ
2022-04-28,-1,13090.75,13281.0,1,-381.72,-379.5,189.75,stop,600,755,-1.0058498023715416,-1.0,367.10714285714283,NQ
2022-04-29,-1,13221.25,12855.5,1,730.28,732.5,211.5,time,635,955,1.7264302600472812,1.7316784869976358,383.07142857142856,NQ
2022-05-02,1,12982.75,12742.5,1,-481.72,-479.5,239.75,stop,625,825,-1.0046298227320125,-1.0,411.57142857142856,NQ
2022-05-03,1,13138.5,13089.5,1,-99.22,-97.0,169.75,time,600,955,-0.29225331369661267,-0.2857142857142857,413.05357142857144,NQ
2022-05-04,-1,12998.75,13114.5,2,-465.44,-461.0,115.25,stop,600,780,-1.0096312364425162,-1.0,400.125,NQ
2022-05-05,-1,13101.5,12859.0,1,483.78,486.0,244.5,time,600,955,0.9893251533742331,0.9938650306748467,423.4642857142857,NQ
2022-05-06,1,12807.25,12693.0,1,-229.72,-227.5,288.0,time,645,955,-0.39881944444444445,-0.3949652777777778,456.7857142857143,NQ
2022-05-09,-1,12372.75,12197.0,1,350.28,352.5,182.75,time,605,955,0.9583584131326949,0.9644322845417237,470.5892857142857,NQ
2022-05-10,-1,12286.5,12342.75,1,-113.72,-111.5,260.25,time,645,955,-0.21848222862632086,-0.21421709894332372,481.26785714285717,NQ
2022-05-12,1,11909.75,11693.0,1,-434.72,-432.5,216.25,stop,605,880,-1.0051329479768787,-1.0,481.30357142857144,NQ
2022-05-13,1,12288.25,12384.25,1,190.78,193.0,223.25,time,600,955,0.4272788353863382,0.4322508398656215,481.73214285714283,NQ
2022-05-16,1,12366.5,12216.75,1,-300.72,-298.5,149.25,stop,625,655,-1.0074371859296483,-1.0,494.35714285714283,NQ
2022-05-17,-1,12430.5,12536.0,2,-424.44,-420.0,105.0,stop,605,885,-1.0105714285714287,-1.0,472.0892857142857,NQ
2022-05-18,-1,12285.75,11941.0,2,1376.56,1381.0,113.75,time,630,955,3.0254065934065935,3.035164835164835,472.48214285714283,NQ
2022-05-19,1,11979.5,11876.0,1,-208.22,-206.0,184.0,time,680,955,-0.5658152173913044,-0.5597826086956522,482.1607142857143,NQ
2022-05-20,-1,11905.5,11835.75,1,138.28,140.5,147.25,time,605,955,0.4695415959252971,0.4770797962648557,457.17857142857144,NQ
2022-05-23,-1,11804.75,11977.75,1,-347.22,-345.0,172.5,stop,600,690,-1.0064347826086957,-1.0,470.7142857142857,NQ
2022-05-24,-1,11647.25,11782.0,1,-270.72,-268.5,200.0,time,600,955,-0.6768000000000001,-0.67125,474.64285714285717,NQ
2022-05-25,1,11889.75,11949.25,1,117.78,120.0,181.5,time,625,955,0.3244628099173554,0.3305785123966942,459.375,NQ
2022-05-26,1,12162.25,12274.75,1,223.78,226.0,263.0,time,610,955,0.42543726235741447,0.4296577946768061,423.67857142857144,NQ
2022-05-27,1,12533.0,12682.0,1,296.78,299.0,130.75,time,600,955,1.1349139579349903,1.1434034416826004,426.125,NQ
2022-05-31,-1,12507.5,12688.25,1,-362.72,-360.5,180.25,stop,600,710,-1.0061581137309294,-1.0,399.4642857142857,NQ
2022-06-01,-1,12710.0,12550.25,2,636.56,641.0,113.25,time,605,955,1.4052097130242824,1.4150110375275937,384.4642857142857,NQ
2022-06-02,1,12619.0,12894.0,1,548.78,551.0,176.25,time,610,955,1.556822695035461,1.5631205673758866,379.10714285714283,NQ
2022-06-03,-1,12580.25,12554.25,1,50.78,53.0,136.5,time,635,955,0.186007326007326,0.19413919413919414,377.1607142857143,NQ
2022-06-06,1,12789.0,12673.25,2,-465.44,-461.0,115.25,stop,600,675,-1.0096312364425162,-1.0,389.9107142857143,NQ
2022-06-07,1,12591.0,12711.25,1,239.28,241.5,178.25,time,625,955,0.6711921458625526,0.6774193548387096,386.10714285714283,NQ
2022-06-09,1,12660.5,12505.75,1,-310.72,-308.5,154.25,stop,635,820,-1.007196110210697,-1.0,355.69642857142856,NQ
2022-06-10,-1,11902.75,11837.25,1,129.78,132.0,187.0,time,600,955,0.34700534759358287,0.35294117647058826,344.375,NQ
2022-06-13,-1,11441.25,11294.75,1,291.78,294.0,133.75,time,610,955,1.0907663551401867,1.0990654205607477,357.0892857142857,NQ
2022-06-14,-1,11262.0,11412.75,1,-302.72,-300.5,150.25,stop,640,800,-1.00738768718802,-1.0,365.94642857142856,NQ
2022-06-15,1,11556.0,11459.5,2,-388.44,-384.0,96.0,stop,605,840,-1.0115625,-1.0,358.125,NQ
2022-06-16,-1,11234.0,11166.25,2,268.56,273.0,115.5,time,600,955,0.5812987012987013,0.5909090909090909,360.39285714285717,NQ
2022-06-17,-1,11154.25,11348.75,1,-390.22,-388.0,194.0,stop,630,785,-1.0057216494845362,-1.0,371.4642857142857,NQ
2022-06-21,1,11646.5,11578.75,1,-136.72,-134.5,170.5,time,600,955,-0.4009384164222874,-0.3944281524926686,366.60714285714283,NQ
2022-06-22,1,11630.25,11558.0,1,-145.72,-143.5,183.25,time,610,955,-0.39759890859481584,-0.39154160982264663,358.6607142857143,NQ
2022-06-23,1,11702.5,11733.0,1,59.78,62.0,159.25,time,640,955,0.18769230769230769,0.1946624803767661,347.39285714285717,NQ
2022-06-24,1,12036.5,12147.5,1,220.78,223.0,197.5,time,600,955,0.5589367088607595,0.5645569620253165,335.42857142857144,NQ
2022-06-28,-1,12034.25,11674.25,1,718.78,721.0,139.75,time,605,955,2.5716636851520573,2.579606440071556,337.4107142857143,NQ
2022-06-29,1,11731.75,11688.25,1,-88.22,-86.0,167.0,time,600,955,-0.2641317365269461,-0.25748502994011974,359.05357142857144,NQ
2022-06-30,-1,11360.5,11588.25,1,-456.72,-454.5,227.25,stop,600,685,-1.004884488448845,-1.0,343.42857142857144,NQ
2022-07-01,-1,11414.5,11599.75,1,-371.72,-369.5,184.75,stop,635,930,-1.0060081190798378,-1.0,335.51785714285717,NQ
2022-07-04,-1,11540.25,11571.0,8,-501.76,-484.0,30.25,stop,605,745,-1.036694214876033,-1.0,310.25,NQ
2022-07-05,1,11508.0,11813.0,2,1217.56,1222.0,118.5,time,610,955,2.568691983122363,2.5780590717299576,300.48214285714283,NQ
2022-07-07,1,12065.0,12135.75,1,140.28,142.5,146.5,time,650,955,0.4787713310580205,0.4863481228668942,272.44642857142856,NQ
2022-07-08,1,12117.5,12155.25,1,74.28,76.5,139.0,time,625,955,0.26719424460431657,0.2751798561151079,272.85714285714283,NQ
2022-07-12,-1,11822.0,11778.5,1,85.78,88.0,203.25,time,600,955,0.2110209102091021,0.21648216482164823,282.80357142857144,NQ
2022-07-13,1,11709.75,11755.25,1,89.78,92.0,187.0,time,630,955,0.24005347593582887,0.24598930481283424,283.8392857142857,NQ
2022-07-14,-1,11525.0,11684.75,1,-320.72,-318.5,159.25,stop,600,700,-1.0069701726844584,-1.0,291.57142857142856,NQ
2022-07-15,1,11986.5,12008.75,1,43.28,45.5,132.75,time,670,955,0.16301318267419962,0.1713747645951036,285.05357142857144,NQ
2022-07-19,1,12085.75,12268.75,2,729.56,734.0,92.5,time,625,955,1.9717837837837837,1.9837837837837837,272.10714285714283,NQ
2022-07-20,1,12357.75,12465.75,2,429.56,434.0,100.0,time,620,955,1.0739,1.085,286.07142857142856,NQ
2022-07-21,-1,12395.75,12517.75,2,-490.44,-486.0,121.5,stop,625,690,-1.0091358024691357,-1.0,280.5357142857143,NQ
2022-07-22,-1,12558.0,12424.5,1,265.78,268.0,140.25,time,605,955,0.9475222816399286,0.9554367201426025,283.6607142857143,NQ
2022-07-25,-1,12353.0,12355.75,2,-13.44,-9.0,90.75,time,610,955,-0.037024793388429754,-0.024793388429752067,303.1607142857143,NQ
2022-07-26,-1,12188.0,12110.5,2,307.56,312.0,103.0,time,620,955,0.746504854368932,0.7572815533980582,285.44642857142856,NQ
2022-07-27,1,12416.25,12615.25,1,396.78,399.0,139.5,time,610,955,1.4221505376344086,1.4301075268817205,289.7142857142857,NQ
2022-07-28,1,12665.75,12738.5,1,144.28,146.5,211.75,time,685,955,0.34068476977567885,0.345926800472255,310.92857142857144,NQ
2022-07-29,1,12895.5,12971.75,1,151.28,153.5,151.0,time,600,955,0.5009271523178808,0.5082781456953642,316.8392857142857,NQ
2022-08-01,1,13042.75,12962.75,1,-161.22,-159.0,190.75,time,605,955,-0.42259501965923985,-0.4167758846657929,314.75,NQ
2022-08-02,-1,12851.25,12957.0,2,-425.44,-421.0,105.25,stop,605,650,-1.0105463182897862,-1.0,310.7142857142857,NQ
2022-08-03,1,13145.5,13272.0,1,251.78,254.0,155.75,time,600,955,0.8082825040128411,0.8154093097913323,306.7857142857143,NQ
2022-08-04,-1,13240.25,13339.25,2,-398.44,-394.0,98.5,stop,625,910,-1.011269035532995,-1.0,311.35714285714283,NQ
2022-08-05,1,13228.0,13114.25,2,-457.44,-453.0,113.25,stop,600,685,-1.0098013245033113,-1.0,307.6607142857143,NQ
2022-08-08,-1,13206.75,13182.0,1,48.28,50.5,205.5,time,700,955,0.11746958637469587,0.12287104622871046,301.67857142857144,NQ
2022-08-09,-1,12976.5,13032.25,1,-112.72,-110.5,135.5,time,605,955,-0.4159409594095941,-0.4077490774907749,295.875,NQ
2022-08-10,-1,13258.0,13355.25,2,-391.44,-387.0,96.75,stop,615,660,-1.0114728682170542,-1.0,292.9107142857143,NQ
2022-08-11,1,13527.5,13455.25,3,-437.16,-430.5,71.75,stop,600,665,-1.0154703832752614,-1.0,300.30357142857144,NQ
2022-08-12,1,13458.5,13579.25,2,480.56,485.0,99.0,time,615,955,1.2135353535353535,1.2247474747474747,295.67857142857144,NQ
2022-08-15,1,13636.75,13685.0,2,190.56,195.0,102.25,time,700,955,0.46591687041564794,0.4767726161369193,301.98214285714283,NQ
2022-08-16,-1,13565.0,13659.5,2,-380.44,-376.0,94.0,stop,625,705,-1.011808510638298,-1.0,294.19642857142856,NQ
2022-08-17,-1,13483.5,13566.0,3,-498.66,-492.0,82.0,stop,610,845,-1.0135365853658538,-1.0,268.35714285714283,NQ
2022-08-18,1,13507.0,13528.5,3,125.34,132.0,71.75,time,640,955,0.29114982578397214,0.30662020905923343,263.5,NQ
2022-08-19,-1,13292.25,13263.5,1,56.28,58.5,132.75,time,605,955,0.2119774011299435,0.22033898305084745,254.91071428571428,NQ
2022-08-22,-1,12997.5,12916.5,2,321.56,326.0,94.5,time,610,955,0.8506878306878307,0.8624338624338624,257.98214285714283,NQ
2022-08-23,1,12994.5,12899.25,1,-191.72,-189.5,128.25,time,605,955,-0.7474463937621832,-0.7387914230019493,265.9642857142857,NQ
2022-08-24,1,12941.25,12934.0,2,-31.44,-27.0,89.5,time,615,955,-0.08782122905027934,-0.07541899441340782,249.16071428571428,NQ
2022-08-25,1,13054.75,13158.75,2,413.56,418.0,92.5,time,600,955,1.1177297297297297,1.1297297297297297,249.0,NQ
2022-08-26,-1,13005.5,13161.25,1,-312.72,-310.5,155.25,stop,600,605,-1.0071497584541063,-1.0,247.67857142857142,NQ
2022-08-29,-1,12471.5,12605.75,1,-269.72,-267.5,133.75,stop,650,825,-1.0082990654205608,-1.0,267.92857142857144,NQ
2022-08-30,-1,12426.75,12353.75,1,144.78,147.0,160.25,time,605,955,0.45173166926677066,0.45865834633385333,264.51785714285717,NQ
2022-08-31,-1,12384.5,12281.75,1,204.28,206.5,128.25,time,625,955,0.7964132553606238,0.8050682261208577,261.92857142857144,NQ
2022-09-01,-1,12132.25,12224.25,2,-370.44,-366.0,91.5,stop,600,905,-1.0121311475409835,-1.0,258.125,NQ
2022-09-02,-1,12284.25,12415.25,1,-263.22,-261.0,130.5,stop,600,630,-1.008505747126437,-1.0,259.26785714285717,NQ
2022-09-06,-1,11973.5,12022.0,1,-98.22,-96.0,195.25,time,600,955,-0.2515236875800256,-0.24583866837387963,266.0357142857143,NQ
2022-09-07,1,12140.25,12261.75,2,483.56,488.0,104.0,time,670,955,1.1624038461538462,1.1730769230769231,265.42857142857144,NQ
2022-09-08,1,12275.75,12326.0,1,99.28,101.5,159.75,time,630,955,0.310735524256651,0.31768388106416273,274.82142857142856,NQ
2022-09-09,1,12524.25,12589.5,2,258.56,263.0,108.5,time,600,955,0.5957603686635945,0.6059907834101382,272.23214285714283,NQ
2022-09-12,1,12742.75,12641.25,2,-408.44,-404.0,101.0,stop,605,730,-1.010990099009901,-1.0,265.0,NQ
2022-09-13,-1,12281.75,12041.0,1,480.28,482.5,145.0,time,600,955,1.6561379310344826,1.6637931034482758,266.0,NQ
2022-09-14,1,12223.75,12098.5,2,-503.44,-499.0,124.75,stop,650,915,-1.0088977955911824,-1.0,307.39285714285717,NQ
2022-09-15,-1,12105.25,12004.5,2,400.56,405.0,114.5,time,630,955,0.874585152838428,0.8842794759825328,306.32142857142856,NQ
2022-09-16,1,11899.0,11781.75,2,-471.44,-467.0,116.75,stop,630,745,-1.0095074946466809,-1.0,285.9107142857143,NQ
2022-09-19,1,11946.75,12026.75,1,158.78,161.0,130.75,time,635,955,0.607189292543021,0.615678776290631,289.8392857142857,NQ
2022-09-20,1,11953.25,11886.75,3,-402.66,-396.0,66.0,stop,650,805,-1.0168181818181818,-1.0,280.92857142857144,NQ
2022-09-22,-1,11556.0,11682.5,1,-254.22,-252.0,126.0,stop,650,945,-1.0088095238095238,-1.0,289.3392857142857,NQ
2022-09-26,1,11527.0,11342.25,1,-370.72,-368.5,184.25,stop,615,745,-1.0060244233378564,-1.0,292.42857142857144,NQ
2022-09-27,-1,11433.25,11333.0,1,199.28,201.5,134.75,time,600,955,0.739443413729128,0.7476808905380334,292.8392857142857,NQ
2022-09-28,1,11371.75,11553.5,2,724.56,729.0,105.5,time,620,955,1.7169668246445495,1.7274881516587677,296.42857142857144,NQ
2022-09-29,-1,11210.25,11232.0,1,-44.72,-42.5,191.75,time,600,955,-0.11661016949152542,-0.11082138200782268,302.4107142857143,NQ
2022-09-30,1,11298.75,11142.75,1,-313.22,-311.0,155.5,stop,630,880,-1.007138263665595,-1.0,314.89285714285717,NQ
2022-10-03,1,11157.5,11290.5,2,529.56,534.0,117.5,time,600,955,1.1267234042553191,1.1361702127659574,326.7857142857143,NQ
2022-10-04,1,11650.0,11643.5,1,-14.22,-12.0,135.5,time,600,955,-0.052472324723247234,-0.04428044280442804,297.4107142857143,NQ
2022-10-05,-1,11433.0,11539.25,2,-427.44,-423.0,105.75,stop,600,765,-1.0104964539007093,-1.0,309.69642857142856,NQ
2022-10-06,-1,11580.25,11542.5,1,74.28,76.5,141.0,time,600,955,0.26340425531914896,0.2712765957446808,313.125,NQ
2022-10-07,-1,11213.0,11099.75,1,225.28,227.5,136.75,time,600,955,0.8236928702010969,0.8318098720292505,310.92857142857144,NQ
2022-10-10,-1,11000.25,10981.0,1,37.28,39.5,125.5,time,600,955,0.14852589641434263,0.15737051792828685,331.2142857142857,NQ
2022-10-11,-1,10805.25,10945.0,1,-280.72,-278.5,139.25,stop,600,695,-1.007971274685817,-1.0,334.82142857142856,NQ
2022-10-13,1,10639.0,11081.0,1,882.78,885.0,154.0,time,600,955,2.866168831168831,2.8733766233766236,319.19642857142856,NQ
2022-10-14,-1,10994.25,10748.25,1,490.78,493.0,213.0,time,600,955,1.1520657276995305,1.1572769953051643,342.3392857142857,NQ
2022-10-17,1,11127.25,11111.0,1,-33.72,-31.5,128.0,time,610,955,-0.13171875,-0.123046875,359.19642857142856,NQ
2022-10-18,-1,11288.75,11203.0,1,170.28,172.5,142.75,time,620,955,0.5964273204903677,0.6042031523642732,363.73214285714283,NQ
2022-10-19,1,11223.75,11109.75,2,-458.44,-454.0,113.5,stop,615,765,-1.0097797356828193,-1.0,363.92857142857144,NQ
2022-10-20,1,11245.75,11090.75,1,-311.22,-309.0,154.5,stop,600,825,-1.0071844660194176,-1.0,347.73214285714283,NQ
2022-10-21,1,11164.5,11353.75,1,377.28,379.5,169.0,time,600,955,1.1162130177514793,1.1227810650887573,344.48214285714283,NQ
2022-10-24,-1,11274.5,11426.25,1,-304.72,-302.5,151.25,stop,600,720,-1.0073388429752066,-1.0,348.125,NQ
2022-10-25,1,11671.0,11712.25,1,81.28,83.5,155.75,time,665,955,0.2609309791332263,0.2680577849117175,342.67857142857144,NQ
2022-10-26,1,11530.75,11452.75,2,-314.44,-310.0,97.5,time,605,955,-0.8062564102564103,-0.7948717948717948,335.7857142857143,NQ
2022-10-28,1,11381.0,11584.25,1,405.28,407.5,174.5,time,625,955,1.1612607449856733,1.167621776504298,323.5892857142857,NQ
2022-10-31,-1,11412.5,11448.5,2,-146.44,-142.0,109.75,time,605,955,-0.3335763097949886,-0.3234624145785877,334.30357142857144,NQ
2022-11-01,-1,11442.75,11330.25,1,223.78,226.0,176.0,time,600,955,0.6357386363636364,0.6420454545454546,330.375,NQ
2022-11-02,-1,11266.5,11341.25,3,-452.16,-445.5,74.25,stop,610,840,-1.014949494949495,-1.0,342.01785714285717,NQ
2022-11-03,1,10873.5,10722.75,1,-302.72,-300.5,150.25,stop,645,955,-1.00738768718802,-1.0,332.39285714285717,NQ
2022-11-04,-1,10720.75,10893.0,1,-345.72,-343.5,242.75,time,710,955,-0.7120906282183317,-0.7075180226570545,314.51785714285717,NQ
2022-11-08,1,11087.5,11006.5,3,-489.66,-483.0,80.5,stop,615,860,-1.0137888198757765,-1.0,296.9642857142857,NQ
2022-11-09,-1,10954.25,10831.25,2,489.56,494.0,85.5,time,650,955,1.4314619883040935,1.4444444444444444,301.75,NQ
2022-11-10,1,11455.25,11628.5,1,345.28,347.5,185.75,time,670,955,0.929421265141319,0.9353970390309556,300.64285714285717,NQ
2022-11-11,1,11713.25,11847.5,1,267.28,269.5,143.75,time,610,955,0.9296695652173912,0.9373913043478261,331.69642857142856,NQ
2022-11-14,1,11789.0,11742.0,2,-190.44,-186.0,86.75,time,605,955,-0.5488184438040346,-0.5360230547550432,331.6607142857143,NQ
2022-11-16,-1,11731.75,11740.75,2,-38.44,-34.0,104.25,time,615,955,-0.09218225419664268,-0.0815347721822542,330.9642857142857,NQ
2022-11-17,1,11659.5,11712.0,2,207.56,212.0,115.5,time,615,955,0.44926406926406925,0.4588744588744589,327.76785714285717,NQ
2022-11-18,-1,11700.25,11707.75,1,-16.22,-14.0,142.0,time,600,955,-0.057112676056338026,-0.04929577464788732,315.76785714285717,NQ
2022-11-21,-1,11620.5,11587.5,3,194.34,201.0,79.0,time,610,955,0.41000000000000003,0.4240506329113924,317.07142857142856,NQ
2022-11-22,1,11642.25,11751.5,2,434.56,439.0,114.75,time,645,955,0.9467538126361655,0.9564270152505446,306.44642857142856,NQ
2022-11-23,1,11855.0,11745.0,2,-442.44,-438.0,109.5,stop,610,775,-1.0101369863013698,-1.0,285.64285714285717,NQ
2022-11-28,-1,11689.75,11611.5,2,310.56,315.0,98.5,time,650,955,0.7882233502538071,0.799492385786802,258.39285714285717,NQ
2022-11-29,-1,11543.75,11523.75,2,77.56,82.0,84.0,time,660,955,0.23083333333333333,0.24404761904761904,252.01785714285714,NQ
2022-11-30,-1,11514.25,11581.75,3,-408.66,-402.0,67.0,stop,660,810,-1.0165671641791045,-1.0,244.98214285714286,NQ
2022-12-01,-1,12004.5,12060.25,1,-112.72,-110.5,131.25,time,610,955,-0.4294095238095238,-0.42095238095238097,226.55357142857142,NQ
2022-12-02,1,11943.25,12013.5,2,278.56,283.0,105.75,time,610,955,0.6585342789598109,0.6690307328605201,219.0,NQ
2022-12-05,-1,11908.25,11803.0,3,627.84,634.5,63.75,time,600,955,1.6414117647058823,1.6588235294117648,220.875,NQ
2022-12-06,-1,11649.0,11562.75,1,171.28,173.5,156.5,time,600,955,0.547220447284345,0.5543130990415336,217.08928571428572,NQ
2022-12-08,1,11611.25,11645.0,1,66.28,68.5,133.75,time,600,955,0.24777570093457946,0.2560747663551402,219.17857142857142,NQ
2022-12-09,1,11668.75,11570.75,2,-394.44,-390.0,118.5,time,635,955,-0.8321518987341772,-0.8227848101265823,217.25,NQ
2022-12-12,-1,11540.25,11609.0,3,-416.16,-409.5,68.25,stop,645,780,-1.0162637362637363,-1.0,218.23214285714286,NQ
2022-12-13,-1,12017.0,11840.75,1,351.28,353.5,161.75,time,620,955,1.0858732612055642,1.0927357032457496,214.875,NQ
2022-12-14,1,12017.0,11929.75,2,-351.44,-347.0,86.75,stop,600,840,-1.0127953890489914,-1.0,237.19642857142858,NQ
2022-12-15,-1,11530.0,11460.75,1,137.28,139.5,185.25,time,600,955,0.3705263157894737,0.3765182186234818,257.5,NQ
2022-12-16,-1,11383.75,11342.5,2,162.56,167.0,107.5,time,605,955,0.378046511627907,0.3883720930232558,279.94642857142856,NQ
2022-12-19,-1,11249.5,11188.25,2,242.56,247.0,109.25,time,600,955,0.5550572082379863,0.5652173913043478,280.14285714285717,NQ
2022-12-20,1,11178.75,11175.25,2,-16.44,-12.0,111.75,time,600,955,-0.036778523489932886,-0.026845637583892617,283.98214285714283,NQ
2022-12-21,1,11289.25,11336.0,2,184.56,189.0,108.0,time,605,955,0.4272222222222222,0.4375,257.1607142857143,NQ
2022-12-22,-1,11068.5,11055.0,1,25.78,28.0,139.5,time,600,955,0.09240143369175628,0.1003584229390681,258.05357142857144,NQ
2022-12-23,1,11070.75,11079.75,1,16.78,19.0,148.25,time,630,955,0.05659359190556493,0.06408094435075885,275.4107142857143,NQ
2022-12-28,-1,10827.75,10770.5,1,113.28,115.5,168.5,time,655,955,0.3361424332344214,0.3427299703264095,261.05357142857144,NQ
2022-12-29,1,10987.25,11031.75,1,87.78,90.0,130.5,time,610,955,0.33632183908045976,0.3448275862068966,266.9107142857143,NQ
2022-12-30,1,10966.25,11022.75,2,223.56,228.0,110.5,time,645,955,0.5057918552036199,0.5158371040723982,273.5357142857143,NQ
2023-01-03,-1,10985.5,10943.0,1,83.78,86.0,196.25,time,600,955,0.21345222929936306,0.21910828025477708,274.125,NQ
2023-01-04,-1,10914.75,11046.75,1,-265.22,-263.0,131.5,stop,600,695,-1.0084410646387834,-1.0,285.0,NQ
2023-01-06,1,10954.75,11114.25,1,317.78,320.0,188.25,time,635,955,0.8440371845949535,0.849933598937583,255.875,NQ
2023-01-09,1,11323.25,11194.5,1,-258.72,-256.5,128.25,stop,600,930,-1.008654970760234,-1.0,251.64285714285714,NQ
2023-01-10,1,11255.75,11137.75,2,-474.44,-470.0,117.5,stop,610,640,-1.0094468085106383,-1.0,255.57142857142858,NQ
2023-01-11,1,11372.25,11476.25,3,620.34,627.0,81.0,time,620,955,1.2764197530864199,1.2901234567901234,251.16071428571428,NQ
2023-01-13,1,11483.5,11607.25,3,738.84,745.5,74.5,time,605,955,1.6528859060402685,1.667785234899329,255.625,NQ
2023-01-17,1,11663.5,11627.25,2,-147.44,-143.0,113.75,time,600,955,-0.324043956043956,-0.3142857142857143,227.67857142857142,NQ
2023-01-18,1,11738.75,11672.0,3,-404.16,-397.5,66.25,stop,600,635,-1.0167547169811322,-1.0,224.21428571428572,NQ
2023-01-19,-1,11342.5,11446.75,2,-419.44,-415.0,103.75,stop,650,875,-1.010698795180723,-1.0,227.875,NQ
2023-01-20,1,11475.0,11676.0,2,801.56,806.0,91.25,time,605,955,2.1960547945205477,2.208219178082192,218.57142857142858,NQ
2023-01-23,1,11827.25,11931.25,1,206.78,209.0,155.25,time,615,955,0.6659581320450886,0.6731078904991948,229.26785714285714,NQ
2023-01-25,-1,11621.5,11724.25,2,-413.44,-409.0,102.25,stop,610,675,-1.0108557457212715,-1.0,220.85714285714286,NQ
2023-01-26,-1,11935.5,12075.25,1,-280.72,-278.5,139.25,stop,650,920,-1.007971274685817,-1.0,228.71428571428572,NQ
2023-01-27,1,12156.0,12223.0,2,265.56,270.0,114.0,time,600,955,0.5823684210526315,0.5921052631578947,216.96428571428572,NQ
2023-01-30,1,12135.75,12059.25,3,-462.66,-456.0,76.0,stop,600,620,-1.0146052631578948,-1.0,216.66071428571428,NQ
2023-01-31,1,12059.25,12153.25,2,373.56,378.0,90.0,time,625,955,1.0376666666666667,1.05,223.64285714285714,NQ
2023-02-01,-1,12099.75,12158.25,4,-472.88,-464.0,58.0,stop,650,835,-1.0191379310344828,-1.0,223.17857142857142,NQ
2023-02-02,1,12790.75,12855.0,2,254.56,259.0,121.75,time,630,955,0.5227104722792608,0.5318275154004107,237.28571428571428,NQ
2023-02-03,1,12755.5,12624.25,1,-263.72,-261.5,196.75,time,610,955,-0.6701905972045744,-0.6645489199491741,258.92857142857144,NQ
2023-02-06,1,12571.25,12502.25,3,-417.66,-411.0,68.5,stop,600,620,-1.016204379562044,-1.0,278.125,NQ
2023-02-07,-1,12484.75,12554.5,3,-422.16,-415.5,69.25,stop,605,665,-1.016028880866426,-1.0,280.5,NQ
2023-02-08,-1,12612.25,12543.5,1,136.28,138.5,139.5,time,630,955,0.48845878136200716,0.496415770609319,285.51785714285717,NQ
2023-02-09,-1,12619.75,12427.5,2,766.56,771.0,108.5,time,625,955,1.7662672811059907,1.7764976958525345,291.8392857142857,NQ
2023-02-10,-1,12306.0,12394.25,2,-355.44,-351.0,87.75,stop,600,610,-1.0126495726495726,-1.0,294.39285714285717,NQ
2023-02-13,1,12486.25,12544.5,1,115.28,117.5,134.0,time,645,955,0.4301492537313433,0.43843283582089554,285.30357142857144,NQ
2023-02-14,1,12631.0,12630.5,1,-2.2199999999999998,0.0,240.25,time,600,955,-0.004620187304890738,0.0,293.0,NQ
2023-02-15,1,12632.75,12733.75,2,401.56,406.0,89.0,time,685,955,1.1279775280898876,1.1404494382022472,291.69642857142856,NQ
2023-02-16,1,12604.75,12496.25,2,-436.44,-432.0,108.0,stop,620,930,-1.0102777777777778,-1.0,289.92857142857144,NQ
2023-02-17,-1,12295.25,12392.25,1,-195.22,-193.0,128.25,time,680,955,-0.7610916179337232,-0.7524366471734892,289.32142857142856,NQ
2023-02-21,-1,12190.75,12098.25,2,367.56,372.0,99.0,time,610,955,0.9281818181818182,0.9393939393939394,274.69642857142856,NQ
2023-02-22,-1,12093.75,12174.75,3,-489.66,-483.0,80.5,stop,600,845,-1.0137888198757765,-1.0,261.51785714285717,NQ
2023-02-23,-1,12188.25,12206.5,3,-113.16,-106.5,71.25,time,605,955,-0.2647017543859649,-0.24912280701754386,236.0,NQ
2023-02-24,-1,11944.25,11998.25,2,-218.44,-214.0,98.5,time,610,955,-0.5544162436548223,-0.5431472081218274,229.69642857142858,NQ
2023-02-27,1,12156.25,12106.0,5,-508.6,-497.5,49.75,stop,600,635,-1.0223115577889448,-1.0,237.875,NQ
2023-02-28,1,12113.75,12064.25,3,-300.66,-294.0,72.0,time,600,955,-0.6959722222222223,-0.6805555555555556,225.89285714285714,NQ
2023-03-01,-1,11981.25,11965.5,2,60.56,65.0,98.0,time,605,955,0.15448979591836734,0.16581632653061223,216.73214285714286,NQ
2023-03-02,1,11923.5,12065.5,3,848.34,855.0,77.0,time,600,955,1.8362337662337662,1.8506493506493507,201.92857142857142,NQ
2023-03-03,1,12207.5,12312.25,2,416.56,421.0,95.75,time,620,955,1.0876240208877284,1.0992167101827677,206.64285714285714,NQ
2023-03-06,1,12409.0,12347.0,4,-500.88,-492.0,61.5,stop,610,885,-1.018048780487805,-1.0,209.10714285714286,NQ
2023-03-07,-1,12229.75,12169.25,1,119.78,122.0,132.75,time,600,955,0.4511487758945386,0.4595103578154426,201.30357142857142,NQ
2023-03-08,-1,12150.5,12216.25,3,-398.16,-391.5,65.25,stop,600,630,-1.0170114942528736,-1.0,202.03571428571428,NQ
2023-03-09,1,12342.0,12229.75,2,-451.44,-447.0,111.75,stop,600,765,-1.0099328859060404,-1.0,194.03571428571428,NQ
2023-03-10,1,12045.0,11864.75,1,-361.72,-359.5,179.75,stop,685,805,-1.0061752433936022,-1.0,205.48214285714286,NQ
2023-03-13,1,11930.5,11930.0,1,-2.2199999999999998,0.0,225.25,time,630,955,-0.00492785793562708,0.0,223.67857142857142,NQ
2023-03-14,1,12164.25,12070.25,2,-378.44,-374.0,93.5,stop,620,845,-1.0118716577540108,-1.0,231.14285714285714,NQ
2023-03-15,-1,12172.5,12276.5,2,-418.44,-414.0,103.5,stop,630,700,-1.0107246376811594,-1.0,240.875,NQ
2023-03-16,1,12444.25,12716.25,1,542.78,545.0,130.0,time,640,955,2.0876153846153844,2.0961538461538463,242.58928571428572,NQ
2023-03-17,1,12793.25,12691.5,2,-409.44,-405.0,101.25,stop,600,620,-1.010962962962963,-1.0,252.48214285714286,NQ
2023-03-20,1,12635.5,12692.75,2,226.56,231.0,105.75,time,645,955,0.5356028368794327,0.5460992907801419,256.07142857142856,NQ
2023-03-21,-1,12750.0,12818.25,3,-413.16,-406.5,67.75,stop,620,815,-1.0163837638376385,-1.0,259.44642857142856,NQ
2023-03-22,1,12901.5,12851.0,5,-511.1,-500.0,50.0,stop,620,905,-1.0222,-1.0,263.05357142857144,NQ
2023-03-23,1,12912.25,12847.0,3,-395.16,-388.5,64.75,stop,605,865,-1.0171428571428571,-1.0,272.76785714285717,NQ
2023-03-27,-1,12879.25,12800.0,2,314.56,319.0,85.75,time,640,955,0.9170845481049563,0.9300291545189504,277.82142857142856,NQ
2023-03-28,-1,12650.75,12732.75,1,-165.22,-163.0,126.25,time,630,955,-0.6543366336633664,-0.6455445544554456,276.3392857142857,NQ
2023-03-29,1,12928.5,12880.75,5,-483.6,-472.5,47.25,stop,600,630,-1.0234920634920635,-1.0,277.7142857142857,NQ
2023-03-30,1,13093.5,13036.75,4,-458.88,-450.0,56.25,stop,625,810,-1.0197333333333334,-1.0,269.5357142857143,NQ
2023-03-31,1,13168.0,13301.25,2,530.56,535.0,87.5,time,630,955,1.515885714285714,1.5285714285714285,259.4107142857143,NQ
2023-04-03,1,13263.75,13198.0,3,-398.16,-391.5,65.25,stop,620,650,-1.0170114942528736,-1.0,248.71428571428572,NQ
2023-04-04,1,13302.75,13229.75,3,-441.66,-435.0,72.5,stop,600,665,-1.0153103448275862,-1.0,238.33928571428572,NQ
2023-04-05,-1,13114.25,13079.75,3,203.34,210.0,67.5,time,600,955,0.5020740740740741,0.5185185185185185,231.42857142857142,NQ
2023-04-06,1,13026.5,13171.0,3,863.34,870.0,73.0,time,605,955,1.971095890410959,1.9863013698630136,216.83928571428572,NQ
2023-04-10,1,13052.25,13164.25,2,445.56,450.0,84.5,time,665,955,1.3182248520710058,1.331360946745562,216.55357142857142,NQ
2023-04-11,-1,13084.0,13076.75,3,39.84,46.5,76.25,time,610,955,0.08708196721311476,0.10163934426229508,218.35714285714286,NQ
2023-04-12,-1,13008.75,12958.75,1,98.78,101.0,171.5,time,655,955,0.2879883381924198,0.2944606413994169,211.625,NQ
2023-04-13,1,13096.25,13209.5,3,675.84,682.5,76.25,time,605,955,1.4772459016393444,1.4918032786885247,201.39285714285714,NQ
2023-04-14,-1,13123.75,13181.25,1,-116.22,-114.0,127.75,time,650,955,-0.4548727984344423,-0.4461839530332681,196.92857142857142,NQ
2023-04-17,-1,13130.5,13189.75,3,-359.16,-352.5,75.25,time,635,955,-0.7954817275747509,-0.7807308970099668,199.0,NQ
2023-04-18,-1,13208.25,13189.5,2,72.56,77.0,89.25,time,600,955,0.20324929971988795,0.21568627450980393,193.96428571428572,NQ
2023-04-19,1,13136.0,13182.5,4,367.12,376.0,55.25,time,635,955,0.8305882352941176,0.8506787330316742,193.55357142857142,NQ
2023-04-20,1,13137.5,13046.0,2,-368.44,-364.0,91.0,stop,605,915,-1.0121978021978022,-1.0,185.32142857142858,NQ
2023-04-21,-1,12987.75,13074.25,2,-348.44,-344.0,86.0,stop,600,625,-1.012906976744186,-1.0,187.85714285714286,NQ
2023-04-24,-1,13031.0,13059.5,2,-116.44,-112.0,102.75,time,635,955,-0.28330900243309004,-0.2725060827250608,181.30357142857142,NQ
2023-04-25,-1,12952.25,12808.75,3,857.34,864.0,63.0,time,610,955,2.2680952380952384,2.2857142857142856,182.67857142857142,NQ
2023-04-26,1,12970.25,12899.0,3,-431.16,-424.5,70.75,stop,665,860,-1.0156890459363959,-1.0,189.44642857142858,NQ
2023-04-27,1,13077.5,13231.0,3,917.34,924.0,63.75,time,610,955,2.3982745098039215,2.4156862745098038,188.46428571428572,NQ
2023-04-28,1,13266.25,13323.5,2,226.56,231.0,93.75,time,610,955,0.60416,0.616,197.96428571428572,NQ
2023-05-01,-1,13278.5,13328.5,5,-506.1,-495.0,49.5,stop,675,750,-1.0224242424242425,-1.0,194.26785714285714,NQ
2023-05-02,-1,13264.25,13185.0,5,786.4,797.5,48.75,time,605,955,1.613128205128205,1.6358974358974359,193.82142857142858,NQ
2023-05-03,-1,13187.0,13242.0,4,-444.88,-436.0,54.5,stop,685,840,-1.0203669724770643,-1.0,190.98214285714286,NQ
2023-05-04,-1,13020.5,13086.25,3,-398.16,-391.5,65.25,stop,620,665,-1.0170114942528736,-1.0,187.55357142857142,NQ
2023-05-05,1,13199.75,13323.75,3,740.34,747.0,75.25,time,600,955,1.6397342192691031,1.654485049833887,182.73214285714286,NQ
2023-05-08,-1,13259.75,13310.5,4,-410.88,-402.0,50.25,stop,630,705,-1.022089552238806,-1.0,195.71428571428572,NQ
2023-05-09,-1,13272.25,13266.5,6,61.68,75.0,39.0,time,710,955,0.1317948717948718,0.16025641025641027,192.41071428571428,NQ
2023-05-10,1,13424.0,13321.0,2,-414.44,-410.0,102.5,stop,605,645,-1.010829268292683,-1.0,189.39285714285714,NQ
2023-05-11,-1,13370.75,13433.5,4,-506.88,-498.0,62.25,stop,635,685,-1.0178313253012048,-1.0,189.83928571428572,NQ
2023-05-12,-1,13413.0,13397.75,3,87.84,94.5,74.0,time,600,955,0.19783783783783784,0.21283783783783783,187.64285714285714,NQ
2023-05-15,-1,13357.25,13428.5,3,-431.16,-424.5,70.75,stop,605,675,-1.0156890459363959,-1.0,188.35714285714286,NQ
2023-05-16,1,13519.75,13482.0,2,-153.44,-149.0,85.0,time,655,955,-0.4512941176470588,-0.43823529411764706,179.44642857142858,NQ
2023-05-17,1,13541.0,13644.5,3,617.34,624.0,65.25,time,695,955,1.5768582375478928,1.5938697318007662,173.46428571428572,NQ
2023-05-18,1,13731.5,13889.5,3,944.34,951.0,78.5,time,605,955,2.004968152866242,2.0191082802547773,160.80357142857142,NQ
2023-05-19,-1,13872.5,13858.5,4,107.12,116.0,56.25,time,600,955,0.23804444444444445,0.2577777777777778,168.26785714285714,NQ
2023-05-24,-1,13616.5,13675.25,4,-474.88,-466.0,58.25,stop,600,920,-1.0190557939914162,-1.0,159.71428571428572,NQ
2023-05-25,1,13976.75,13978.0,1,1.28,3.5,125.25,time,670,955,0.005109780439121757,0.013972055888223553,161.82142857142858,NQ
2023-05-26,1,14134.0,14332.75,2,792.56,797.0,119.0,time,600,955,1.6650420168067226,1.6743697478991597,166.64285714285714,NQ
2023-05-30,-1,14420.5,14397.25,1,45.28,47.5,138.75,time,600,955,0.16317117117117116,0.17117117117117117,184.64285714285714,NQ
2023-05-31,-1,14323.5,14302.0,2,83.56,88.0,88.5,time,610,955,0.236045197740113,0.24858757062146894,187.375,NQ
2023-06-01,1,14327.25,14473.0,3,870.84,877.5,75.0,time,610,955,1.9352,1.95,191.10714285714286,NQ
2023-06-05,1,14657.0,14567.5,2,-360.44,-356.0,89.0,stop,650,870,-1.0124719101123596,-1.0,200.42857142857142,NQ
2023-06-06,1,14578.5,14583.5,3,26.34,33.0,73.75,time,620,955,0.05952542372881356,0.07457627118644068,202.66071428571428,NQ
2023-06-07,-1,14580.75,14332.0,2,992.56,997.0,94.0,time,615,955,2.639787234042553,2.651595744680851,197.35714285714286,NQ
2023-06-08,1,14406.75,14499.5,3,552.84,559.5,78.5,time,610,955,1.1737579617834395,1.1878980891719746,205.42857142857142,NQ
2023-06-09,1,14670.5,14556.75,2,-457.44,-453.0,113.25,stop,610,685,-1.0098013245033113,-1.0,211.19642857142858,NQ
2023-06-12,-1,14599.75,14637.75,6,-463.32,-450.0,37.5,stop,605,645,-1.0296,-1.0,217.73214285714286,NQ
2023-06-13,-1,14817.25,14911.75,1,-190.22,-188.0,127.5,time,605,955,-0.7459607843137255,-0.7372549019607844,221.51785714285714,NQ
2023-06-14,1,15127.5,15052.25,3,-455.16,-448.5,74.75,stop,600,840,-1.0148494983277592,-1.0,221.98214285714286,NQ
2023-06-15,1,15251.0,15377.25,1,251.28,253.5,136.25,time,605,955,0.9221284403669725,0.9302752293577982,216.69642857142858,NQ
2023-06-20,-1,15181.5,15253.75,1,-145.72,-143.5,129.0,time,615,955,-0.5648062015503876,-0.5562015503875969,209.23214285714286,NQ
2023-06-21,-1,15105.5,15045.5,2,237.56,242.0,113.5,time,600,955,0.5232599118942731,0.5330396475770925,210.89285714285714,NQ
2023-06-22,1,15132.5,15213.25,1,160.28,162.5,168.25,time,610,955,0.4763150074294205,0.48291233283803864,209.10714285714286,NQ
2023-06-26,1,15140.75,15024.25,2,-468.44,-464.0,116.0,stop,610,665,-1.0095689655172413,-1.0,221.35714285714286,NQ
2023-06-27,1,14982.5,15108.0,2,499.56,504.0,84.25,time,685,955,1.482373887240356,1.4955489614243322,234.19642857142858,NQ
2023-06-28,1,15114.25,15139.25,2,97.56,102.0,88.5,time,615,955,0.27559322033898304,0.288135593220339,227.94642857142858,NQ
2023-06-29,-1,15059.75,15103.5,2,-177.44,-173.0,84.75,time,605,955,-0.5234218289085546,-0.5103244837758112,227.80357142857142,NQ
2023-06-30,1,15336.5,15330.75,2,-25.44,-21.0,97.75,time,610,955,-0.06506393861892583,-0.05370843989769821,222.44642857142858,NQ
2023-07-05,1,15406.75,15359.5,2,-191.44,-187.0,114.0,time,615,955,-0.41982456140350877,-0.4100877192982456,198.55357142857142,NQ
2023-07-06,-1,15128.0,15214.5,2,-348.44,-344.0,86.0,stop,600,750,-1.012906976744186,-1.0,185.19642857142858,NQ
2023-07-07,-1,15184.5,15277.0,2,-372.44,-368.0,92.0,stop,630,715,-1.0120652173913043,-1.0,187.42857142857142,NQ
2023-07-11,-1,15132.5,15233.75,2,-407.44,-403.0,100.75,stop,600,715,-1.011017369727047,-1.0,195.32142857142858,NQ
2023-07-12,1,15487.0,15408.25,3,-476.16,-469.5,78.25,stop,605,695,-1.014185303514377,-1.0,189.46428571428572,NQ
2023-07-13,1,15631.5,15705.75,3,441.84,448.5,79.0,time,715,955,0.9321518987341771,0.9462025316455697,189.125,NQ
2023-07-14,1,15812.5,15721.25,2,-367.44,-363.0,90.75,stop,605,865,-1.0122314049586776,-1.0,193.5,NQ
2023-07-17,1,15784.5,15844.0,3,353.34,360.0,75.5,time,690,955,0.7799999999999999,0.7947019867549668,186.01785714285714,NQ
2023-07-18,1,15831.5,15972.75,2,562.56,567.0,98.25,time,700,955,1.431450381679389,1.4427480916030535,178.71428571428572,NQ
2023-07-19,1,16042.25,15977.25,3,-393.66,-387.0,64.5,stop,670,740,-1.0172093023255815,-1.0,186.08928571428572,NQ
2023-07-20,-1,15822.0,15588.25,3,1398.84,1405.5,72.75,time,600,955,3.2046735395189003,3.2199312714776633,188.60714285714286,NQ
2023-07-21,-1,15601.25,15537.75,2,251.56,256.0,117.75,time,600,955,0.5340976645435245,0.5435244161358811,198.35714285714286,NQ
2023-07-25,1,15672.5,15668.5,2,-18.44,-14.0,84.5,time,695,955,-0.05455621301775148,-0.04142011834319527,214.21428571428572,NQ
2023-07-26,-1,15537.25,15639.5,2,-411.44,-407.0,101.75,stop,655,875,-1.010909090909091,-1.0,216.57142857142858,NQ
2023-07-27,-1,15818.75,15566.25,2,1007.56,1012.0,85.0,time,620,955,2.9634117647058824,2.976470588235294,210.94642857142858,NQ
2023-07-28,1,15825.0,15849.5,2,95.56,100.0,109.0,time,600,955,0.2191743119266055,0.22935779816513763,225.60714285714286,NQ
2023-08-01,-1,15755.25,15808.25,4,-428.88,-420.0,52.5,stop,610,635,-1.0211428571428571,-1.0,233.75,NQ
2023-08-02,-1,15556.0,15468.5,2,347.56,352.0,112.5,time,605,955,0.7723555555555556,0.7822222222222223,225.57142857142858,NQ
2023-08-03,1,15473.0,15430.0,2,-174.44,-170.0,121.5,time,675,955,-0.35893004115226335,-0.3497942386831276,233.66071428571428,NQ
2023-08-04,-1,15423.75,15583.75,1,-321.22,-319.0,159.5,stop,600,745,-1.0069592476489029,-1.0,232.08928571428572,NQ
2023-08-07,-1,15365.0,15473.5,2,-436.44,-432.0,108.0,stop,665,950,-1.0102777777777778,-1.0,238.80357142857142,NQ
2023-08-08,-1,15259.5,15350.5,2,-366.44,-362.0,119.75,time,610,955,-0.7650104384133611,-0.755741127348643,228.82142857142858,NQ
2023-08-09,-1,15257.25,15180.5,2,304.56,309.0,111.0,time,645,955,0.6859459459459459,0.6959459459459459,237.17857142857142,NQ
2023-08-10,1,15430.0,15273.0,1,-315.22,-313.0,156.5,stop,600,680,-1.0070926517571885,-1.0,223.75,NQ
2023-08-11,1,15132.0,15051.75,3,-485.16,-478.5,79.75,stop,610,690,-1.0139184952978058,-1.0,231.55357142857142,NQ
2023-08-14,1,15130.25,15272.25,2,565.56,570.0,95.0,time,600,955,1.488315789473684,1.5,233.57142857142858,NQ
2023-08-15,-1,15160.0,15105.5,2,215.56,220.0,99.0,time,600,955,0.5443434343434344,0.5555555555555556,238.28571428571428,NQ
2023-08-16,1,15136.0,15050.75,2,-343.44,-339.0,84.75,stop,615,710,-1.0130973451327434,-1.0,240.30357142857142,NQ
2023-08-17,-1,14901.5,14772.5,2,513.56,518.0,105.75,time,610,955,1.2140898345153663,1.2245862884160756,226.94642857142858,NQ
2023-08-18,1,14705.75,14750.0,3,261.84,268.5,82.0,time,660,955,0.5321951219512194,0.5457317073170732,221.44642857142858,NQ
2023-08-21,1,14915.75,14805.25,2,-444.44,-440.0,110.0,stop,600,670,-1.0100909090909092,-1.0,227.78571428571428,NQ
2023-08-22,-1,14975.75,14960.5,2,58.56,63.0,116.25,time,630,955,0.12593548387096776,0.13548387096774195,236.98214285714286,NQ
2023-08-23,1,15106.5,15197.75,2,362.56,367.0,106.75,time,605,955,0.8490866510538642,0.8594847775175644,219.66071428571428,NQ
2023-08-24,-1,15158.5,14859.5,1,596.78,599.0,181.0,time,605,955,1.6485635359116022,1.6546961325966851,227.51785714285714,NQ
2023-08-25,1,14999.0,14892.0,2,-430.44,-426.0,106.5,stop,610,625,-1.0104225352112677,-1.0,242.60714285714286,NQ
2023-08-28,-1,15001.75,15090.5,2,-357.44,-353.0,124.5,time,700,955,-0.7177510040160643,-0.7088353413654619,252.60714285714286,NQ
2023-08-29,1,15229.75,15413.25,1,365.78,368.0,166.75,time,600,955,1.096791604197901,1.103448275862069,244.07142857142858,NQ
2023-08-30,1,15478.25,15386.25,2,-370.44,-366.0,91.5,stop,605,625,-1.0121311475409835,-1.0,254.48214285714286,NQ
2023-08-31,1,15582.5,15532.0,2,-204.44,-200.0,93.5,time,610,955,-0.5466310160427807,-0.5347593582887701,243.16071428571428,NQ
2023-09-01,-1,15494.75,15520.25,1,-52.22,-50.0,157.75,time,655,955,-0.16551505546751188,-0.15847860538827258,239.92857142857142,NQ
2023-09-05,-1,15445.75,15507.25,4,-496.88,-488.0,61.0,stop,600,620,-1.0181967213114753,-1.0,227.71428571428572,NQ
2023-09-06,-1,15411.25,15398.25,2,49.56,54.0,102.75,time,600,955,0.12058394160583942,0.13138686131386862,223.30357142857142,NQ
2023-09-07,1,15271.25,15276.5,2,18.56,23.0,113.5,time,640,955,0.040881057268722466,0.05066079295154185,221.17857142857142,NQ
2023-09-08,1,15375.0,15269.75,2,-423.44,-419.0,104.75,stop,615,895,-1.0105966587112172,-1.0,224.53571428571428,NQ
2023-09-11,-1,15347.25,15448.5,2,-407.44,-403.0,100.75,stop,610,810,-1.011017369727047,-1.0,215.35714285714286,NQ
2023-09-12,-1,15386.0,15302.5,3,497.34,504.0,75.0,time,625,955,1.1052,1.12,218.35714285714286,NQ
2023-09-13,-1,15484.25,15561.75,3,-468.66,-462.0,77.0,stop,605,640,-1.0144155844155844,-1.0,211.51785714285714,NQ
2023-09-14,1,15645.75,15672.25,2,103.56,108.0,109.25,time,640,955,0.23697940503432494,0.2471395881006865,199.55357142857142,NQ
2023-09-15,-1,15484.0,15391.0,1,184.78,187.0,143.25,time,610,955,0.644956369982548,0.6527050610820244,191.44642857142858,NQ
2023-09-18,1,15435.5,15413.0,2,-92.44,-88.0,92.25,time,690,955,-0.2505149051490515,-0.23848238482384823,203.35714285714286,NQ
2023-09-19,-1,15277.5,15373.5,2,-386.44,-382.0,95.5,stop,600,825,-1.0116230366492147,-1.0,185.51785714285714,NQ
2023-09-20,-1,15372.75,15152.5,4,1757.12,1766.0,62.25,time,610,955,3.528353413654618,3.5461847389558234,186.73214285714286,NQ
2023-09-22,1,14955.0,14887.75,3,-407.16,-400.5,66.75,stop,620,850,-1.016629213483146,-1.0,205.58928571428572,NQ
2023-09-25,1,14913.75,14936.5,1,44.28,46.5,131.0,time,675,955,0.16900763358778625,0.17748091603053434,213.33928571428572,NQ
2023-09-26,-1,14760.5,14709.0,2,203.56,208.0,85.5,time,600,955,0.5952046783625731,0.6081871345029239,214.25,NQ
2023-09-27,-1,14741.0,14806.25,3,-395.16,-388.5,64.75,stop,600,910,-1.0171428571428571,-1.0,217.625,NQ
2023-09-28,1,14771.25,14858.25,2,345.56,350.0,113.0,time,600,955,0.7645132743362832,0.7743362831858407,217.26785714285714,NQ
2023-09-29,1,15051.0,14976.5,3,-450.66,-444.0,74.0,stop,600,620,-1.0150000000000001,-1.0,228.30357142857142,NQ
2023-10-02,1,14982.75,14987.75,1,8.78,11.0,134.75,time,600,955,0.03257884972170686,0.04081632653061224,231.69642857142858,NQ
2023-10-03,-1,14854.25,14719.75,2,535.56,540.0,120.25,time,600,955,1.1134303534303533,1.1226611226611227,232.53571428571428,NQ
2023-10-04,-1,14738.25,14834.75,2,-388.44,-384.0,96.0,stop,625,640,-1.0115625,-1.0,233.89285714285714,NQ
2023-10-05,-1,14791.25,14866.25,1,-151.22,-149.0,135.0,time,600,955,-0.5600740740740741,-0.5518518518518518,237.67857142857142,NQ
2023-10-06,1,14824.0,15113.0,2,1153.56,1158.0,121.5,time,620,955,2.3735802469135803,2.382716049382716,230.14285714285714,NQ
2023-10-10,1,15264.0,15270.0,2,21.56,26.0,83.75,time,600,955,0.06435820895522387,0.07761194029850746,261.4642857142857,NQ
2023-10-11,-1,15310.25,15377.25,3,-405.66,-399.0,76.75,time,600,955,-0.8809120521172639,-0.8664495114006515,255.44642857142858,NQ
2023-10-12,1,15422.5,15365.75,4,-458.88,-450.0,56.25,stop,605,785,-1.0197333333333334,-1.0,244.10714285714286,NQ
2023-10-13,-1,15288.5,15121.75,3,996.84,1003.5,78.0,time,610,955,2.13,2.144230769230769,249.64285714285714,NQ
2023-10-16,1,15264.0,15293.25,2,114.56,119.0,95.0,time,615,955,0.30147368421052634,0.3131578947368421,260.19642857142856,NQ
2023-10-17,1,15158.25,15240.75,2,327.56,332.0,107.75,time,610,955,0.76,0.7703016241299304,256.25,NQ
2023-10-18,1,15200.75,15122.25,3,-474.66,-468.0,78.0,stop,615,635,-1.0142307692307693,-1.0,257.92857142857144,NQ
2023-10-19,-1,15003.25,15109.25,2,-426.44,-422.0,105.5,stop,625,720,-1.010521327014218,-1.0,255.94642857142858,NQ
2023-10-20,-1,14783.75,14661.5,2,486.56,491.0,102.0,time,610,955,1.1925490196078432,1.2034313725490196,258.5357142857143,NQ
2023-10-23,1,14657.5,14706.0,1,95.78,98.0,143.0,time,610,955,0.3348951048951049,0.34265734265734266,261.10714285714283,NQ
2023-10-24,1,14848.0,14758.25,2,-361.44,-357.0,89.25,stop,625,740,-1.012436974789916,-1.0,261.32142857142856,NQ
2023-10-25,-1,14600.0,14476.5,1,245.78,248.0,149.0,time,705,955,0.824765100671141,0.8322147651006712,256.7142857142857,NQ
2023-10-26,-1,14308.5,14194.75,1,226.28,228.5,150.25,time,600,955,0.7530116472545757,0.7603993344425957,269.9107142857143,NQ
2023-10-27,-1,14277.0,14357.25,3,-485.16,-478.5,79.75,stop,640,665,-1.0139184952978058,-1.0,261.19642857142856,NQ
2023-10-30,-1,14333.75,14419.0,1,-171.72,-169.5,142.5,time,635,955,-0.6025263157894737,-0.5947368421052631,257.625,NQ
2023-11-01,1,14631.25,14742.5,2,442.56,447.0,115.75,time,620,955,0.9558531317494601,0.9654427645788337,262.2857142857143,NQ
2023-11-02,-1,14892.5,14952.75,4,-486.88,-478.0,59.75,stop,605,650,-1.0185774058577406,-1.0,263.7142857142857,NQ
2023-11-03,1,15143.5,15174.25,2,120.56,125.0,102.75,time,705,955,0.29333333333333333,0.30413625304136255,260.94642857142856,NQ
2023-11-06,-1,15186.75,15234.0,3,-287.16,-280.5,70.5,time,610,955,-0.6788652482269504,-0.6631205673758865,261.92857142857144,NQ
2023-11-07,1,15309.25,15375.0,2,260.56,265.0,85.0,time,600,955,0.7663529411764706,0.7794117647058824,251.96428571428572,NQ
2023-11-08,-1,15356.5,15384.0,4,-224.88,-216.0,60.75,time,600,955,-0.46271604938271604,-0.4444444444444444,246.71428571428572,NQ
2023-11-09,-1,15362.75,15423.25,4,-488.88,-480.0,60.0,stop,625,670,-1.0185,-1.0,235.625,NQ
2023-11-10,1,15404.5,15597.0,2,767.56,772.0,98.75,time,660,955,1.9431898734177213,1.9544303797468354,234.39285714285714,NQ
2023-11-13,1,15543.0,15547.5,3,23.34,30.0,77.5,time,650,955,0.050193548387096776,0.06451612903225806,234.83928571428572,NQ
2023-11-14,1,15884.75,15878.5,2,-27.44,-23.0,94.25,time,600,955,-0.07278514588859417,-0.0610079575596817,231.98214285714286,NQ
2023-11-15,-1,15895.75,15890.75,3,26.34,33.0,77.5,time,710,955,0.05664516129032258,0.07096774193548387,230.26785714285714,NQ
2023-11-16,-1,15817.25,15898.25,3,-489.66,-483.0,80.5,stop,680,760,-1.0137888198757765,-1.0,216.60714285714286,NQ
2023-11-20,1,16000.0,16088.25,2,350.56,355.0,105.0,time,655,955,0.8346666666666667,0.8452380952380952,202.41071428571428,NQ
2023-11-21,-1,15944.75,15988.75,3,-267.66,-261.0,75.75,time,620,955,-0.588910891089109,-0.5742574257425742,204.51785714285714,NQ
2023-11-22,-1,16021.0,16048.25,1,-55.72,-53.5,152.25,time,600,955,-0.18298850574712644,-0.17569786535303777,197.32142857142858,NQ
2023-11-23,-1,16053.75,16069.5,16,-523.52,-488.0,15.25,stop,600,650,-1.0727868852459017,-1.0,191.55357142857142,NQ
2023-11-27,1,16044.25,16007.25,3,-225.66,-219.0,73.75,time,605,955,-0.5099661016949153,-0.49491525423728816,174.33928571428572,NQ
2023-11-28,1,16011.0,16047.75,4,289.12,298.0,52.25,time,635,955,0.6916746411483253,0.7129186602870813,169.39285714285714,NQ
2023-11-29,-1,16123.75,16026.25,2,387.56,392.0,84.5,time,605,955,1.1466272189349112,1.1597633136094674,168.125,NQ
2023-11-30,-1,15921.5,15981.25,1,-120.72,-118.5,129.75,time,600,955,-0.4652023121387283,-0.45664739884393063,166.55357142857142,NQ
2023-12-01,1,15976.75,16024.75,2,189.56,194.0,101.0,time,670,955,0.46920792079207924,0.4801980198019802,155.82142857142858,NQ
2023-12-04,-1,15804.75,15876.75,3,-435.66,-429.0,71.5,stop,615,950,-1.0155244755244757,-1.0,159.67857142857142,NQ
2023-12-05,1,15925.75,15911.75,1,-29.22,-27.0,142.25,time,600,955,-0.10270650263620386,-0.09490333919156414,154.875,NQ
2023-12-06,-1,15920.75,15815.25,2,419.56,424.0,116.75,time,600,955,0.8984154175588865,0.9079229122055674,157.23214285714286,NQ
2023-12-07,1,15994.0,16035.0,2,161.56,166.0,106.25,time,620,955,0.38014117647058826,0.3905882352941176,166.21428571428572,NQ
2023-12-08,1,16044.75,16098.5,2,212.56,217.0,97.25,time,600,955,0.546426735218509,0.5578406169665809,175.92857142857142,NQ
2023-12-11,1,16168.75,16233.75,2,257.56,262.0,99.75,time,605,955,0.6455137844611529,0.656641604010025,172.32142857142858,NQ
2023-12-12,1,16257.25,16364.75,3,641.34,648.0,71.75,time,600,955,1.4897560975609756,1.505226480836237,172.69642857142858,NQ
2023-12-14,-1,16804.75,16755.75,3,290.34,297.0,72.25,time,615,955,0.6697577854671279,0.6851211072664359,202.08928571428572,NQ
2023-12-15,1,16848.0,16779.75,3,-413.16,-406.5,67.75,stop,615,820,-1.0163837638376385,-1.0,214.125,NQ
2023-12-18,1,16896.5,16938.0,3,245.34,252.0,63.75,time,600,955,0.6414117647058823,0.6588235294117647,215.03571428571428,NQ
2023-12-19,1,16998.25,17020.75,4,175.12,184.0,53.5,time,630,955,0.4091588785046729,0.42990654205607476,217.98214285714286,NQ
2023-12-20,1,17026.25,16970.75,4,-448.88,-440.0,55.0,stop,600,875,-1.020181818181818,-1.0,210.42857142857142,NQ
2023-12-21,-1,16848.75,16959.0,2,-443.44,-439.0,109.75,stop,605,950,-1.0101138952164008,-1.0,218.83928571428572,NQ
2023-12-22,-1,16987.0,16980.5,4,47.12,56.0,54.25,time,660,955,0.10857142857142857,0.12903225806451613,219.96428571428572,NQ
2023-12-26,1,17057.75,17084.25,4,207.12,216.0,52.0,time,635,955,0.49788461538461537,0.5192307692307693,208.66071428571428,NQ
2023-12-27,-1,17061.5,17122.0,4,-488.88,-480.0,60.0,stop,610,790,-1.0185,-1.0,205.32142857142858,NQ
2023-12-28,-1,17110.75,17091.0,5,191.4,202.5,48.0,time,605,955,0.39875,0.421875,193.64285714285714,NQ
2023-12-29,-1,17060.25,17019.25,5,403.9,415.0,47.0,time,635,955,0.8593617021276595,0.8829787234042553,181.51785714285714,NQ
2024-01-02,-1,16705.25,16721.25,1,-33.22,-31.0,168.0,time,630,955,-0.09886904761904762,-0.09226190476190477,181.35714285714286,NQ
2024-01-03,-1,16569.25,16541.0,3,165.84,172.5,72.75,time,610,955,0.37993127147766326,0.3951890034364261,197.03571428571428,NQ
2024-01-04,1,16513.75,16443.0,3,-428.16,-421.5,70.25,stop,605,955,-1.0158007117437724,-1.0,198.26785714285714,NQ
2024-01-05,1,16540.5,16437.25,2,-415.44,-411.0,102.75,stop,600,795,-1.0108029197080293,-1.0,177.28571428571428,NQ
2024-01-08,1,16641.0,16801.0,1,318.78,321.0,135.25,time,600,955,1.1784842883548983,1.1866913123844731,171.875,NQ
2024-01-09,1,16720.75,16831.5,4,881.12,890.0,60.0,time,605,955,1.8356666666666668,1.8541666666666667,187.28571428571428,NQ
2024-01-10,1,16885.75,16941.25,3,329.34,336.0,72.0,time,640,955,0.762361111111111,0.7777777777777778,191.125,NQ
2024-01-11,-1,16890.75,16965.75,1,-151.22,-149.0,152.5,time,600,955,-0.4958032786885246,-0.4885245901639344,197.71428571428572,NQ
2024-01-12,-1,16959.0,16972.5,3,-84.66,-78.0,83.25,time,600,955,-0.16948948948948947,-0.15615615615615616,196.08928571428572,NQ
2024-01-16,1,16965.5,16967.75,2,6.5600000000000005,11.0,110.25,time,615,955,0.01487528344671202,0.024943310657596373,183.55357142857142,NQ
2024-01-18,-1,16991.5,17054.5,4,-508.88,-500.0,62.5,stop,600,635,-1.01776,-1.0,201.71428571428572,NQ
2024-01-19,1,17217.25,17442.25,4,1795.12,1804.0,50.75,time,600,955,4.421477832512315,4.443349753694581,214.26785714285714,NQ
2024-01-22,-1,17487.75,17461.0,2,104.56,109.0,97.0,time,625,955,0.26948453608247425,0.2809278350515464,226.39285714285714,NQ
2024-01-24,1,17703.5,17637.25,3,-401.16,-394.5,65.75,stop,615,860,-1.0168821292775665,-1.0,203.89285714285714,NQ
2024-01-25,1,17730.25,17660.25,3,-423.66,-417.0,69.5,stop,625,750,-1.0159712230215827,-1.0,212.19642857142858,NQ
2024-01-26,1,17581.0,17517.0,3,-387.66,-381.0,63.5,stop,625,770,-1.01748031496063,-1.0,214.80357142857142,NQ
2024-01-30,-1,17643.75,17584.0,6,709.68,723.0,40.75,time,600,955,1.4512883435582822,1.478527607361963,198.76785714285714,NQ
2024-01-31,-1,17336.5,17426.75,2,-363.44,-359.0,89.75,stop,610,875,-1.012367688022284,-1.0,197.21428571428572,NQ
2024-02-01,1,17353.0,17285.0,3,-411.66,-405.0,67.5,stop,605,655,-1.0164444444444445,-1.0,201.69642857142858,NQ
2024-02-02,1,17653.75,17729.5,1,150.28,152.5,188.0,time,640,955,0.3996808510638298,0.40558510638297873,207.80357142857142,NQ
2024-02-05,-1,17655.0,17737.5,3,-498.66,-492.0,82.0,stop,600,875,-1.0135365853658538,-1.0,228.69642857142858,NQ
2024-02-06,-1,17637.0,17662.0,1,-51.22,-49.0,130.5,time,600,955,-0.19624521072796935,-0.18773946360153257,229.58928571428572,NQ
2024-02-07,1,17807.75,17841.0,2,130.56,135.0,88.75,time,610,955,0.36777464788732395,0.38028169014084506,224.46428571428572,NQ
2024-02-08,1,17853.25,17865.25,5,113.9,125.0,45.0,time,600,955,0.2531111111111111,0.2777777777777778,221.375,NQ
2024-02-09,1,17955.0,18038.75,3,498.84,505.5,79.75,time,615,955,1.0425078369905956,1.0564263322884013,203.48214285714286,NQ
2024-02-12,1,18059.5,18007.0,4,-424.88,-416.0,52.0,stop,640,815,-1.021346153846154,-1.0,207.375,NQ
2024-02-13,1,17705.25,17586.5,2,-477.44,-473.0,118.25,stop,620,890,-1.00938689217759,-1.0,211.35714285714286,NQ
2024-02-14,1,17826.0,17742.75,3,-503.16,-496.5,82.75,stop,615,660,-1.0134138972809668,-1.0,222.60714285714286,NQ
2024-02-15,-1,17807.0,17903.5,2,-388.44,-384.0,96.0,stop,600,795,-1.0115625,-1.0,222.35714285714286,NQ
2024-02-16,-1,17751.0,17747.25,1,6.28,8.5,178.75,time,600,955,0.017566433566433566,0.023776223776223775,223.64285714285714,NQ
2024-02-20,-1,17538.25,17612.75,1,-150.22,-148.0,185.5,time,600,955,-0.4049056603773585,-0.39892183288409705,217.73214285714286,NQ
2024-02-21,1,17523.0,17448.0,3,-453.66,-447.0,74.5,stop,600,730,-1.0148993288590604,-1.0,216.51785714285714,NQ
2024-02-22,1,17971.5,18044.5,2,289.56,294.0,107.25,time,675,955,0.674965034965035,0.6853146853146853,218.32142857142858,NQ
2024-02-23,-1,18048.25,17986.75,2,243.56,248.0,96.25,time,625,955,0.6326233766233766,0.6441558441558441,233.66071428571428,NQ
2024-02-26,1,18055.75,17977.25,2,-316.44,-312.0,89.5,time,710,955,-0.8839106145251396,-0.8715083798882681,234.19642857142858,NQ
2024-02-27,1,18028.5,17940.75,2,-353.44,-349.0,87.25,stop,615,770,-1.0127220630372493,-1.0,226.08928571428572,NQ
2024-02-28,1,17951.25,17917.25,3,-207.66,-201.0,75.0,time,660,955,-0.46146666666666664,-0.44666666666666666,219.66071428571428,NQ
2024-02-29,-1,17987.5,18072.75,2,-343.44,-339.0,84.75,stop,610,945,-1.0130973451327434,-1.0,223.46428571428572,NQ
2024-03-01,1,18173.25,18334.75,3,965.34,972.0,79.25,time,605,955,2.030157728706625,2.0441640378548898,223.875,NQ
2024-03-04,-1,18284.5,18335.0,5,-511.1,-500.0,50.0,stop,690,875,-1.0222,-1.0,232.48214285714286,NQ
2024-03-05,-1,18002.75,17932.0,1,140.28,142.5,132.25,time,605,955,0.5303591682419659,0.5387523629489603,209.10714285714286,NQ
2024-03-06,-1,17994.0,18126.75,1,-266.72,-264.5,132.25,stop,600,715,-1.0083931947069944,-1.0,224.78571428571428,NQ
2024-03-07,1,18227.0,18309.0,2,325.56,330.0,108.0,time,620,955,0.7536111111111111,0.7638888888888888,231.21428571428572,NQ
2024-03-08,1,18396.0,18287.75,2,-435.44,-431.0,107.75,stop,600,665,-1.0103016241299303,-1.0,238.55357142857142,NQ
2024-03-11,1,18008.5,17970.0,2,-156.44,-152.0,110.0,time,650,955,-0.35554545454545455,-0.34545454545454546,264.51785714285717,NQ
2024-03-12,1,18110.5,18226.5,1,230.78,233.0,180.25,time,620,955,0.6401664355062413,0.6463245492371706,251.21428571428572,NQ
2024-03-13,-1,18327.75,18330.75,2,-14.44,-10.0,101.75,time,600,955,-0.035479115479115475,-0.02457002457002457,256.35714285714283,NQ
2024-03-15,-1,18053.25,18058.75,2,-24.44,-20.0,121.0,time,705,955,-0.05049586776859504,-0.04132231404958678,234.28571428571428,NQ
2024-03-18,1,18372.5,18277.25,2,-383.44,-379.0,94.75,stop,625,710,-1.0117150395778365,-1.0,247.03571428571428,NQ
2024-03-19,1,18153.0,18269.75,2,464.56,469.0,99.5,time,690,955,1.1672361809045226,1.178391959798995,261.23214285714283,NQ
2024-03-21,-1,18624.0,18559.0,2,257.56,262.0,84.75,time,665,955,0.75976401179941,0.7728613569321534,270.94642857142856,NQ
2024-03-22,1,18558.0,18571.75,4,105.12,114.0,57.75,time,600,955,0.22753246753246753,0.24675324675324675,265.14285714285717,NQ
2024-03-25,1,18497.0,18509.25,3,69.84,76.5,82.0,time,605,955,0.14195121951219514,0.15548780487804878,267.4107142857143,NQ
2024-03-26,1,18606.75,18549.75,4,-460.88,-452.0,56.5,stop,600,625,-1.0196460176991151,-1.0,248.21428571428572,NQ
2024-03-27,-1,18406.5,18507.0,1,-202.22,-200.0,165.0,time,600,955,-0.6127878787878788,-0.6060606060606061,242.98214285714286,NQ
2024-04-01,-1,18474.25,18495.5,1,-43.72,-41.5,132.5,time,650,955,-0.1649811320754717,-0.15660377358490565,210.375,NQ
2024-04-02,-1,18216.0,18292.25,3,-461.16,-454.5,75.75,stop,610,780,-1.0146534653465347,-1.0,213.41071428571428,NQ
2024-04-03,1,18352.5,18370.25,2,68.56,73.0,112.75,time,600,955,0.15201773835920177,0.16186252771618626,212.125,NQ
2024-04-04,-1,18497.25,18075.25,3,2528.34,2535.0,70.5,time,620,955,5.9771631205673765,5.99290780141844,212.78571428571428,NQ
2024-04-05,1,18239.5,18293.0,1,105.78,108.0,136.75,time,610,955,0.386764168190128,0.39488117001828155,231.5,NQ
2024-04-08,1,18340.25,18296.75,2,-176.44,-172.0,102.5,time,625,955,-0.43034146341463414,-0.4195121951219512,235.875,NQ
2024-04-09,-1,18281.5,18362.5,2,-326.44,-322.0,123.25,time,625,955,-0.6621501014198783,-0.6531440162271805,222.73214285714286,NQ
2024-04-10,1,18221.25,18191.25,2,-122.44,-118.0,113.25,time,635,955,-0.2702869757174393,-0.26048565121412803,223.32142857142858,NQ
2024-04-11,-1,18212.5,18274.25,4,-498.88,-490.0,61.25,stop,610,675,-1.018122448979592,-1.0,223.42857142857142,NQ
2024-04-12,-1,18276.0,18181.25,3,564.84,571.5,67.0,time,605,955,1.4050746268656717,1.421641791044776,232.33928571428572,NQ
2024-04-15,-1,18240.5,17876.5,2,1453.56,1458.0,98.25,time,605,955,3.698625954198473,3.7099236641221376,249.19642857142858,NQ
2024-04-16,1,17912.5,17821.75,2,-365.44,-361.0,90.25,stop,610,810,-1.0122991689750693,-1.0,273.5,NQ
2024-04-17,-1,17845.75,17654.5,2,762.56,767.0,113.5,time,600,955,1.679647577092511,1.6894273127753303,273.55357142857144,NQ
2024-04-18,1,17682.5,17551.75,1,-262.72,-260.5,130.25,stop,635,800,-1.0085220729366604,-1.0,284.3392857142857,NQ
2024-04-19,-1,17411.5,17182.0,2,915.56,920.0,105.25,time,610,955,2.1747268408551066,2.1852731591448933,293.94642857142856,NQ
2024-04-22,-1,17258.75,17331.75,3,-441.66,-435.0,72.5,stop,615,805,-1.0153103448275862,-1.0,311.0357142857143,NQ
2024-04-23,1,17530.25,17606.75,2,303.56,308.0,116.25,time,620,955,0.6528172043010753,0.6623655913978495,311.44642857142856,NQ
2024-04-24,-1,17710.0,17658.5,2,203.56,208.0,85.25,time,635,955,0.596950146627566,0.6099706744868035,318.19642857142856,NQ
2024-04-25,1,17411.5,17567.0,2,619.56,624.0,103.0,time,610,955,1.5037864077669902,1.5145631067961165,298.875,NQ
2024-04-26,1,17808.5,17839.0,1,59.78,62.0,140.0,time,600,955,0.2135,0.22142857142857142,300.07142857142856,NQ
2024-04-30,-1,17816.75,17563.75,3,1514.34,1521.0,70.75,time,660,955,3.5673498233215546,3.5830388692579507,307.875,NQ
2024-05-01,-1,17448.0,17517.75,3,-422.16,-415.5,69.25,stop,600,840,-1.016028880866426,-1.0,314.0892857142857,NQ
2024-05-02,-1,17473.0,17602.75,1,-260.72,-258.5,129.25,stop,600,805,-1.008588007736944,-1.0,317.2857142857143,NQ
2024-05-03,-1,17918.75,18019.0,2,-403.44,-399.0,99.75,stop,660,850,-1.0111278195488722,-1.0,312.80357142857144,NQ
2024-05-06,1,18111.5,18197.0,3,509.34,516.0,68.5,time,700,955,1.2392700729927006,1.2554744525547445,305.98214285714283,NQ
2024-05-07,1,18250.5,18187.75,4,-506.88,-498.0,62.25,stop,655,835,-1.0178313253012048,-1.0,307.89285714285717,NQ
2024-05-08,1,18194.0,18182.75,2,-47.44,-43.0,115.25,time,620,955,-0.10290672451193059,-0.09327548806941431,290.42857142857144,NQ
2024-05-09,1,18205.0,18215.5,2,39.56,44.0,96.0,time,635,955,0.10302083333333334,0.11458333333333333,286.0892857142857,NQ
2024-05-10,-1,18253.25,18254.5,2,-7.4399999999999995,-3.0,94.5,time,615,955,-0.01968253968253968,-0.007936507936507936,264.57142857142856,NQ
2024-05-14,1,18343.75,18411.0,3,399.84,406.5,78.0,time,620,955,0.8543589743589743,0.8685897435897436,239.89285714285714,NQ
2024-05-15,1,18536.5,18692.5,2,621.56,626.0,89.5,time,620,955,1.7362011173184355,1.7486033519553073,235.55357142857142,NQ
2024-05-16,1,18718.25,18671.75,5,-471.1,-460.0,46.0,stop,620,805,-1.0241304347826088,-1.0,231.67857142857142,NQ
2024-05-17,1,18675.25,18620.25,4,-444.88,-436.0,54.5,stop,630,765,-1.0203669724770643,-1.0,216.16071428571428,NQ
2024-05-20,1,18756.0,18766.0,2,37.56,42.0,120.5,time,640,955,0.07792531120331951,0.08713692946058091,214.32142857142858,NQ
2024-05-21,1,18723.5,18800.5,5,763.9,775.0,45.25,time,600,955,1.6881767955801104,1.712707182320442,201.30357142857142,NQ
2024-05-22,1,18835.0,18788.5,5,-471.1,-460.0,46.0,stop,670,815,-1.0241304347826088,-1.0,182.5,NQ
2024-05-23,-1,18834.5,18697.0,1,273.78,276.0,147.75,time,650,955,0.9264974619289339,0.934010152284264,172.16071428571428,NQ
2024-05-24,1,18791.0,18874.0,4,659.12,668.0,58.25,time,610,955,1.414420600858369,1.4334763948497855,169.23214285714286,NQ
2024-05-29,1,18856.75,18810.5,2,-187.44,-183.0,95.5,time,620,955,-0.4906806282722513,-0.4790575916230366,167.94642857142858,NQ
2024-05-30,-1,18687.5,18604.25,3,495.84,502.5,81.75,time,630,955,1.0108868501529051,1.0244648318042813,171.625,NQ
2024-05-31,-1,18488.75,18598.75,1,-221.22,-219.0,142.5,time,610,955,-0.7762105263157895,-0.7684210526315789,179.125,NQ
2024-06-03,-1,18608.25,18653.0,1,-90.72,-88.5,147.0,time,645,955,-0.30857142857142855,-0.3010204081632653,199.76785714285714,NQ
2024-06-04,-1,18578.5,18651.0,3,-438.66,-432.0,72.0,stop,610,640,-1.0154166666666666,-1.0,210.64285714285714,NQ
2024-06-05,1,18876.5,19077.25,4,1601.12,1610.0,62.5,time,620,955,3.2022399999999998,3.22,202.76785714285714,NQ
2024-06-07,1,19074.0,19040.5,3,-204.66,-198.0,81.25,time,635,955,-0.4198153846153846,-0.40615384615384614,219.0,NQ
2024-06-10,1,19035.0,19112.25,4,613.12,622.0,57.0,time,625,955,1.3445614035087718,1.3640350877192982,219.23214285714286,NQ
2024-06-11,1,19092.0,19241.75,2,596.56,601.0,97.25,time,635,955,1.5335732647814908,1.544987146529563,220.75,NQ
2024-06-12,1,19509.5,19492.0,1,-36.22,-34.0,134.5,time,610,955,-0.13464684014869888,-0.12639405204460966,227.78571428571428,NQ
2024-06-13,-1,19586.0,19592.75,3,-44.16,-37.5,77.25,time,610,955,-0.09527508090614886,-0.08090614886731391,226.76785714285714,NQ
2024-06-14,1,19647.25,19687.25,2,157.56,162.0,89.75,time,620,955,0.4388857938718663,0.45125348189415043,222.625,NQ
2024-06-17,1,19713.75,19924.75,3,1262.34,1269.0,73.0,time,655,955,2.8820547945205477,2.8972602739726026,226.44642857142858,NQ
2024-06-18,-1,19889.0,19944.5,4,-448.88,-440.0,55.0,stop,650,825,-1.020181818181818,-1.0,242.82142857142858,NQ
2024-06-20,-1,20191.5,20035.5,3,932.34,939.0,71.5,time,605,955,2.1732867132867133,2.1888111888111887,241.67857142857142,NQ
2024-06-21,1,20033.75,19974.75,2,-238.44,-234.0,119.25,time,675,955,-0.499874213836478,-0.49056603773584906,235.58928571428572,NQ
2024-06-24,1,19976.25,19866.5,2,-441.44,-437.0,109.25,stop,600,640,-1.0101601830663616,-1.0,224.07142857142858,NQ
2024-06-25,1,19875.75,19966.5,3,540.84,547.5,83.25,time,600,955,1.0827627627627627,1.0960960960960962,229.03571428571428,NQ
2024-06-26,1,20002.25,19919.0,3,-503.16,-496.5,82.75,stop,605,670,-1.0134138972809668,-1.0,218.94642857142858,NQ
2024-06-27,1,20111.25,19989.5,2,-489.44,-485.0,121.25,stop,610,685,-1.0091546391752577,-1.0,220.19642857142858,NQ
2024-06-28,1,20219.75,20039.0,1,-362.72,-360.5,180.25,stop,600,735,-1.0061581137309294,-1.0,220.21428571428572,NQ
2024-07-01,-1,19820.5,19986.0,1,-332.22,-330.0,165.0,stop,610,725,-1.006727272727273,-1.0,235.57142857142858,NQ
2024-07-02,1,20113.5,20256.25,1,284.28,286.5,136.5,time,650,955,1.0413186813186812,1.0494505494505495,236.23214285714286,NQ
2024-07-05,1,20529.25,20621.5,2,366.56,371.0,100.75,time,600,955,0.9095781637717122,0.9205955334987593,228.96428571428572,NQ
2024-07-08,1,20658.5,20666.25,4,57.12,66.0,57.75,time,680,955,0.12363636363636363,0.14285714285714285,221.66071428571428,NQ
2024-07-09,-1,20718.25,20679.75,5,378.9,390.0,46.0,time,620,955,0.8236956521739129,0.8478260869565217,221.57142857142858,NQ
2024-07-10,1,20785.5,20721.25,3,-389.16,-382.5,63.75,stop,605,660,-1.0174117647058825,-1.0,209.19642857142858,NQ
2024-07-11,-1,20814.75,20430.0,2,1536.56,1541.0,87.25,time,605,955,4.4027507163323785,4.415472779369628,204.35714285714286,NQ
2024-07-12,1,20557.0,20540.25,1,-34.72,-32.5,131.5,time,600,955,-0.1320152091254753,-0.12357414448669202,230.53571428571428,NQ
2024-07-15,1,20668.25,20581.5,2,-349.44,-345.0,86.25,stop,605,810,-1.0128695652173914,-1.0,234.875,NQ
2024-07-16,-1,20528.25,20599.75,1,-144.22,-142.0,156.0,time,600,955,-0.46224358974358976,-0.4551282051282051,238.75,NQ
2024-07-17,-1,20155.0,19992.25,1,324.28,326.5,126.25,time,600,955,1.284277227722772,1.293069306930693,246.17857142857142,NQ
2024-07-18,-1,19961.0,19891.5,1,137.78,140.0,188.0,time,630,955,0.366436170212766,0.3723404255319149,278.25,NQ
2024-07-19,-1,19801.25,19712.0,1,177.28,179.5,175.0,time,625,955,0.5065142857142857,0.5128571428571429,279.92857142857144,NQ
2024-07-22,-1,19881.0,20027.0,1,-293.22,-291.0,145.5,stop,675,845,-1.0076288659793815,-1.0,284.23214285714283,NQ
2024-07-23,1,20053.25,19933.25,2,-482.44,-478.0,119.5,stop,670,775,-1.0092887029288702,-1.0,287.8392857142857,NQ
2024-07-24,-1,19495.25,19204.75,1,579.78,582.0,158.25,time,600,955,1.8318483412322275,1.838862559241706,285.0892857142857,NQ
2024-07-25,-1,18986.0,19227.0,1,-483.22,-481.0,240.5,stop,600,670,-1.0046153846153847,-1.0,335.5357142857143,NQ
2024-07-26,-1,19059.25,19166.5,2,-431.44,-427.0,106.75,stop,605,625,-1.0103981264637003,-1.0,353.32142857142856,NQ
2024-07-29,-1,19207.5,19209.25,1,-4.72,-2.5,159.25,time,660,955,-0.014819466248037675,-0.007849293563579277,368.0892857142857,NQ
2024-07-30,-1,19194.0,18939.0,1,508.78,511.0,125.5,time,600,955,2.027011952191235,2.0358565737051793,375.80357142857144,NQ
2024-07-31,1,19444.5,19496.25,1,102.28,104.5,133.5,time,605,955,0.38307116104868916,0.3913857677902622,395.76785714285717,NQ
2024-08-01,-1,19503.75,19027.5,1,951.28,953.5,178.0,time,620,955,2.672134831460674,2.678370786516854,403.5892857142857,NQ
2024-08-02,-1,18475.75,18561.25,1,-172.22,-170.0,285.0,time,605,955,-0.302140350877193,-0.2982456140350877,439.1607142857143,NQ
2024-08-05,1,18043.0,18021.25,1,-44.72,-42.5,533.5,time,600,955,-0.04191190253045923,-0.039831302717900655,464.2142857142857,NQ
2024-08-06,1,18181.25,18171.75,1,-20.22,-18.0,215.0,time,600,955,-0.04702325581395349,-0.04186046511627907,523.625,NQ
2024-08-07,-1,18433.75,17972.75,2,1841.56,1846.0,124.5,time,625,955,3.6979116465863453,3.7068273092369477,516.875,NQ
2024-08-08,1,18276.25,18519.0,1,484.28,486.5,211.75,time,600,955,1.1435182998819362,1.1487603305785123,532.3214285714286,NQ
2024-08-09,1,18548.0,18609.5,2,243.56,248.0,124.5,time,610,955,0.4890763052208835,0.4979919678714859,550.9107142857143,NQ
2024-08-12,1,18673.25,18645.0,1,-57.72,-55.5,149.5,time,615,955,-0.19304347826086957,-0.18561872909698995,546.4107142857143,NQ
2024-08-13,1,18913.0,19101.0,2,749.56,754.0,96.5,time,600,955,1.9418652849740932,1.9533678756476685,550.7678571428571,NQ
2024-08-14,-1,18985.5,19175.75,1,-381.72,-379.5,189.75,stop,610,710,-1.0058498023715416,-1.0,530.1428571428571,NQ
2024-08-15,1,19464.25,19587.0,1,244.28,246.5,127.75,time,620,955,0.9560861056751467,0.9647749510763209,513.7678571428571,NQ
2024-08-16,1,19547.25,19603.25,2,221.56,226.0,84.5,time,605,955,0.6555029585798816,0.6686390532544378,527.2857142857143,NQ
2024-08-19,-1,19534.0,19624.5,2,-364.44,-360.0,90.0,stop,615,630,-1.0123333333333333,-1.0,522.5892857142857,NQ
2024-08-20,-1,19762.25,19812.0,1,-100.72,-98.5,162.5,time,635,955,-0.30990769230769233,-0.3030769230769231,509.4107142857143,NQ
2024-08-21,1,19900.0,19812.75,2,-351.44,-347.0,86.75,stop,600,650,-1.0127953890489914,-1.0,477.0892857142857,NQ
2024-08-22,-1,19908.0,19585.75,2,1286.56,1291.0,117.0,time,605,955,2.749059829059829,2.7585470085470085,433.98214285714283,NQ
2024-08-23,1,19846.0,19706.25,1,-280.72,-278.5,139.25,stop,600,645,-1.007971274685817,-1.0,422.67857142857144,NQ
2024-08-26,-1,19656.75,19593.5,1,125.28,127.5,144.5,time,605,955,0.43349480968858134,0.4411764705882353,370.32142857142856,NQ
2024-08-27,1,19572.75,19651.0,1,155.28,157.5,131.0,time,610,955,0.5926717557251908,0.601145038167939,354.51785714285717,NQ
2024-08-28,-1,19503.5,19421.5,1,162.78,165.0,152.75,time,640,955,0.5328314238952537,0.5400981996726678,329.23214285714283,NQ
2024-08-29,1,19681.5,19478.0,1,-408.22,-406.0,203.0,stop,645,870,-1.0054679802955666,-1.0,314.60714285714283,NQ
2024-08-30,1,19606.0,19513.75,2,-371.44,-367.0,91.75,stop,600,655,-1.0120980926430518,-1.0,320.7857142857143,NQ
2024-09-02,-1,19607.75,19645.75,6,-463.32,-450.0,37.5,stop,605,635,-1.0296,-1.0,322.25,NQ
2024-09-03,-1,19293.0,19012.5,1,559.78,562.0,190.0,time,610,955,1.4731052631578947,1.4789473684210526,294.7857142857143,NQ
2024-09-04,1,18992.25,18956.75,1,-72.22,-70.0,132.0,time,625,955,-0.27356060606060606,-0.26515151515151514,327.5,NQ
2024-09-05,1,19084.75,18884.75,1,-401.22,-399.0,199.5,stop,600,685,-1.0055639097744362,-1.0,311.82142857142856,NQ
2024-09-06,-1,18737.0,18458.5,1,555.78,558.0,230.0,time,610,955,1.2082173913043477,1.2130434782608697,319.69642857142856,NQ
2024-09-09,1,18698.5,18604.5,2,-378.44,-374.0,93.5,stop,610,630,-1.0118716577540108,-1.0,334.9107142857143,NQ
2024-09-10,-1,18710.25,18822.0,2,-449.44,-445.0,111.25,stop,610,840,-1.0099775280898877,-1.0,341.32142857142856,NQ
2024-09-11,-1,18771.0,18906.75,1,-272.72,-270.5,135.25,stop,605,740,-1.008207024029575,-1.0,346.92857142857144,NQ
2024-09-12,1,19312.0,19451.25,1,277.28,279.5,126.75,time,610,955,1.0938067061143983,1.1025641025641026,365.73214285714283,NQ
2024-09-13,1,19507.0,19527.0,2,77.56,82.0,108.5,time,605,955,0.17870967741935484,0.1889400921658986,364.2857142857143,NQ
2024-09-16,-1,19311.25,19438.0,1,-254.72,-252.5,152.0,time,630,955,-0.8378947368421052,-0.8305921052631579,355.92857142857144,NQ
2024-09-17,1,19604.0,19475.0,1,-259.22,-257.0,128.5,stop,645,735,-1.0086381322957199,-1.0,354.1607142857143,NQ
2024-09-18,-1,19665.75,19736.75,3,-429.66,-423.0,70.5,stop,615,840,-1.015744680851064,-1.0,346.76785714285717,NQ
2024-09-19,1,20085.75,20081.25,2,-20.44,-16.0,121.5,time,615,955,-0.042057613168724285,-0.03292181069958848,353.82142857142856,NQ
2024-09-20,-1,19989.0,20082.75,2,-377.44,-373.0,93.25,stop,610,935,-1.0119034852546918,-1.0,379.32142857142856,NQ
2024-09-23,1,20105.5,20031.0,3,-450.66,-444.0,74.0,stop,640,780,-1.0150000000000001,-1.0,389.4107142857143,NQ
2024-09-24,-1,20003.25,20154.25,1,-303.22,-301.0,150.5,stop,600,705,-1.0073754152823922,-1.0,344.55357142857144,NQ
2024-09-25,1,20245.75,20137.75,2,-434.44,-430.0,107.5,stop,605,780,-1.010325581395349,-1.0,343.5,NQ
2024-09-26,-1,20404.25,20341.75,2,247.56,252.0,113.0,time,605,955,0.5476991150442478,0.5575221238938053,331.14285714285717,NQ
2024-09-27,-1,20287.0,20223.25,2,252.56,257.0,95.75,time,615,955,0.6594255874673629,0.6710182767624021,315.73214285714283,NQ
2024-09-30,-1,20168.25,20262.75,2,-380.44,-376.0,94.0,stop,610,955,-1.011808510638298,-1.0,311.32142857142856,NQ
2024-10-01,-1,19962.5,19978.5,1,-33.22,-31.0,303.25,time,605,955,-0.05477328936521022,-0.051112943116240726,307.17857142857144,NQ
2024-10-02,1,19997.75,20009.75,1,22.78,25.0,164.0,time,615,955,0.06945121951219513,0.07621951219512195,286.1607142857143,NQ
2024-10-03,1,20091.25,19894.5,1,-394.72,-392.5,196.25,stop,600,780,-1.005656050955414,-1.0,283.17857142857144,NQ
2024-10-04,-1,20038.5,20239.25,1,-402.72,-400.5,200.25,stop,605,955,-1.0055430711610487,-1.0,287.1607142857143,NQ
2024-10-07,1,20170.0,20088.25,3,-494.16,-487.5,81.25,stop,615,870,-1.0136615384615386,-1.0,289.26785714285717,NQ
2024-10-08,1,20188.25,20299.75,2,443.56,448.0,118.25,time,600,955,0.9377589852008457,0.9471458773784355,289.60714285714283,NQ
2024-10-09,1,20301.25,20458.0,4,1249.12,1258.0,62.5,time,610,955,2.4982399999999996,2.516,280.69642857142856,NQ
2024-10-10,1,20402.75,20429.25,2,103.56,108.0,101.0,time,610,955,0.25633663366336634,0.26732673267326734,253.91071428571428,NQ
2024-10-11,1,20413.75,20449.5,2,140.56,145.0,98.75,time,605,955,0.3558481012658228,0.3670886075949367,252.67857142857142,NQ
2024-10-15,-1,20582.25,20343.75,3,1427.34,1434.0,76.75,time,610,955,3.0995439739413677,3.1140065146579805,255.53571428571428,NQ
2024-10-17,-1,20395.0,20364.25,1,60.28,62.5,180.75,time,600,955,0.16674965421853388,0.17289073305670816,263.625,NQ
2024-10-18,1,20514.0,20482.5,3,-192.66,-186.0,80.75,time,605,955,-0.3976470588235294,-0.38390092879256965,265.0357142857143,NQ
2024-10-21,1,20528.0,20422.5,2,-424.44,-420.0,105.0,stop,605,640,-1.0105714285714287,-1.0,260.39285714285717,NQ
2024-10-22,1,20492.0,20539.5,2,187.56,192.0,122.25,time,605,955,0.38355828220858895,0.39263803680981596,243.05357142857142,NQ
2024-10-23,-1,20383.5,20218.5,3,986.34,993.0,79.0,time,600,955,2.0808860759493673,2.0949367088607596,241.33928571428572,NQ
2024-10-24,-1,20270.5,20376.5,2,-426.44,-422.0,105.5,stop,705,780,-1.010521327014218,-1.0,257.48214285714283,NQ
2024-10-25,1,20678.75,20490.0,1,-378.72,-376.5,188.25,stop,600,820,-1.0058964143426297,-1.0,252.67857142857142,NQ
2024-10-29,1,20531.0,20694.75,2,652.56,657.0,98.5,time,600,955,1.656243654822335,1.66751269035533,242.55357142857142,NQ
2024-10-30,1,20679.25,20542.5,1,-274.72,-272.5,136.25,stop,615,950,-1.0081467889908258,-1.0,247.55357142857142,NQ
2024-10-31,-1,20133.25,20011.5,1,242.28,244.5,235.75,time,610,955,0.5138494167550371,0.5185577942735949,245.98214285714286,NQ
2024-11-01,1,20215.25,20146.75,1,-138.22,-136.0,157.5,time,610,955,-0.4387936507936508,-0.43174603174603177,270.67857142857144,NQ
2024-11-04,1,20161.25,20085.0,1,-153.72,-151.5,148.0,time,615,955,-0.5193243243243243,-0.5118243243243243,274.0,NQ
2024-11-05,1,20306.25,20341.0,1,68.28,70.5,159.0,time,620,955,0.21471698113207546,0.22169811320754718,260.32142857142856,NQ
2024-11-07,1,21116.25,21221.5,2,418.56,423.0,112.0,time,605,955,0.9342857142857143,0.9441964285714286,294.2142857142857,NQ
2024-11-08,-1,21166.25,21232.5,3,-401.16,-394.5,65.75,stop,610,715,-1.0168821292775665,-1.0,308.0357142857143,NQ
2024-11-11,-1,21160.75,21220.5,1,-120.72,-118.5,131.75,time,600,955,-0.4581404174573055,-0.4497153700189753,300.48214285714283,NQ
2024-11-12,-1,21180.5,21185.25,3,-32.16,-25.5,71.0,time,665,955,-0.07549295774647886,-0.05985915492957746,297.75,NQ
2024-11-13,-1,21110.0,21184.75,3,-452.16,-445.5,74.25,stop,600,725,-1.014949494949495,-1.0,278.9107142857143,NQ
2024-11-14,-1,21040.75,21008.75,1,62.78,65.0,133.75,time,615,955,0.23469158878504673,0.24299065420560748,280.4642857142857,NQ
2024-11-15,-1,20671.5,20492.0,2,715.56,720.0,102.0,time,600,955,1.7538235294117646,1.7647058823529411,271.625,NQ
2024-11-18,1,20586.75,20631.5,2,176.56,181.0,85.5,time,600,955,0.5162573099415205,0.5292397660818714,304.6607142857143,NQ
2024-11-19,1,20602.75,20765.0,2,646.56,651.0,94.5,time,625,955,1.7104761904761903,1.7222222222222223,298.82142857142856,NQ
2024-11-20,-1,20604.5,20756.25,1,-304.72,-302.5,151.25,stop,600,955,-1.0073388429752066,-1.0,305.94642857142856,NQ
2024-11-21,-1,20616.5,20824.0,1,-416.22,-414.0,289.0,time,600,955,-0.7201038062283738,-0.7162629757785467,289.01785714285717,NQ
2024-11-22,-1,20766.75,20873.25,2,-428.44,-424.0,106.0,stop,610,790,-1.0104716981132076,-1.0,297.2142857142857,NQ
2024-11-25,-1,20893.75,20878.25,1,29.78,32.0,187.0,time,610,955,0.07962566844919787,0.0855614973262032,293.2142857142857,NQ
2024-11-26,-1,20924.75,20990.0,2,-263.44,-259.0,99.75,time,615,955,-0.6602506265664161,-0.6491228070175439,294.1607142857143,NQ
2024-11-27,-1,20810.25,20816.5,1,-13.72,-11.5,129.0,time,610,955,-0.05317829457364341,-0.044573643410852716,262.51785714285717,NQ
2024-12-02,1,21175.5,21216.75,1,81.28,83.5,148.75,time,600,955,0.27321008403361347,0.280672268907563,259.8392857142857,NQ
2024-12-03,1,21210.25,21278.75,3,407.34,414.0,75.75,time,600,955,0.8962376237623761,0.9108910891089109,264.94642857142856,NQ
2024-12-04,1,21444.75,21537.25,4,735.12,744.0,56.25,time,610,955,1.6336,1.6533333333333333,260.9107142857143,NQ
2024-12-06,1,21623.5,21658.25,1,68.28,70.5,137.25,time,610,955,0.24874316939890712,0.2568306010928962,230.26785714285714,NQ
2024-12-09,-1,21553.75,21485.75,2,269.56,274.0,94.75,time,625,955,0.7112401055408971,0.7229551451187335,227.5,NQ
2024-12-10,1,21593.75,21505.25,2,-356.44,-352.0,88.0,stop,605,655,-1.0126136363636364,-1.0,223.07142857142858,NQ
2024-12-11,1,21724.25,21791.5,1,133.28,135.5,151.0,time,605,955,0.4413245033112583,0.44867549668874174,220.625,NQ
2024-12-12,-1,21650.0,21697.0,5,-476.1,-465.0,46.5,stop,605,620,-1.0238709677419355,-1.0,222.08928571428572,NQ
2024-12-13,-1,21744.75,21797.75,1,-107.22,-105.0,163.0,time,640,955,-0.3288957055214724,-0.3220858895705521,222.75,NQ
2024-12-16,1,21989.75,22111.25,2,483.56,488.0,93.5,time,600,955,1.2929411764705883,1.304812834224599,220.17857142857142,NQ
2024-12-17,-1,21976.75,22062.5,2,-345.44,-341.0,85.25,stop,600,690,-1.0130205278592375,-1.0,235.05357142857142,NQ
2024-12-18,1,22012.75,21913.0,2,-401.44,-397.0,99.25,stop,610,840,-1.011183879093199,-1.0,224.66071428571428,NQ
2024-12-19,-1,21551.5,21377.0,1,347.78,350.0,146.0,time,600,955,1.1910273972602738,1.1986301369863013,282.125,NQ
2024-12-20,1,21341.5,21567.25,1,450.28,452.5,180.75,time,610,955,1.2455878284923927,1.251728907330567,301.625,NQ
2024-12-23,-1,21514.5,21675.75,1,-323.72,-321.5,160.75,stop,605,700,-1.0069051321928462,-1.0,329.0,NQ
2024-12-26,1,22012.5,22007.0,1,-12.22,-10.0,142.0,time,670,955,-0.04302816901408451,-0.035211267605633804,341.0892857142857,NQ
2024-12-27,-1,21605.75,21703.25,1,-196.22,-194.0,257.0,time,600,955,-0.3817509727626459,-0.377431906614786,348.07142857142856,NQ
2024-12-30,-1,21265.0,21416.25,1,-303.72,-301.5,150.75,stop,620,680,-1.007363184079602,-1.0,370.55357142857144,NQ
2024-12-31,-1,21350.75,21220.5,1,259.28,261.5,137.5,time,605,955,0.9428363636363636,0.9509090909090909,386.80357142857144,NQ
2025-01-02,1,21413.5,21166.25,1,-495.72,-493.5,246.75,stop,600,745,-1.0044984802431611,-1.0,390.55357142857144,NQ
2025-01-03,1,21452.75,21508.0,1,109.28,111.5,174.75,time,690,955,0.3126752503576538,0.3190271816881259,394.0,NQ
2025-01-06,1,21852.75,21723.25,1,-260.22,-258.0,129.0,stop,610,825,-1.0086046511627909,-1.0,409.94642857142856,NQ
2025-01-07,-1,21602.5,21359.25,1,485.28,487.5,203.25,time,600,955,1.19380073800738,1.1992619926199262,418.7857142857143,NQ
2025-01-08,1,21388.0,21285.75,2,-411.44,-407.0,101.75,stop,600,610,-1.010909090909091,-1.0,431.0357142857143,NQ
2025-01-10,-1,20939.25,21015.75,1,-154.22,-152.0,257.75,time,600,955,-0.2991658583899127,-0.2948593598448109,437.9107142857143,NQ
2025-01-13,1,20855.25,20948.0,1,184.28,186.5,153.0,time,640,955,0.6022222222222222,0.6094771241830066,408.4642857142857,NQ
2025-01-14,-1,20955.25,20923.25,1,62.78,65.0,174.25,time,635,955,0.18014347202295553,0.18651362984218078,396.2142857142857,NQ
2025-01-15,1,21364.0,21395.5,1,61.78,64.0,177.0,time,600,955,0.17451977401129945,0.1807909604519774,375.10714285714283,NQ
2025-01-16,-1,21363.5,21248.25,1,229.28,231.5,134.25,time,610,955,0.8539292364990689,0.8621973929236499,391.51785714285717,NQ
2025-01-21,-1,21538.75,21718.5,1,-360.72,-358.5,179.25,stop,610,760,-1.006192468619247,-1.0,380.64285714285717,NQ
2025-01-22,1,22028.75,21997.5,1,-63.72,-61.5,126.0,time,610,955,-0.25285714285714284,-0.24404761904761904,366.0892857142857,NQ
2025-01-23,1,21920.75,22041.5,4,961.12,970.0,54.5,time,630,955,2.204403669724771,2.2247706422018347,371.26785714285717,NQ
2025-01-24,-1,21993.25,21908.75,2,335.56,340.0,84.75,time,625,955,0.9898525073746313,1.0029498525073746,351.0892857142857,NQ
2025-01-27,1,21367.75,21108.75,1,-519.22,-517.0,258.5,stop,625,890,-1.004294003868472,-1.0,339.94642857142856,NQ
2025-01-28,1,21356.75,21575.25,1,435.78,438.0,197.0,time,600,955,1.1060406091370558,1.1116751269035532,370.30357142857144,NQ
2025-01-29,-1,21474.0,21530.5,1,-114.22,-112.0,132.0,time,640,955,-0.4326515151515151,-0.42424242424242425,366.01785714285717,NQ
2025-01-30,-1,21589.75,21623.25,1,-68.22,-66.0,158.75,time,605,955,-0.21486614173228347,-0.2078740157480315,364.14285714285717,NQ
2025-01-31,1,21900.0,21764.75,1,-271.72,-269.5,134.75,stop,600,810,-1.0082374768089055,-1.0,352.98214285714283,NQ
2025-02-03,-1,21168.75,21314.75,1,-293.22,-291.0,145.5,stop,600,620,-1.0076288659793815,-1.0,361.32142857142856,NQ
2025-02-04,1,21603.0,21668.0,1,128.78,131.0,197.5,time,600,955,0.3260253164556962,0.33164556962025316,369.26785714285717,NQ
2025-02-05,-1,21515.75,21591.75,3,-459.66,-453.0,75.5,stop,600,635,-1.014701986754967,-1.0,352.05357142857144,NQ
2025-02-06,1,21835.75,21738.0,2,-393.44,-389.0,97.25,stop,610,870,-1.011413881748072,-1.0,353.01785714285717,NQ
2025-02-07,-1,21752.5,21588.5,1,326.78,329.0,215.25,time,600,955,0.7590708478513356,0.7642276422764228,334.92857142857144,NQ
2025-02-10,1,21815.0,21843.5,3,167.34,174.0,70.75,time,600,955,0.39420494699646647,0.4098939929328622,351.875,NQ
2025-02-11,1,21808.75,21790.75,2,-74.44,-70.0,107.75,time,620,955,-0.17271461716937356,-0.16241299303944315,356.125,NQ
2025-02-12,1,21718.75,21801.75,1,164.78,167.0,182.25,time,620,955,0.4520713305898491,0.45816186556927296,341.25,NQ
2025-02-13,1,21973.5,22109.5,1,270.78,273.0,138.5,time,615,955,0.9775451263537905,0.9855595667870036,350.17857142857144,NQ
2025-02-14,1,22144.5,22194.0,4,391.12,400.0,54.25,time,605,955,0.9011981566820276,0.9216589861751152,356.44642857142856,NQ
2025-02-18,-1,22161.75,22239.0,2,-311.44,-307.0,106.0,time,615,955,-0.7345283018867924,-0.7240566037735849,278.89285714285717,NQ
2025-02-19,-1,22144.75,22221.75,3,-465.66,-459.0,76.5,stop,600,670,-1.0145098039215688,-1.0,273.60714285714283,NQ
2025-02-20,-1,21988.5,22145.0,1,-314.22,-312.0,236.75,time,655,955,-0.6636114044350582,-0.6589229144667371,263.07142857142856,NQ
2025-02-21,-1,22076.75,21682.75,2,1573.56,1578.0,111.0,time,610,955,3.5440540540540537,3.554054054054054,253.48214285714286,NQ
2025-02-24,-1,21493.0,21421.25,1,142.28,144.5,308.5,time,600,955,0.23059967585089142,0.23419773095623986,257.625,NQ
2025-02-25,-1,21185.25,21150.0,1,69.28,71.5,212.0,time,600,955,0.16339622641509435,0.16863207547169812,265.07142857142856,NQ
2025-02-26,1,21329.5,21188.75,1,-282.72,-280.5,140.25,stop,610,805,-1.007914438502674,-1.0,276.7142857142857,NQ
2025-02-27,-1,20977.0,20608.5,1,735.78,738.0,403.75,time,600,955,0.9111826625386996,0.9139318885448916,289.14285714285717,NQ
2025-02-28,1,20693.0,20919.5,1,451.78,454.0,232.25,time,610,955,0.9726157158234661,0.9773950484391819,315.42857142857144,NQ
2025-03-03,-1,20815.5,20473.25,1,683.28,685.5,305.25,time,605,955,1.1192137592137592,1.1228501228501229,328.14285714285717,NQ
2025-03-04,-1,20223.25,20430.25,1,-415.22,-413.0,206.5,stop,600,745,-1.0053753026634382,-1.0,373.39285714285717,NQ
2025-03-05,1,20456.25,20270.0,1,-373.72,-371.5,185.75,stop,605,670,-1.0059757738896367,-1.0,398.7142857142857,NQ
2025-03-06,1,20359.25,20228.0,1,-263.72,-261.5,130.75,stop,600,720,-1.00848948374761,-1.0,412.14285714285717,NQ
2025-03-07,-1,19952.5,20242.25,1,-580.72,-578.5,289.25,stop,630,860,-1.003837510803803,-1.0,449.2857142857143,NQ
2025-03-10,-1,19707.25,19463.75,1,485.78,488.0,197.0,time,600,955,1.2329441624365483,1.2385786802030456,482.25,NQ
2025-03-11,-1,19384.5,19599.25,1,-430.72,-428.5,214.25,stop,600,880,-1.0051808634772463,-1.0,538.4285714285714,NQ
2025-03-12,-1,19551.0,19609.25,1,-117.72,-115.5,226.5,time,630,955,-0.25986754966887415,-0.25496688741721857,560.1428571428571,NQ
2025-03-13,-1,19295.5,19251.75,1,86.28,88.5,281.25,time,695,955,0.15338666666666667,0.15733333333333333,566.4821428571429,NQ
2025-03-14,1,19634.75,19705.0,1,139.28,141.5,183.75,time,660,955,0.37899319727891156,0.38503401360544215,560.3035714285714,NQ
2025-03-17,-1,19667.5,19848.0,1,-362.22,-360.0,180.0,stop,660,840,-1.0061666666666667,-1.0,567.3035714285714,NQ
2025-03-18,-1,19452.25,19501.75,1,-100.22,-98.0,241.0,time,610,955,-0.2079253112033195,-0.2033195020746888,560.125,NQ
2025-03-19,1,19657.0,19748.0,1,180.78,183.0,152.5,time,600,955,0.5927213114754099,0.6,566.5,NQ
2025-03-20,1,20006.75,19881.0,1,-252.72,-250.5,250.5,time,600,955,-0.504431137724551,-0.5,541.5178571428571,NQ
2025-03-21,1,19759.75,19952.75,1,384.78,387.0,152.0,time,620,955,1.2657236842105262,1.2730263157894737,532.4464285714286,NQ
2025-03-24,1,20344.25,20365.5,2,82.56,87.0,114.75,time,620,955,0.17986928104575164,0.1895424836601307,501.17857142857144,NQ
2025-03-25,1,20431.75,20487.5,3,330.84,337.5,69.75,time,620,955,0.7905376344086021,0.8064516129032258,486.8392857142857,NQ
2025-03-26,-1,20278.75,20112.75,1,330.78,333.0,196.0,time,615,955,0.8438265306122448,0.8494897959183674,459.94642857142856,NQ
2025-03-27,1,20121.0,19994.25,1,-254.72,-252.5,183.5,time,625,955,-0.6940599455040872,-0.6880108991825613,444.7857142857143,NQ
2025-03-28,-1,19839.25,19461.75,2,1507.56,1512.0,102.0,time,600,955,3.695,3.7058823529411766,426.32142857142856,NQ
2025-03-31,1,19216.25,19449.75,1,465.78,468.0,239.25,time,680,955,0.9734169278996865,0.9780564263322884,399.26785714285717,NQ
2025-04-01,-1,19299.0,19462.75,1,-328.72,-326.5,163.25,stop,610,640,-1.006799387442573,-1.0,401.2142857142857,NQ
2025-04-02,1,19614.25,19746.25,1,262.78,265.0,297.5,time,600,955,0.4416470588235294,0.44537815126050423,401.07142857142856,NQ
2025-04-03,-1,18909.0,18686.0,1,444.78,447.0,165.0,time,605,955,1.3478181818181818,1.3545454545454545,410.69642857142856,NQ
2025-04-04,-1,18002.5,17535.0,1,933.78,936.0,246.0,time,610,955,1.8979268292682927,1.9024390243902438,452.89285714285717,NQ
2025-04-07,1,17359.5,17560.5,1,400.78,403.0,685.75,time,625,955,0.2922201968647466,0.2938388625592417,511.94642857142856,NQ
2025-04-08,1,18282.25,18059.0,1,-447.72,-445.5,222.75,stop,600,670,-1.004983164983165,-1.0,601.5178571428571,NQ
2025-04-10,-1,18645.0,18483.25,1,322.28,324.5,226.25,time,600,955,0.7122209944751381,0.7171270718232045,799.9464285714286,NQ
2025-04-11,-1,18304.25,18648.0,1,-688.72,-686.5,343.25,stop,625,750,-1.0032337946103425,-1.0,870.2321428571429,NQ
2025-04-14,-1,18945.25,18942.5,1,4.28,6.5,309.25,time,685,955,0.006919967663702506,0.010509296685529508,880.7321428571429,NQ
2025-04-15,-1,18967.5,18959.75,1,14.28,16.5,149.75,time,625,955,0.04767946577629382,0.05509181969949917,908.1428571428571,NQ
2025-04-16,1,18704.75,18523.0,1,-364.72,-362.5,181.25,stop,680,810,-1.0061241379310346,-1.0,895.125,NQ
2025-04-17,-1,18359.75,18509.75,1,-301.22,-299.0,149.5,stop,620,850,-1.0074247491638797,-1.0,936.625,NQ
2025-04-21,-1,17966.75,17922.5,1,87.28,89.5,198.0,time,600,955,0.2204040404040404,0.22601010101010102,914.5892857142857,NQ
2025-04-22,1,18265.0,18379.75,1,228.28,230.5,164.25,time,600,955,0.6949162861491629,0.7016742770167428,926.0357142857143,NQ
2025-04-23,1,19135.5,18916.25,1,-439.72,-437.5,218.75,stop,630,680,-1.0050742857142858,-1.0,940.9642857142857,NQ
2025-04-24,1,19073.0,19319.5,1,491.78,494.0,226.25,time,600,955,1.086806629834254,1.0917127071823205,956.0892857142857,NQ
2025-04-25,1,19376.75,19235.5,1,-283.72,-281.5,140.75,stop,605,630,-1.007886323268206,-1.0,918.1071428571429,NQ
2025-04-28,-1,19420.0,19524.75,1,-210.72,-208.5,202.75,time,665,955,-0.5196547472256473,-0.5141800246609125,858.3392857142857,NQ
2025-04-29,1,19575.75,19644.5,1,136.28,138.5,171.75,time,605,955,0.39673944687045126,0.4032023289665211,763.8928571428571,NQ
2025-04-30,1,19309.5,19642.25,1,664.28,666.5,203.25,time,625,955,1.6341451414514145,1.6396063960639606,685.3928571428571,NQ
2025-05-01,1,20000.0,19859.75,1,-281.72,-279.5,139.75,stop,625,955,-1.0079427549194993,-1.0,573.0714285714286,NQ
2025-05-02,1,20131.25,20185.5,2,214.56,219.0,111.25,time,605,955,0.48215730337078655,0.49213483146067416,511.125,NQ
2025-05-05,1,20084.75,20065.25,2,-80.44,-76.0,99.25,time,615,955,-0.20261964735516372,-0.19143576826196473,496.51785714285717,NQ
2025-05-06,1,19867.5,19875.5,2,29.56,34.0,120.25,time,615,955,0.06145530145530145,0.07068607068607069,474.30357142857144,NQ
2025-05-07,1,19946.5,19857.25,2,-359.44,-355.0,88.75,stop,610,650,-1.0125070422535212,-1.0,479.01785714285717,NQ
2025-05-08,-1,20046.5,20174.25,1,-256.72,-254.5,127.25,stop,610,685,-1.0087229862475444,-1.0,445.55357142857144,NQ
2025-05-09,-1,20179.25,20136.5,2,168.56,173.0,100.25,time,620,955,0.42034912718204487,0.4314214463840399,454.375,NQ
2025-05-12,-1,20741.5,20922.5,1,-363.22,-361.0,180.5,stop,625,785,-1.0061495844875348,-1.0,422.125,NQ
2025-05-13,1,21143.25,21270.5,1,253.28,255.5,170.25,time,600,955,0.7438472834067548,0.750367107195301,438.2857142857143,NQ
2025-05-15,1,21361.25,21419.25,2,229.56,234.0,113.25,time,660,955,0.5067549668874172,0.5165562913907285,381.85714285714283,NQ
2025-05-16,-1,21376.25,21470.25,2,-378.44,-374.0,93.5,stop,635,810,-1.0118716577540108,-1.0,379.10714285714283,NQ
2025-05-19,1,21389.75,21523.0,1,265.28,267.5,187.25,time,600,955,0.7083578104138851,0.7142857142857143,366.67857142857144,NQ
2025-05-20,1,21445.25,21354.5,2,-365.44,-361.0,90.25,stop,640,865,-1.0122991689750693,-1.0,370.7857142857143,NQ
2025-05-21,1,21411.75,21276.75,1,-271.22,-269.0,134.5,stop,605,800,-1.0082527881040892,-1.0,343.1607142857143,NQ
2025-05-22,1,21309.0,21183.25,1,-252.72,-250.5,195.0,time,600,955,-0.648,-0.6423076923076924,343.3392857142857,NQ
2025-05-23,1,20971.0,20978.25,1,13.28,15.5,148.25,time,610,955,0.044789207419898815,0.05227655986509275,330.82142857142856,NQ
2025-05-27,1,21333.5,21466.25,1,264.28,266.5,140.5,time,600,955,0.9404982206405693,0.9483985765124555,342.07142857142856,NQ
2025-05-28,-1,21443.0,21372.75,2,278.56,283.0,124.25,time,635,955,0.5604828973843058,0.5694164989939637,336.42857142857144,NQ
2025-05-29,-1,21414.75,21411.75,1,4.78,7.0,264.75,time,605,955,0.00902738432483475,0.013220018885741265,324.32142857142856,NQ
2025-05-30,1,21395.25,21234.5,1,-322.72,-320.5,160.25,stop,635,745,-1.0069266770670828,-1.0,335.5357142857143,NQ
2025-06-02,-1,21280.75,21458.25,1,-356.22,-354.0,177.0,stop,600,780,-1.0062711864406781,-1.0,302.9642857142857,NQ
2025-06-03,1,21616.25,21704.25,2,349.56,354.0,106.25,time,600,955,0.8224941176470588,0.8329411764705882,296.69642857142856,NQ
2025-06-04,-1,21693.5,21793.5,2,-402.44,-398.0,99.5,stop,600,840,-1.0111557788944723,-1.0,303.92857142857144,NQ
2025-06-05,1,21858.0,21691.25,1,-334.72,-332.5,166.25,stop,655,770,-1.0066766917293233,-1.0,295.35714285714283,NQ
2025-06-09,1,21822.5,21818.5,3,-27.66,-21.0,71.5,time,605,955,-0.06447552447552447,-0.04895104895104895,308.51785714285717,NQ
2025-06-10,-1,21777.75,21893.5,2,-465.44,-461.0,115.25,stop,690,720,-1.0096312364425162,-1.0,302.42857142857144,NQ
2025-06-11,1,22031.25,21915.5,2,-465.44,-461.0,115.25,stop,620,740,-1.0096312364425162,-1.0,285.55357142857144,NQ
2025-06-12,1,21914.25,21936.25,2,85.56,90.0,95.5,time,610,955,0.22397905759162304,0.2356020942408377,289.25,NQ
2025-06-13,-1,21627.5,21795.0,1,-336.22,-334.0,167.0,stop,625,680,-1.0066467065868265,-1.0,274.80357142857144,NQ
2025-06-16,1,21946.75,21948.25,1,1.78,4.0,154.25,time,600,955,0.005769854132901135,0.012965964343598054,275.30357142857144,NQ
2025-06-17,1,21896.0,21802.0,2,-378.44,-374.0,93.5,stop,610,775,-1.0118716577540108,-1.0,278.98214285714283,NQ
2025-06-18,1,22045.0,21926.0,2,-478.44,-474.0,118.5,stop,610,895,-1.009367088607595,-1.0,282.19642857142856,NQ
2025-06-20,-1,21994.0,21843.0,1,300.78,303.0,136.25,time,605,955,1.1037798165137613,1.111926605504587,276.875,NQ
2025-06-23,1,21956.5,21758.25,1,-397.72,-395.5,197.75,stop,600,755,-1.005613147914033,-1.0,285.3392857142857,NQ
2025-06-24,1,22336.5,22405.25,3,408.84,415.5,76.25,time,640,955,0.8936393442622951,0.9081967213114754,292.82142857142856,NQ
2025-06-25,-1,22474.25,22463.5,3,60.84,67.5,73.75,time,610,955,0.13749152542372883,0.15254237288135594,308.07142857142856,NQ
2025-06-26,1,22571.5,22673.0,2,403.56,408.0,95.25,time,620,955,1.0592125984251968,1.0708661417322836,288.6607142857143,NQ
2025-06-27,1,22794.0,22685.0,2,-438.44,-434.0,108.5,stop,600,855,-1.0102304147465437,-1.0,284.6607142857143,NQ
2025-07-01,-1,22767.0,22693.25,3,438.84,445.5,67.0,time,625,955,1.091641791044776,1.1082089552238805,286.0,NQ
2025-07-02,1,22733.0,22844.25,3,663.84,670.5,81.5,time,600,955,1.3575460122699388,1.3711656441717792,287.10714285714283,NQ
2025-07-07,-1,22895.25,22883.5,3,66.84,73.5,82.0,time,655,955,0.13585365853658538,0.14939024390243902,272.07142857142856,NQ
2025-07-08,-1,22878.25,22943.75,3,-396.66,-390.0,65.0,stop,605,740,-1.0170769230769232,-1.0,267.375,NQ
2025-07-09,-1,22977.5,23051.25,2,-297.44,-293.0,119.25,time,640,955,-0.6235639412997903,-0.6142557651991615,249.82142857142858,NQ
2025-07-10,-1,22920.75,23015.25,1,-190.22,-188.0,169.0,time,600,955,-0.5627810650887574,-0.5562130177514792,244.21428571428572,NQ
2025-07-11,1,22978.5,22955.0,2,-96.44,-92.0,115.25,time,610,955,-0.20919739696312364,-0.19956616052060738,227.16071428571428,NQ
2025-07-14,1,22991.75,23034.0,1,83.28,85.5,149.25,time,655,955,0.27899497487437186,0.2864321608040201,213.14285714285714,NQ
2025-07-15,-1,23099.25,23052.5,2,184.56,189.0,123.25,time,655,955,0.37436105476673426,0.38336713995943206,202.33928571428572,NQ
2025-07-16,-1,22940.75,23089.75,1,-299.22,-297.0,148.5,stop,675,940,-1.0074747474747476,-1.0,204.39285714285714,NQ
2025-07-17,1,23172.5,23257.5,2,337.56,342.0,106.5,time,600,955,0.7923943661971831,0.8028169014084507,206.80357142857142,NQ
2025-07-18,-1,23247.25,23226.75,4,159.12,168.0,62.5,time,600,955,0.31824,0.336,205.98214285714286,NQ
2025-07-21,1,23399.0,23344.5,1,-110.22,-108.0,143.5,time,610,955,-0.3840418118466899,-0.37630662020905925,202.96428571428572,NQ
2025-07-23,-1,23159.5,23264.0,2,-420.44,-416.0,104.0,stop,600,710,-1.010673076923077,-1.0,199.125,NQ
2025-07-24,-1,23329.5,23401.25,3,-434.16,-427.5,71.25,stop,605,790,-1.0155789473684211,-1.0,193.41071428571428,NQ
2025-07-25,1,23409.25,23422.25,3,74.34,81.0,78.25,time,640,955,0.15833865814696485,0.17252396166134185,190.21428571428572,NQ
2025-07-28,1,23522.75,23464.5,4,-470.88,-462.0,57.75,stop,605,675,-1.0192207792207792,-1.0,186.46428571428572,NQ
2025-07-29,-1,23554.0,23457.25,2,384.56,389.0,98.25,time,640,955,0.9785241730279898,0.989821882951654,185.375,NQ
2025-07-30,1,23532.75,23450.5,3,-497.16,-490.5,81.75,stop,650,895,-1.0135779816513761,-1.0,186.16071428571428,NQ
2025-07-31,-1,23602.75,23354.5,1,495.28,497.5,149.0,time,645,955,1.662013422818792,1.669463087248322,189.32142857142858,NQ
2025-08-05,-1,23279.75,23133.75,2,581.56,586.0,117.25,time,620,955,1.24,1.2494669509594882,252.26785714285714,NQ
2025-08-06,1,23270.0,23424.5,2,615.56,620.0,121.25,time,600,955,1.2691958762886597,1.2783505154639174,253.64285714285714,NQ
2025-08-07,-1,23564.25,23501.25,2,249.56,254.0,94.25,time,620,955,0.6619628647214855,0.6737400530503979,260.625,NQ
2025-08-08,1,23649.75,23714.25,2,255.56,260.0,119.5,time,600,955,0.5346443514644351,0.5439330543933054,275.01785714285717,NQ
2025-08-11,1,23746.25,23680.5,3,-398.16,-391.5,65.25,stop,610,840,-1.0170114942528736,-1.0,276.7857142857143,NQ
2025-08-12,1,23810.25,23934.25,1,246.78,249.0,160.75,time,665,955,0.7675894245723173,0.7744945567651633,275.01785714285717,NQ
2025-08-13,-1,23991.75,23943.25,3,287.34,294.0,76.5,time,600,955,0.6260130718954248,0.6405228758169934,285.73214285714283,NQ
2025-08-14,1,23973.25,23921.75,1,-104.22,-102.0,131.75,time,630,955,-0.39552182163187855,-0.3870967741935484,289.75,NQ
2025-08-15,-1,23741.5,23806.25,1,-130.72,-128.5,169.25,time,700,955,-0.38617429837518463,-0.37961595273264404,291.26785714285717,NQ
2025-08-19,-1,23627.0,23470.5,1,311.78,314.0,143.25,time,625,955,1.088237347294939,1.0959860383944153,288.05357142857144,NQ
2025-08-20,-1,23110.75,23325.0,1,-429.72,-427.5,321.0,time,605,955,-0.6693457943925234,-0.6658878504672897,297.9107142857143,NQ
2025-08-21,1,23303.75,23175.5,1,-257.72,-255.5,127.75,stop,615,730,-1.0086888454011742,-1.0,297.10714285714283,NQ
2025-08-22,1,23486.75,23564.75,1,154.78,157.0,281.0,time,600,955,0.27540925266903915,0.2793594306049822,272.10714285714283,NQ
2025-08-25,1,23543.0,23495.25,2,-193.44,-189.0,99.5,time,600,955,-0.4860301507537688,-0.4748743718592965,273.375,NQ
2025-08-26,1,23541.0,23586.75,2,180.56,185.0,113.75,time,620,955,0.39683516483516484,0.4065934065934066,265.4642857142857,NQ
2025-08-27,1,23566.75,23620.0,3,315.84,322.5,79.0,time,610,955,0.6663291139240506,0.680379746835443,255.55357142857142,NQ
2025-08-29,-1,23481.25,23473.75,1,13.78,16.0,186.5,time,600,955,0.036943699731903486,0.04289544235924933,243.85714285714286,NQ
2025-09-02,1,23262.5,23276.5,1,26.78,29.0,237.0,time,625,955,0.05649789029535865,0.06118143459915612,235.94642857142858,NQ
2025-09-03,1,23443.25,23369.75,3,-444.66,-438.0,73.0,stop,615,825,-1.0152054794520549,-1.0,256.98214285714283,NQ
2025-09-04,-1,23432.5,23548.5,2,-466.44,-462.0,115.5,stop,600,680,-1.0096103896103896,-1.0,262.8392857142857,NQ
2025-09-05,-1,23795.75,23691.25,2,415.56,420.0,106.0,time,605,955,0.9800943396226415,0.9905660377358491,268.75,NQ
2025-09-08,1,23881.25,23771.5,2,-441.44,-437.0,109.25,stop,640,830,-1.0101601830663616,-1.0,289.5892857142857,NQ
2025-09-09,-1,23795.25,23858.0,4,-506.88,-498.0,62.25,stop,600,920,-1.0178313253012048,-1.0,277.1607142857143,NQ
2025-09-11,1,23998.5,24011.25,2,48.56,53.0,88.5,time,630,955,0.13717514124293786,0.1497175141242938,256.80357142857144,NQ
2025-09-12,1,24071.75,24110.0,3,225.84,232.5,70.0,time,620,955,0.5377142857142857,0.5535714285714286,237.32142857142858,NQ
2025-09-15,1,24265.75,24311.5,2,180.56,185.0,92.75,time,660,955,0.4866846361185984,0.49865229110512127,236.21428571428572,NQ
2025-09-16,-1,24274.75,24286.25,3,-72.66,-66.0,80.75,time,660,955,-0.14996904024767801,-0.13622291021671826,238.51785714285714,NQ
2025-09-17,-1,24219.5,24300.75,3,-491.16,-484.5,80.75,stop,615,925,-1.0137461300309598,-1.0,233.33928571428572,NQ
2025-09-18,1,24722.25,24698.0,2,-99.44,-95.0,123.25,time,600,955,-0.20170385395537524,-0.1926977687626775,238.53571428571428,NQ
2025-09-19,-1,24735.0,24817.75,3,-500.16,-493.5,82.25,stop,670,740,-1.0134954407294834,-1.0,253.89285714285714,NQ
2025-09-22,1,24890.5,24998.5,3,644.34,651.0,76.0,time,620,955,1.4130263157894738,1.4276315789473684,262.80357142857144,NQ
2025-09-24,-1,24778.0,24739.75,2,150.56,155.0,121.0,time,670,955,0.31107438016528927,0.3202479338842975,242.57142857142858,NQ
2025-09-25,1,24606.0,24632.0,1,50.78,53.0,183.25,time,615,955,0.13855388813096864,0.1446111869031378,242.71428571428572,NQ
2025-09-26,-1,24570.75,24715.25,1,-290.22,-288.0,144.0,stop,620,790,-1.0077083333333334,-1.0,237.0,NQ
2025-09-29,1,24969.5,24848.0,2,-488.44,-484.0,121.0,stop,605,695,-1.0091735537190083,-1.0,238.42857142857142,NQ
2025-09-30,1,24842.5,24898.0,2,219.56,224.0,120.0,time,655,955,0.4574166666666667,0.4666666666666667,244.57142857142858,NQ
2025-10-01,1,24858.0,25011.5,1,305.78,308.0,131.75,time,615,955,1.1604554079696394,1.1688804554079697,242.85714285714286,NQ
2025-10-02,-1,24994.75,25109.75,1,-231.22,-229.0,174.0,time,660,955,-0.6644252873563218,-0.6580459770114943,252.78571428571428,NQ
2025-10-03,-1,25085.25,24997.0,3,525.84,532.5,82.5,time,600,955,1.0623030303030303,1.0757575757575757,254.05357142857142,NQ
2025-10-07,-1,25213.0,25045.5,4,1335.12,1344.0,51.5,time,625,955,3.2405825242718445,3.262135922330097,268.19642857142856,NQ
2025-10-08,1,25203.25,25329.75,1,251.78,254.0,129.0,time,600,955,0.9758914728682171,0.9844961240310077,266.48214285714283,NQ
2025-10-09,-1,25228.0,25294.75,2,-269.44,-265.0,106.5,time,630,955,-0.6324882629107981,-0.6220657276995305,246.10714285714286,NQ
2025-10-10,-1,25194.25,24402.5,1,1582.28,1584.5,193.5,time,655,955,4.088578811369509,4.094315245478036,244.98214285714286,NQ
2025-10-13,1,24905.0,24920.25,1,29.28,31.5,180.25,time,600,955,0.08122052704576976,0.08737864077669903,301.4642857142857,NQ
2025-10-14,1,24688.75,24757.0,1,135.28,137.5,267.5,time,620,955,0.25285981308411215,0.2570093457943925,325.2857142857143,NQ
2025-10-15,1,25039.25,24896.75,1,-286.22,-284.0,142.0,stop,600,710,-1.0078169014084508,-1.0,343.44642857142856,NQ
2025-10-16,1,25126.0,25026.5,2,-400.44,-396.0,99.0,stop,635,685,-1.0112121212121212,-1.0,353.07142857142856,NQ
2025-10-17,1,24930.75,24988.75,1,114.78,117.0,258.0,time,610,955,0.22244186046511627,0.22674418604651161,375.85714285714283,NQ
2025-10-20,1,25249.25,25300.0,1,100.28,102.5,134.25,time,605,955,0.3734823091247672,0.3817504655493482,385.375,NQ
2025-10-21,1,25308.75,25291.0,2,-73.44,-69.0,97.0,time,705,955,-0.1892783505154639,-0.17783505154639176,397.80357142857144,NQ
2025-10-22,-1,25125.0,25040.75,1,167.28,169.5,164.0,time,625,955,0.51,0.5167682926829268,385.98214285714283,NQ
2025-10-23,1,25187.0,25252.75,1,130.28,132.5,187.75,time,635,955,0.3469507323568575,0.35286284953395475,408.2142857142857,NQ
2025-10-24,1,25538.0,25509.25,2,-117.44,-113.0,108.0,time,610,955,-0.27185185185185184,-0.26157407407407407,411.375,NQ
2025-10-27,1,25866.75,25960.75,3,560.34,567.0,70.0,time,600,955,1.3341428571428573,1.35,415.7857142857143,NQ
2025-10-28,-1,26027.25,26095.0,3,-410.16,-403.5,67.25,stop,635,745,-1.0165055762081785,-1.0,429.48214285714283,NQ
2025-10-29,-1,26253.0,26281.5,3,-174.66,-168.0,66.25,time,685,955,-0.43939622641509435,-0.4226415094339623,427.44642857142856,NQ
2025-10-31,-1,26065.0,25993.0,1,142.78,145.0,134.25,time,600,955,0.5317690875232775,0.5400372439478585,392.57142857142856,NQ
2025-11-03,-1,26111.25,26110.5,1,0.28,2.5,154.5,time,600,955,0.000906148867313916,0.008090614886731391,375.76785714285717,NQ
2025-11-05,1,25704.25,25740.75,1,71.78,74.0,216.0,time,635,955,0.16615740740740742,0.1712962962962963,365.85714285714283,NQ
2025-11-06,-1,25416.0,25258.5,1,313.78,316.0,269.5,time,600,955,0.582152133580705,0.5862708719851577,355.57142857142856,NQ
2025-11-07,-1,24891.5,25111.25,1,-440.72,-438.5,219.25,stop,635,895,-1.0050627137970354,-1.0,367.0,NQ
2025-11-10,-1,25523.75,25657.5,1,-268.72,-266.5,133.25,stop,655,795,-1.008330206378987,-1.0,380.10714285714283,NQ
2025-11-11,-1,25541.75,25646.25,2,-420.44,-416.0,104.0,stop,615,795,-1.010673076923077,-1.0,412.32142857142856,NQ
2025-11-12,-1,25548.75,25625.5,1,-154.72,-152.5,231.75,time,650,955,-0.33380798274002155,-0.3290183387270766,394.32142857142856,NQ
2025-11-13,-1,25240.75,25100.25,1,279.78,282.0,261.0,time,645,955,0.5359770114942528,0.5402298850574713,394.5357142857143,NQ
2025-11-14,1,25009.75,25105.0,1,189.28,191.5,383.5,time,625,955,0.24677966101694915,0.24967405475880053,416.32142857142856,NQ
2025-11-18,-1,24444.5,24585.25,1,-282.72,-280.5,387.25,time,600,955,-0.36503550677856683,-0.3621691413815365,448.26785714285717,NQ
2025-11-19,1,24923.25,24572.25,1,-703.22,-701.0,350.5,stop,600,750,-1.003166904422254,-1.0,465.0357142857143,NQ
2025-11-20,1,25292.0,25145.75,1,-293.72,-291.5,145.75,stop,635,660,-1.0076157804459691,-1.0,469.94642857142856,NQ
2025-11-21,-1,24045.5,24298.25,1,-506.72,-504.5,252.25,stop,625,715,-1.004400396432111,-1.0,533.125,NQ
2025-11-24,1,24734.25,24935.0,1,400.28,402.5,217.25,time,600,955,0.9212428078250863,0.9263521288837745,561.3928571428571,NQ
2025-11-25,1,24897.75,25079.75,1,362.78,365.0,295.5,time,710,955,0.6138409475465313,0.6175972927241963,569.5,NQ
2025-11-26,-1,25148.5,25280.5,1,-265.22,-263.0,131.5,stop,620,660,-1.0084410646387834,-1.0,579.5892857142857,NQ
2025-12-01,1,25410.0,25402.0,1,-17.22,-15.0,200.5,time,650,955,-0.04294264339152119,-0.03740648379052369,496.55357142857144,NQ
2025-12-02,1,25635.0,25471.0,1,-329.22,-327.0,163.5,stop,600,680,-1.0067889908256882,-1.0,500.26785714285717,NQ
2025-12-03,1,25570.25,25657.25,1,172.78,175.0,140.0,time,600,955,0.6170714285714286,0.625,498.5357142857143,NQ
2025-12-04,-1,25533.5,25628.25,1,-190.72,-188.5,179.25,time,660,955,-0.5319944211994421,-0.5258019525801952,472.2857142857143,NQ
2025-12-05,1,25813.0,25673.25,1,-280.72,-278.5,139.25,stop,600,690,-1.007971274685817,-1.0,440.64285714285717,NQ
2025-12-08,-1,25704.0,25669.0,1,68.78,71.0,156.5,time,620,955,0.2197444089456869,0.2268370607028754,420.48214285714283,NQ
2025-12-09,1,25657.0,25702.75,2,180.56,185.0,96.75,time,625,955,0.4665633074935401,0.4780361757105943,405.05357142857144,NQ
2025-12-10,-1,25566.5,25672.5,2,-426.44,-422.0,105.5,stop,655,775,-1.010521327014218,-1.0,383.25,NQ
2025-12-12,-1,25485.75,25209.75,1,550.78,553.0,133.5,time,600,955,2.0628464419475656,2.0711610486891385,302.5892857142857,NQ
2025-12-15,-1,25176.5,25084.5,1,182.78,185.0,233.25,time,600,955,0.39181136120042875,0.3965702036441586,296.6607142857143,NQ
2025-12-17,-1,25192.0,24892.5,1,597.78,600.0,255.5,time,635,955,1.1698238747553815,1.1741682974559686,283.5892857142857,NQ
2025-12-18,1,25364.5,25251.5,1,-227.22,-225.0,203.0,time,630,955,-0.5596551724137931,-0.5541871921182266,321.30357142857144,NQ
2025-12-22,-1,25648.5,25688.5,1,-81.22,-79.0,146.0,time,635,955,-0.27815068493150685,-0.2705479452054795,348.75,NQ
2025-12-23,-1,25637.5,25751.5,2,-458.44,-454.0,113.5,stop,600,685,-1.0097797356828193,-1.0,344.9107142857143,NQ
2025-12-26,-1,25860.0,25867.0,3,-45.66,-39.0,75.0,time,600,955,-0.10146666666666666,-0.08666666666666667,332.10714285714283,NQ
2025-12-30,1,25782.5,25674.0,2,-436.44,-432.0,108.0,stop,680,955,-1.0102777777777778,-1.0,316.6607142857143,NQ
2025-12-31,-1,25578.75,25455.5,2,490.56,495.0,113.0,time,615,955,1.0853097345132743,1.095132743362832,313.07142857142856,NQ
2026-01-02,-1,25603.75,25385.75,1,434.78,437.0,199.75,time,610,955,1.0883103879849811,1.0938673341677096,306.32142857142856,NQ
2026-01-05,1,25673.25,25586.5,1,-174.72,-172.5,134.5,time,625,955,-0.6495167286245354,-0.6412639405204461,315.51785714285717,NQ
2026-01-06,1,25763.75,25813.25,1,97.78,100.0,155.5,time,620,955,0.3144051446945338,0.3215434083601286,295.92857142857144,NQ
2026-01-07,1,25882.75,25834.75,2,-194.44,-190.0,111.5,time,630,955,-0.4359641255605381,-0.4260089686098655,286.94642857142856,NQ
2026-01-09,-1,25642.0,25790.5,1,-298.22,-296.0,148.0,stop,605,620,-1.0075,-1.0,262.7857142857143,NQ
2026-01-12,1,25925.75,25952.0,1,51.28,53.5,182.0,time,665,955,0.14087912087912088,0.14697802197802198,252.05357142857142,NQ
2026-01-13,-1,25929.25,25904.0,2,98.56,103.0,113.25,time,600,955,0.21757174392935982,0.22737306843267108,246.94642857142858,NQ
2026-01-14,-1,25557.5,25636.75,1,-159.72,-157.5,232.5,time,600,955,-0.3434838709677419,-0.3387096774193548,248.76785714285714,NQ
2026-01-15,-1,25823.0,25719.5,1,205.78,208.0,129.5,time,645,955,0.7945173745173745,0.803088803088803,269.5357142857143,NQ
2026-01-16,-1,25720.75,25684.75,1,70.78,73.0,170.0,time,610,955,0.2081764705882353,0.21470588235294116,284.4107142857143,NQ
2026-01-20,1,25385.5,25233.5,1,-305.22,-303.0,151.5,stop,630,810,-1.0073267326732673,-1.0,314.9642857142857,NQ
2026-01-21,1,25348.25,25471.25,1,244.78,247.0,220.5,time,615,955,0.5550566893424036,0.5600907029478458,329.69642857142856,NQ
2026-01-22,-1,25548.0,25662.25,1,-229.72,-227.5,183.5,time,605,955,-0.6259400544959128,-0.6198910081743869,349.5892857142857,NQ
2026-01-23,1,25711.75,25735.25,1,45.78,48.0,149.0,time,600,955,0.1536241610738255,0.1610738255033557,329.7142857142857,NQ
2026-01-26,1,25871.5,25844.75,1,-54.72,-52.5,167.0,time,615,955,-0.16383233532934133,-0.15718562874251496,326.9107142857143,NQ
2026-01-27,1,26066.5,26075.75,1,17.28,19.5,149.0,time,605,955,0.05798657718120806,0.06543624161073826,325.57142857142856,NQ
2026-01-28,-1,26195.5,26149.5,2,181.56,186.0,105.25,time,630,955,0.43125890736342043,0.4418052256532066,328.7142857142857,NQ
2026-01-29,-1,25796.75,25991.75,1,-391.22,-389.0,378.0,time,600,955,-0.5174867724867726,-0.5145502645502645,325.7857142857143,NQ
2026-01-30,-1,25793.75,25675.75,1,234.78,237.0,146.0,time,625,955,0.804041095890411,0.8116438356164384,345.0,NQ
2026-02-02,1,25831.0,25856.25,1,49.28,51.5,291.0,time,605,955,0.08467353951890035,0.08848797250859107,355.4107142857143,NQ
2026-02-03,-1,25609.25,25445.75,1,325.78,328.0,342.75,time,600,955,0.47524434719183073,0.4784828592268417,367.57142857142856,NQ
2026-02-04,-1,25148.25,24994.75,1,305.78,308.0,241.5,time,600,955,0.6330848861283643,0.6376811594202898,385.44642857142856,NQ
2026-02-05,-1,24559.5,24638.5,1,-159.22,-157.0,401.0,time,610,955,-0.1985286783042394,-0.19576059850374064,410.14285714285717,NQ
2026-02-06,1,25003.0,25146.5,1,285.78,288.0,302.0,time,670,955,0.47314569536423834,0.4768211920529801,420.98214285714283,NQ
2026-02-09,1,25198.75,25337.5,1,276.28,278.5,243.0,time,605,955,0.568477366255144,0.573045267489712,430.67857142857144,NQ
2026-02-10,1,25435.0,25255.5,1,-360.22,-358.0,179.0,stop,605,910,-1.0062011173184358,-1.0,440.7857142857143,NQ
2026-02-11,-1,25283.25,25278.75,1,7.78,10.0,181.75,time,600,955,0.02140302613480055,0.027510316368638238,421.0,NQ
2026-02-12,-1,25176.75,24763.75,1,824.78,827.0,215.5,time,630,955,1.913642691415313,1.9187935034802783,431.48214285714283,NQ
2026-02-13,1,24907.75,24801.75,1,-213.22,-211.0,328.75,time,630,955,-0.3242889733840304,-0.3209125475285171,459.17857142857144,NQ
2026-02-16,1,24787.25,24692.5,2,-381.44,-377.0,94.25,stop,600,630,-1.0117771883289124,-1.0,472.35714285714283,NQ
2026-02-17,-1,24463.75,24816.0,1,-705.72,-703.5,351.75,stop,630,815,-1.0031556503198296,-1.0,462.5,NQ
2026-02-18,1,25016.75,24957.25,1,-120.22,-118.0,264.5,time,600,955,-0.22725897920604915,-0.22306238185255198,477.89285714285717,NQ
2026-02-19,1,24925.0,24762.75,1,-325.72,-323.5,161.75,stop,600,800,-1.0068624420401855,-1.0,459.125,NQ
2026-02-20,1,24974.75,25074.5,1,198.28,200.5,296.0,time,600,955,0.3349324324324324,0.33868243243243246,443.9642857142857,NQ
2026-02-23,-1,24856.5,24768.25,1,175.28,177.5,183.25,time,605,955,0.4782537517053206,0.4843110504774898,447.625,NQ
2026-02-24,1,25012.0,25029.75,1,34.28,36.5,317.25,time,625,955,0.054026792750197006,0.05752561071710008,424.30357142857144,NQ
2026-02-26,-1,25173.0,25083.5,1,177.78,180.0,168.75,time,600,955,0.5267555555555555,0.5333333333333333,398.4107142857143,NQ
2026-02-27,1,24954.75,24998.0,1,85.28,87.5,172.5,time,605,955,0.24718840579710144,0.2536231884057971,394.05357142857144,NQ
2026-03-02,1,24901.5,25023.0,1,241.78,244.0,296.25,time,605,955,0.4080675105485232,0.4118143459915612,381.76785714285717,NQ
2026-03-03,-1,24434.5,24661.5,1,-455.22,-453.0,226.5,stop,615,705,-1.0049006622516556,-1.0,399.4107142857143,NQ
2026-03-04,1,24995.0,25119.75,1,248.28,250.5,168.75,time,605,955,0.7356444444444444,0.7422222222222222,418.2857142857143,NQ
2026-03-05,-1,24974.75,25048.0,1,-147.72,-145.5,212.75,time,630,955,-0.3471680376028202,-0.3419506462984724,403.25,NQ
2026-03-06,1,24764.5,24608.5,1,-313.22,-311.0,155.5,stop,600,935,-1.007138263665595,-1.0,404.7142857142857,NQ
2026-03-09,1,24535.75,24992.0,1,911.28,913.5,222.5,time,640,955,2.047820224719101,2.052808988764045,427.25,NQ
2026-03-10,-1,24901.75,25082.0,1,-361.72,-359.5,179.75,stop,605,635,-1.0061752433936022,-1.0,449.0,NQ
2026-03-11,1,25121.75,25015.0,2,-429.44,-425.0,106.25,stop,600,625,-1.0104470588235295,-1.0,445.35714285714283,NQ
2026-03-12,-1,24617.25,24555.5,1,122.28,124.5,217.0,time,625,955,0.28175115207373275,0.2868663594470046,452.2142857142857,NQ
2026-03-13,-1,24595.25,24398.25,1,392.78,395.0,209.75,time,640,955,0.9363051251489868,0.9415971394517283,450.80357142857144,NQ
2026-03-16,1,24751.5,24622.75,1,-258.72,-256.5,128.25,stop,620,650,-1.008654970760234,-1.0,454.23214285714283,NQ
2026-03-18,-1,24893.75,24651.75,2,965.56,970.0,104.25,time,610,955,2.315491606714628,2.326139088729017,446.60714285714283,NQ
2026-03-19,1,24523.5,24574.5,1,100.78,103.0,196.5,time,660,955,0.25643765903307886,0.26208651399491095,434.73214285714283,NQ
2026-03-20,-1,24254.75,24113.75,1,280.78,283.0,236.25,time,610,955,0.5942433862433862,0.5989417989417989,439.26785714285717,NQ
2026-03-23,1,24643.75,24432.25,1,-424.22,-422.0,211.0,stop,615,710,-1.005260663507109,-1.0,446.94642857142856,NQ
2026-03-24,1,24334.25,24219.0,1,-231.72,-229.5,200.0,time,675,955,-0.5793,-0.57375,440.17857142857144,NQ
2026-03-25,-1,24317.0,24372.0,1,-111.22,-109.0,208.75,time,675,955,-0.26639520958083834,-0.26107784431137726,426.19642857142856,NQ
2026-03-26,-1,24062.75,23787.0,1,550.28,552.5,170.25,time,690,955,1.616093979441997,1.6226138032305433,416.875,NQ
2026-03-27,-1,23456.75,23309.0,1,294.28,296.5,207.0,time,635,955,0.7108212560386473,0.716183574879227,427.5892857142857,NQ
2026-03-30,-1,23274.0,23135.75,1,275.28,277.5,264.0,time,640,955,0.5213636363636364,0.5255681818181818,411.35714285714283,NQ
2026-04-01,1,24213.5,24200.5,1,-27.22,-25.0,170.0,time,635,955,-0.08005882352941177,-0.07352941176470588,462.9107142857143,NQ
2026-04-02,1,23931.5,24220.5,1,576.78,579.0,253.25,time,605,955,1.138756169792695,1.1431391905231985,462.7142857142857,NQ
2026-04-07,-1,24078.75,24308.25,1,-460.22,-458.0,229.0,stop,600,945,-1.0048471615720524,-1.0,460.23214285714283,NQ
2026-04-08,-1,25062.5,25080.25,1,-36.72,-34.5,187.0,time,615,955,-0.09818181818181818,-0.09224598930481283,475.5,NQ
2026-04-09,-1,24988.25,25111.75,2,-496.44,-492.0,123.0,stop,615,690,-1.0090243902439024,-1.0,512.9107142857143,NQ
2026-04-10,-1,25289.25,25369.5,3,-485.16,-478.5,79.75,stop,600,630,-1.0139184952978058,-1.0,508.94642857142856,NQ
2026-04-13,1,25316.75,25538.0,1,441.28,443.5,156.5,time,600,955,1.4098402555910543,1.4169329073482428,478.0357142857143,NQ
2026-04-14,1,25775.25,26000.5,2,898.56,903.0,119.0,time,610,955,1.8877310924369746,1.8970588235294117,464.73214285714283,NQ
2026-04-15,1,26074.75,26364.0,2,1154.56,1159.0,92.25,time,600,955,3.1288888888888886,3.140921409214092,479.0357142857143,NQ
2026-04-16,1,26465.25,26484.5,1,37.28,39.5,189.5,time,665,955,0.09836411609498681,0.10422163588390501,485.35714285714283,NQ
2026-04-17,1,26750.5,26827.0,2,303.56,308.0,120.75,time,600,955,0.628488612836439,0.6376811594202898,463.3392857142857,NQ
2026-04-20,-1,26695.5,26746.0,1,-102.22,-100.0,132.0,time,640,955,-0.3871969696969697,-0.3787878787878788,454.92857142857144,NQ
2026-04-21,1,26861.5,26726.5,1,-271.22,-269.0,134.5,stop,605,660,-1.0082527881040892,-1.0,436.73214285714283,NQ
2026-04-22,1,26922.5,27079.75,2,626.56,631.0,110.75,time,610,955,1.414356659142212,1.4243792325056432,400.57142857142856,NQ
2026-04-23,1,27105.5,26964.75,1,-282.72,-280.5,140.25,stop,660,785,-1.007914438502674,-1.0,401.44642857142856,NQ
2026-04-24,1,27262.25,27433.75,1,341.78,344.0,131.75,time,645,955,1.29707779886148,1.3055028462998102,393.25,NQ
2026-04-28,-1,27060.75,27169.5,1,-218.72,-216.5,191.0,time,645,955,-0.572565445026178,-0.5667539267015707,393.5,NQ
2026-04-29,1,27244.0,27337.0,2,369.56,374.0,119.5,time,620,955,0.7731380753138075,0.7824267782426778,361.73214285714283,NQ
2026-04-30,-1,27175.5,27491.75,1,-633.72,-631.5,315.75,stop,635,810,-1.0035154394299288,-1.0,355.07142857142856,NQ
2026-05-01,1,27888.0,27837.0,1,-103.22,-101.0,270.0,time,600,955,-0.19114814814814815,-0.18703703703703703,375.64285714285717,NQ
2026-05-04,1,27906.75,27808.0,2,-397.44,-393.0,98.25,stop,615,675,-1.0112977099236642,-1.0,372.01785714285717,NQ
2026-05-05,1,28119.75,28135.5,1,30.28,32.5,148.5,time,625,955,0.10195286195286196,0.10942760942760943,362.23214285714283,NQ
2026-05-06,1,28521.5,28710.0,1,375.78,378.0,185.25,time,640,955,1.0142510121457489,1.0202429149797572,363.14285714285717,NQ
2026-05-07,1,28810.0,28707.75,2,-411.44,-407.0,101.75,stop,600,730,-1.010909090909091,-1.0,384.67857142857144,NQ
2026-05-08,1,29116.25,29339.5,1,445.28,447.5,256.5,time,600,955,0.8679922027290448,0.8723196881091618,384.1607142857143,NQ
2026-05-11,1,29440.5,29429.0,1,-24.22,-22.0,158.75,time,705,955,-0.07628346456692912,-0.06929133858267716,412.57142857142856,NQ
2026-05-12,-1,29084.75,29174.5,1,-180.72,-178.5,211.0,time,625,955,-0.4282464454976303,-0.42298578199052134,405.4107142857143,NQ
2026-05-13,1,29310.0,29475.75,1,330.28,332.5,234.75,time,650,955,0.7034717784877529,0.7082002129925452,422.30357142857144,NQ
2026-05-14,1,29686.5,29686.5,1,-1.22,1.0,227.75,time,640,955,-0.0026783754116355652,0.0021953896816684962,423.48214285714283,NQ
2026-05-15,1,29301.25,29231.0,1,-141.72,-139.5,211.25,time,610,955,-0.3354319526627219,-0.3301775147928994,408.2857142857143,NQ
2026-05-18,-1,29024.25,29099.0,1,-150.72,-148.5,331.75,time,630,955,-0.22715900527505653,-0.22381311228334588,439.76785714285717,NQ
2026-05-19,-1,28792.5,29068.25,1,-552.72,-550.5,275.25,stop,605,785,-1.0040326975476839,-1.0,447.3392857142857,NQ
2026-05-20,1,29210.0,29396.0,1,370.78,373.0,186.5,time,625,955,0.9940482573726541,1.0,465.01785714285717,NQ
2026-05-21,1,29321.25,29173.75,1,-296.22,-294.0,147.0,stop,605,620,-1.0075510204081635,-1.0,465.98214285714283,NQ
2026-05-22,-1,29549.5,29715.75,1,-333.72,-331.5,165.75,stop,615,805,-1.0066968325791856,-1.0,472.23214285714283,NQ
2026-05-26,1,30028.5,30079.5,1,100.78,103.0,201.5,time,610,955,0.25007444168734494,0.2555831265508685,472.80357142857144,NQ
2026-05-27,-1,29915.75,30047.5,1,-264.72,-262.5,276.0,time,625,955,-0.4795652173913044,-0.47554347826086957,451.51785714285717,NQ
2026-05-28,1,30161.5,30306.0,1,287.78,290.0,241.0,time,610,955,0.5970539419087136,0.6016597510373444,445.92857142857144,NQ
2026-05-29,-1,30347.75,30397.75,1,-101.22,-99.0,172.75,time,635,955,-0.2929667149059334,-0.2865412445730825,429.32142857142856,NQ
2026-06-01,1,30478.5,30571.0,1,183.78,186.0,172.25,time,680,955,0.5334687953555878,0.5399129172714079,431.6607142857143,NQ
2026-06-02,1,30612.0,30707.0,1,188.78,191.0,188.0,time,605,955,0.5020744680851064,0.5079787234042553,411.2142857142857,NQ
2026-06-04,-1,30184.75,30364.75,1,-361.22,-359.0,179.5,stop,605,660,-1.0061838440111421,-1.0,396.5892857142857,NQ
2026-06-05,-1,29727.5,29016.0,1,1421.78,1424.0,372.75,time,670,955,1.9071495640509724,1.9101274312541918,388.57142857142856,NQ
2026-06-08,1,29586.5,29452.75,1,-268.72,-266.5,245.25,time,635,955,-0.547849133537207,-0.5433231396534148,457.8392857142857,NQ
2026-06-09,-1,29630.5,29115.5,1,1028.78,1031.0,217.5,time,605,955,2.3650114942528737,2.3701149425287356,476.67857142857144,NQ
2026-06-10,1,29218.0,28772.25,1,-892.72,-890.5,445.25,stop,620,670,-1.0024929814710837,-1.0,558.6964285714286,NQ
2026-06-11,1,29039.5,28650.5,1,-779.22,-777.0,388.5,stop,600,655,-1.002857142857143,-1.0,582.2678571428571,NQ
2026-06-12,1,29578.5,29648.0,1,137.78,140.0,348.25,time,605,955,0.19781765972720747,0.20100502512562815,633.375,NQ
2026-06-15,1,30502.5,30567.25,1,128.28,130.5,200.0,time,660,955,0.3207,0.32625,639.7142857142857,NQ
2026-06-16,-1,30431.5,29991.5,1,878.78,881.0,149.0,time,615,955,2.9489261744966444,2.9563758389261743,687.7321428571429,NQ
2026-06-18,1,30623.5,30692.5,1,136.78,139.0,232.25,time,620,955,0.29446716899892356,0.2992465016146394,722.1607142857143,NQ
2026-06-22,1,30950.0,30756.5,1,-388.22,-386.0,193.0,stop,605,625,-1.0057512953367875,-1.0,736.0714285714286,NQ
2026-06-23,1,29986.75,29616.25,1,-742.22,-740.0,370.0,stop,600,885,-1.0030000000000001,-1.0,748.0357142857143,NQ
2026-06-24,1,29891.25,29562.0,1,-659.72,-657.5,328.75,stop,655,785,-1.0033764258555133,-1.0,802.6964285714286,NQ
2026-06-26,1,29535.0,29315.75,1,-439.72,-437.5,353.25,time,600,955,-0.6223920736022647,-0.6192498230714791,770.125,NQ
2026-06-29,-1,29542.25,29840.25,1,-597.22,-595.0,297.5,stop,600,715,-1.003731092436975,-1.0,758.75,NQ
2026-06-30,1,30392.0,30513.25,1,241.28,243.5,358.75,time,600,955,0.3362787456445993,0.33937282229965154,699.8392857142857,NQ
2026-07-01,1,30297.0,30087.5,1,-420.22,-418.0,209.0,stop,605,955,-1.0053110047846892,-1.0,686.25,NQ
2026-07-02,-1,29934.75,29538.5,1,791.28,793.5,328.0,time,625,955,1.2062195121951218,1.2096036585365855,646.3392857142857,NQ
2026-07-06,1,30022.0,29951.5,1,-142.22,-140.0,245.5,time,610,955,-0.28965376782077396,-0.285132382892057,638.3214285714286,NQ
2026-07-07,-1,29342.75,29394.75,1,-105.22,-103.0,342.75,time,610,955,-0.1534938001458789,-0.15025528811086797,618.3035714285714,NQ
2026-07-08,-1,29173.0,29399.25,1,-453.72,-451.5,225.75,stop,645,800,-1.0049169435215948,-1.0,626.8035714285714,NQ
2026-07-10,1,29979.25,30037.25,1,114.78,117.0,181.0,time,685,955,0.3170718232044199,0.32320441988950277,636.8214285714286,NQ
2026-07-14,-1,29665.0,29816.0,1,-303.22,-301.0,150.5,stop,605,630,-1.0073754152823922,-1.0,601.4642857142857,NQ
2026-07-15,-1,29672.5,29701.25,1,-58.72,-56.5,304.75,time,620,955,-0.09634126333059885,-0.09269893355209188,586.1785714285714,NQ
2026-07-17,1,28718.5,28764.0,1,89.78,92.0,310.0,time,600,955,0.14480645161290323,0.14838709677419354,567.4464285714286,NQ
2026-07-20,-1,28973.25,28785.5,1,374.28,376.5,219.0,time,610,955,0.8545205479452054,0.8595890410958904,568.375,NQ
2026-07-21,-1,29079.75,29246.5,1,-334.72,-332.5,166.25,stop,605,645,-1.0066766917293233,-1.0,558.4821428571429,NQ
2026-07-22,1,29293.25,29160.25,1,-267.22,-265.0,203.0,time,665,955,-0.6581773399014779,-0.6527093596059114,567.0535714285714,NQ
2026-07-23,-1,28644.75,28615.25,1,57.78,60.0,238.0,time,640,955,0.12138655462184875,0.12605042016806722,516.1428571428571,NQ
2026-07-24,-1,28305.0,28622.25,1,-635.72,-633.5,316.75,stop,630,730,-1.0035043409629045,-1.0,538.3571428571429,NQ
2026-07-27,-1,28319.25,28192.5,1,252.28,254.5,296.25,time,600,955,0.425789029535865,0.42953586497890295,545.5357142857143,NQ
2026-07-28,-1,27630.0,27992.25,1,-725.72,-723.5,361.75,stop,610,685,-1.0030684174153421,-1.0,540.8928571428571,NQ
2026-07-29,-1,27647.75,27996.25,1,-698.22,-696.0,348.0,stop,610,885,-1.0031896551724138,-1.0,549.6607142857143,NQ
2026-07-30,1,28163.75,28228.75,1,128.78,131.0,350.25,time,620,955,0.1838401142041399,0.1870092790863669,567.2321428571429,NQ
2026-07-31,-1,28242.25,28403.0,1,-322.72,-320.5,483.25,time,600,955,-0.3339058458354889,-0.3316088980858769,607.2321428571429,NQ
2026-08-03,1,28661.75,28901.0,1,477.28,479.5,348.0,time,620,955,0.6857471264367816,0.6889367816091954,607.3571428571429,NQ
2026-08-04,1,29518.75,29877.5,1,716.28,718.5,310.25,time,605,955,1.1543593875906526,1.1579371474617244,623.2142857142857,NQ
2026-08-05,-1,29885.0,29607.0,1,554.78,557.0,188.75,time,630,955,1.469615894039735,1.4754966887417218,657.125,NQ
2026-08-06,1,29579.5,29496.5,1,-167.22,-165.0,338.0,time,605,955,-0.24736686390532545,-0.2440828402366864,647.0357142857143,NQ
2026-08-07,-1,29619.0,29820.25,1,-403.72,-401.5,200.75,stop,600,685,-1.0055292652552927,-1.0,621.0535714285714,NQ
2026-08-10,1,29874.5,29743.75,1,-262.72,-260.5,155.5,time,605,955,-0.84475884244373,-0.837620578778135,616.4285714285714,NQ
2026-08-12,-1,29851.25,29853.25,1,-5.22,-3.0,150.25,time,660,955,-0.017371048252911813,-0.009983361064891847,592.0357142857143,NQ
2026-08-13,1,30205.0,30194.5,1,-22.22,-20.0,341.25,time,610,955,-0.03255677655677656,-0.029304029304029304,566.1607142857143,NQ
2026-08-14,-1,30159.75,30144.75,2,57.56,62.0,120.5,time,620,955,0.11941908713692946,0.12863070539419086,566.2678571428571,NQ
2026-08-17,1,30269.25,30165.25,2,-418.44,-414.0,103.5,stop,660,785,-1.0107246376811594,-1.0,535.9285714285714,NQ
2026-08-18,-1,29587.0,29586.0,1,0.78,3.0,182.5,time,610,955,0.002136986301369863,0.00821917808219178,509.6607142857143,NQ
2026-08-19,-1,29382.25,29522.25,1,-281.22,-279.0,360.25,time,610,955,-0.3903122831367107,-0.38723108952116586,495.05357142857144,NQ
2026-08-20,-1,29301.0,29306.75,1,-12.72,-10.5,169.0,time,690,955,-0.03763313609467456,-0.03106508875739645,452.5,NQ
2026-08-21,-1,29252.75,29476.25,1,-448.22,-446.0,223.0,stop,610,710,-1.0049775784753363,-1.0,429.1607142857143,NQ
2026-08-25,-1,29261.0,29270.5,1,-20.22,-18.0,153.5,time,600,955,-0.06586319218241042,-0.05863192182410423,358.57142857142856,NQ
2026-08-27,1,29607.0,29691.5,1,167.78,170.0,183.0,time,625,955,0.4584153005464481,0.4644808743169399,330.0357142857143,NQ
2026-08-28,-1,29534.5,29703.5,1,-339.22,-337.0,168.5,stop,610,635,-1.0065875370919881,-1.0,333.19642857142856,NQ
2026-08-31,-1,29377.5,29517.0,1,-280.22,-278.0,139.0,stop,605,950,-1.0079856115107915,-1.0,347.05357142857144,NQ
2026-09-01,1,29161.0,29040.0,2,-486.44,-482.0,120.5,stop,620,880,-1.0092116182572615,-1.0,338.07142857142856,NQ
2026-09-02,1,29127.5,29190.25,2,248.56,253.0,110.0,time,610,955,0.5649090909090909,0.575,347.98214285714283,NQ
2026-09-03,1,29436.75,29530.5,1,186.28,188.5,237.0,time,660,955,0.3929957805907173,0.39767932489451474,331.98214285714283,NQ
2026-09-04,-1,29533.25,29569.0,1,-72.72,-70.5,158.25,time,640,955,-0.22976303317535546,-0.22274881516587677,342.10714285714283,NQ
2026-09-08,-1,29453.0,29543.75,1,-182.72,-180.5,233.25,time,605,955,-0.3916827438370847,-0.38692390139335475,306.89285714285717,NQ
2026-09-09,1,29578.25,29418.0,1,-321.72,-319.5,159.75,stop,600,670,-1.0069483568075117,-1.0,299.375,NQ
2026-09-10,1,29230.25,29137.75,1,-186.22,-184.0,172.5,time,620,955,-0.539768115942029,-0.5333333333333333,293.4107142857143,NQ
2026-09-11,1,29485.25,29386.5,1,-198.72,-196.5,137.75,time,685,955,-0.7213067150635208,-0.7132486388384754,302.57142857142856,NQ
2010-09-06,-1,1104.75,1106.75,20,-224.4,-150.0,1.5,stop,620,670,-1.496,-1.0,33.839285714285715,ES
2010-09-13,1,1117.75,1113.5,20,-449.4,-375.0,3.75,stop,625,735,-1.1984,-1.0,33.80357142857143,ES
2010-09-20,1,1127.25,1137.5,17,850.51,913.75,5.75,time,600,955,1.7401739130434783,1.8695652173913044,32.785714285714285,ES
2010-09-27,-1,1139.0,1144.5,20,-574.4,-500.0,5.0,stop,675,865,-1.1488,-1.0,31.410714285714285,ES
2010-10-04,-1,1137.25,1133.0,15,300.45,356.25,6.5,time,640,955,0.6163076923076923,0.7307692307692307,27.803571428571427,ES
2010-10-11,1,1164.75,1160.25,20,-474.4,-400.0,4.0,stop,625,645,-1.186,-1.0,27.125,ES
2010-10-18,1,1178.0,1180.5,13,146.64,195.0,7.25,time,610,955,0.3111724137931034,0.41379310344827586,25.607142857142858,ES
2010-10-25,-1,1185.0,1182.5,14,157.92000000000002,210.0,6.75,time,660,955,0.33422222222222225,0.4444444444444444,25.75,ES
2010-11-01,1,1192.0,1185.5,16,-539.52,-480.0,6.0,stop,600,675,-1.1239999999999999,-1.0,23.517857142857142,ES
2010-11-15,-1,1198.5,1203.75,20,-549.4,-475.0,4.75,stop,600,700,-1.1566315789473685,-1.0,26.178571428571427,ES
2010-11-22,-1,1190.0,1196.75,13,-454.61,-406.25,7.25,time,630,955,-0.9646896551724138,-0.8620689655172413,23.857142857142858,ES
2010-11-26,1,1193.0,1185.0,13,-535.86,-487.5,7.5,stop,610,780,-1.0992,-1.0,23.839285714285715,ES
2010-11-29,-1,1172.0,1182.75,9,-494.73,-461.25,10.25,stop,600,870,-1.0725853658536586,-1.0,23.482142857142858,ES
2010-12-06,1,1223.25,1219.75,20,-374.4,-300.0,3.0,stop,620,695,-1.248,-1.0,20.553571428571427,ES
2010-12-13,1,1241.25,1236.25,20,-524.4,-450.0,4.5,stop,645,945,-1.1653333333333333,-1.0,22.267857142857142,ES
2010-12-20,-1,1240.5,1243.75,20,-349.4,-275.0,2.75,stop,605,840,-1.2705454545454544,-1.0,21.696428571428573,ES
2010-12-27,1,1249.75,1252.75,20,275.6,350.0,2.5,time,610,955,1.1024,1.4,20.767857142857142,ES
2011-01-03,1,1269.25,1266.5,16,-239.52,-180.0,6.25,time,615,955,-0.47904,-0.36,21.035714285714285,ES
2011-01-24,1,1283.75,1287.25,20,325.6,400.0,4.75,time,640,955,0.6854736842105263,0.8421052631578947,19.214285714285715,ES
2011-01-31,1,1278.5,1282.5,20,375.6,450.0,4.75,time,655,955,0.7907368421052632,0.9473684210526315,18.785714285714285,ES
2011-02-07,1,1315.0,1315.25,20,0.6000000000000014,75.0,4.75,time,600,955,0.0012631578947368452,0.15789473684210525,16.875,ES
2011-02-14,1,1328.25,1325.0,20,-349.4,-275.0,2.75,stop,615,645,-1.2705454545454544,-1.0,17.696428571428573,ES
2011-02-22,1,1332.5,1323.0,11,-535.92,-495.0,9.0,stop,610,710,-1.0826666666666667,-1.0,17.5,ES
2011-02-28,1,1328.25,1322.5,19,-569.43,-498.75,5.25,stop,620,775,-1.1417142857142857,-1.0,17.964285714285715,ES
2011-03-07,-1,1321.5,1310.0,18,1013.04,1080.0,5.5,time,610,955,2.0465454545454547,2.1818181818181817,16.267857142857142,ES
2011-03-14,-1,1287.25,1291.75,13,-308.36,-260.0,7.5,time,630,955,-0.6325333333333334,-0.5333333333333333,16.607142857142858,ES
2011-03-15,1,1266.25,1276.5,9,450.27,483.75,10.75,time,620,955,0.9307906976744186,1.0,17.928571428571427,ES
2011-03-21,1,1295.5,1292.75,13,-194.61,-146.25,7.5,time,625,955,-0.39920000000000005,-0.3,19.660714285714285,ES
2011-03-22,-1,1288.5,1289.25,16,-79.52,-20.0,6.0,time,655,955,-0.16566666666666666,-0.041666666666666664,19.660714285714285,ES
2011-03-25,1,1311.0,1308.0,18,-291.96,-225.0,5.5,time,630,955,-0.5898181818181818,-0.45454545454545453,19.464285714285715,ES
2011-03-28,1,1315.0,1310.25,20,-499.4,-425.0,4.25,stop,640,660,-1.1750588235294117,-1.0,19.892857142857142,ES
2011-03-31,-1,1321.0,1325.5,20,-474.4,-400.0,4.0,stop,600,635,-1.186,-1.0,20.089285714285715,ES
2011-04-04,-1,1327.75,1328.75,20,-124.4,-50.0,4.75,time,655,955,-0.2618947368421053,-0.10526315789473684,20.607142857142858,ES
2011-04-14,1,1304.75,1311.0,16,480.48,540.0,6.25,time,620,955,0.96096,1.08,18.660714285714285,ES
2011-04-15,1,1316.0,1316.0,16,-19.52,40.0,6.25,time,600,955,-0.03904,0.08,19.089285714285715,ES
2011-04-18,-1,1292.75,1302.0,11,-522.17,-481.25,8.75,stop,605,895,-1.0850285714285715,-1.0,19.071428571428573,ES
2011-04-19,-1,1301.0,1306.5,20,-574.4,-500.0,5.0,stop,670,820,-1.1488,-1.0,19.196428571428573,ES
2011-04-20,1,1327.25,1326.75,20,-74.4,0.0,3.75,time,605,955,-0.19840000000000002,0.0,18.785714285714285,ES
2011-04-25,-1,1329.0,1331.75,20,-299.4,-225.0,4.75,time,620,955,-0.6303157894736842,-0.47368421052631576,18.553571428571427,ES
2011-05-02,1,1367.0,1361.5,20,-574.4,-500.0,5.0,stop,630,705,-1.1488,-1.0,17.0,ES
2011-05-05,1,1339.5,1332.5,15,-543.3,-487.5,6.5,stop,700,910,-1.1144615384615384,-1.0,16.964285714285715,ES
2011-05-06,1,1351.0,1343.25,13,-519.61,-471.25,7.25,stop,675,730,-1.1026206896551725,-1.0,17.875,ES
2011-05-09,-1,1335.5,1340.0,20,-474.4,-400.0,4.0,stop,635,710,-1.186,-1.0,18.803571428571427,ES
2011-05-16,1,1335.25,1327.75,14,-542.08,-490.0,7.0,stop,600,940,-1.1062857142857143,-1.0,17.803571428571427,ES
2011-05-24,1,1321.75,1317.75,20,-424.4,-350.0,3.5,stop,610,630,-1.2125714285714284,-1.0,18.339285714285715,ES
2011-05-25,1,1316.75,1318.25,12,75.36,120.0,7.75,time,635,955,0.16206451612903225,0.25806451612903225,17.982142857142858,ES
2011-05-31,-1,1338.0,1344.25,17,-551.99,-488.75,5.75,stop,600,955,-1.129391304347826,-1.0,18.357142857142858,ES
2011-06-02,-1,1306.75,1312.0,10,-274.7,-237.5,10.0,time,690,955,-0.5494,-0.475,17.785714285714285,ES
2011-06-06,-1,1291.0,1285.5,14,367.92,420.0,7.0,time,605,955,0.7508571428571429,0.8571428571428571,19.928571428571427,ES
2011-06-08,1,1286.25,1278.75,14,-542.08,-490.0,7.0,stop,660,820,-1.1062857142857143,-1.0,20.107142857142858,ES
2011-06-09,1,1287.0,1288.0,12,45.36,90.0,7.75,time,600,955,0.09754838709677419,0.1935483870967742,20.178571428571427,ES
2011-06-10,-1,1274.75,1270.0,11,247.83,288.75,9.0,time,605,955,0.5006666666666667,0.5833333333333334,19.75,ES
2011-06-13,-1,1266.0,1271.75,19,-569.43,-498.75,5.25,stop,660,845,-1.1417142857142857,-1.0,20.767857142857142,ES
2011-06-20,1,1269.25,1272.5,12,180.36,225.0,7.75,time,630,955,0.3878709677419355,0.4838709677419355,19.089285714285715,ES
2011-06-27,1,1270.75,1274.5,11,192.83,233.75,8.75,time,615,955,0.4006857142857143,0.4857142857142857,17.785714285714285,ES
2011-07-05,1,1334.5,1330.0,20,-474.4,-400.0,4.0,stop,600,620,-1.186,-1.0,21.089285714285715,ES
2011-07-11,-1,1321.25,1315.25,18,518.04,585.0,5.5,time,605,955,1.0465454545454544,1.1818181818181819,20.339285714285715,ES
2011-07-18,-1,1299.25,1301.25,11,-123.42,-82.5,8.5,time,605,955,-0.264,-0.17647058823529413,20.785714285714285,ES
2011-07-25,1,1332.75,1333.5,17,43.010000000000005,106.25,5.75,time,600,955,0.08800000000000001,0.21739130434782608,21.357142857142858,ES
2011-08-01,-1,1277.25,1283.0,3,-89.91,-78.75,27.25,time,600,955,-0.21996330275229356,-0.1926605504587156,23.178571428571427,ES
2011-08-08,-1,1160.0,1117.25,5,1062.65,1081.25,18.0,time,615,955,2.3614444444444445,2.4027777777777777,26.732142857142858,ES
2011-08-15,1,1194.0,1185.25,12,-539.64,-495.0,8.25,stop,610,690,-1.0901818181818181,-1.0,35.892857142857146,ES
2011-08-22,-1,1133.25,1122.25,7,376.46,402.5,13.0,time,605,955,0.8273846153846154,0.8846153846153846,39.910714285714285,ES
2011-08-29,1,1197.25,1207.75,12,615.36,660.0,8.0,time,610,955,1.282,1.375,45.089285714285715,ES
2011-09-06,1,1150.75,1164.25,8,530.24,560.0,12.5,time,600,955,1.06048,1.12,53.642857142857146,ES
2011-09-19,1,1193.0,1197.5,9,191.52,225.0,10.25,time,705,955,0.415219512195122,0.4878048780487805,56.32142857142857,ES
2011-09-26,-1,1128.5,1142.75,7,-507.29,-481.25,13.75,stop,605,700,-1.0541090909090909,-1.0,58.44642857142857,ES
2011-10-03,1,1129.5,1114.25,6,-464.82,-442.5,14.75,stop,605,750,-1.0504406779661017,-1.0,59.464285714285715,ES
2011-10-10,1,1178.75,1190.0,12,660.36,705.0,7.75,time,600,955,1.4201290322580646,1.5161290322580645,63.55357142857143,ES
2011-10-17,-1,1209.0,1196.75,16,960.48,1020.0,6.0,time,610,955,2.001,2.125,69.0,ES
2011-10-24,1,1244.75,1249.0,10,200.3,237.5,9.5,time,615,955,0.42168421052631583,0.5,69.08928571428571,ES
2011-11-07,-1,1245.75,1256.25,10,-537.2,-500.0,10.0,stop,630,910,-1.0744,-1.0,67.14285714285714,ES
2011-11-21,-1,1186.25,1190.75,8,-189.76,-160.0,11.25,time,640,955,-0.4216888888888889,-0.35555555555555557,51.714285714285715,ES
2011-11-25,1,1169.5,1157.25,8,-499.76,-470.0,11.75,stop,605,775,-1.0633191489361702,-1.0,50.714285714285715,ES
2011-11-28,1,1195.75,1187.0,12,-539.64,-495.0,8.25,stop,615,890,-1.0901818181818181,-1.0,47.482142857142854,ES
2011-12-05,1,1264.0,1258.75,20,-549.4,-475.0,4.75,stop,620,820,-1.1566315789473685,-1.0,45.55357142857143,ES
2011-12-12,-1,1228.75,1230.5,10,-99.7,-62.5,9.25,time,600,955,-0.21556756756756756,-0.13513513513513514,48.910714285714285,ES
2011-12-19,-1,1213.75,1198.75,20,1475.6,1550.0,4.5,time,605,955,3.279111111111111,3.4444444444444446,48.964285714285715,ES
2011-12-27,1,1264.0,1260.5,13,-243.36,-195.0,7.5,time,610,955,-0.49920000000000003,-0.4,48.017857142857146,ES
2012-01-03,1,1278.25,1272.75,20,-574.4,-500.0,5.0,stop,600,755,-1.1488,-1.0,47.410714285714285,ES
2012-01-09,1,1277.0,1271.75,20,-549.4,-475.0,4.75,stop,625,655,-1.1566315789473685,-1.0,44.17857142857143,ES
2012-01-17,-1,1293.75,1289.0,20,450.6,525.0,5.0,time,600,955,0.9012,1.05,37.17857142857143,ES
2012-01-23,1,1317.5,1310.0,14,-542.08,-490.0,7.0,stop,605,695,-1.1062857142857143,-1.0,34.107142857142854,ES
2012-01-30,-1,1296.25,1301.5,20,-549.4,-475.0,4.75,stop,610,645,-1.1566315789473685,-1.0,34.82142857142857,ES
2012-02-06,1,1338.5,1339.75,20,100.6,175.0,4.5,time,685,955,0.22355555555555554,0.3888888888888889,34.375,ES
2012-02-13,-1,1344.75,1350.25,20,-574.4,-500.0,5.0,stop,615,875,-1.1488,-1.0,35.57142857142857,ES
2012-02-21,1,1364.5,1358.25,17,-551.99,-488.75,5.75,stop,635,875,-1.129391304347826,-1.0,29.821428571428573,ES
2012-02-27,1,1358.0,1366.25,20,800.6,875.0,4.75,time,605,955,1.6854736842105265,1.8421052631578947,27.535714285714285,ES
2012-03-05,1,1367.0,1363.0,20,-424.4,-350.0,3.5,stop,600,615,-1.2125714285714284,-1.0,23.446428571428573,ES
2012-03-12,-1,1367.75,1371.25,20,-374.4,-300.0,4.75,time,600,955,-0.7882105263157895,-0.631578947368421,21.5,ES
2012-03-19,1,1403.5,1403.5,14,-17.08,35.0,7.0,time,700,955,-0.03485714285714285,0.07142857142857142,19.714285714285715,ES
2012-03-26,1,1404.75,1411.0,20,600.6,675.0,3.25,time,605,955,1.848,2.076923076923077,17.678571428571427,ES
2012-04-02,1,1404.75,1413.0,18,720.54,787.5,5.5,time,600,955,1.4556363636363636,1.5909090909090908,17.035714285714285,ES
2012-04-09,1,1378.25,1377.0,20,-149.4,-75.0,4.75,time,620,955,-0.3145263157894737,-0.15789473684210525,17.821428571428573,ES
2012-04-16,-1,1366.5,1365.25,11,55.33,96.25,8.5,time,600,955,0.11835294117647059,0.20588235294117646,19.464285714285715,ES
2012-04-23,-1,1354.0,1361.5,14,-542.08,-490.0,7.0,stop,605,755,-1.1062857142857143,-1.0,19.714285714285715,ES
2012-05-14,-1,1333.75,1340.75,15,-543.3,-487.5,6.5,stop,625,680,-1.1144615384615384,-1.0,19.875,ES
2012-05-21,1,1302.0,1313.75,12,690.36,735.0,8.0,time,615,955,1.43825,1.53125,21.410714285714285,ES
2012-05-29,1,1330.25,1323.5,16,-559.52,-500.0,6.25,stop,610,705,-1.11904,-1.0,23.035714285714285,ES
2012-06-04,-1,1271.25,1276.0,10,-249.7,-212.5,10.0,time,600,955,-0.49939999999999996,-0.425,22.642857142857142,ES
2012-06-11,-1,1318.25,1302.75,8,610.24,640.0,11.5,time,605,955,1.3266086956521739,1.391304347826087,26.714285714285715,ES
2012-06-18,1,1335.0,1338.25,13,195.39,243.75,7.5,time,600,955,0.4008,0.5,29.892857142857142,ES
2012-06-25,-1,1308.25,1307.25,14,52.92,105.0,7.0,time,615,955,0.108,0.21428571428571427,30.053571428571427,ES
2012-07-02,-1,1351.25,1359.0,10,-399.7,-362.5,9.5,time,600,955,-0.8414736842105263,-0.7631578947368421,31.910714285714285,ES
2012-07-05,-1,1358.0,1365.25,14,-524.58,-472.5,6.75,stop,600,665,-1.1102222222222222,-1.0,34.42857142857143,ES
2012-07-09,-1,1342.75,1347.5,15,-374.55,-318.75,6.5,time,615,955,-0.7683076923076924,-0.6538461538461539,32.375,ES
2012-07-16,1,1351.25,1348.0,14,-244.57999999999998,-192.5,7.0,time,670,955,-0.4991428571428571,-0.39285714285714285,32.732142857142854,ES
2012-07-23,1,1340.0,1344.75,12,270.36,315.0,7.75,time,660,955,0.5814193548387097,0.6774193548387096,32.625,ES
2012-07-30,1,1386.5,1378.75,13,-519.61,-471.25,7.25,stop,620,680,-1.1026206896551725,-1.0,31.357142857142858,ES
2012-08-13,-1,1397.0,1402.0,20,-524.4,-450.0,5.0,time,620,955,-1.0488,-0.9,30.732142857142858,ES
2012-08-20,-1,1410.5,1415.25,20,-499.4,-425.0,4.25,stop,615,850,-1.1750588235294117,-1.0,28.571428571428573,ES
2012-08-21,1,1423.0,1418.0,20,-524.4,-450.0,4.5,stop,600,695,-1.1653333333333333,-1.0,28.875,ES
2012-08-22,-1,1405.5,1411.25,19,-569.43,-498.75,5.25,stop,690,840,-1.1417142857142857,-1.0,29.196428571428573,ES
2012-08-23,-1,1402.25,1401.0,16,80.48,140.0,6.0,time,610,955,0.16766666666666669,0.2916666666666667,25.178571428571427,ES
2012-08-24,1,1400.0,1408.5,20,825.6,900.0,4.25,time,630,955,1.9425882352941177,2.1176470588235294,22.285714285714285,ES
2012-08-27,1,1413.5,1407.75,19,-569.43,-498.75,5.25,stop,675,940,-1.1417142857142857,-1.0,20.660714285714285,ES
2012-08-28,1,1410.75,1407.5,15,-262.05,-206.25,6.5,time,620,955,-0.5375384615384615,-0.4230769230769231,18.625,ES
2012-08-29,-1,1406.5,1410.75,20,-449.4,-375.0,3.75,stop,645,790,-1.1984,-1.0,15.392857142857142,ES
2012-08-31,-1,1403.0,1409.75,16,-559.52,-500.0,6.25,stop,600,655,-1.11904,-1.0,15.142857142857142,ES
2012-09-04,-1,1398.75,1405.5,16,-559.52,-500.0,6.25,stop,605,875,-1.11904,-1.0,14.303571428571429,ES
2012-09-05,1,1407.0,1402.25,14,-349.58,-297.5,7.0,time,625,955,-0.7134285714285714,-0.6071428571428571,14.125,ES
2012-09-06,1,1422.5,1430.75,8,320.24,350.0,11.5,time,600,955,0.6961739130434783,0.7608695652173914,11.696428571428571,ES
2012-09-10,1,1438.0,1433.25,20,-499.4,-425.0,4.25,stop,620,880,-1.1750588235294117,-1.0,12.267857142857142,ES
2012-09-11,1,1435.0,1432.0,17,-275.74,-212.5,5.75,time,655,955,-0.5641739130434783,-0.43478260869565216,11.946428571428571,ES
2012-09-12,-1,1435.25,1439.25,20,-424.4,-350.0,3.5,stop,625,785,-1.2125714285714284,-1.0,11.375,ES
2012-09-13,1,1439.0,1460.0,20,2075.6,2150.0,3.75,time,660,955,5.534933333333333,5.733333333333333,11.142857142857142,ES
2012-09-14,1,1472.5,1461.75,9,-494.73,-461.25,10.25,stop,610,920,-1.0725853658536586,-1.0,12.25,ES
2012-09-18,1,1453.25,1453.0,20,-49.4,25.0,3.5,time,630,955,-0.14114285714285713,0.07142857142857142,12.678571428571429,ES
2012-09-19,1,1457.25,1454.0,17,-296.99,-233.75,5.75,time,600,955,-0.6076521739130435,-0.4782608695652174,12.464285714285714,ES
2012-09-20,1,1449.25,1453.75,18,383.04,450.0,5.5,time,630,955,0.7738181818181818,0.9090909090909091,12.464285714285714,ES
2012-09-21,-1,1456.75,1453.25,20,325.6,400.0,4.5,time,655,955,0.7235555555555556,0.8888888888888888,12.232142857142858,ES
2012-09-24,1,1449.0,1450.5,20,125.6,200.0,4.0,time,630,955,0.314,0.5,12.553571428571429,ES
2012-09-25,1,1455.75,1452.0,20,-399.4,-325.0,3.25,stop,605,735,-1.2289230769230768,-1.0,12.25,ES
2012-09-26,-1,1429.5,1428.0,16,100.48,160.0,6.0,time,620,955,0.20933333333333334,0.3333333333333333,13.214285714285714,ES
2012-09-27,-1,1430.0,1434.75,20,-499.4,-425.0,4.25,stop,600,715,-1.1750588235294117,-1.0,12.017857142857142,ES
2012-09-28,-1,1429.0,1436.25,14,-524.58,-472.5,6.75,stop,685,730,-1.1102222222222222,-1.0,12.785714285714286,ES
2012-10-01,1,1449.75,1438.5,9,-517.23,-483.75,10.75,stop,600,790,-1.0692093023255815,-1.0,12.964285714285714,ES
2012-10-02,-1,1438.25,1439.25,13,-80.86,-32.5,7.25,time,600,955,-0.1715862068965517,-0.06896551724137931,13.625,ES
2012-10-03,-1,1436.75,1443.5,16,-559.52,-500.0,6.25,stop,600,615,-1.11904,-1.0,14.107142857142858,ES
2012-10-04,1,1452.25,1456.0,20,350.6,425.0,3.25,time,600,955,1.078769230769231,1.3076923076923077,12.964285714285714,ES
2012-10-08,1,1452.5,1447.75,20,-499.4,-425.0,4.25,stop,640,695,-1.1750588235294117,-1.0,12.821428571428571,ES
2012-10-10,-1,1429.75,1427.75,14,122.92,175.0,7.0,time,710,955,0.25085714285714283,0.35714285714285715,12.339285714285714,ES
2012-10-15,-1,1422.75,1428.5,19,-569.43,-498.75,5.25,stop,610,685,-1.1417142857142857,-1.0,13.767857142857142,ES
2012-10-16,1,1446.0,1449.75,20,350.6,425.0,5.0,time,620,955,0.7012,0.85,14.25,ES
2012-10-17,1,1454.75,1456.0,16,80.48,140.0,6.0,time,600,955,0.16766666666666669,0.2916666666666667,14.553571428571429,ES
2012-10-18,1,1455.0,1451.5,20,-374.4,-300.0,3.0,stop,600,615,-1.248,-1.0,14.571428571428571,ES
2012-10-19,-1,1441.5,1427.75,11,742.83,783.75,8.5,time,645,955,1.5889411764705883,1.6764705882352942,14.732142857142858,ES
2012-10-22,1,1429.75,1424.0,19,-569.43,-498.75,5.25,stop,600,675,-1.1417142857142857,-1.0,15.196428571428571,ES
2012-10-23,-1,1406.75,1413.5,16,-559.52,-500.0,6.25,stop,620,885,-1.11904,-1.0,15.339285714285714,ES
2012-10-24,-1,1407.75,1404.25,14,227.92000000000002,280.0,6.75,time,605,955,0.4823703703703704,0.5925925925925926,16.017857142857142,ES
2012-10-25,-1,1410.75,1408.25,17,191.76,255.0,5.75,time,600,955,0.3923478260869565,0.5217391304347826,16.071428571428573,ES
2012-10-26,-1,1403.75,1412.0,12,-509.64,-465.0,7.75,stop,625,930,-1.0959999999999999,-1.0,16.017857142857142,ES
2012-10-31,-1,1408.5,1406.25,17,170.51,233.75,5.75,time,630,955,0.34886956521739126,0.4782608695652174,16.125,ES
2012-11-01,1,1418.25,1422.25,11,206.58,247.5,9.0,time,600,955,0.41733333333333333,0.5,16.178571428571427,ES
2012-11-02,-1,1422.5,1409.5,12,765.36,810.0,8.0,time,610,955,1.5945,1.6875,16.571428571428573,ES
2012-11-05,1,1408.75,1412.5,18,315.54,382.5,5.5,time,635,955,0.6374545454545455,0.7727272727272727,17.589285714285715,ES
2012-11-07,-1,1401.0,1391.0,10,487.8,525.0,9.5,time,610,955,1.0269473684210526,1.105263157894737,16.642857142857142,ES
2012-11-09,1,1376.75,1375.0,13,-129.61,-81.25,7.5,time,600,955,-0.2658666666666667,-0.16666666666666666,17.660714285714285,ES
2012-11-12,-1,1376.0,1381.25,20,-549.4,-475.0,4.75,stop,610,790,-1.1566315789473685,-1.0,18.089285714285715,ES
2012-11-19,1,1378.75,1384.0,14,350.42,402.5,7.0,time,640,955,0.7151428571428572,0.8214285714285714,18.053571428571427,ES
2012-11-20,1,1383.5,1378.0,20,-574.4,-500.0,5.0,stop,610,790,-1.1488,-1.0,18.142857142857142,ES
2012-11-26,1,1402.0,1397.25,20,-499.4,-425.0,4.25,stop,600,660,-1.1750588235294117,-1.0,17.642857142857142,ES
2012-11-28,-1,1383.5,1391.0,14,-542.08,-490.0,7.0,stop,600,620,-1.1062857142857143,-1.0,16.553571428571427,ES
2012-11-29,-1,1412.5,1415.0,20,-274.4,-200.0,4.75,time,605,955,-0.5776842105263157,-0.42105263157894735,17.464285714285715,ES
2012-12-03,-1,1415.5,1408.0,14,507.92,560.0,7.0,time,600,955,1.0365714285714287,1.1428571428571428,17.053571428571427,ES
2012-12-05,-1,1403.75,1410.0,17,-551.99,-488.75,5.75,stop,600,715,-1.129391304347826,-1.0,17.142857142857142,ES
2012-12-06,1,1411.75,1412.25,15,19.2,75.0,6.5,time,645,955,0.039384615384615386,0.15384615384615385,17.428571428571427,ES
2012-12-07,-1,1411.25,1417.25,11,-343.42,-302.5,8.5,time,630,955,-0.7345882352941177,-0.6470588235294118,16.767857142857142,ES
2012-12-10,1,1419.75,1417.5,20,-249.4,-175.0,5.0,time,650,955,-0.4988,-0.35,15.875,ES
2012-12-11,1,1428.25,1427.0,19,-141.93,-71.25,5.25,time,600,955,-0.2845714285714286,-0.14285714285714285,15.446428571428571,ES
2012-12-14,-1,1413.75,1414.0,20,-49.4,25.0,5.0,time,695,955,-0.0988,0.05,14.571428571428571,ES
2012-12-17,1,1419.25,1425.25,13,374.14,422.5,7.5,time,675,955,0.7674666666666666,0.8666666666666667,14.142857142857142,ES
2012-12-18,1,1430.0,1441.5,20,1125.6,1200.0,4.5,time,620,955,2.501333333333333,2.6666666666666665,14.571428571428571,ES
2012-12-19,-1,1438.5,1431.75,18,585.54,652.5,5.5,time,600,955,1.182909090909091,1.3181818181818181,14.928571428571429,ES
2012-12-20,1,1434.0,1438.5,18,383.04,450.0,5.5,time,610,955,0.7738181818181818,0.9090909090909091,14.910714285714286,ES
2012-12-21,1,1426.0,1417.25,12,-539.64,-495.0,8.25,stop,610,695,-1.0901818181818181,-1.0,14.142857142857142,ES
2012-12-24,1,1422.75,1419.0,20,-399.4,-325.0,3.25,stop,630,740,-1.2289230769230768,-1.0,14.946428571428571,ES
2012-12-26,-1,1420.5,1415.25,20,500.6,575.0,3.75,time,620,955,1.3349333333333333,1.5333333333333334,13.553571428571429,ES
2012-12-28,1,1407.0,1401.5,20,-574.4,-500.0,5.0,stop,640,935,-1.1488,-1.0,13.714285714285714,ES
2012-12-31,1,1403.0,1421.25,9,810.27,843.75,10.5,time,630,955,1.7148571428571429,1.7857142857142858,13.928571428571429,ES
2013-01-02,-1,1445.5,1453.0,14,-542.08,-490.0,7.0,stop,675,950,-1.1062857142857143,-1.0,14.839285714285714,ES
2013-01-07,1,1456.25,1452.25,20,-424.4,-350.0,3.5,stop,630,705,-1.2125714285714284,-1.0,16.821428571428573,ES
2013-01-08,-1,1449.0,1452.0,15,-243.3,-187.5,6.5,time,610,955,-0.4990769230769231,-0.38461538461538464,16.571428571428573,ES
2013-01-10,-1,1459.0,1465.0,18,-561.96,-495.0,5.5,stop,630,890,-1.1352727272727274,-1.0,16.839285714285715,ES
2013-01-11,-1,1462.25,1467.75,20,-574.4,-500.0,5.0,stop,605,945,-1.1488,-1.0,16.767857142857142,ES
2013-01-14,-1,1460.75,1467.25,16,-539.52,-480.0,6.0,stop,620,905,-1.1239999999999999,-1.0,16.035714285714285,ES
2013-01-15,1,1462.25,1466.0,20,350.6,425.0,3.75,time,610,955,0.9349333333333334,1.1333333333333333,15.5,ES
2013-01-17,1,1474.25,1475.5,20,100.6,175.0,3.5,time,615,955,0.2874285714285714,0.5,14.910714285714286,ES
2013-01-18,-1,1472.0,1477.5,20,-574.4,-500.0,5.0,stop,660,880,-1.1488,-1.0,14.982142857142858,ES
2013-01-22,-1,1478.0,1481.75,20,-399.4,-325.0,3.25,stop,600,730,-1.2289230769230768,-1.0,14.928571428571429,ES
2013-01-24,1,1495.75,1487.0,12,-539.64,-495.0,8.25,stop,600,825,-1.0901818181818181,-1.0,14.178571428571429,ES
2013-01-28,-1,1494.75,1496.75,20,-224.4,-150.0,4.5,time,600,955,-0.4986666666666667,-0.3333333333333333,14.553571428571429,ES
2013-01-29,1,1500.0,1502.75,15,187.95,243.75,6.5,time,680,955,0.3855384615384615,0.5,14.232142857142858,ES
2013-02-01,1,1504.25,1508.0,20,350.6,425.0,4.0,time,600,955,0.8765000000000001,1.0625,13.696428571428571,ES
2013-02-04,-1,1497.25,1491.75,20,525.6,600.0,4.0,time,635,955,1.314,1.5,12.25,ES
2013-02-06,1,1506.0,1507.5,17,106.76,170.0,5.75,time,650,955,0.21843478260869567,0.34782608695652173,10.928571428571429,ES
2013-02-07,-1,1501.75,1506.0,13,-292.11,-243.75,7.5,time,610,955,-0.5992000000000001,-0.5,11.660714285714286,ES
2013-02-11,-1,1510.0,1514.0,20,-424.4,-350.0,3.5,stop,615,645,-1.2125714285714284,-1.0,12.0,ES
2013-02-12,1,1516.25,1515.75,20,-74.4,0.0,4.0,time,620,955,-0.18600000000000003,0.0,11.553571428571429,ES
2013-02-13,1,1521.5,1517.0,20,-474.4,-400.0,4.0,stop,615,675,-1.186,-1.0,11.660714285714286,ES
2013-02-19,1,1525.75,1528.0,16,160.48,220.0,6.0,time,685,955,0.3343333333333333,0.4583333333333333,11.785714285714286,ES
2013-02-25,1,1523.5,1519.25,20,-449.4,-375.0,3.75,stop,600,620,-1.1984,-1.0,13.232142857142858,ES
2013-03-01,1,1509.75,1516.75,10,337.8,375.0,10.0,time,605,955,0.6756,0.75,15.267857142857142,ES
2013-03-04,1,1517.0,1511.25,19,-569.43,-498.75,5.25,stop,675,750,-1.1417142857142857,-1.0,16.803571428571427,ES
2013-03-11,1,1550.5,1555.25,20,450.6,525.0,3.25,time,670,955,1.3864615384615386,1.6153846153846154,16.964285714285715,ES
2013-03-12,1,1550.25,1547.0,20,-349.4,-275.0,2.75,stop,600,660,-1.2705454545454544,-1.0,18.589285714285715,ES
2013-03-15,1,1555.5,1554.25,20,-149.4,-75.0,5.0,time,695,955,-0.2988,-0.15,17.946428571428573,ES
2013-03-18,1,1545.5,1545.25,13,-32.11,16.25,7.5,time,610,955,-0.06586666666666667,0.03333333333333333,17.25,ES
2013-03-19,-1,1546.75,1542.5,20,400.6,475.0,4.0,time,620,955,1.0015,1.1875,17.375,ES
2013-03-20,-1,1549.25,1553.5,20,-449.4,-375.0,3.75,stop,635,860,-1.1984,-1.0,18.089285714285715,ES
2013-03-21,-1,1542.5,1547.75,20,-549.4,-475.0,4.75,stop,615,695,-1.1566315789473685,-1.0,18.553571428571427,ES
2013-03-22,1,1548.25,1550.75,20,225.6,300.0,5.0,time,605,955,0.4512,0.6,19.053571428571427,ES
2013-03-25,-1,1553.0,1546.0,20,675.6,750.0,5.0,time,635,955,1.3512,1.5,19.142857142857142,ES
2013-03-27,1,1550.25,1557.0,20,650.6,725.0,4.25,time,625,955,1.5308235294117647,1.7058823529411764,16.285714285714285,ES
2013-03-28,1,1560.25,1561.5,18,90.53999999999999,157.5,5.5,time,640,955,0.18290909090909088,0.3181818181818182,14.803571428571429,ES
2013-04-01,-1,1558.75,1556.75,16,140.48,200.0,6.0,time,600,955,0.29266666666666663,0.4166666666666667,14.535714285714286,ES
2013-04-02,1,1566.0,1560.5,20,-574.4,-500.0,5.0,stop,600,940,-1.1488,-1.0,13.142857142857142,ES
2013-04-03,-1,1557.25,1548.75,11,454.08,495.0,8.75,time,600,955,0.9435428571428571,1.0285714285714285,12.982142857142858,ES
2013-04-04,1,1557.5,1548.5,11,-508.42,-467.5,8.5,stop,600,625,-1.0875294117647059,-1.0,13.946428571428571,ES
2013-04-05,1,1539.75,1547.25,16,580.48,640.0,6.25,time,650,955,1.16096,1.28,14.089285714285714,ES
2013-04-11,1,1586.0,1587.75,20,150.6,225.0,4.75,time,600,955,0.31705263157894736,0.47368421052631576,14.553571428571429,ES
2013-04-12,-1,1581.0,1584.0,20,-324.4,-250.0,5.0,time,615,955,-0.6487999999999999,-0.5,15.714285714285714,ES
2013-04-15,-1,1571.0,1547.0,17,2019.26,2082.5,5.75,time,675,955,4.1314782608695655,4.260869565217392,15.5,ES
2013-04-16,-1,1556.5,1561.5,20,-524.4,-450.0,4.5,stop,615,675,-1.1653333333333333,-1.0,17.267857142857142,ES
2013-04-17,-1,1551.25,1546.0,13,325.39,373.75,7.25,time,610,955,0.6904827586206896,0.7931034482758621,17.589285714285715,ES
2013-04-18,-1,1535.75,1537.0,7,-52.29,-26.25,13.5,time,600,955,-0.11066666666666666,-0.05555555555555555,18.946428571428573,ES
2013-04-19,1,1544.5,1549.0,12,255.36,300.0,8.0,time,605,955,0.532,0.625,19.392857142857142,ES
2013-04-22,-1,1545.5,1555.5,10,-512.2,-475.0,9.5,stop,605,760,-1.0783157894736843,-1.0,19.714285714285715,ES
2013-04-23,1,1571.25,1564.0,14,-524.58,-472.5,6.75,stop,625,785,-1.1102222222222222,-1.0,20.125,ES
2013-04-24,-1,1572.5,1577.25,20,-499.4,-425.0,4.25,stop,605,855,-1.1750588235294117,-1.0,20.571428571428573,ES
2013-04-25,1,1581.5,1580.75,20,-99.4,-25.0,4.75,time,605,955,-0.20926315789473685,-0.05263157894736842,19.535714285714285,ES
2013-04-26,-1,1574.5,1581.5,15,-543.3,-487.5,6.5,stop,650,925,-1.1144615384615384,-1.0,19.767857142857142,ES
2013-04-29,1,1584.75,1588.5,20,350.6,425.0,5.0,time,600,955,0.7012,0.85,18.892857142857142,ES
2013-04-30,-1,1582.25,1589.25,15,-543.3,-487.5,6.5,stop,600,690,-1.1144615384615384,-1.0,18.821428571428573,ES
2013-05-01,-1,1585.0,1578.5,20,625.6,700.0,4.25,time,605,955,1.472,1.6470588235294117,18.660714285714285,ES
2013-05-02,1,1587.0,1592.25,15,375.45,431.25,6.5,time,610,955,0.7701538461538461,0.8846153846153846,17.696428571428573,ES
2013-05-03,1,1612.75,1608.75,14,-297.08,-245.0,7.0,time,620,955,-0.6062857142857142,-0.5,17.910714285714285,ES
2013-05-06,1,1613.25,1613.0,20,-49.4,25.0,3.75,time,625,955,-0.13173333333333334,0.06666666666666667,16.803571428571427,ES
2013-05-07,-1,1614.5,1619.5,20,-524.4,-450.0,4.5,stop,610,770,-1.1653333333333333,-1.0,15.535714285714286,ES
2013-05-08,1,1623.5,1628.5,20,475.6,550.0,4.75,time,600,955,1.0012631578947369,1.1578947368421053,13.982142857142858,ES
2013-05-09,-1,1625.75,1630.25,20,-474.4,-400.0,4.0,stop,605,795,-1.186,-1.0,13.410714285714286,ES
2013-05-10,-1,1622.0,1628.5,16,-539.52,-480.0,6.0,stop,635,945,-1.1239999999999999,-1.0,13.25,ES
2013-05-13,1,1629.0,1630.25,18,90.53999999999999,157.5,5.5,time,630,955,0.18290909090909088,0.3181818181818182,12.642857142857142,ES
2013-05-14,1,1639.0,1647.5,13,536.64,585.0,7.25,time,605,955,1.1387586206896552,1.2413793103448276,12.089285714285714,ES
2013-05-15,1,1648.0,1655.75,20,750.6,825.0,3.5,time,630,955,2.1445714285714286,2.357142857142857,12.839285714285714,ES
2013-05-16,-1,1651.5,1658.25,16,-559.52,-500.0,6.25,stop,605,675,-1.11904,-1.0,12.946428571428571,ES
2013-05-17,1,1658.75,1664.5,16,440.48,500.0,6.0,time,620,955,0.9176666666666667,1.0416666666666667,13.214285714285714,ES
2013-05-20,1,1666.5,1662.0,20,-474.4,-400.0,4.0,stop,615,825,-1.186,-1.0,13.446428571428571,ES
2013-05-21,-1,1663.25,1670.5,14,-524.58,-472.5,6.75,stop,610,785,-1.1102222222222222,-1.0,13.339285714285714,ES
2013-05-22,1,1677.25,1667.75,11,-535.92,-495.0,9.0,stop,600,810,-1.0826666666666667,-1.0,13.125,ES
2013-05-23,1,1642.75,1649.0,13,390.39,438.75,7.5,time,610,955,0.8008,0.9,14.785714285714286,ES
2013-05-24,-1,1635.5,1642.5,15,-543.3,-487.5,6.5,stop,600,675,-1.1144615384615384,-1.0,14.642857142857142,ES
2013-05-28,1,1671.75,1664.0,13,-519.61,-471.25,7.25,stop,605,695,-1.1026206896551725,-1.0,15.25,ES
2013-05-29,-1,1642.5,1651.25,12,-539.64,-495.0,8.25,stop,640,835,-1.0901818181818181,-1.0,16.321428571428573,ES
2013-05-31,1,1655.0,1645.25,10,-499.7,-462.5,9.25,stop,665,870,-1.0804324324324324,-1.0,17.107142857142858,ES
2013-06-03,1,1633.75,1626.5,14,-524.58,-472.5,6.75,stop,610,635,-1.1102222222222222,-1.0,18.535714285714285,ES
2013-06-05,-1,1619.0,1607.25,11,632.83,673.75,9.0,time,615,955,1.2784444444444445,1.3611111111111112,19.553571428571427,ES
2013-06-07,1,1635.0,1642.25,11,385.33,426.25,9.0,time,600,955,0.7784444444444444,0.8611111111111112,21.053571428571427,ES
2013-06-10,-1,1640.25,1642.25,12,-134.64,-90.0,8.0,time,600,955,-0.28049999999999997,-0.1875,21.428571428571427,ES
2013-06-11,1,1629.0,1625.25,13,-259.61,-211.25,7.25,time,625,955,-0.550896551724138,-0.4482758620689655,21.464285714285715,ES
2013-06-12,-1,1628.5,1612.0,10,812.8,850.0,9.5,time,600,955,1.711157894736842,1.7894736842105263,21.982142857142858,ES
2013-06-13,1,1616.5,1636.25,11,1072.83,1113.75,9.0,time,600,955,2.167333333333333,2.25,21.196428571428573,ES
2013-06-14,1,1640.25,1632.75,14,-542.08,-490.0,7.0,stop,600,645,-1.1062857142857143,-1.0,22.089285714285715,ES
2013-06-17,1,1639.0,1631.0,13,-535.86,-487.5,7.5,stop,655,860,-1.0992,-1.0,22.285714285714285,ES
2013-06-18,1,1639.0,1645.75,19,618.07,688.75,5.25,time,615,955,1.2392380952380952,1.380952380952381,21.732142857142858,ES
2013-06-20,-1,1601.0,1581.25,12,1170.36,1215.0,7.75,time,610,955,2.5169032258064514,2.6129032258064515,22.25,ES
2013-06-21,-1,1586.0,1587.0,13,-80.86,-32.5,7.5,time,610,955,-0.16586666666666666,-0.06666666666666667,23.410714285714285,ES
2013-06-24,-1,1557.75,1571.25,7,-481.04,-455.0,13.0,stop,620,840,-1.0572307692307692,-1.0,23.767857142857142,ES
2013-06-25,-1,1571.0,1582.5,9,-528.48,-495.0,11.0,stop,615,665,-1.0676363636363637,-1.0,24.428571428571427,ES
2013-06-26,-1,1592.25,1598.0,19,-569.43,-498.75,5.25,stop,615,805,-1.1417142857142857,-1.0,24.25,ES
2013-06-27,1,1613.75,1606.25,14,-542.08,-490.0,7.0,stop,630,725,-1.1062857142857143,-1.0,23.821428571428573,ES
2013-06-28,1,1605.25,1597.25,10,-412.2,-375.0,9.5,time,655,955,-0.8677894736842106,-0.7894736842105263,23.410714285714285,ES
2013-07-01,1,1618.0,1607.0,9,-505.98,-472.5,10.5,stop,600,940,-1.070857142857143,-1.0,23.785714285714285,ES
2013-07-02,1,1617.25,1605.5,8,-479.76,-450.0,11.25,stop,620,850,-1.0661333333333334,-1.0,23.964285714285715,ES
2013-07-05,-1,1615.5,1622.0,16,-539.52,-480.0,6.0,stop,600,850,-1.1239999999999999,-1.0,22.071428571428573,ES
2013-07-08,1,1638.5,1631.75,16,-559.52,-500.0,6.25,stop,600,715,-1.11904,-1.0,22.107142857142858,ES
2013-07-09,-1,1640.75,1647.0,17,-551.99,-488.75,5.75,stop,600,750,-1.129391304347826,-1.0,21.892857142857142,ES
2013-07-10,-1,1644.5,1648.0,20,-374.4,-300.0,3.0,stop,615,840,-1.248,-1.0,21.821428571428573,ES
2013-07-11,-1,1661.5,1667.25,19,-569.43,-498.75,5.25,stop,630,860,-1.1417142857142857,-1.0,20.821428571428573,ES
2013-07-12,1,1672.0,1667.25,20,-499.4,-425.0,4.25,stop,640,710,-1.1750588235294117,-1.0,19.303571428571427,ES
2013-07-15,1,1677.5,1677.0,20,-74.4,0.0,5.0,time,690,955,-0.14880000000000002,0.0,18.160714285714285,ES
2013-07-16,-1,1672.75,1671.25,15,94.2,150.0,6.5,time,655,955,0.19323076923076923,0.3076923076923077,16.285714285714285,ES
2013-07-19,1,1683.5,1687.25,20,350.6,425.0,4.75,time,630,955,0.7381052631578948,0.8947368421052632,14.982142857142858,ES
2013-07-22,1,1691.25,1690.25,20,-124.4,-50.0,5.0,time,665,955,-0.24880000000000002,-0.1,14.642857142857142,ES
2013-07-23,-1,1690.5,1688.25,20,200.6,275.0,3.25,time,600,955,0.6172307692307692,0.8461538461538461,14.071428571428571,ES
2013-07-24,-1,1685.0,1681.25,10,175.3,212.5,9.25,time,600,955,0.37902702702702706,0.4594594594594595,13.0,ES
2013-07-25,1,1682.25,1675.0,14,-524.58,-472.5,6.75,stop,600,680,-1.1102222222222222,-1.0,12.928571428571429,ES
2013-07-26,-1,1676.25,1680.25,20,-424.4,-350.0,3.5,stop,625,790,-1.2125714285714284,-1.0,12.642857142857142,ES
2013-07-29,-1,1680.75,1681.5,19,-94.43,-23.75,5.25,time,630,955,-0.18933333333333335,-0.047619047619047616,12.553571428571429,ES
2013-07-30,-1,1683.5,1681.5,20,175.6,250.0,4.75,time,655,955,0.3696842105263158,0.5263157894736842,12.285714285714286,ES
2013-07-31,1,1690.25,1684.5,19,-569.43,-498.75,5.25,stop,625,765,-1.1417142857142857,-1.0,12.035714285714286,ES
2013-08-01,1,1699.25,1701.5,20,200.6,275.0,4.75,time,600,955,0.4223157894736842,0.5789473684210527,12.196428571428571,ES
2013-08-02,1,1700.25,1704.25,20,375.6,450.0,4.25,time,615,955,0.883764705882353,1.0588235294117647,12.0,ES
2013-08-05,1,1702.75,1702.25,20,-74.4,0.0,3.75,time,610,955,-0.19840000000000002,0.0,12.142857142857142,ES
2013-08-06,-1,1694.75,1693.25,18,113.03999999999999,180.0,5.5,time,605,955,0.22836363636363635,0.36363636363636365,12.071428571428571,ES
2013-08-07,-1,1682.5,1689.75,14,-524.58,-472.5,6.75,stop,600,910,-1.1102222222222222,-1.0,12.125,ES
2013-08-08,-1,1690.75,1697.25,16,-539.52,-480.0,6.0,stop,605,870,-1.1239999999999999,-1.0,12.339285714285714,ES
2013-08-09,-1,1689.25,1688.75,14,17.92,70.0,6.75,time,650,955,0.03792592592592593,0.14814814814814814,12.357142857142858,ES
2013-08-12,1,1686.75,1686.0,12,-59.64,-15.0,7.75,time,610,955,-0.12825806451612903,-0.03225806451612903,12.803571428571429,ES
2013-08-13,-1,1682.5,1690.75,12,-509.64,-465.0,7.75,stop,600,760,-1.0959999999999999,-1.0,12.928571428571429,ES
2013-08-14,-1,1687.5,1682.75,18,405.54,472.5,5.5,time,610,955,0.8192727272727273,0.9545454545454546,12.785714285714286,ES
2013-08-15,-1,1658.5,1658.5,9,-10.98,22.5,10.5,time,605,955,-0.023238095238095238,0.047619047619047616,12.75,ES
2013-08-16,1,1659.25,1653.5,19,-569.43,-498.75,5.25,stop,605,785,-1.1417142857142857,-1.0,13.464285714285714,ES
2013-08-20,1,1647.0,1650.25,20,300.6,375.0,3.5,time,600,955,0.8588571428571429,1.0714285714285714,13.821428571428571,ES
2013-08-21,-1,1642.75,1649.0,17,-551.99,-488.75,5.75,stop,695,870,-1.129391304347826,-1.0,13.875,ES
2013-08-22,1,1650.0,1654.25,15,300.45,356.25,6.5,time,610,955,0.6163076923076923,0.7307692307692307,13.625,ES
2013-08-23,-1,1653.0,1660.5,14,-542.08,-490.0,7.0,stop,600,930,-1.1062857142857143,-1.0,14.196428571428571,ES
2013-08-26,1,1665.0,1659.5,20,-574.4,-500.0,5.0,stop,610,910,-1.1488,-1.0,14.5,ES
2013-08-27,-1,1636.25,1628.0,12,480.36,525.0,7.75,time,625,955,1.0330322580645162,1.1290322580645162,14.517857142857142,ES
2013-08-28,1,1632.75,1633.25,12,15.36,60.0,7.75,time,630,955,0.03303225806451613,0.12903225806451613,15.625,ES
2013-08-29,1,1639.25,1635.5,9,-179.73,-146.25,10.75,time,610,955,-0.3715348837209302,-0.3023255813953488,15.767857142857142,ES
2013-08-30,-1,1632.5,1630.0,14,157.92000000000002,210.0,6.75,time,600,955,0.33422222222222225,0.4444444444444444,15.964285714285714,ES
2013-09-03,-1,1645.0,1638.25,20,650.6,725.0,4.75,time,615,955,1.3696842105263158,1.5263157894736843,16.267857142857142,ES
2013-09-04,1,1644.25,1651.5,11,385.33,426.25,8.75,time,600,955,0.8006857142857142,0.8857142857142857,16.625,ES
2013-09-06,-1,1640.5,1661.25,4,-419.88,-405.0,20.25,stop,600,825,-1.0367407407407407,-1.0,15.803571428571429,ES
2013-09-10,1,1682.0,1676.5,20,-574.4,-500.0,5.0,stop,610,705,-1.1488,-1.0,16.964285714285715,ES
2013-09-11,-1,1678.0,1683.0,20,-524.4,-450.0,4.5,stop,625,690,-1.1653333333333333,-1.0,16.839285714285715,ES
2013-09-12,1,1689.5,1684.75,20,-499.4,-425.0,4.25,stop,625,695,-1.1750588235294117,-1.0,16.285714285714285,ES
2013-09-13,-1,1683.75,1688.25,20,-474.4,-400.0,5.0,time,605,955,-0.9488,-0.8,15.678571428571429,ES
2013-09-16,-1,1693.0,1691.0,13,114.14,162.5,7.25,time,600,955,0.24220689655172414,0.3448275862068966,15.446428571428571,ES
2013-09-17,1,1697.0,1698.0,20,75.6,150.0,4.75,time,610,955,0.15915789473684208,0.3157894736842105,15.339285714285714,ES
2013-09-18,-1,1695.75,1699.25,20,-374.4,-300.0,3.0,stop,625,840,-1.248,-1.0,13.910714285714286,ES
2013-09-19,-1,1717.5,1715.75,16,120.48,180.0,6.0,time,670,955,0.251,0.375,15.017857142857142,ES
2013-09-20,-1,1712.5,1703.0,15,694.2,750.0,6.5,time,670,955,1.4240000000000002,1.5384615384615385,14.589285714285714,ES
2013-09-23,-1,1695.0,1695.25,14,-34.58,17.5,7.0,time,605,955,-0.07057142857142856,0.03571428571428571,14.875,ES
2013-09-24,-1,1689.5,1695.0,20,-574.4,-500.0,5.0,stop,600,635,-1.1488,-1.0,14.375,ES
2013-09-25,1,1693.5,1685.75,13,-519.61,-471.25,7.25,stop,675,815,-1.1026206896551725,-1.0,13.946428571428571,ES
2013-09-26,1,1696.75,1688.5,12,-509.64,-465.0,7.75,stop,600,645,-1.0959999999999999,-1.0,14.196428571428571,ES
2013-09-27,-1,1680.25,1685.75,20,-574.4,-500.0,5.0,stop,600,635,-1.1488,-1.0,13.232142857142858,ES
2013-09-30,1,1675.0,1675.5,12,15.36,60.0,8.0,time,615,955,0.032,0.125,12.821428571428571,ES
2013-10-01,1,1685.0,1688.0,10,137.8,175.0,9.5,time,620,955,0.29010526315789475,0.3684210526315789,13.196428571428571,ES
2013-10-02,-1,1674.0,1681.25,14,-524.58,-472.5,6.75,stop,605,675,-1.1102222222222222,-1.0,13.517857142857142,ES
2013-10-03,-1,1674.5,1672.0,10,112.8,150.0,10.0,time,600,955,0.2256,0.3,13.964285714285714,ES
2013-10-04,1,1679.0,1683.75,11,247.83,288.75,8.5,time,610,955,0.5301176470588236,0.6176470588235294,15.125,ES
2013-10-07,1,1676.0,1669.0,11,-398.42,-357.5,8.5,time,605,955,-0.8522352941176471,-0.7647058823529411,15.357142857142858,ES
2013-10-08,-1,1663.75,1649.75,13,894.14,942.5,7.25,time,645,955,1.8973793103448275,2.0,15.982142857142858,ES
2013-10-09,-1,1646.25,1653.5,14,-524.58,-472.5,6.75,stop,650,800,-1.1102222222222222,-1.0,15.482142857142858,ES
2013-10-10,1,1674.5,1686.5,14,822.92,875.0,7.0,time,600,955,1.6794285714285713,1.7857142857142858,15.928571428571429,ES
2013-10-11,1,1690.75,1697.25,12,375.36,420.0,8.0,time,605,955,0.782,0.875,17.303571428571427,ES
2013-10-14,1,1693.25,1704.5,13,715.39,763.75,7.5,time,695,955,1.4674666666666667,1.5666666666666667,17.482142857142858,ES
2013-10-15,1,1702.75,1694.75,13,-535.86,-487.5,7.5,stop,610,870,-1.0992,-1.0,17.982142857142858,ES
2013-10-16,1,1715.0,1715.75,7,17.71,43.75,13.5,time,655,955,0.037481481481481484,0.09259259259259259,18.446428571428573,ES
2013-10-17,1,1713.75,1727.0,20,1300.6,1375.0,5.0,time,605,955,2.6012,2.75,19.410714285714285,ES
2013-10-18,1,1736.25,1730.0,17,-551.99,-488.75,5.75,stop,605,630,-1.129391304347826,-1.0,19.982142857142858,ES
2013-10-21,-1,1736.75,1739.25,20,-274.4,-200.0,4.75,time,640,955,-0.5776842105263157,-0.42105263157894735,19.625,ES
2013-10-22,1,1751.25,1743.0,12,-509.64,-465.0,7.75,stop,600,655,-1.0959999999999999,-1.0,19.089285714285715,ES
2013-10-23,-1,1736.0,1741.5,12,-344.64,-300.0,7.75,time,650,955,-0.7411612903225806,-0.6451612903225806,19.125,ES
2013-10-24,1,1745.75,1746.5,18,45.54,112.5,5.5,time,665,955,0.092,0.22727272727272727,18.5,ES
2013-10-25,1,1752.75,1748.75,20,-424.4,-350.0,3.5,stop,600,620,-1.2125714285714284,-1.0,18.017857142857142,ES
2013-10-28,1,1756.75,1752.0,20,-499.4,-425.0,4.25,stop,610,655,-1.1750588235294117,-1.0,17.392857142857142,ES
2013-10-29,-1,1759.5,1764.25,20,-499.4,-425.0,4.25,stop,605,740,-1.1750588235294117,-1.0,16.321428571428573,ES
2013-10-30,-1,1765.75,1759.0,20,650.6,725.0,4.5,time,605,955,1.4457777777777778,1.6111111111111112,15.857142857142858,ES
2013-10-31,-1,1753.0,1762.25,11,-522.17,-481.25,8.75,stop,615,855,-1.0850285714285715,-1.0,14.535714285714286,ES
2013-11-01,1,1759.75,1754.75,20,-524.4,-450.0,4.5,stop,605,615,-1.1653333333333333,-1.0,14.392857142857142,ES
2013-11-04,-1,1756.75,1763.25,16,-539.52,-480.0,6.0,stop,655,955,-1.1239999999999999,-1.0,13.946428571428571,ES
2013-11-08,1,1753.5,1767.0,10,662.8,700.0,10.0,time,615,955,1.3256,1.4,13.285714285714286,ES
2013-11-14,1,1783.5,1787.75,18,360.54,427.5,5.5,time,635,955,0.7283636363636364,0.8636363636363636,12.232142857142858,ES
2013-11-15,1,1791.5,1787.75,20,-399.4,-325.0,3.25,stop,645,710,-1.2289230769230768,-1.0,12.803571428571429,ES
2013-11-18,-1,1793.0,1789.75,15,225.45,281.25,6.5,time,600,955,0.4624615384615384,0.5769230769230769,12.785714285714286,ES
2013-11-21,1,1789.75,1793.25,16,260.48,320.0,6.0,time,630,955,0.5426666666666667,0.6666666666666666,12.75,ES
2013-11-22,1,1796.75,1802.5,20,550.6,625.0,4.0,time,610,955,1.3765,1.5625,12.553571428571429,ES
2013-11-25,-1,1802.5,1801.75,20,50.6,125.0,4.0,time,600,955,0.1265,0.3125,12.678571428571429,ES
2013-11-29,1,1811.75,1806.75,20,-524.4,-450.0,4.5,stop,610,765,-1.1653333333333333,-1.0,12.571428571428571,ES
2013-12-04,1,1793.25,1784.25,11,-508.42,-467.5,8.5,stop,600,800,-1.0875294117647059,-1.0,12.053571428571429,ES
2013-12-11,-1,1794.0,1781.5,11,674.08,715.0,8.75,time,605,955,1.4006857142857143,1.4857142857142858,13.053571428571429,ES
2013-12-12,-1,1775.5,1776.25,13,-64.61,-16.25,7.5,time,615,955,-0.13253333333333334,-0.03333333333333333,14.589285714285714,ES
2013-12-13,-1,1773.0,1775.25,13,-162.11,-113.75,7.5,time,615,955,-0.33253333333333335,-0.23333333333333334,13.678571428571429,ES
2013-12-23,1,1823.5,1819.25,20,-449.4,-375.0,3.75,stop,690,830,-1.1984,-1.0,13.178571428571429,ES
2013-12-26,1,1833.5,1836.25,20,250.6,325.0,2.25,time,625,955,1.1137777777777778,1.4444444444444444,15.821428571428571,ES
2013-12-27,-1,1836.5,1836.25,20,0.6000000000000014,75.0,3.25,time,630,955,0.0018461538461538504,0.23076923076923078,15.839285714285714,ES
2013-12-30,-1,1833.5,1835.75,20,-249.4,-175.0,4.25,time,625,955,-0.5868235294117647,-0.4117647058823529,15.392857142857142,ES
2013-12-31,1,1840.25,1837.0,20,-349.4,-275.0,2.75,stop,600,880,-1.2705454545454544,-1.0,14.946428571428571,ES
2014-01-02,-1,1829.75,1826.5,12,180.36,225.0,8.0,time,690,955,0.37575000000000003,0.46875,14.982142857142858,ES
2014-01-06,-1,1822.25,1821.0,10,50.3,87.5,10.0,time,655,955,0.1006,0.175,16.035714285714285,ES
2014-01-09,-1,1833.75,1833.0,20,50.6,125.0,4.0,time,610,955,0.1265,0.3125,16.428571428571427,ES
2014-01-10,-1,1830.0,1837.5,11,-425.92,-385.0,8.5,time,600,955,-0.9110588235294118,-0.8235294117647058,16.803571428571427,ES
2014-01-13,1,1836.75,1832.0,20,-499.4,-425.0,4.25,stop,605,745,-1.1750588235294117,-1.0,16.125,ES
2014-01-15,1,1842.5,1842.75,17,0.5100000000000016,63.75,5.75,time,600,955,0.0010434782608695684,0.13043478260869565,16.75,ES
2014-01-16,-1,1835.25,1841.25,18,-561.96,-495.0,5.5,stop,650,800,-1.1352727272727274,-1.0,16.964285714285715,ES
2014-01-17,1,1839.5,1833.5,18,-561.96,-495.0,5.5,stop,660,905,-1.1352727272727274,-1.0,16.75,ES
2014-01-21,-1,1837.75,1838.5,16,-79.52,-20.0,6.0,time,610,955,-0.16566666666666666,-0.041666666666666664,16.910714285714285,ES
2014-01-27,-1,1783.75,1776.0,14,525.42,577.5,7.0,time,610,955,1.0722857142857143,1.1785714285714286,17.375,ES
2014-01-31,1,1773.25,1776.0,12,150.36,195.0,8.25,time,610,955,0.3037575757575758,0.3939393939393939,19.285714285714285,ES
2014-02-03,-1,1766.0,1737.25,7,997.71,1023.75,12.75,time,600,955,2.235764705882353,2.2941176470588234,19.875,ES
2014-02-05,-1,1738.25,1747.25,11,-508.42,-467.5,8.5,stop,610,710,-1.0875294117647059,-1.0,22.714285714285715,ES
2014-02-06,1,1760.25,1769.0,10,425.3,462.5,9.5,time,600,955,0.8953684210526316,0.9736842105263158,23.732142857142858,ES
2014-02-10,-1,1787.25,1793.5,17,-551.99,-488.75,5.75,stop,645,850,-1.129391304347826,-1.0,24.785714285714285,ES
2014-02-12,-1,1816.0,1816.25,14,-34.58,17.5,7.0,time,630,955,-0.07057142857142856,0.03571428571428571,25.160714285714285,ES
2014-02-13,1,1813.75,1825.25,9,506.52,540.0,10.5,time,605,955,1.072,1.1428571428571428,26.107142857142858,ES
2014-02-14,1,1828.75,1835.0,14,420.42,472.5,7.0,time,610,955,0.858,0.9642857142857143,26.589285714285715,ES
2014-02-18,-1,1832.25,1840.0,13,-519.61,-471.25,7.25,stop,600,690,-1.1026206896551725,-1.0,26.928571428571427,ES
2014-02-20,-1,1822.5,1831.5,11,-508.42,-467.5,8.5,stop,605,630,-1.0875294117647059,-1.0,25.482142857142858,ES
2014-02-21,1,1842.75,1836.0,16,-559.52,-500.0,6.25,stop,600,860,-1.11904,-1.0,24.553571428571427,ES
2014-02-24,1,1850.75,1844.75,7,-218.54,-192.5,13.5,time,635,955,-0.4625185185185185,-0.4074074074074074,24.75,ES
2014-02-26,1,1849.0,1840.0,11,-508.42,-467.5,8.5,stop,625,865,-1.0875294117647059,-1.0,25.571428571428573,ES
2014-03-03,-1,1838.25,1844.25,9,-280.98,-247.5,10.5,time,695,955,-0.5946666666666667,-0.5238095238095238,25.232142857142858,ES
2014-03-07,-1,1871.0,1877.25,7,-227.29,-201.25,13.5,time,660,955,-0.48103703703703704,-0.42592592592592593,22.339285714285715,ES
2014-03-10,-1,1870.25,1877.5,14,-524.58,-472.5,6.75,stop,610,950,-1.1102222222222222,-1.0,20.196428571428573,ES
2014-03-11,1,1881.0,1871.5,11,-535.92,-495.0,9.0,stop,650,730,-1.0826666666666667,-1.0,19.696428571428573,ES
2014-03-12,1,1862.25,1867.25,12,285.36,330.0,8.25,time,605,955,0.5764848484848485,0.6666666666666666,19.392857142857142,ES
2014-03-13,-1,1869.25,1847.25,18,1958.04,2025.0,5.5,time,610,955,3.9556363636363634,4.090909090909091,18.571428571428573,ES
2014-03-14,-1,1842.25,1852.5,10,-524.7,-487.5,9.75,stop,670,710,-1.0763076923076924,-1.0,18.928571428571427,ES
2014-03-17,1,1855.0,1850.75,8,-179.76,-150.0,12.0,time,600,955,-0.3745,-0.3125,18.196428571428573,ES
2014-03-18,1,1863.0,1864.5,10,62.8,100.0,10.0,time,615,955,0.1256,0.2,18.035714285714285,ES
2014-03-20,1,1856.75,1864.5,9,337.77,371.25,10.25,time,605,955,0.7322926829268293,0.8048780487804879,19.0,ES
2014-03-21,-1,1871.25,1857.75,19,1259.32,1330.0,5.25,time,600,955,2.5249523809523806,2.6666666666666665,19.607142857142858,ES
2014-03-24,-1,1854.25,1849.75,8,170.24,200.0,11.5,time,600,955,0.3700869565217392,0.43478260869565216,19.5,ES
2014-03-25,-1,1857.5,1859.0,20,-174.4,-100.0,5.0,time,630,955,-0.3488,-0.2,20.339285714285715,ES
2014-03-26,-1,1862.25,1845.0,16,1360.48,1420.0,6.25,time,620,955,2.72096,2.84,20.285714285714285,ES
2014-03-27,1,1846.75,1840.75,8,-249.76,-220.0,12.5,time,605,955,-0.49951999999999996,-0.44,19.392857142857142,ES
2014-03-28,1,1856.5,1845.0,9,-528.48,-495.0,11.0,stop,600,855,-1.0676363636363637,-1.0,19.303571428571427,ES
2014-03-31,1,1867.0,1860.75,17,-551.99,-488.75,5.75,stop,600,680,-1.129391304347826,-1.0,19.785714285714285,ES
2014-04-01,1,1876.5,1870.0,16,-539.52,-480.0,6.0,stop,600,720,-1.1239999999999999,-1.0,19.732142857142858,ES
2014-04-02,1,1882.0,1883.5,18,113.03999999999999,180.0,5.5,time,625,955,0.22836363636363635,0.36363636363636365,19.642857142857142,ES
2014-04-03,-1,1882.0,1881.5,20,25.6,100.0,4.75,time,625,955,0.053894736842105266,0.21052631578947367,17.964285714285715,ES
2014-04-04,-1,1879.25,1859.25,7,691.46,717.5,12.75,time,665,955,1.5494901960784315,1.607843137254902,17.803571428571427,ES
2014-04-07,1,1856.5,1847.0,11,-535.92,-495.0,9.0,stop,610,650,-1.0826666666666667,-1.0,19.339285714285715,ES
2014-04-08,-1,1833.0,1842.75,10,-499.7,-462.5,9.25,stop,620,660,-1.0804324324324324,-1.0,19.946428571428573,ES
2014-04-11,1,1826.5,1813.0,7,-481.04,-455.0,13.0,stop,650,855,-1.0572307692307692,-1.0,19.553571428571427,ES
2014-04-14,1,1826.25,1816.0,10,-524.7,-487.5,9.75,stop,650,870,-1.0763076923076924,-1.0,22.214285714285715,ES
2014-04-15,-1,1824.5,1837.5,8,-529.76,-500.0,12.5,stop,620,920,-1.05952,-1.0,21.821428571428573,ES
2014-04-16,-1,1841.5,1851.25,10,-499.7,-462.5,9.25,stop,640,725,-1.0804324324324324,-1.0,22.678571428571427,ES
2014-04-17,1,1857.0,1858.0,15,56.7,112.5,6.5,time,625,955,0.11630769230769232,0.23076923076923078,22.321428571428573,ES
2014-04-21,1,1864.25,1857.75,16,-539.52,-480.0,6.0,stop,600,635,-1.1239999999999999,-1.0,22.267857142857142,ES
2014-04-22,1,1872.25,1873.0,16,40.480000000000004,100.0,6.25,time,600,955,0.08096,0.2,21.589285714285715,ES
2014-04-23,-1,1867.75,1869.5,17,-169.49,-106.25,5.75,time,600,955,-0.3467826086956522,-0.21739130434782608,21.25,ES
2014-04-25,-1,1861.0,1858.0,14,192.92000000000002,245.0,6.75,time,630,955,0.4082962962962963,0.5185185185185185,21.071428571428573,ES
2014-04-28,1,1869.5,1858.25,9,-517.23,-483.75,10.75,stop,615,715,-1.0692093023255815,-1.0,21.678571428571427,ES
2014-04-29,-1,1865.5,1874.75,11,-522.17,-481.25,8.75,stop,625,750,-1.0850285714285715,-1.0,21.053571428571427,ES
2014-04-30,1,1872.75,1878.25,18,473.04,540.0,5.5,time,625,955,0.9556363636363637,1.0909090909090908,20.125,ES
2014-05-01,-1,1873.25,1879.75,16,-539.52,-480.0,6.0,stop,610,650,-1.1239999999999999,-1.0,19.75,ES
2014-05-02,1,1885.0,1874.75,10,-524.7,-487.5,9.75,stop,610,645,-1.0763076923076924,-1.0,19.035714285714285,ES
2014-05-05,1,1869.5,1878.25,11,467.83,508.75,8.75,time,610,955,0.9721142857142857,1.0571428571428572,15.839285714285714,ES
2014-05-06,1,1875.25,1869.0,17,-551.99,-488.75,5.75,stop,630,660,-1.129391304347826,-1.0,15.857142857142858,ES
2014-05-07,-1,1860.0,1871.75,8,-479.76,-450.0,11.25,stop,605,705,-1.0661333333333334,-1.0,15.017857142857142,ES
2014-05-12,1,1888.75,1891.75,14,192.92000000000002,245.0,6.75,time,610,955,0.4082962962962963,0.5185185185185185,14.946428571428571,ES
2014-05-13,1,1898.5,1892.5,18,-561.96,-495.0,5.5,stop,635,700,-1.1352727272727274,-1.0,15.607142857142858,ES
2014-05-15,-1,1867.25,1868.5,7,-52.29,-26.25,14.0,time,605,955,-0.1067142857142857,-0.05357142857142857,15.464285714285714,ES
2014-05-16,-1,1862.5,1869.75,14,-524.58,-472.5,6.75,stop,605,690,-1.1102222222222222,-1.0,16.25,ES
2014-05-19,1,1878.5,1881.25,11,137.83,178.75,9.0,time,660,955,0.2784444444444445,0.3611111111111111,15.839285714285714,ES
2014-05-21,1,1883.0,1885.0,12,105.36,150.0,8.25,time,650,955,0.21284848484848484,0.30303030303030304,15.214285714285714,ES
2014-05-22,1,1891.0,1890.0,12,-74.64,-30.0,8.0,time,645,955,-0.1555,-0.0625,15.517857142857142,ES
2014-05-23,1,1893.75,1897.75,20,375.6,450.0,2.75,time,600,955,1.3658181818181818,1.6363636363636365,15.517857142857142,ES
2014-05-27,1,1908.5,1909.0,20,25.6,100.0,4.75,time,615,955,0.053894736842105266,0.21052631578947367,14.267857142857142,ES
2014-05-28,-1,1907.0,1911.75,20,-499.4,-425.0,4.25,stop,600,730,-1.1750588235294117,-1.0,13.535714285714286,ES
2014-05-29,-1,1910.0,1914.0,20,-424.4,-350.0,3.5,stop,605,860,-1.2125714285714284,-1.0,12.714285714285714,ES
2014-05-30,1,1917.5,1920.5,20,275.6,350.0,3.0,time,600,955,0.9186666666666667,1.1666666666666667,12.589285714285714,ES
2014-06-02,-1,1916.0,1924.0,13,-535.86,-487.5,7.5,stop,600,945,-1.0992,-1.0,11.857142857142858,ES
2014-06-03,1,1921.75,1916.5,20,-549.4,-475.0,4.75,stop,600,700,-1.1566315789473685,-1.0,12.125,ES
2014-06-04,1,1921.75,1925.5,20,350.6,425.0,4.75,time,600,955,0.7381052631578948,0.8947368421052632,11.767857142857142,ES
2014-06-05,-1,1923.25,1929.75,16,-539.52,-480.0,6.0,stop,605,665,-1.1239999999999999,-1.0,10.660714285714286,ES
2014-06-06,1,1946.75,1947.75,20,75.6,150.0,4.75,time,605,955,0.15915789473684208,0.3157894736842105,11.053571428571429,ES
2014-06-09,1,1952.75,1946.5,17,-551.99,-488.75,5.75,stop,675,850,-1.129391304347826,-1.0,10.767857142857142,ES
2014-06-10,-1,1944.25,1949.0,20,-499.4,-425.0,4.25,stop,600,650,-1.1750588235294117,-1.0,10.214285714285714,ES
2014-06-11,-1,1941.0,1943.75,20,-299.4,-225.0,4.0,time,630,955,-0.7484999999999999,-0.5625,9.5,ES
2014-06-16,1,1932.0,1923.5,12,-524.64,-480.0,8.0,stop,600,690,-1.093,-1.0,9.517857142857142,ES
2014-06-17,1,1933.25,1934.25,11,41.58,82.5,8.75,time,605,955,0.08639999999999999,0.17142857142857143,10.357142857142858,ES
2014-06-18,-1,1931.0,1937.25,17,-551.99,-488.75,5.75,stop,655,840,-1.129391304347826,-1.0,10.696428571428571,ES
2014-06-19,-1,1947.75,1951.25,20,-374.4,-300.0,4.25,time,620,955,-0.8809411764705882,-0.7058823529411765,11.732142857142858,ES
2014-06-20,-1,1951.75,1955.75,20,-424.4,-350.0,3.5,stop,625,660,-1.2125714285714284,-1.0,11.75,ES
2014-06-23,1,1955.5,1950.75,20,-499.4,-425.0,4.25,stop,600,685,-1.1750588235294117,-1.0,11.303571428571429,ES
2014-06-24,1,1954.25,1949.75,20,-474.4,-400.0,4.0,stop,600,865,-1.186,-1.0,11.125,ES
2014-06-25,1,1948.5,1950.5,9,79.02,112.5,10.5,time,655,955,0.16723809523809524,0.23809523809523808,11.839285714285714,ES
2014-06-27,1,1949.75,1944.5,20,-549.4,-475.0,4.75,stop,660,795,-1.1566315789473685,-1.0,12.839285714285714,ES
2014-06-30,1,1954.75,1950.25,20,-474.4,-400.0,4.0,stop,600,945,-1.186,-1.0,12.160714285714286,ES
2014-07-01,1,1962.25,1965.5,17,255.51,318.75,5.75,time,605,955,0.5227826086956522,0.6521739130434783,11.928571428571429,ES
2014-07-02,1,1969.25,1967.5,20,-199.4,-125.0,4.25,time,660,955,-0.4691764705882353,-0.29411764705882354,12.696428571428571,ES
2014-07-07,1,1974.5,1970.25,20,-449.4,-375.0,3.75,stop,610,655,-1.1984,-1.0,11.160714285714286,ES
2014-07-08,-1,1958.5,1958.25,11,0.33000000000000007,41.25,8.75,time,600,955,0.0006857142857142858,0.08571428571428572,10.928571428571429,ES
2014-07-09,-1,1959.0,1965.5,16,-539.52,-480.0,6.0,stop,610,640,-1.1239999999999999,-1.0,10.696428571428571,ES
2014-07-10,1,1952.5,1958.25,15,412.95,468.75,6.5,time,605,955,0.8470769230769231,0.9615384615384616,10.839285714285714,ES
2014-07-14,1,1973.75,1971.0,20,-299.4,-225.0,3.75,time,660,955,-0.7983999999999999,-0.6,12.321428571428571,ES
2014-07-15,-1,1969.75,1968.25,16,100.48,160.0,6.25,time,610,955,0.20096,0.32,11.767857142857142,ES
2014-07-16,-1,1971.0,1975.25,14,-314.58,-262.5,6.75,time,645,955,-0.6657777777777777,-0.5555555555555556,11.910714285714286,ES
2014-07-17,1,1975.25,1967.75,14,-542.08,-490.0,7.0,stop,620,670,-1.1062857142857143,-1.0,11.535714285714286,ES
2014-07-18,1,1963.25,1972.0,17,723.01,786.25,5.75,time,650,955,1.479304347826087,1.608695652173913,12.732142857142858,ES
2014-07-21,-1,1961.25,1968.0,16,-559.52,-500.0,6.25,stop,635,800,-1.11904,-1.0,13.839285714285714,ES
2014-07-22,1,1978.75,1976.5,20,-249.4,-175.0,4.75,time,605,955,-0.5250526315789473,-0.3684210526315789,13.375,ES
2014-07-23,1,1981.75,1981.25,17,-63.239999999999995,0.0,5.75,time,630,955,-0.12939130434782609,0.0,13.875,ES
2014-07-24,1,1985.75,1980.75,20,-524.4,-450.0,4.5,stop,690,785,-1.1653333333333333,-1.0,13.678571428571429,ES
2014-07-25,1,1977.75,1972.25,20,-574.4,-500.0,5.0,stop,620,660,-1.1488,-1.0,13.964285714285714,ES
2014-07-28,-1,1963.25,1973.25,10,-512.2,-475.0,9.5,stop,600,810,-1.0783157894736843,-1.0,14.321428571428571,ES
2014-07-29,1,1979.0,1973.0,18,-561.96,-495.0,5.5,stop,605,665,-1.1352727272727274,-1.0,14.142857142857142,ES
2014-07-30,-1,1965.0,1965.25,11,-27.17,13.75,9.0,time,600,955,-0.05488888888888889,0.027777777777777776,14.5,ES
2014-07-31,-1,1945.75,1925.25,14,1417.92,1470.0,6.75,time,605,955,3.000888888888889,3.111111111111111,14.285714285714286,ES
2014-08-01,1,1930.75,1918.75,8,-489.76,-460.0,11.5,stop,600,665,-1.064695652173913,-1.0,16.428571428571427,ES
2014-08-04,-1,1920.0,1925.25,20,-549.4,-475.0,4.75,stop,635,750,-1.1566315789473685,-1.0,17.107142857142858,ES
2014-08-05,1,1929.25,1920.25,11,-508.42,-467.5,8.5,stop,630,755,-1.0875294117647059,-1.0,17.482142857142858,ES
2014-08-06,1,1916.25,1914.75,9,-78.48,-45.0,10.75,time,600,955,-0.16223255813953488,-0.09302325581395349,18.625,ES
2014-08-07,-1,1916.5,1904.75,11,632.83,673.75,9.0,time,645,955,1.2784444444444445,1.3611111111111112,18.0,ES
2014-08-08,1,1911.75,1926.5,13,942.89,991.25,7.25,time,645,955,2.0008275862068965,2.103448275862069,18.285714285714285,ES
2014-08-11,1,1937.5,1931.75,19,-569.43,-498.75,5.25,stop,605,840,-1.1417142857142857,-1.0,19.089285714285715,ES
2014-08-12,-1,1926.25,1930.0,11,-219.67,-178.75,9.0,time,660,955,-0.44377777777777777,-0.3611111111111111,19.232142857142858,ES
2014-08-13,1,1941.0,1943.25,15,150.45,206.25,6.5,time,660,955,0.30861538461538457,0.4230769230769231,19.571428571428573,ES
2014-08-14,1,1948.25,1951.5,20,300.6,375.0,3.0,time,630,955,1.002,1.25,20.232142857142858,ES
2014-08-15,1,1960.0,1956.0,20,-424.4,-350.0,3.5,stop,625,640,-1.2125714285714284,-1.0,19.892857142857142,ES
2014-08-18,1,1966.25,1967.75,20,125.6,200.0,4.75,time,620,955,0.26442105263157895,0.42105263157894735,20.5,ES
2014-08-19,1,1975.5,1977.75,20,200.6,275.0,4.5,time,610,955,0.4457777777777778,0.6111111111111112,20.660714285714285,ES
2014-08-20,1,1979.75,1983.25,20,325.6,400.0,4.25,time,620,955,0.7661176470588236,0.9411764705882353,20.232142857142858,ES
2014-08-21,1,1989.25,1988.75,20,-74.4,0.0,5.0,time,635,955,-0.14880000000000002,0.0,18.142857142857142,ES
2014-08-22,1,1990.25,1984.0,17,-551.99,-488.75,5.75,stop,605,655,-1.129391304347826,-1.0,17.178571428571427,ES
2014-08-25,1,1998.25,1993.0,20,-549.4,-475.0,4.75,stop,645,780,-1.1566315789473685,-1.0,16.25,ES
2014-08-26,1,2001.25,1996.75,20,-474.4,-400.0,4.0,stop,645,955,-1.186,-1.0,15.375,ES
2014-08-27,-1,1995.25,1997.0,20,-199.4,-125.0,4.5,time,625,955,-0.4431111111111111,-0.2777777777777778,14.535714285714286,ES
2014-08-28,1,1993.75,1995.5,18,135.54,202.5,5.5,time,645,955,0.2738181818181818,0.4090909090909091,13.142857142857142,ES
2014-08-29,-1,1993.25,2000.0,16,-559.52,-500.0,6.25,stop,610,690,-1.11904,-1.0,12.035714285714286,ES
2014-09-02,-1,1997.5,2000.25,15,-224.55,-168.75,6.5,time,705,955,-0.46061538461538465,-0.34615384615384615,11.0,ES
2014-09-04,1,2009.25,2000.75,12,-524.64,-480.0,8.0,stop,610,865,-1.093,-1.0,10.714285714285714,ES
2014-09-05,-1,1989.0,1997.5,12,-524.64,-480.0,8.0,stop,635,710,-1.093,-1.0,11.482142857142858,ES
2014-09-08,-1,2001.5,2000.5,20,75.6,150.0,4.25,time,615,955,0.17788235294117646,0.35294117647058826,11.071428571428571,ES
2014-09-09,-1,1991.0,1998.75,13,-519.61,-471.25,7.25,stop,620,825,-1.1026206896551725,-1.0,10.696428571428571,ES
2014-09-10,-1,1982.5,1990.25,13,-519.61,-471.25,7.25,stop,600,735,-1.1026206896551725,-1.0,11.071428571428571,ES
2014-09-11,1,1993.5,1996.75,13,195.39,243.75,7.25,time,690,955,0.4146206896551724,0.5172413793103449,11.357142857142858,ES
2014-09-12,-1,1987.0,1985.75,12,60.36,105.0,8.25,time,600,955,0.12193939393939394,0.21212121212121213,11.625,ES
2014-09-16,1,1981.0,1990.75,10,475.3,512.5,10.0,time,610,955,0.9506,1.025,12.339285714285714,ES
2014-09-17,-1,1991.0,1996.5,20,-574.4,-500.0,5.0,stop,690,840,-1.1488,-1.0,13.571428571428571,ES
2014-09-18,1,2002.0,2004.0,20,175.6,250.0,4.5,time,600,955,0.3902222222222222,0.5555555555555556,14.535714285714286,ES
2014-09-19,-1,2007.0,2002.75,18,360.54,427.5,5.5,time,625,955,0.7283636363636364,0.8636363636363636,14.714285714285714,ES
2014-09-22,-1,1992.5,1987.0,15,394.2,450.0,6.5,time,620,955,0.8086153846153846,0.9230769230769231,15.071428571428571,ES
2014-09-26,1,1968.25,1974.25,11,316.58,357.5,8.5,time,600,955,0.6771764705882353,0.7647058823529411,16.303571428571427,ES
2014-09-29,1,1962.0,1970.0,16,620.48,680.0,6.25,time,610,955,1.24096,1.36,17.428571428571427,ES
2014-09-30,-1,1962.75,1974.75,8,-489.76,-460.0,11.5,stop,600,645,-1.064695652173913,-1.0,17.410714285714285,ES
2014-10-01,-1,1948.25,1938.5,7,332.71,358.75,14.25,time,600,955,0.6670877192982456,0.7192982456140351,17.357142857142858,ES
2014-10-02,-1,1935.5,1942.75,14,-524.58,-472.5,6.75,stop,610,850,-1.1102222222222222,-1.0,18.732142857142858,ES
2014-10-03,1,1959.5,1959.75,7,0.21000000000000085,26.25,13.75,time,600,955,0.00043636363636363816,0.05454545454545454,19.446428571428573,ES
2014-10-06,-1,1966.5,1957.5,20,875.6,950.0,4.25,time,600,955,2.060235294117647,2.235294117647059,20.232142857142858,ES
2014-10-07,1,1950.0,1939.5,10,-537.2,-500.0,10.0,stop,630,865,-1.0744,-1.0,20.821428571428573,ES
2014-10-08,-1,1925.25,1934.0,12,-539.64,-495.0,8.25,stop,600,825,-1.0901818181818181,-1.0,21.75,ES
2014-10-09,-1,1948.25,1921.25,8,1070.24,1100.0,12.25,time,630,955,2.1841632653061223,2.2448979591836733,23.892857142857142,ES
2014-10-10,-1,1914.0,1900.0,5,343.9,362.5,17.0,time,610,955,0.8091764705882353,0.8529411764705882,25.107142857142858,ES
2014-10-13,-1,1889.25,1906.25,6,-517.32,-495.0,16.5,stop,615,760,-1.0450909090909093,-1.0,25.946428571428573,ES
2014-10-14,1,1886.75,1870.25,6,-502.32,-480.0,16.0,stop,675,905,-1.0465,-1.0,27.892857142857142,ES
2014-10-16,1,1852.25,1856.0,3,52.59,63.75,29.25,time,645,955,0.11986324786324787,0.1452991452991453,28.839285714285715,ES
2014-10-17,1,1880.5,1879.25,9,-67.23,-33.75,10.25,time,600,955,-0.14575609756097563,-0.07317073170731707,30.928571428571427,ES
2014-10-20,1,1888.5,1897.0,7,288.96,315.0,13.75,time,620,955,0.6004363636363635,0.6545454545454545,31.517857142857142,ES
2014-10-22,1,1942.0,1933.0,11,-508.42,-467.5,8.5,stop,670,755,-1.0875294117647059,-1.0,31.875,ES
2014-10-23,1,1944.5,1943.5,13,-80.86,-32.5,7.25,time,605,955,-0.1715862068965517,-0.06896551724137931,33.92857142857143,ES
2014-10-24,1,1954.0,1958.0,9,169.02,202.5,10.75,time,695,955,0.3493953488372093,0.4186046511627907,34.19642857142857,ES
2014-10-27,-1,1945.0,1953.0,13,-535.86,-487.5,7.5,stop,600,640,-1.0992,-1.0,33.714285714285715,ES
2014-10-28,1,1967.75,1977.5,16,760.48,820.0,6.0,time,675,955,1.5843333333333334,1.7083333333333333,32.910714285714285,ES
2014-10-29,-1,1977.5,1975.75,12,90.36,135.0,8.0,time,645,955,0.18825,0.28125,33.107142857142854,ES
2014-10-30,1,1979.25,1988.75,10,462.8,500.0,9.25,time,670,955,1.0006486486486488,1.0810810810810811,32.625,ES
2014-11-03,-1,2009.25,2015.25,18,-561.96,-495.0,5.5,stop,615,705,-1.1352727272727274,-1.0,30.017857142857142,ES
2014-11-10,1,2032.0,2034.0,16,140.48,200.0,6.0,time,640,955,0.29266666666666663,0.4166666666666667,28.571428571428573,ES
2014-11-14,1,2038.25,2033.0,20,-549.4,-475.0,4.75,stop,600,630,-1.1566315789473685,-1.0,27.446428571428573,ES
2014-11-17,1,2036.5,2032.0,20,-474.4,-400.0,4.0,stop,610,690,-1.186,-1.0,26.017857142857142,ES
2014-11-18,1,2047.25,2050.25,12,165.36,210.0,8.0,time,605,955,0.34450000000000003,0.4375,23.160714285714285,ES
2014-11-19,-1,2041.25,2048.5,14,-524.58,-472.5,6.75,stop,600,840,-1.1102222222222222,-1.0,21.732142857142858,ES
2014-11-20,1,2045.0,2050.75,12,330.36,375.0,8.25,time,600,955,0.6673939393939394,0.7575757575757576,20.928571428571427,ES
2014-11-21,-1,2067.0,2062.0,20,475.6,550.0,5.0,time,605,955,0.9512,1.1,18.75,ES
2014-11-27,-1,2071.25,2074.0,20,-299.4,-225.0,2.25,stop,600,710,-1.3306666666666667,-1.0,16.821428571428573,ES
2014-11-28,1,2071.75,2066.5,20,-549.4,-475.0,4.75,stop,605,755,-1.1566315789473685,-1.0,16.267857142857142,ES
2014-12-04,-1,2066.75,2072.25,20,-574.4,-500.0,5.0,stop,625,750,-1.1488,-1.0,14.946428571428571,ES
2014-12-08,1,2074.5,2067.25,14,-524.58,-472.5,6.75,stop,620,735,-1.1102222222222222,-1.0,14.839285714285714,ES
2014-12-10,-1,2042.0,2026.0,8,630.24,660.0,12.0,time,630,955,1.313,1.375,14.696428571428571,ES
2014-12-11,1,2051.25,2032.75,5,-468.6,-450.0,18.0,stop,620,950,-1.0413333333333334,-1.0,16.553571428571427,ES
2014-12-12,-1,2016.0,2002.5,6,397.68,420.0,16.0,time,655,955,0.8285,0.875,17.107142857142858,ES
2014-12-15,-1,2002.75,1981.75,10,1037.8,1075.0,9.25,time,600,955,2.243891891891892,2.324324324324324,18.982142857142858,ES
2014-12-16,1,1984.25,1968.25,6,-487.32,-465.0,15.5,stop,615,950,-1.048,-1.0,21.017857142857142,ES
2014-12-17,1,1985.0,2006.25,6,630.18,652.5,14.75,time,680,955,1.4241355932203388,1.4745762711864407,23.160714285714285,ES
2014-12-18,1,2039.5,2029.25,10,-524.7,-487.5,9.75,stop,605,665,-1.0763076923076924,-1.0,25.446428571428573,ES
2014-12-24,1,2082.25,2078.75,20,-374.4,-300.0,3.0,stop,640,775,-1.248,-1.0,27.75,ES
2014-12-29,1,2088.25,2085.5,14,-209.57999999999998,-157.5,7.0,time,610,955,-0.42771428571428566,-0.32142857142857145,28.017857142857142,ES
2015-01-02,-1,2056.75,2051.0,10,275.3,312.5,9.5,time,605,955,0.5795789473684211,0.6578947368421053,27.821428571428573,ES
2015-01-05,-1,2025.25,2014.5,6,315.18,337.5,15.0,time,630,955,0.7004,0.75,29.892857142857142,ES
2015-01-07,1,2017.25,2007.25,10,-512.2,-475.0,9.5,stop,600,640,-1.0783157894736843,-1.0,31.071428571428573,ES
2015-01-14,1,2005.5,1990.0,6,-472.32,-450.0,15.0,stop,605,730,-1.0496,-1.0,31.535714285714285,ES
2015-01-16,-1,1981.25,1994.75,7,-481.04,-455.0,13.0,stop,610,630,-1.0572307692307692,-1.0,31.196428571428573,ES
2015-01-20,-1,2002.75,2017.0,4,-289.88,-275.0,20.25,time,640,955,-0.7157530864197531,-0.6790123456790124,27.964285714285715,ES
2015-01-21,1,2027.25,2026.5,4,-19.88,-5.0,21.75,time,645,955,-0.04570114942528736,-0.011494252873563218,26.214285714285715,ES
2015-01-22,1,2042.0,2056.75,4,290.12,305.0,22.5,time,650,955,0.6447111111111111,0.6777777777777778,26.839285714285715,ES
2015-01-23,-1,2048.0,2055.5,14,-542.08,-490.0,7.0,stop,645,655,-1.1062857142857143,-1.0,29.071428571428573,ES
2015-01-26,1,2044.75,2050.25,10,262.8,300.0,10.0,time,640,955,0.5256000000000001,0.6,29.375,ES
2015-01-29,-1,1984.0,2001.5,5,-443.6,-425.0,17.0,stop,640,815,-1.043764705882353,-1.0,30.053571428571427,ES
2015-02-02,-1,1979.0,1998.25,5,-487.35,-468.75,18.75,stop,600,690,-1.03968,-1.0,31.589285714285715,ES
2015-02-06,1,2064.25,2055.75,12,-524.64,-480.0,8.0,stop,610,805,-1.093,-1.0,31.625,ES
2015-02-11,1,2064.75,2059.25,20,-574.4,-500.0,5.0,stop,670,760,-1.1488,-1.0,33.30357142857143,ES
2015-02-13,1,2090.75,2084.5,17,-551.99,-488.75,5.75,stop,660,810,-1.129391304347826,-1.0,31.732142857142858,ES
2015-02-16,1,2091.75,2089.75,20,-224.4,-150.0,1.5,stop,650,715,-1.496,-1.0,31.267857142857142,ES
2015-02-17,1,2092.25,2096.75,17,361.76,425.0,5.75,time,610,955,0.7401739130434782,0.8695652173913043,29.767857142857142,ES
2015-02-18,-1,2089.25,2094.75,20,-574.4,-500.0,5.0,stop,620,840,-1.1488,-1.0,28.303571428571427,ES
2015-02-19,1,2092.5,2095.0,20,225.6,300.0,4.75,time,605,955,0.4749473684210526,0.631578947368421,28.089285714285715,ES
2015-02-23,1,2105.75,2106.75,17,64.26,127.5,5.75,time,680,955,0.13147826086956524,0.2608695652173913,27.035714285714285,ES
2015-02-24,1,2109.25,2113.25,20,375.6,450.0,3.75,time,620,955,1.0016,1.2,24.767857142857142,ES
2015-02-27,1,2110.0,2103.0,15,-543.3,-487.5,6.5,stop,645,885,-1.1144615384615384,-1.0,24.375,ES
2015-03-02,1,2109.0,2115.0,15,431.7,487.5,6.5,time,605,955,0.8855384615384615,1.0,20.160714285714285,ES
2015-03-04,-1,2087.25,2099.75,8,-509.76,-480.0,12.0,stop,610,760,-1.062,-1.0,18.142857142857142,ES
2015-03-05,1,2102.25,2095.75,16,-539.52,-480.0,6.0,stop,610,770,-1.1239999999999999,-1.0,16.410714285714285,ES
2015-03-09,1,2075.5,2078.25,20,250.6,325.0,5.0,time,605,955,0.5012,0.65,16.0,ES
2015-03-11,-1,2042.75,2040.0,16,200.48,260.0,6.0,time,630,955,0.41766666666666663,0.5416666666666666,16.017857142857142,ES
2015-03-12,1,2060.75,2065.25,7,148.96,175.0,14.0,time,675,955,0.304,0.35714285714285715,16.803571428571427,ES
2015-03-13,-1,2055.75,2053.0,12,150.36,195.0,8.0,time,600,955,0.31325000000000003,0.40625,17.982142857142858,ES
2015-03-16,1,2066.0,2073.25,8,280.24,310.0,12.0,time,615,955,0.5838333333333333,0.6458333333333334,18.910714285714285,ES
2015-03-17,-1,2056.75,2067.75,9,-505.98,-472.5,10.5,stop,675,835,-1.070857142857143,-1.0,19.785714285714285,ES
2015-03-18,1,2061.5,2055.5,18,-561.96,-495.0,5.5,stop,655,740,-1.1352727272727274,-1.0,20.160714285714285,ES
2015-03-19,1,2088.75,2081.0,13,-519.61,-471.25,7.25,stop,615,650,-1.1026206896551725,-1.0,21.660714285714285,ES
2015-03-20,1,2097.25,2100.0,20,250.6,325.0,4.75,time,630,955,0.527578947368421,0.6842105263157895,22.125,ES
2015-03-23,1,2107.0,2099.0,13,-535.86,-487.5,7.5,stop,620,955,-1.0992,-1.0,23.035714285714285,ES
2015-03-24,1,2097.0,2090.25,16,-559.52,-500.0,6.25,stop,600,805,-1.11904,-1.0,22.964285714285715,ES
2015-03-25,-1,2073.5,2053.0,6,607.68,630.0,15.5,time,690,955,1.3068387096774192,1.3548387096774193,23.517857142857142,ES
2015-03-26,-1,2039.25,2050.5,9,-517.23,-483.75,10.75,stop,605,700,-1.0692093023255815,-1.0,25.196428571428573,ES
2015-03-27,1,2053.5,2046.25,14,-524.58,-472.5,6.75,stop,600,610,-1.1102222222222222,-1.0,24.660714285714285,ES
2015-03-31,1,2071.5,2064.5,15,-543.3,-487.5,6.5,stop,620,910,-1.1144615384615384,-1.0,24.803571428571427,ES
2015-04-06,1,2062.5,2073.5,6,322.68,345.0,15.25,time,605,955,0.7053114754098361,0.7540983606557377,23.321428571428573,ES
2015-04-08,-1,2068.25,2075.0,8,-279.76,-250.0,11.25,time,640,955,-0.6216888888888888,-0.5555555555555556,23.035714285714285,ES
2015-04-09,-1,2071.0,2081.75,9,-494.73,-461.25,10.25,stop,640,900,-1.0725853658536586,-1.0,22.553571428571427,ES
2015-04-10,1,2089.75,2095.0,20,500.6,575.0,5.0,time,605,955,1.0012,1.15,22.767857142857142,ES
2015-04-13,1,2101.0,2093.25,13,-519.61,-471.25,7.25,stop,620,785,-1.1026206896551725,-1.0,20.196428571428573,ES
2015-04-14,-1,2077.25,2090.25,8,-529.76,-500.0,12.5,stop,600,750,-1.05952,-1.0,20.285714285714285,ES
2015-04-16,1,2098.25,2098.25,20,-24.4,50.0,5.0,time,645,955,-0.048799999999999996,0.1,19.946428571428573,ES
2015-04-17,-1,2075.75,2074.0,9,67.77,101.25,11.0,time,600,955,0.1369090909090909,0.20454545454545456,19.571428571428573,ES
2015-04-20,1,2095.75,2093.25,8,-109.76,-80.0,11.25,time,655,955,-0.24391111111111113,-0.17777777777777778,19.357142857142858,ES
2015-04-21,-1,2094.5,2091.5,11,151.58,192.5,8.75,time,605,955,0.3149714285714286,0.4,19.446428571428573,ES
2015-04-22,-1,2086.75,2096.25,11,-535.92,-495.0,9.0,stop,600,645,-1.0826666666666667,-1.0,19.839285714285715,ES
2015-04-23,1,2102.0,2106.75,14,315.42,367.5,7.0,time,600,955,0.6437142857142858,0.75,19.142857142857142,ES
2015-04-27,-1,2113.0,2103.0,16,780.48,840.0,6.0,time,665,955,1.6260000000000001,1.75,17.428571428571427,ES
2015-04-28,-1,2095.75,2104.5,12,-539.64,-495.0,8.25,stop,600,670,-1.0901818181818181,-1.0,17.732142857142858,ES
2015-04-29,-1,2096.5,2107.25,9,-494.73,-461.25,10.25,stop,620,880,-1.0725853658536586,-1.0,18.267857142857142,ES
2015-04-30,-1,2084.75,2079.0,7,192.71,218.75,13.0,time,600,955,0.42353846153846153,0.4807692307692308,18.160714285714285,ES
2015-05-01,1,2094.25,2088.0,17,-551.99,-488.75,5.75,stop,615,640,-1.129391304347826,-1.0,19.464285714285715,ES
2015-05-05,-1,2098.25,2083.5,9,652.77,686.25,10.75,time,600,955,1.3493953488372092,1.4186046511627908,19.821428571428573,ES
2015-05-06,-1,2072.5,2074.75,4,-49.88,-35.0,21.0,time,605,955,-0.11876190476190476,-0.08333333333333333,20.678571428571427,ES
2015-05-07,1,2080.25,2083.0,10,125.3,162.5,10.0,time,650,955,0.2506,0.325,22.142857142857142,ES
2015-05-08,1,2109.75,2110.75,14,52.92,105.0,7.0,time,605,955,0.108,0.21428571428571427,21.071428571428573,ES
2015-05-11,-1,2106.5,2100.5,15,431.7,487.5,6.5,time,630,955,0.8855384615384615,1.0,21.535714285714285,ES
2015-05-12,1,2092.0,2093.5,8,50.24,80.0,11.5,time,635,955,0.10921739130434784,0.17391304347826086,21.375,ES
2015-05-13,-1,2096.25,2095.0,10,50.3,87.5,10.0,time,645,955,0.1006,0.175,21.410714285714285,ES
2015-05-14,1,2111.0,2116.5,13,341.64,390.0,7.25,time,610,955,0.7249655172413793,0.8275862068965517,21.071428571428573,ES
2015-05-15,-1,2113.25,2119.25,14,-437.08,-385.0,7.0,time,600,955,-0.892,-0.7857142857142857,22.089285714285715,ES
2015-05-18,1,2122.0,2125.0,18,248.04,315.0,5.5,time,670,955,0.501090909090909,0.6363636363636364,21.214285714285715,ES
2015-05-21,1,2125.25,2128.75,18,293.04,360.0,5.5,time,600,955,0.5920000000000001,0.7272727272727273,18.642857142857142,ES
2015-05-22,1,2128.5,2124.0,20,-474.4,-400.0,5.0,time,640,955,-0.9488,-0.8,17.839285714285715,ES
2015-05-26,-1,2108.25,2101.75,9,281.52,315.0,10.75,time,605,955,0.5819534883720929,0.6511627906976745,15.660714285714286,ES
2015-05-27,1,2117.0,2121.0,7,131.46,157.5,14.25,time,700,955,0.2635789473684211,0.3157894736842105,15.214285714285714,ES
2015-05-28,-1,2111.75,2119.25,12,-464.64,-420.0,8.25,time,705,955,-0.9386666666666666,-0.8484848484848485,15.482142857142858,ES
2015-05-29,-1,2111.0,2105.25,13,357.89,406.25,7.5,time,625,955,0.7341333333333333,0.8333333333333334,14.089285714285714,ES
2015-06-01,-1,2102.5,2115.5,8,-529.76,-500.0,12.5,stop,610,810,-1.05952,-1.0,14.285714285714286,ES
2015-06-02,1,2107.75,2107.5,8,-19.759999999999998,10.0,11.25,time,635,955,-0.04391111111111111,0.022222222222222223,14.071428571428571,ES
2015-06-03,1,2117.75,2113.0,9,-224.73,-191.25,10.25,time,610,955,-0.48721951219512194,-0.4146341463414634,14.410714285714286,ES
2015-06-04,1,2110.5,2099.5,9,-505.98,-472.5,10.5,stop,600,665,-1.070857142857143,-1.0,13.732142857142858,ES
2015-06-05,1,2097.5,2091.5,7,-218.54,-192.5,13.75,time,620,955,-0.4541090909090909,-0.4,14.785714285714286,ES
2015-06-08,-1,2084.75,2078.5,14,420.42,472.5,7.0,time,685,955,0.858,0.9642857142857143,15.053571428571429,ES
2015-06-09,-1,2072.0,2082.25,10,-524.7,-487.5,9.75,stop,625,690,-1.0763076923076924,-1.0,15.446428571428571,ES
2015-06-10,1,2095.75,2102.75,11,371.58,412.5,8.75,time,605,955,0.7721142857142856,0.8571428571428571,15.517857142857142,ES
2015-06-11,1,2114.25,2107.5,16,-559.52,-500.0,6.25,stop,600,635,-1.11904,-1.0,16.767857142857142,ES
2015-06-12,-1,2093.5,2093.5,12,-14.64,30.0,8.25,time,630,955,-0.029575757575757578,0.06060606060606061,17.142857142857142,ES
2015-06-15,1,2074.0,2075.5,9,56.519999999999996,90.0,11.0,time,660,955,0.11418181818181818,0.18181818181818182,18.232142857142858,ES
2015-06-16,1,2083.0,2087.75,9,202.77,236.25,10.75,time,670,955,0.4191627906976744,0.4883720930232558,18.535714285714285,ES
2015-06-17,-1,2090.5,2095.5,20,-524.4,-450.0,4.5,stop,620,880,-1.1653333333333333,-1.0,18.107142857142858,ES
2015-06-18,1,2108.5,2113.25,8,180.24,210.0,11.25,time,605,955,0.40053333333333335,0.4666666666666667,18.767857142857142,ES
2015-06-22,1,2118.5,2112.25,17,-551.99,-488.75,5.75,stop,605,745,-1.129391304347826,-1.0,19.267857142857142,ES
2015-06-23,1,2119.25,2116.0,20,-349.4,-275.0,2.75,stop,605,615,-1.2705454545454544,-1.0,19.428571428571427,ES
2015-06-24,1,2116.25,2110.5,19,-569.43,-498.75,5.25,stop,625,675,-1.1417142857142857,-1.0,19.107142857142858,ES
2015-06-29,-1,2072.0,2048.75,9,1035.27,1068.75,11.0,time,655,955,2.0914545454545452,2.159090909090909,18.714285714285715,ES
2015-06-30,-1,2055.25,2053.5,8,60.24,90.0,12.0,time,610,955,0.1255,0.1875,21.0,ES
2015-07-02,-1,2071.25,2067.25,18,338.04,405.0,5.5,time,605,955,0.6829090909090909,0.8181818181818182,20.339285714285715,ES
2015-07-06,1,2061.5,2061.0,8,-29.759999999999998,0.0,12.0,time,610,955,-0.06199999999999999,0.0,20.142857142857142,ES
2015-07-07,-1,2051.5,2064.25,8,-519.76,-490.0,12.25,stop,600,880,-1.060734693877551,-1.0,19.482142857142858,ES
2015-07-09,-1,2059.5,2043.75,12,930.36,975.0,8.25,time,605,955,1.8795151515151516,1.9696969696969697,22.0,ES
2015-07-10,-1,2062.5,2070.25,13,-519.61,-471.25,7.25,stop,635,700,-1.1026206896551725,-1.0,21.803571428571427,ES
2015-07-14,1,2098.25,2101.25,15,206.7,262.5,6.5,time,625,955,0.424,0.5384615384615384,23.25,ES
2015-07-15,1,2105.0,2099.5,20,-574.4,-500.0,5.0,stop,615,880,-1.1488,-1.0,23.607142857142858,ES
2015-07-16,1,2115.75,2117.25,20,125.6,200.0,4.75,time,695,955,0.26442105263157895,0.42105263157894735,23.267857142857142,ES
2015-07-20,1,2122.5,2120.25,19,-236.93,-166.25,5.25,time,665,955,-0.47504761904761905,-0.3333333333333333,22.857142857142858,ES
2015-07-21,-1,2117.25,2112.0,20,500.6,575.0,3.75,time,630,955,1.3349333333333333,1.5333333333333334,20.267857142857142,ES
2015-07-23,-1,2103.75,2096.0,15,562.95,618.75,6.5,time,685,955,1.1547692307692308,1.2692307692307692,18.714285714285715,ES
2015-07-24,-1,2090.75,2073.75,14,1172.92,1225.0,6.75,time,615,955,2.4823703703703703,2.5925925925925926,19.732142857142858,ES
2015-07-27,1,2065.5,2056.25,11,-522.17,-481.25,8.75,stop,615,945,-1.0850285714285715,-1.0,20.214285714285715,ES
2015-07-28,-1,2062.25,2072.5,10,-524.7,-487.5,9.75,stop,625,665,-1.0763076923076924,-1.0,18.5,ES
2015-07-29,1,2093.25,2101.0,16,600.48,660.0,6.25,time,630,955,1.20096,1.32,18.25,ES
2015-07-30,1,2099.25,2101.25,8,70.24,100.0,11.25,time,705,955,0.1560888888888889,0.2222222222222222,17.732142857142858,ES
2015-08-04,1,2094.25,2087.75,16,-539.52,-480.0,6.0,stop,610,655,-1.1239999999999999,-1.0,16.196428571428573,ES
2015-08-05,1,2105.5,2097.75,13,-519.61,-471.25,7.25,stop,620,720,-1.1026206896551725,-1.0,16.339285714285715,ES
2015-08-06,-1,2085.5,2078.25,8,280.24,310.0,12.25,time,620,955,0.5719183673469388,0.6326530612244898,16.571428571428573,ES
2015-08-07,-1,2068.5,2073.0,12,-284.64,-240.0,8.0,time,625,955,-0.593,-0.5,18.053571428571427,ES
2015-08-10,1,2095.75,2099.5,10,175.3,212.5,9.5,time,660,955,0.3690526315789474,0.4473684210526316,18.5,ES
2015-08-11,1,2087.25,2080.5,16,-559.52,-500.0,6.25,stop,620,660,-1.11904,-1.0,19.517857142857142,ES
2015-08-12,-1,2054.0,2065.5,9,-528.48,-495.0,11.0,stop,605,780,-1.0676363636363637,-1.0,20.946428571428573,ES
2015-08-17,1,2082.75,2099.0,12,960.36,1005.0,7.75,time,610,955,2.0652903225806454,2.161290322580645,21.125,ES
2015-08-18,1,2098.5,2092.5,18,-561.96,-495.0,5.5,stop,615,775,-1.1352727272727274,-1.0,20.910714285714285,ES
2015-08-19,-1,2073.75,2084.75,9,-505.98,-472.5,10.5,stop,640,845,-1.070857142857143,-1.0,20.375,ES
2015-08-20,-1,2052.5,2032.5,8,790.24,820.0,12.25,time,600,955,1.612734693877551,1.6734693877551021,21.142857142857142,ES
2015-08-21,1,2020.5,2007.25,7,-472.29,-446.25,12.75,stop,600,635,-1.0583529411764707,-1.0,23.357142857142858,ES
2015-08-25,-1,1924.5,1865.0,4,1185.12,1200.0,22.5,time,630,955,2.6336,2.6666666666666665,35.32142857142857,ES
2015-08-26,-1,1886.25,1918.0,3,-479.91,-468.75,31.25,stop,615,905,-1.023808,-1.0,39.92857142857143,ES
2015-08-27,1,1972.5,1957.75,7,-524.79,-498.75,14.25,stop,645,895,-1.0522105263157895,-1.0,43.339285714285715,ES
2015-08-28,1,1985.5,1975.0,10,-537.2,-500.0,10.0,stop,680,810,-1.0744,-1.0,45.67857142857143,ES
2015-08-31,-1,1963.25,1978.0,7,-524.79,-498.75,14.25,stop,600,700,-1.0522105263157895,-1.0,45.07142857142857,ES
2015-09-02,-1,1922.75,1939.25,6,-502.32,-480.0,16.0,stop,615,945,-1.0465,-1.0,46.875,ES
2015-09-03,1,1965.75,1951.25,7,-516.04,-490.0,14.0,stop,615,785,-1.0531428571428572,-1.0,48.535714285714285,ES
2015-09-07,1,1935.25,1930.25,20,-524.4,-450.0,4.5,stop,665,740,-1.1653333333333333,-1.0,51.0,ES
2015-09-08,-1,1950.25,1959.5,11,-522.17,-481.25,8.75,stop,600,865,-1.0850285714285715,-1.0,51.589285714285715,ES
2015-09-09,-1,1977.25,1940.0,10,1850.3,1887.5,10.0,time,600,955,3.7006,3.775,52.357142857142854,ES
2015-09-10,1,1949.25,1950.75,8,50.24,80.0,12.5,time,635,955,0.10048,0.16,52.910714285714285,ES
2015-09-11,1,1949.25,1959.75,10,512.8,550.0,10.0,time,710,955,1.0255999999999998,1.1,50.5,ES
2015-09-16,-1,1967.25,1974.5,14,-524.58,-472.5,6.75,stop,600,665,-1.1102222222222222,-1.0,37.964285714285715,ES
2015-09-17,1,1986.0,1980.25,19,-569.43,-498.75,5.25,stop,600,840,-1.1417142857142857,-1.0,35.732142857142854,ES
2015-09-18,1,1960.0,1948.5,9,-528.48,-495.0,11.0,stop,610,835,-1.0676363636363637,-1.0,34.839285714285715,ES
2015-09-21,1,1965.0,1954.0,9,-505.98,-472.5,10.5,stop,630,720,-1.070857142857143,-1.0,36.19642857142857,ES
2015-09-22,-1,1926.0,1931.25,10,-274.7,-237.5,9.5,time,630,955,-0.5783157894736842,-0.5,36.32142857142857,ES
2015-09-23,1,1935.75,1925.75,10,-512.2,-475.0,9.5,stop,645,695,-1.0783157894736843,-1.0,34.160714285714285,ES
2015-09-24,-1,1902.0,1916.5,7,-516.04,-490.0,14.0,stop,625,860,-1.0531428571428572,-1.0,32.660714285714285,ES
2015-09-25,-1,1931.25,1940.75,11,-535.92,-495.0,9.0,stop,620,785,-1.0826666666666667,-1.0,32.589285714285715,ES
2015-09-28,-1,1898.0,1871.75,7,910.21,936.25,13.5,time,600,955,1.9263703703703705,1.9814814814814814,32.035714285714285,ES
2015-09-29,1,1882.5,1865.5,6,-517.32,-495.0,16.5,stop,610,900,-1.0450909090909093,-1.0,34.44642857142857,ES
2015-09-30,1,1905.25,1894.25,9,-505.98,-472.5,10.5,stop,605,715,-1.070857142857143,-1.0,33.767857142857146,ES
2015-10-01,-1,1901.5,1913.75,6,-374.82,-352.5,15.5,time,600,955,-0.8060645161290323,-0.7580645161290323,32.75,ES
2015-10-02,1,1893.75,1941.75,9,2149.02,2182.5,10.5,time,635,955,4.548190476190476,4.619047619047619,32.5,ES
2015-10-05,1,1967.0,1977.5,8,410.24,440.0,11.5,time,610,955,0.8918260869565218,0.9565217391304348,35.125,ES
2015-10-06,-1,1972.0,1971.0,10,37.8,75.0,10.0,time,620,955,0.0756,0.15,36.160714285714285,ES
2015-10-07,1,1990.5,1980.25,10,-524.7,-487.5,9.75,stop,610,640,-1.0763076923076924,-1.0,34.392857142857146,ES
2015-10-08,1,1986.0,2005.0,14,1312.92,1365.0,7.0,time,690,955,2.6794285714285717,2.7857142857142856,33.5,ES
2015-10-09,-1,2004.25,2012.5,12,-509.64,-465.0,7.75,stop,605,660,-1.0959999999999999,-1.0,32.892857142857146,ES
2015-10-12,-1,2002.5,2009.0,16,-539.52,-480.0,6.0,stop,620,690,-1.1239999999999999,-1.0,32.089285714285715,ES
2015-10-13,1,2008.0,1997.75,10,-524.7,-487.5,9.75,stop,600,915,-1.0763076923076924,-1.0,29.892857142857142,ES
2015-10-14,-1,1992.0,1986.0,10,287.8,325.0,9.5,time,620,955,0.6058947368421053,0.6842105263157895,30.125,ES
2015-10-15,1,2000.0,1991.0,11,-508.42,-467.5,8.5,stop,645,710,-1.0875294117647059,-1.0,29.321428571428573,ES
2015-10-16,-1,2016.75,2024.0,14,-524.58,-472.5,6.75,stop,615,930,-1.1102222222222222,-1.0,29.25,ES
2015-10-19,1,2023.0,2026.25,11,165.33,206.25,8.5,time,610,955,0.3536470588235294,0.4411764705882353,26.517857142857142,ES
2015-10-20,1,2027.25,2019.25,13,-535.86,-487.5,7.5,stop,605,810,-1.0992,-1.0,25.410714285714285,ES
2015-10-21,-1,2024.75,2011.75,16,1020.48,1080.0,6.25,time,600,955,2.04096,2.16,23.642857142857142,ES
2015-10-22,1,2033.25,2045.5,8,480.24,510.0,11.5,time,600,955,1.044,1.108695652173913,23.267857142857142,ES
2015-10-23,-1,2060.5,2071.75,9,-517.23,-483.75,10.75,stop,675,875,-1.0692093023255815,-1.0,21.696428571428573,ES
2015-10-27,-1,2054.25,2061.25,15,-543.3,-487.5,6.5,stop,630,660,-1.1144615384615384,-1.0,20.232142857142858,ES
2015-10-28,1,2067.75,2060.0,13,-519.61,-471.25,7.25,stop,600,850,-1.1026206896551725,-1.0,19.428571428571427,ES
2015-10-29,1,2083.25,2076.25,15,-543.3,-487.5,6.5,stop,605,645,-1.1144615384615384,-1.0,19.285714285714285,ES
2015-10-30,-1,2078.75,2086.25,14,-542.08,-490.0,7.0,stop,610,775,-1.1062857142857143,-1.0,19.107142857142858,ES
2015-11-02,1,2084.75,2097.0,10,600.3,637.5,9.25,time,600,955,1.297945945945946,1.3783783783783783,19.678571428571427,ES
2015-11-06,-1,2080.5,2093.5,6,-397.32,-375.0,15.5,time,600,955,-0.8544516129032258,-0.8064516129032258,20.142857142857142,ES
2015-11-09,-1,2078.25,2073.5,10,225.3,262.5,9.5,time,600,955,0.47431578947368425,0.5526315789473685,20.178571428571427,ES
2015-11-11,-1,2075.0,2082.0,15,-543.3,-487.5,6.5,stop,600,755,-1.1144615384615384,-1.0,20.178571428571427,ES
2015-11-19,-1,2075.5,2078.75,12,-209.64,-165.0,8.0,time,710,955,-0.43674999999999997,-0.34375,23.196428571428573,ES
2015-11-20,1,2094.0,2086.0,13,-535.86,-487.5,7.5,stop,610,735,-1.0992,-1.0,24.75,ES
2015-11-23,1,2092.5,2084.25,12,-509.64,-465.0,7.75,stop,615,840,-1.0959999999999999,-1.0,24.339285714285715,ES
2015-11-24,-1,2069.0,2078.75,10,-499.7,-462.5,9.25,stop,630,690,-1.0804324324324324,-1.0,22.732142857142858,ES
2015-11-25,1,2090.25,2086.25,14,-297.08,-245.0,6.75,time,630,955,-0.6287407407407407,-0.5185185185185185,22.5,ES
2015-11-27,-1,2082.75,2088.75,18,-561.96,-495.0,5.5,stop,600,660,-1.1352727272727274,-1.0,22.196428571428573,ES
2015-11-30,-1,2084.0,2080.25,12,210.36,255.0,7.75,time,600,955,0.4523870967741936,0.5483870967741935,21.178571428571427,ES
2015-12-01,-1,2086.25,2097.5,9,-517.23,-483.75,10.75,stop,620,930,-1.0692093023255815,-1.0,21.357142857142858,ES
2015-12-02,-1,2096.25,2078.25,16,1420.48,1480.0,6.25,time,660,955,2.84096,2.96,21.714285714285715,ES
2015-12-03,-1,2069.25,2049.0,6,600.18,622.5,15.0,time,600,955,1.3337333333333332,1.3833333333333333,21.75,ES
2015-12-04,1,2070.5,2089.0,5,456.4,475.0,18.25,time,630,955,1.0003287671232877,1.0410958904109588,23.517857142857142,ES
2015-12-07,-1,2077.0,2075.75,12,60.36,105.0,8.25,time,600,955,0.12193939393939394,0.21212121212121213,24.446428571428573,ES
2015-12-08,1,2063.0,2062.0,8,-49.76,-20.0,11.25,time,640,955,-0.11057777777777777,-0.044444444444444446,25.267857142857142,ES
2015-12-09,1,2070.0,2053.75,6,-494.82,-472.5,15.75,stop,605,705,-1.0472380952380953,-1.0,23.107142857142858,ES
2015-12-10,1,2057.25,2050.75,8,-269.76,-240.0,12.5,time,635,955,-0.53952,-0.48,23.875,ES
2015-12-11,1,2031.5,2019.5,8,-489.76,-460.0,11.5,stop,625,695,-1.064695652173913,-1.0,24.392857142857142,ES
2015-12-14,-1,1997.0,2011.5,7,-516.04,-490.0,14.0,stop,610,615,-1.0531428571428572,-1.0,26.464285714285715,ES
2015-12-16,-1,2044.25,2052.5,12,-509.64,-465.0,7.75,stop,605,840,-1.0959999999999999,-1.0,28.678571428571427,ES
2015-12-17,-1,2051.5,2032.25,5,475.15,493.75,17.75,time,615,955,1.0707605633802817,1.1126760563380282,30.625,ES
2015-12-18,-1,2013.0,1994.25,9,832.77,866.25,10.5,time,605,955,1.7624761904761905,1.8333333333333333,32.357142857142854,ES
2015-12-21,-1,2003.75,2012.5,9,-404.73,-371.25,10.5,time,670,955,-0.8565714285714287,-0.7857142857142857,34.107142857142854,ES
2015-12-23,1,2047.0,2056.75,20,950.6,1025.0,5.0,time,635,955,1.9012,2.05,33.732142857142854,ES
2015-12-24,-1,2050.5,2057.5,15,-543.3,-487.5,6.5,stop,600,715,-1.1144615384615384,-1.0,32.464285714285715,ES
2015-12-28,-1,2038.25,2047.0,12,-539.64,-495.0,8.25,stop,600,810,-1.0901818181818181,-1.0,30.035714285714285,ES
2015-12-29,1,2068.0,2070.5,14,157.92000000000002,210.0,7.0,time,600,955,0.32228571428571434,0.42857142857142855,29.375,ES
2015-12-30,-1,2063.0,2055.75,19,665.57,736.25,5.25,time,620,955,1.3344761904761906,1.4761904761904763,29.482142857142858,ES
2015-12-31,-1,2040.75,2048.0,14,-524.58,-472.5,6.75,stop,625,705,-1.1102222222222222,-1.0,27.464285714285715,ES
2016-01-04,-1,1989.25,2001.25,8,-489.76,-460.0,11.5,stop,600,945,-1.064695652173913,-1.0,27.357142857142858,ES
2016-01-05,-1,2002.25,2013.25,9,-505.98,-472.5,10.5,stop,600,860,-1.070857142857143,-1.0,28.107142857142858,ES
2016-01-06,1,1990.25,1976.75,7,-481.04,-455.0,13.0,stop,620,880,-1.0572307692307692,-1.0,27.25,ES
2016-01-07,1,1964.5,1944.75,5,-499.85,-481.25,19.25,stop,630,790,-1.0386493506493506,-1.0,27.767857142857142,ES
2016-01-08,-1,1940.75,1914.0,8,1060.24,1090.0,12.25,time,600,955,2.1637551020408163,2.2244897959183674,28.839285714285715,ES
2016-01-11,-1,1910.75,1915.5,5,-124.85,-106.25,18.0,time,650,955,-0.27744444444444444,-0.2361111111111111,29.214285714285715,ES
2016-01-12,-1,1924.75,1931.0,6,-194.82,-172.5,15.25,time,620,955,-0.42583606557377046,-0.3770491803278688,29.107142857142858,ES
2016-01-13,-1,1931.75,1883.0,8,1940.24,1970.0,11.25,time,610,955,4.311644444444444,4.377777777777778,30.107142857142858,ES
2016-01-14,1,1894.5,1913.0,4,365.12,380.0,22.0,time,620,955,0.8298181818181818,0.8636363636363636,33.05357142857143,ES
2016-01-19,-1,1877.0,1875.0,5,43.9,62.5,18.25,time,675,955,0.09621917808219178,0.136986301369863,38.392857142857146,ES
2016-01-20,-1,1833.5,1852.75,5,-487.35,-468.75,18.75,stop,600,915,-1.03968,-1.0,39.285714285714285,ES
2016-01-21,1,1863.75,1860.75,4,-64.88,-50.0,22.75,time,610,955,-0.14259340659340658,-0.10989010989010989,43.089285714285715,ES
2016-01-22,1,1899.75,1886.75,8,-529.76,-500.0,12.5,stop,610,670,-1.05952,-1.0,44.57142857142857,ES
2016-01-25,-1,1886.25,1895.75,11,-535.92,-495.0,9.0,stop,640,800,-1.0826666666666667,-1.0,43.642857142857146,ES
2016-01-26,1,1887.25,1895.75,8,330.24,360.0,12.5,time,605,955,0.6604800000000001,0.72,44.517857142857146,ES
2016-01-27,-1,1884.5,1894.5,10,-512.2,-475.0,9.5,stop,600,690,-1.0783157894736843,-1.0,43.785714285714285,ES
2016-01-28,-1,1885.75,1886.0,9,-22.23,11.25,10.25,time,600,955,-0.04819512195121951,0.024390243902439025,43.267857142857146,ES
2016-01-29,1,1907.75,1931.0,7,805.21,831.25,14.25,time,600,955,1.6144561403508773,1.6666666666666667,42.357142857142854,ES
2016-02-01,-1,1913.5,1922.75,11,-522.17,-481.25,8.75,stop,600,615,-1.0850285714285715,-1.0,43.05357142857143,ES
2016-02-03,-1,1887.25,1909.25,4,-444.88,-430.0,21.5,stop,600,905,-1.0346046511627907,-1.0,40.875,ES
2016-02-04,1,1913.5,1909.5,5,-106.1,-87.5,19.5,time,610,955,-0.21764102564102564,-0.1794871794871795,40.214285714285715,ES
2016-02-05,-1,1886.0,1873.5,5,306.4,325.0,19.0,time,625,955,0.6450526315789473,0.6842105263157895,37.642857142857146,ES
2016-02-08,-1,1835.25,1852.75,5,-443.6,-425.0,17.0,stop,615,945,-1.043764705882353,-1.0,40.30357142857143,ES
2016-02-09,1,1852.75,1847.75,3,-78.66,-67.5,26.75,time,600,955,-0.19603738317757008,-0.16822429906542055,41.17857142857143,ES
2016-02-10,1,1870.0,1854.75,6,-464.82,-442.5,14.75,stop,615,695,-1.0504406779661017,-1.0,38.857142857142854,ES
2016-02-11,-1,1812.75,1833.75,4,-424.88,-410.0,20.5,stop,670,940,-1.0362926829268293,-1.0,38.142857142857146,ES
2016-02-12,1,1850.25,1860.5,6,300.18,322.5,14.75,time,670,955,0.6783728813559322,0.7288135593220338,38.19642857142857,ES
2016-02-16,-1,1874.0,1884.75,9,-494.73,-461.25,10.25,stop,600,720,-1.0725853658536586,-1.0,38.267857142857146,ES
2016-02-17,1,1912.25,1922.75,12,615.36,660.0,8.0,time,605,955,1.282,1.375,36.57142857142857,ES
2016-02-18,-1,1918.0,1914.75,11,165.33,206.25,8.75,time,645,955,0.34354285714285715,0.42857142857142855,36.92857142857143,ES
2016-02-19,1,1912.25,1914.25,7,61.46,87.5,13.25,time,630,955,0.13252830188679246,0.18867924528301888,34.75,ES
2016-02-22,1,1942.5,1941.5,9,-55.980000000000004,-22.5,10.25,time,600,955,-0.1213658536585366,-0.04878048780487805,34.035714285714285,ES
2016-02-23,-1,1929.75,1918.0,13,747.89,796.25,7.25,time,605,955,1.5870344827586207,1.6896551724137931,33.142857142857146,ES
2016-02-24,1,1901.25,1925.75,8,970.24,1000.0,11.75,time,700,955,2.064340425531915,2.127659574468085,31.625,ES
2016-02-25,-1,1925.0,1937.0,8,-489.76,-460.0,11.5,stop,600,815,-1.064695652173913,-1.0,32.660714285714285,ES
2016-02-26,-1,1953.5,1945.5,13,504.14,552.5,7.25,time,600,955,1.069793103448276,1.1724137931034482,31.482142857142858,ES
2016-02-29,1,1948.5,1940.75,13,-519.61,-471.25,7.25,stop,665,860,-1.1026206896551725,-1.0,29.089285714285715,ES
2016-03-01,1,1947.0,1975.25,11,1540.33,1581.25,8.5,time,600,955,3.2948235294117647,3.3823529411764706,28.410714285714285,ES
2016-03-02,1,1975.75,1968.0,13,-519.61,-471.25,7.25,stop,610,630,-1.1026206896551725,-1.0,29.464285714285715,ES
2016-03-03,-1,1974.75,1982.5,13,-519.61,-471.25,7.25,stop,610,645,-1.1026206896551725,-1.0,27.767857142857142,ES
2016-03-04,1,1995.75,1997.25,8,50.24,80.0,11.5,time,640,955,0.10921739130434784,0.17391304347826086,26.375,ES
2016-03-07,1,1994.5,1999.5,12,285.36,330.0,8.25,time,615,955,0.5764848484848485,0.6666666666666666,26.303571428571427,ES
2016-03-08,-1,1980.75,1988.5,13,-519.61,-471.25,7.25,stop,605,710,-1.1026206896551725,-1.0,26.071428571428573,ES
2016-03-09,1,1989.75,1982.25,14,-542.08,-490.0,7.0,stop,635,650,-1.1062857142857143,-1.0,25.232142857142858,ES
2016-03-10,-1,1988.5,1989.5,6,-37.32,-15.0,14.5,time,635,955,-0.08579310344827586,-0.034482758620689655,25.142857142857142,ES
2016-03-11,1,2012.25,2021.25,14,612.92,665.0,6.75,time,630,955,1.297185185185185,1.4074074074074074,26.571428571428573,ES
2016-03-15,1,2001.5,2006.25,17,383.01,446.25,5.75,time,625,955,0.7836521739130434,0.9130434782608695,26.375,ES
2016-03-16,1,2009.25,2000.0,11,-522.17,-481.25,8.75,stop,640,795,-1.0850285714285715,-1.0,24.375,ES
2016-03-17,1,2020.5,2031.0,12,615.36,660.0,7.75,time,635,955,1.3233548387096774,1.4193548387096775,24.053571428571427,ES
2016-03-18,1,2039.75,2034.0,19,-569.43,-498.75,5.25,stop,610,810,-1.1417142857142857,-1.0,24.535714285714285,ES
2016-03-21,-1,2034.25,2041.75,14,-542.08,-490.0,7.0,stop,610,805,-1.1062857142857143,-1.0,23.321428571428573,ES
2016-03-22,1,2038.25,2041.0,13,162.89,211.25,7.5,time,620,955,0.3341333333333333,0.43333333333333335,20.785714285714285,ES
2016-03-23,-1,2030.5,2028.0,15,169.2,225.0,6.5,time,675,955,0.34707692307692306,0.46153846153846156,20.696428571428573,ES
2016-03-24,1,2018.75,2026.5,16,600.48,660.0,6.25,time,645,955,1.20096,1.32,20.625,ES
2016-03-28,-1,2024.25,2032.75,12,-524.64,-480.0,8.0,stop,635,840,-1.093,-1.0,20.053571428571427,ES
2016-03-29,1,2025.5,2046.75,16,1680.48,1740.0,6.0,time,600,955,3.501,3.625,19.589285714285715,ES
2016-03-30,1,2064.25,2055.75,12,-524.64,-480.0,8.0,stop,660,690,-1.093,-1.0,19.910714285714285,ES
2016-03-31,1,2059.0,2054.0,20,-524.4,-450.0,4.5,stop,675,820,-1.1653333333333333,-1.0,20.125,ES
2016-04-01,1,2042.25,2064.25,14,1522.92,1575.0,6.75,time,600,955,3.2231111111111113,3.3333333333333335,18.232142857142858,ES
2016-04-04,1,2065.75,2060.75,20,-524.4,-450.0,4.5,stop,600,645,-1.1653333333333333,-1.0,18.142857142857142,ES
2016-04-05,1,2046.5,2036.5,10,-512.2,-475.0,9.5,stop,605,785,-1.0783157894736843,-1.0,17.625,ES
2016-04-06,1,2043.0,2059.5,12,975.36,1020.0,7.75,time,640,955,2.0975483870967744,2.193548387096774,18.285714285714285,ES
2016-04-07,-1,2045.0,2035.0,20,975.6,1050.0,5.0,time,610,955,1.9512,2.1,18.464285714285715,ES
2016-04-08,1,2052.5,2045.75,16,-559.52,-500.0,6.25,stop,600,685,-1.11904,-1.0,19.107142857142858,ES
2016-04-11,1,2055.75,2046.75,11,-508.42,-467.5,8.5,stop,605,645,-1.0875294117647059,-1.0,19.732142857142858,ES
2016-04-12,-1,2034.75,2043.75,11,-508.42,-467.5,8.5,stop,610,650,-1.0875294117647059,-1.0,20.464285714285715,ES
2016-04-13,1,2072.5,2075.75,13,195.39,243.75,7.25,time,690,955,0.4146206896551724,0.5172413793103449,21.107142857142858,ES
2016-04-14,1,2079.25,2075.75,13,-243.36,-195.0,7.25,time,690,955,-0.5164137931034483,-0.41379310344827586,21.517857142857142,ES
2016-04-15,-1,2073.0,2073.75,20,-99.4,-25.0,3.75,time,600,955,-0.2650666666666667,-0.06666666666666667,21.125,ES
2016-04-18,1,2077.25,2088.25,8,430.24,460.0,11.75,time,600,955,0.9154042553191489,0.9787234042553191,20.803571428571427,ES
2016-04-19,1,2096.75,2090.25,16,-539.52,-480.0,6.0,stop,605,710,-1.1239999999999999,-1.0,20.464285714285715,ES
2016-04-20,-1,2090.75,2096.75,18,-561.96,-495.0,5.5,stop,635,670,-1.1352727272727274,-1.0,20.125,ES
2016-04-21,-1,2090.5,2085.75,12,270.36,315.0,7.75,time,715,955,0.5814193548387097,0.6774193548387096,20.464285714285715,ES
2016-04-22,-1,2079.75,2086.25,12,-404.64,-360.0,8.0,time,635,955,-0.843,-0.75,19.357142857142858,ES
2016-04-25,-1,2074.25,2081.75,14,-542.08,-490.0,7.0,stop,610,955,-1.1062857142857143,-1.0,19.482142857142858,ES
2016-04-26,-1,2083.0,2086.0,13,-210.86,-162.5,7.25,time,625,955,-0.447448275862069,-0.3448275862068966,18.857142857142858,ES
2016-04-27,-1,2079.5,2087.0,14,-542.08,-490.0,7.0,stop,630,845,-1.1062857142857143,-1.0,17.875,ES
2016-04-28,1,2088.0,2077.0,9,-505.98,-472.5,10.5,stop,600,910,-1.070857142857143,-1.0,16.732142857142858,ES
2016-04-29,-1,2056.0,2059.0,9,-145.98,-112.5,10.75,time,600,955,-0.3017674418604651,-0.23255813953488372,17.303571428571427,ES
2016-05-02,1,2067.5,2075.0,12,435.36,480.0,7.75,time,615,955,0.936258064516129,1.032258064516129,17.5,ES
2016-05-03,-1,2052.25,2062.0,10,-499.7,-462.5,9.25,stop,600,815,-1.0804324324324324,-1.0,16.982142857142858,ES
2016-05-04,1,2049.75,2041.75,13,-535.86,-487.5,7.5,stop,600,680,-1.0992,-1.0,17.375,ES
2016-05-05,1,2053.5,2047.25,17,-551.99,-488.75,5.75,stop,600,640,-1.129391304347826,-1.0,17.946428571428573,ES
2016-05-09,-1,2048.5,2058.25,10,-499.7,-462.5,9.25,stop,670,890,-1.0804324324324324,-1.0,18.196428571428573,ES
2016-05-10,1,2070.0,2079.25,11,495.33,536.25,8.5,time,630,955,1.0595294117647058,1.1470588235294117,18.035714285714285,ES
2016-05-11,-1,2070.5,2076.25,19,-569.43,-498.75,5.25,stop,600,630,-1.1417142857142857,-1.0,18.767857142857142,ES
2016-05-12,-1,2059.5,2060.75,10,-74.7,-37.5,10.0,time,615,955,-0.1494,-0.075,19.017857142857142,ES
2016-05-13,-1,2054.75,2042.5,11,660.33,701.25,8.5,time,605,955,1.4124705882352941,1.5,19.535714285714285,ES
2016-05-16,1,2052.75,2062.5,11,522.83,563.75,9.0,time,610,955,1.0562222222222224,1.1388888888888888,20.25,ES
2016-05-18,1,2043.5,2036.0,14,-542.08,-490.0,7.0,stop,605,865,-1.1062857142857143,-1.0,21.875,ES
2016-05-19,-1,2024.75,2036.75,6,-367.32,-345.0,14.75,time,610,955,-0.8301016949152542,-0.7796610169491526,21.785714285714285,ES
2016-05-20,1,2054.0,2048.75,9,-247.23,-213.75,11.0,time,610,955,-0.49945454545454543,-0.4318181818181818,21.589285714285715,ES
2016-05-23,1,2051.75,2046.0,19,-569.43,-498.75,5.25,stop,620,700,-1.1417142857142857,-1.0,21.607142857142858,ES
2016-05-24,1,2066.25,2072.75,10,312.8,350.0,10.0,time,600,955,0.6256,0.7,20.267857142857142,ES
2016-05-25,1,2089.5,2086.5,11,-178.42,-137.5,8.5,time,605,955,-0.3816470588235294,-0.29411764705882354,21.214285714285715,ES
2016-05-27,1,2094.25,2096.5,20,200.6,275.0,4.75,time,685,955,0.4223157894736842,0.5789473684210527,20.678571428571427,ES
2016-05-31,-1,2097.0,2093.5,20,325.6,400.0,3.75,time,635,955,0.8682666666666667,1.0666666666666667,19.142857142857142,ES
2016-06-01,1,2088.25,2096.75,20,825.6,900.0,4.75,time,600,955,1.7381052631578948,1.894736842105263,18.875,ES
2016-06-02,1,2094.75,2103.0,12,480.36,525.0,7.75,time,665,955,1.0330322580645162,1.1290322580645162,18.5,ES
2016-06-03,-1,2087.25,2098.25,9,-505.98,-472.5,10.5,stop,600,875,-1.070857142857143,-1.0,17.910714285714285,ES
2016-06-06,1,2109.25,2099.75,11,-535.92,-495.0,9.0,stop,665,775,-1.0826666666666667,-1.0,17.5,ES
2016-06-07,1,2113.5,2111.0,20,-274.4,-200.0,4.0,time,605,955,-0.6859999999999999,-0.5,16.714285714285715,ES
2016-06-08,-1,2111.75,2119.0,14,-524.58,-472.5,6.75,stop,665,875,-1.1102222222222222,-1.0,15.5,ES
2016-06-09,-1,2107.25,2112.75,20,-574.4,-500.0,5.0,stop,630,795,-1.1488,-1.0,14.535714285714286,ES
2016-06-10,1,2102.25,2095.5,16,-559.52,-500.0,6.25,stop,630,745,-1.11904,-1.0,14.017857142857142,ES
2016-06-13,1,2087.0,2078.5,12,-524.64,-480.0,8.0,stop,625,695,-1.093,-1.0,15.267857142857142,ES
2016-06-14,-1,2063.0,2066.75,10,-199.7,-162.5,9.5,time,615,955,-0.4204210526315789,-0.34210526315789475,14.928571428571429,ES
2016-06-15,1,2074.5,2068.75,19,-569.43,-498.75,5.25,stop,605,870,-1.1417142857142857,-1.0,14.821428571428571,ES
2016-06-16,-1,2043.0,2054.25,9,-517.23,-483.75,10.75,stop,600,685,-1.0692093023255815,-1.0,15.607142857142858,ES
2016-06-17,-1,2060.25,2062.25,12,-134.64,-90.0,7.75,time,625,955,-0.28954838709677416,-0.1935483870967742,17.160714285714285,ES
2016-06-20,1,2090.5,2084.0,16,-539.52,-480.0,6.0,stop,600,710,-1.1239999999999999,-1.0,17.910714285714285,ES
2016-06-21,-1,2074.75,2081.0,17,-551.99,-488.75,5.75,stop,600,660,-1.129391304347826,-1.0,18.946428571428573,ES
2016-06-22,1,2086.5,2081.75,20,-499.4,-425.0,4.25,stop,625,740,-1.1750588235294117,-1.0,18.642857142857142,ES
2016-06-23,1,2097.0,2104.5,12,435.36,480.0,7.75,time,670,955,0.936258064516129,1.032258064516129,18.589285714285715,ES
2016-06-27,-1,1996.0,1991.25,6,135.18,157.5,14.5,time,605,955,0.3107586206896552,0.3620689655172414,23.982142857142858,ES
2016-06-28,-1,2007.75,2018.25,10,-537.2,-500.0,10.0,stop,665,890,-1.0744,-1.0,26.553571428571427,ES
2016-06-29,1,2048.0,2061.75,18,1215.54,1282.5,5.5,time,610,955,2.4556363636363634,2.590909090909091,28.517857142857142,ES
2016-06-30,1,2070.25,2090.75,11,1114.08,1155.0,9.0,time,645,955,2.2506666666666666,2.3333333333333335,30.375,ES
2016-07-01,1,2098.5,2093.5,10,-262.2,-225.0,9.25,time,600,955,-0.5669189189189189,-0.4864864864864865,30.678571428571427,ES
2016-07-04,1,2100.75,2097.5,20,-349.4,-275.0,2.75,stop,630,665,-1.2705454545454544,-1.0,29.625,ES
2016-07-05,-1,2075.5,2080.0,9,-213.48,-180.0,10.75,time,670,955,-0.4413023255813953,-0.37209302325581395,28.875,ES
2016-07-06,1,2076.75,2067.75,11,-508.42,-467.5,8.5,stop,600,625,-1.0875294117647059,-1.0,29.517857142857142,ES
2016-07-07,-1,2092.5,2091.0,10,62.8,100.0,9.25,time,660,955,0.13578378378378378,0.21621621621621623,29.321428571428573,ES
2016-07-08,1,2112.5,2122.0,11,509.08,550.0,8.75,time,605,955,1.0578285714285713,1.1428571428571428,29.589285714285715,ES
2016-07-11,-1,2126.75,2132.75,18,-561.96,-495.0,5.5,stop,620,660,-1.1352727272727274,-1.0,29.892857142857142,ES
2016-07-12,-1,2140.0,2145.5,20,-574.4,-500.0,5.0,stop,605,685,-1.1488,-1.0,30.089285714285715,ES
2016-07-13,-1,2142.25,2145.5,12,-209.64,-165.0,8.25,time,690,955,-0.4235151515151515,-0.3333333333333333,30.321428571428573,ES
2016-07-14,1,2162.5,2155.25,14,-524.58,-472.5,6.75,stop,605,780,-1.1102222222222222,-1.0,29.089285714285715,ES
2016-07-15,-1,2157.75,2154.5,16,240.48,300.0,6.25,time,610,955,0.48096,0.6,24.464285714285715,ES
2016-07-18,1,2157.75,2160.0,20,200.6,275.0,4.75,time,600,955,0.4223157894736842,0.5789473684210527,22.267857142857142,ES
2016-07-20,1,2164.75,2166.5,16,120.48,180.0,6.0,time,615,955,0.251,0.375,18.267857142857142,ES
2016-07-21,-1,2162.0,2158.75,16,240.48,300.0,6.25,time,700,955,0.48096,0.6,16.964285714285715,ES
2016-07-22,1,2162.25,2168.0,20,550.6,625.0,5.0,time,630,955,1.1012,1.25,17.196428571428573,ES
2016-07-25,-1,2160.25,2163.25,15,-243.3,-187.5,6.5,time,605,955,-0.4990769230769231,-0.38461538461538464,17.535714285714285,ES
2016-07-26,-1,2158.25,2164.0,10,-299.7,-262.5,9.5,time,650,955,-0.6309473684210526,-0.5526315789473685,16.464285714285715,ES
2016-07-27,-1,2163.75,2161.75,19,166.82,237.5,5.25,time,620,955,0.3344761904761905,0.47619047619047616,15.482142857142858,ES
2016-07-29,-1,2157.75,2165.25,14,-542.08,-490.0,7.0,stop,600,645,-1.1062857142857143,-1.0,13.785714285714286,ES
2016-08-01,1,2169.5,2162.0,14,-542.08,-490.0,7.0,stop,655,730,-1.1062857142857143,-1.0,13.767857142857142,ES
2016-08-02,-1,2154.75,2151.75,11,151.58,192.5,9.0,time,605,955,0.30622222222222223,0.3888888888888889,13.321428571428571,ES
2016-08-03,1,2154.75,2157.5,13,162.89,211.25,7.5,time,610,955,0.3341333333333333,0.43333333333333335,14.178571428571429,ES
2016-08-04,-1,2154.0,2162.25,12,-509.64,-465.0,7.75,stop,605,715,-1.0959999999999999,-1.0,13.714285714285714,ES
2016-08-05,1,2175.75,2177.5,11,82.83,123.75,9.0,time,655,955,0.16733333333333333,0.25,13.303571428571429,ES
2016-08-08,-1,2176.25,2176.5,20,-49.4,25.0,4.75,time,615,955,-0.104,0.05263157894736842,13.928571428571429,ES
2016-08-09,1,2180.75,2175.75,20,-524.4,-450.0,4.5,stop,610,830,-1.1653333333333333,-1.0,13.928571428571429,ES
2016-08-10,-1,2174.0,2172.25,17,128.01,191.25,5.75,time,670,955,0.26191304347826083,0.391304347826087,13.767857142857142,ES
2016-08-11,-1,2175.5,2181.0,20,-574.4,-500.0,5.0,stop,605,635,-1.1488,-1.0,13.571428571428571,ES
2016-08-12,1,2181.25,2176.5,20,-499.4,-425.0,4.25,stop,645,785,-1.1750588235294117,-1.0,13.642857142857142,ES
2016-08-15,1,2189.0,2186.75,20,-249.4,-175.0,4.25,time,625,955,-0.5868235294117647,-0.4117647058823529,13.285714285714286,ES
2016-08-17,-1,2168.25,2176.75,12,-524.64,-480.0,8.0,stop,680,820,-1.093,-1.0,12.642857142857142,ES
2016-08-18,1,2182.25,2184.0,20,150.6,225.0,4.25,time,630,955,0.3543529411764706,0.5294117647058824,12.75,ES
2016-08-19,1,2179.5,2181.0,14,87.92,140.0,6.75,time,625,955,0.1860740740740741,0.2962962962962963,12.214285714285714,ES
2016-08-22,1,2181.25,2180.25,13,-80.86,-32.5,7.5,time,615,955,-0.16586666666666666,-0.06666666666666667,12.125,ES
2016-08-24,-1,2181.0,2174.5,20,625.6,700.0,3.5,time,630,955,1.7874285714285716,2.0,11.160714285714286,ES
2016-08-25,1,2174.0,2167.5,16,-539.52,-480.0,6.0,stop,600,895,-1.1239999999999999,-1.0,11.642857142857142,ES
2016-08-26,1,2184.75,2174.0,9,-494.73,-461.25,10.25,stop,615,710,-1.0725853658536586,-1.0,11.017857142857142,ES
2016-08-29,1,2177.75,2179.0,12,60.36,105.0,8.25,time,660,955,0.12193939393939394,0.21212121212121213,12.535714285714286,ES
2016-08-30,-1,2176.0,2175.25,19,48.07,118.75,5.25,time,605,955,0.09638095238095239,0.23809523809523808,12.857142857142858,ES
2016-08-31,-1,2167.0,2169.0,18,-201.96,-135.0,5.5,time,630,955,-0.40800000000000003,-0.2727272727272727,12.910714285714286,ES
2016-09-01,-1,2164.25,2169.0,12,-299.64,-255.0,7.75,time,620,955,-0.6443870967741935,-0.5483870967741935,13.071428571428571,ES
2016-09-05,-1,2176.25,2179.25,20,-324.4,-250.0,2.5,stop,600,775,-1.2975999999999999,-1.0,14.089285714285714,ES
2016-09-06,-1,2177.25,2183.0,19,-569.43,-498.75,5.25,stop,605,750,-1.1417142857142857,-1.0,13.553571428571429,ES
2016-09-07,1,2186.5,2181.25,20,-549.4,-475.0,4.75,stop,625,645,-1.1566315789473685,-1.0,13.357142857142858,ES
2016-09-08,1,2181.75,2176.25,20,-574.4,-500.0,5.0,stop,635,830,-1.1488,-1.0,13.535714285714286,ES
2016-09-09,-1,2156.5,2127.0,12,1755.36,1800.0,7.75,time,605,955,3.7749677419354835,3.870967741935484,13.375,ES
2016-09-12,1,2126.0,2151.0,6,742.68,765.0,15.25,time,615,955,1.6233442622950818,1.6721311475409837,16.464285714285715,ES
2016-09-13,-1,2127.0,2119.75,8,280.24,310.0,11.75,time,600,955,0.5962553191489361,0.6595744680851063,18.928571428571427,ES
2016-09-14,1,2127.0,2117.25,10,-499.7,-462.5,9.25,stop,605,845,-1.0804324324324324,-1.0,20.553571428571427,ES
2016-09-15,1,2126.25,2139.75,8,530.24,560.0,11.5,time,610,955,1.1526956521739131,1.2173913043478262,21.464285714285715,ES
2016-09-16,-1,2126.0,2132.25,17,-551.99,-488.75,5.75,stop,600,645,-1.129391304347826,-1.0,21.517857142857142,ES
2016-09-20,-1,2136.25,2132.0,15,300.45,356.25,6.5,time,630,955,0.6163076923076923,0.7307692307692307,22.142857142857142,ES
2016-09-21,1,2143.75,2139.0,20,-499.4,-425.0,4.25,stop,640,655,-1.1750588235294117,-1.0,21.928571428571427,ES
2016-09-22,1,2172.75,2166.25,16,-539.52,-480.0,6.0,stop,630,670,-1.1239999999999999,-1.0,22.535714285714285,ES
2016-09-27,1,2147.25,2152.25,7,166.46,192.5,14.25,time,600,955,0.3337543859649123,0.38596491228070173,23.875,ES
2016-09-28,-1,2152.5,2157.5,20,-524.4,-450.0,4.5,stop,610,850,-1.1653333333333333,-1.0,24.732142857142858,ES
2016-09-29,1,2165.25,2159.25,18,-561.96,-495.0,5.5,stop,600,660,-1.1352727272727274,-1.0,25.571428571428573,ES
2016-09-30,1,2160.0,2160.25,10,0.3000000000000007,37.5,9.25,time,660,955,0.0006486486486486501,0.08108108108108109,23.803571428571427,ES
2016-10-03,1,2155.5,2148.75,16,-559.52,-500.0,6.25,stop,645,710,-1.11904,-1.0,22.303571428571427,ES
2016-10-04,-1,2154.25,2143.75,20,1025.6,1100.0,3.75,time,605,955,2.734933333333333,2.933333333333333,20.5,ES
2016-10-05,1,2155.25,2150.0,20,-549.4,-475.0,4.75,stop,605,645,-1.1566315789473685,-1.0,20.482142857142858,ES
2016-10-06,-1,2143.25,2152.0,12,-539.64,-495.0,8.25,stop,665,705,-1.0901818181818181,-1.0,19.375,ES
2016-10-07,-1,2145.0,2147.0,7,-78.53999999999999,-52.5,14.0,time,690,955,-0.16028571428571428,-0.10714285714285714,19.125,ES
2016-10-11,-1,2142.25,2131.0,8,440.24,470.0,11.25,time,610,955,0.9783111111111111,1.0444444444444445,19.589285714285715,ES
2016-10-12,1,2134.0,2133.25,13,-64.61,-16.25,7.5,time,600,955,-0.13253333333333334,-0.03333333333333333,20.285714285714285,ES
2016-10-13,1,2120.25,2126.0,8,220.24,250.0,11.5,time,690,955,0.4787826086956522,0.5434782608695652,19.982142857142858,ES
2016-10-14,1,2142.5,2137.0,20,-574.4,-500.0,5.0,stop,615,660,-1.1488,-1.0,20.910714285714285,ES
2016-10-18,-1,2129.5,2133.25,10,-199.7,-162.5,9.5,time,620,955,-0.4204210526315789,-0.34210526315789475,20.017857142857142,ES
2016-10-19,1,2139.25,2138.5,16,-79.52,-20.0,6.25,time,640,955,-0.15904,-0.04,19.857142857142858,ES
2016-10-20,1,2141.0,2130.75,10,-524.7,-487.5,9.75,stop,600,630,-1.0763076923076924,-1.0,18.553571428571427,ES
2016-10-21,1,2130.25,2135.25,14,332.92,385.0,6.75,time,630,955,0.7045925925925927,0.8148148148148148,17.839285714285715,ES
2016-10-24,-1,2145.0,2144.75,20,0.6000000000000014,75.0,3.75,time,605,955,0.0016000000000000038,0.2,17.821428571428573,ES
2016-10-25,1,2145.5,2139.75,19,-569.43,-498.75,5.25,stop,605,640,-1.1417142857142857,-1.0,17.196428571428573,ES
2016-10-26,1,2131.0,2133.0,16,140.48,200.0,6.0,time,630,955,0.29266666666666663,0.4166666666666667,16.910714285714285,ES
2016-10-27,-1,2133.75,2128.0,12,330.36,375.0,8.25,time,600,955,0.6673939393939394,0.7575757575757576,17.035714285714285,ES
2016-10-28,1,2133.25,2121.5,8,-479.76,-450.0,11.25,stop,630,790,-1.0661333333333334,-1.0,16.625,ES
2016-10-31,-1,2120.5,2126.25,19,-569.43,-498.75,5.25,stop,630,685,-1.1417142857142857,-1.0,17.053571428571427,ES
2016-11-01,-1,2118.5,2105.5,14,892.92,945.0,6.75,time,600,955,1.8897777777777778,2.0,15.125,ES
2016-11-02,-1,2097.5,2092.25,12,300.36,345.0,8.0,time,630,955,0.62575,0.71875,16.642857142857142,ES
2016-11-03,-1,2092.75,2083.75,20,875.6,950.0,4.75,time,600,955,1.8433684210526315,2.0,16.178571428571427,ES
2016-11-04,1,2089.0,2078.75,10,-524.7,-487.5,9.75,stop,635,950,-1.0763076923076924,-1.0,16.25,ES
2016-11-07,1,2116.75,2126.25,11,509.08,550.0,8.5,time,630,955,1.0889411764705883,1.1764705882352942,16.464285714285715,ES
2016-11-08,1,2125.0,2136.25,17,935.51,998.75,5.75,time,645,955,1.914086956521739,2.0434782608695654,18.482142857142858,ES
2016-11-09,1,2142.75,2159.5,4,330.12,345.0,24.25,time,675,955,0.680659793814433,0.711340206185567,19.482142857142858,ES
2016-11-10,-1,2166.5,2164.5,8,70.24,100.0,11.75,time,600,955,0.1494468085106383,0.2127659574468085,21.910714285714285,ES
2016-11-11,-1,2152.75,2162.0,11,-522.17,-481.25,8.75,stop,645,950,-1.0850285714285715,-1.0,23.142857142857142,ES
2016-11-14,-1,2158.5,2160.5,11,-123.42,-82.5,8.75,time,645,955,-0.2564571428571429,-0.17142857142857143,23.303571428571427,ES
2016-11-15,1,2168.0,2177.25,20,900.6,975.0,4.75,time,610,955,1.8960000000000001,2.0526315789473686,23.678571428571427,ES
2016-11-17,1,2182.0,2184.0,12,105.36,150.0,7.75,time,695,955,0.2265806451612903,0.3225806451612903,23.357142857142858,ES
2016-11-18,-1,2182.25,2180.0,20,200.6,275.0,5.0,time,620,955,0.4012,0.55,22.553571428571427,ES
2016-11-21,1,2191.75,2195.25,19,309.32,380.0,5.25,time,715,955,0.6201904761904762,0.7619047619047619,22.642857142857142,ES
2016-11-22,-1,2197.0,2201.25,20,-449.4,-375.0,3.75,stop,640,940,-1.1984,-1.0,21.375,ES
2016-11-23,1,2197.75,2201.5,18,315.54,382.5,5.5,time,625,955,0.6374545454545455,0.7727272727272727,20.785714285714285,ES
2016-11-28,-1,2203.25,2208.25,20,-524.4,-450.0,4.5,stop,640,750,-1.1653333333333333,-1.0,16.642857142857142,ES
2016-11-29,1,2203.25,2203.5,14,0.4200000000000017,52.5,6.75,time,640,955,0.0008888888888888925,0.1111111111111111,15.857142857142858,ES
2016-11-30,-1,2207.0,2198.25,17,723.01,786.25,5.75,time,600,955,1.479304347826087,1.608695652173913,13.339285714285714,ES
2016-12-01,-1,2193.25,2190.0,11,165.33,206.25,8.5,time,645,955,0.3536470588235294,0.4411764705882353,12.232142857142858,ES
2016-12-02,1,2195.5,2189.0,16,-539.52,-480.0,6.0,stop,640,790,-1.1239999999999999,-1.0,12.25,ES
2016-12-05,1,2207.5,2203.25,11,-247.17,-206.25,8.5,time,600,955,-0.5287058823529411,-0.4411764705882353,11.857142857142858,ES
2016-12-06,-1,2200.75,2207.0,17,-551.99,-488.75,5.75,stop,625,740,-1.129391304347826,-1.0,11.857142857142858,ES
2016-12-07,1,2211.0,2239.5,20,2825.6,2900.0,3.0,time,605,955,9.418666666666667,9.666666666666666,12.053571428571429,ES
2016-12-09,1,2253.75,2259.25,17,446.76,510.0,5.75,time,630,955,0.9140869565217391,1.0434782608695652,13.964285714285714,ES
2016-12-12,1,2263.5,2256.75,16,-559.52,-500.0,6.25,stop,600,625,-1.11904,-1.0,13.785714285714286,ES
2016-12-14,-1,2261.75,2268.0,17,-551.99,-488.75,5.75,stop,605,810,-1.129391304347826,-1.0,14.267857142857142,ES
2016-12-15,1,2262.5,2257.0,7,-201.04,-175.0,13.0,time,605,955,-0.44184615384615383,-0.38461538461538464,16.0,ES
2016-12-16,-1,2256.5,2254.25,16,160.48,220.0,6.0,time,630,955,0.3343333333333333,0.4583333333333333,16.857142857142858,ES
2016-12-19,1,2262.25,2258.25,12,-254.64,-210.0,8.0,time,640,955,-0.5305,-0.4375,16.857142857142858,ES
2016-12-21,-1,2263.25,2261.25,20,175.6,250.0,4.5,time,630,955,0.3902222222222222,0.5555555555555556,16.303571428571427,ES
2016-12-22,-1,2253.0,2257.25,14,-314.58,-262.5,6.75,time,685,955,-0.6657777777777777,-0.5555555555555556,15.714285714285714,ES
2016-12-23,-1,2254.25,2258.5,20,-449.4,-375.0,3.75,stop,675,940,-1.1984,-1.0,15.660714285714286,ES
2016-12-28,-1,2255.75,2245.5,9,450.27,483.75,11.0,time,605,955,0.9096363636363636,0.9772727272727273,14.696428571428571,ES
2016-12-29,-1,2244.0,2245.25,17,-126.99,-63.75,5.75,time,645,955,-0.2598260869565217,-0.13043478260869565,13.982142857142858,ES
2016-12-30,-1,2237.75,2237.0,8,20.240000000000002,50.0,11.5,time,600,955,0.044000000000000004,0.10869565217391304,13.678571428571429,ES
2017-01-03,1,2258.5,2248.0,10,-537.2,-500.0,10.0,stop,605,655,-1.0744,-1.0,14.196428571428571,ES
2017-01-05,-1,2257.5,2263.75,13,-422.11,-373.75,7.25,time,665,955,-0.8957241379310346,-0.7931034482758621,14.875,ES
2017-01-06,1,2267.25,2271.5,11,220.33,261.25,8.75,time,670,955,0.4578285714285715,0.5428571428571428,13.571428571428571,ES
2017-01-09,1,2269.5,2264.5,17,-445.74,-382.5,5.75,time,655,955,-0.912,-0.782608695652174,13.553571428571429,ES
2017-01-10,1,2266.0,2263.5,16,-219.52,-160.0,6.25,time,630,955,-0.43904000000000004,-0.32,13.196428571428571,ES
2017-01-11,1,2268.75,2261.75,15,-543.3,-487.5,6.5,stop,635,685,-1.1144615384615384,-1.0,13.535714285714286,ES
2017-01-12,-1,2256.25,2265.25,11,-508.42,-467.5,8.5,stop,600,870,-1.0875294117647059,-1.0,13.839285714285714,ES
2017-01-16,1,2267.75,2265.25,20,-274.4,-200.0,2.0,stop,680,775,-1.3719999999999999,-1.0,14.767857142857142,ES
2017-01-17,1,2265.5,2259.5,18,-561.96,-495.0,5.5,stop,615,875,-1.1352727272727274,-1.0,14.732142857142858,ES
2017-01-19,-1,2263.5,2259.0,17,361.76,425.0,5.75,time,605,955,0.7401739130434782,0.8695652173913043,13.660714285714286,ES
2017-01-23,-1,2259.25,2261.75,12,-164.64,-120.0,8.0,time,615,955,-0.34299999999999997,-0.25,13.553571428571429,ES
2017-01-24,1,2266.0,2275.25,20,900.6,975.0,3.75,time,620,955,2.4016,2.6,13.053571428571429,ES
2017-01-25,1,2289.5,2294.25,20,450.6,525.0,5.0,time,605,955,0.9012,1.05,13.357142857142858,ES
2017-01-26,1,2296.75,2291.5,20,-549.4,-475.0,4.75,stop,610,680,-1.1566315789473685,-1.0,13.964285714285714,ES
2017-01-27,-1,2287.75,2289.5,13,-129.61,-81.25,7.5,time,655,955,-0.2658666666666667,-0.16666666666666666,13.125,ES
2017-01-30,-1,2268.5,2275.5,8,-289.76,-260.0,12.5,time,610,955,-0.57952,-0.52,13.142857142857142,ES
2017-01-31,-1,2264.0,2272.75,12,-539.64,-495.0,8.25,stop,600,930,-1.0901818181818181,-1.0,13.964285714285714,ES
2017-02-01,-1,2279.0,2275.25,17,298.01,361.25,5.75,time,605,955,0.6097391304347826,0.7391304347826086,13.803571428571429,ES
2017-02-02,1,2274.5,2276.0,13,81.64,130.0,7.5,time,610,955,0.16746666666666668,0.26666666666666666,13.446428571428571,ES
2017-02-03,1,2288.0,2291.75,20,350.6,425.0,4.75,time,605,955,0.7381052631578948,0.8947368421052632,13.767857142857142,ES
2017-02-07,-1,2289.75,2288.0,20,150.6,225.0,5.0,time,680,955,0.30119999999999997,0.45,14.607142857142858,ES
2017-02-08,1,2286.25,2290.25,20,375.6,450.0,5.0,time,610,955,0.7512000000000001,0.9,14.660714285714286,ES
2017-02-09,1,2296.5,2303.75,20,700.6,775.0,3.25,time,605,955,2.155692307692308,2.3846153846153846,14.267857142857142,ES
2017-02-10,1,2311.0,2312.5,20,125.6,200.0,4.0,time,630,955,0.314,0.5,14.5,ES
2017-02-13,1,2323.0,2325.25,20,200.6,275.0,4.25,time,630,955,0.472,0.6470588235294118,14.214285714285714,ES
2017-02-14,-1,2321.25,2326.5,20,-549.4,-475.0,4.75,stop,600,715,-1.1566315789473685,-1.0,14.017857142857142,ES
2017-02-15,1,2337.25,2346.5,20,900.6,975.0,5.0,time,630,955,1.8012000000000001,1.95,13.75,ES
2017-02-16,-1,2342.5,2346.0,14,-262.08,-210.0,7.0,time,615,955,-0.5348571428571428,-0.42857142857142855,14.517857142857142,ES
2017-02-21,1,2361.75,2362.25,11,14.08,55.0,8.75,time,605,955,0.029257142857142857,0.11428571428571428,13.321428571428571,ES
2017-02-22,1,2360.25,2360.25,20,-24.4,50.0,4.25,time,610,955,-0.05741176470588235,0.11764705882352941,13.0,ES
2017-02-23,-1,2361.5,2362.25,20,-99.4,-25.0,5.0,time,605,955,-0.1988,-0.05,12.607142857142858,ES
2017-02-24,1,2358.0,2365.0,16,540.48,600.0,6.25,time,655,955,1.0809600000000001,1.2,12.321428571428571,ES
2017-02-27,1,2366.5,2368.5,19,166.82,237.5,5.25,time,605,955,0.3344761904761905,0.47619047619047616,12.732142857142858,ES
2017-02-28,1,2367.0,2363.25,20,-399.4,-325.0,3.25,stop,610,725,-1.2289230769230768,-1.0,12.732142857142858,ES
2017-03-01,1,2387.75,2394.5,16,520.48,580.0,6.25,time,600,955,1.04096,1.16,12.75,ES
2017-03-02,-1,2387.0,2380.5,17,531.76,595.0,5.75,time,610,955,1.088,1.2173913043478262,14.267857142857142,ES
2017-03-03,-1,2376.5,2382.25,19,-569.43,-498.75,5.25,stop,620,925,-1.1417142857142857,-1.0,14.535714285714286,ES
2017-03-06,-1,2368.0,2373.5,20,-574.4,-500.0,5.0,stop,640,780,-1.1488,-1.0,14.017857142857142,ES
2017-03-07,1,2372.75,2366.0,16,-559.52,-500.0,6.25,stop,620,940,-1.11904,-1.0,13.928571428571429,ES
2017-03-08,-1,2366.75,2362.75,16,300.48,360.0,6.0,time,700,955,0.626,0.75,13.392857142857142,ES
2017-03-09,1,2367.75,2361.25,16,-539.52,-480.0,6.0,stop,600,810,-1.1239999999999999,-1.0,13.339285714285714,ES
2017-03-10,-1,2370.25,2373.25,14,-227.07999999999998,-175.0,6.75,time,640,955,-0.48059259259259257,-0.37037037037037035,13.607142857142858,ES
2017-03-13,-1,2366.75,2372.25,20,-574.4,-500.0,5.0,stop,605,955,-1.1488,-1.0,14.232142857142858,ES
2017-03-14,-1,2359.5,2362.75,17,-296.99,-233.75,5.75,time,605,955,-0.6076521739130435,-0.4782608695652174,13.892857142857142,ES
2017-03-15,1,2370.25,2381.75,20,1125.6,1200.0,4.25,time,625,955,2.648470588235294,2.823529411764706,14.517857142857142,ES
2017-03-16,-1,2380.5,2378.0,20,225.6,300.0,3.75,time,610,955,0.6016,0.8,15.339285714285714,ES
2017-03-17,-1,2376.5,2381.0,20,-474.4,-400.0,4.0,stop,620,845,-1.186,-1.0,15.107142857142858,ES
2017-03-20,1,2373.5,2369.0,20,-474.4,-400.0,4.0,stop,610,820,-1.186,-1.0,15.089285714285714,ES
2017-03-21,-1,2371.0,2340.25,13,1982.89,2031.25,7.5,time,600,955,4.067466666666667,4.166666666666667,15.035714285714286,ES
2017-03-22,-1,2334.0,2342.25,12,-509.64,-465.0,7.75,stop,610,640,-1.0959999999999999,-1.0,15.196428571428571,ES
2017-03-23,1,2348.75,2339.5,11,-522.17,-481.25,8.75,stop,635,930,-1.0850285714285715,-1.0,15.232142857142858,ES
2017-03-24,1,2351.0,2345.5,20,-574.4,-500.0,5.0,stop,650,730,-1.1488,-1.0,15.857142857142858,ES
2017-03-27,1,2330.0,2337.5,8,290.24,320.0,11.75,time,640,955,0.617531914893617,0.6808510638297872,16.303571428571427,ES
2017-03-28,1,2341.75,2354.25,12,735.36,780.0,8.0,time,600,955,1.532,1.625,17.267857142857142,ES
2017-03-29,1,2356.75,2357.25,12,15.36,60.0,7.75,time,630,955,0.03303225806451613,0.12903225806451613,18.321428571428573,ES
2017-03-30,1,2361.5,2364.25,13,162.89,211.25,7.25,time,600,955,0.34565517241379307,0.4482758620689655,18.017857142857142,ES
2017-03-31,1,2364.25,2358.25,18,-561.96,-495.0,5.5,stop,605,955,-1.1352727272727274,-1.0,17.857142857142858,ES
2017-04-03,-1,2355.25,2355.0,16,0.4800000000000004,60.0,6.25,time,605,955,0.0009600000000000009,0.12,17.928571428571427,ES
2017-04-04,-1,2348.75,2354.75,18,-561.96,-495.0,5.5,stop,600,680,-1.1352727272727274,-1.0,18.321428571428573,ES
2017-04-05,1,2372.75,2362.25,10,-537.2,-500.0,10.0,stop,600,890,-1.0744,-1.0,17.267857142857142,ES
2017-04-06,1,2355.0,2354.25,10,-49.7,-12.5,9.75,time,630,955,-0.10194871794871796,-0.02564102564102564,18.535714285714285,ES
2017-04-10,1,2361.5,2353.0,12,-524.64,-480.0,8.0,stop,605,695,-1.093,-1.0,19.25,ES
2017-04-11,-1,2336.75,2350.5,6,-419.82,-397.5,14.75,time,630,955,-0.9487457627118644,-0.8983050847457628,17.464285714285715,ES
2017-04-12,-1,2343.0,2341.25,18,135.54,202.5,5.5,time,640,955,0.2738181818181818,0.4090909090909091,17.785714285714285,ES
2017-04-13,1,2344.75,2333.75,9,-505.98,-472.5,10.5,stop,600,780,-1.070857142857143,-1.0,17.428571428571427,ES
2017-04-17,1,2333.75,2345.25,20,1125.6,1200.0,4.75,time,600,955,2.3696842105263154,2.526315789473684,17.339285714285715,ES
2017-04-18,-1,2334.0,2338.5,10,-237.2,-200.0,10.0,time,700,955,-0.4744,-0.4,17.071428571428573,ES
2017-04-19,-1,2343.25,2334.75,17,701.76,765.0,5.75,time,645,955,1.4358260869565218,1.565217391304348,16.232142857142858,ES
2017-04-20,1,2343.5,2352.25,16,680.48,740.0,6.0,time,610,955,1.4176666666666666,1.5416666666666667,16.732142857142858,ES
2017-04-21,-1,2348.0,2345.5,20,225.6,300.0,4.75,time,645,955,0.4749473684210526,0.631578947368421,17.517857142857142,ES
2017-04-24,-1,2366.5,2372.75,17,-551.99,-488.75,5.75,stop,675,855,-1.129391304347826,-1.0,17.803571428571427,ES
2017-04-25,1,2386.75,2384.75,11,-123.42,-82.5,9.0,time,605,955,-0.24933333333333332,-0.16666666666666666,18.303571428571427,ES
2017-04-26,1,2388.5,2384.0,20,-474.4,-400.0,4.0,stop,610,950,-1.186,-1.0,18.875,ES
2017-04-27,-1,2380.75,2387.25,16,-539.52,-480.0,6.0,stop,645,775,-1.1239999999999999,-1.0,17.696428571428573,ES
2017-04-28,-1,2382.75,2380.5,19,190.57,261.25,5.25,time,605,955,0.3820952380952381,0.5238095238095238,17.25,ES
2017-05-01,-1,2382.0,2386.5,20,-474.4,-400.0,4.0,stop,600,645,-1.186,-1.0,16.982142857142858,ES
2017-05-03,-1,2379.5,2383.75,20,-449.4,-375.0,3.75,stop,605,845,-1.1984,-1.0,15.642857142857142,ES
2017-05-05,-1,2385.25,2391.75,16,-539.52,-480.0,6.0,stop,630,885,-1.1239999999999999,-1.0,14.964285714285714,ES
2017-05-08,-1,2391.25,2395.25,16,-339.52,-280.0,6.25,time,650,955,-0.67904,-0.56,14.303571428571429,ES
2017-05-09,1,2399.25,2395.75,20,-374.4,-300.0,3.0,stop,605,675,-1.248,-1.0,13.785714285714286,ES
2017-05-10,1,2393.75,2396.25,20,225.6,300.0,3.5,time,665,955,0.6445714285714286,0.8571428571428571,13.303571428571429,ES
2017-05-11,-1,2379.75,2392.5,8,-519.76,-490.0,12.25,stop,620,855,-1.060734693877551,-1.0,12.142857142857142,ES
2017-05-12,-1,2385.0,2390.0,20,-524.4,-450.0,4.5,stop,625,690,-1.1653333333333333,-1.0,12.5,ES
2017-05-15,1,2399.0,2400.0,15,56.7,112.5,6.5,time,600,955,0.11630769230769232,0.23076923076923078,10.982142857142858,ES
2017-05-16,-1,2398.5,2399.0,17,-63.239999999999995,-0.0,5.75,time,620,955,-0.12939130434782609,-0.0,10.696428571428571,ES
2017-05-17,-1,2373.25,2356.25,9,754.02,787.5,10.25,time,610,955,1.634731707317073,1.7073170731707317,10.589285714285714,ES
2017-05-18,1,2360.5,2364.5,11,206.58,247.5,8.75,time,600,955,0.4292571428571429,0.5142857142857142,13.017857142857142,ES
2017-05-19,1,2379.75,2379.75,10,-12.2,25.0,9.75,time,610,955,-0.025025641025641025,0.05128205128205128,13.982142857142858,ES
2017-05-23,1,2397.75,2397.25,20,-74.4,0.0,4.75,time,685,955,-0.15663157894736843,0.0,15.410714285714286,ES
2017-05-24,-1,2397.0,2400.5,20,-374.4,-300.0,3.0,stop,660,850,-1.248,-1.0,15.142857142857142,ES
2017-05-25,1,2413.5,2413.5,13,-15.86,32.5,7.25,time,610,955,-0.0336551724137931,0.06896551724137931,14.875,ES
2017-05-26,1,2415.0,2413.5,20,-174.4,-100.0,3.75,time,600,955,-0.4650666666666667,-0.26666666666666666,15.196428571428571,ES
2017-05-31,-1,2404.75,2410.5,9,-269.73,-236.25,10.25,time,600,955,-0.5847804878048781,-0.5121951219512195,14.303571428571429,ES
2017-06-01,1,2419.25,2429.25,16,780.48,840.0,6.25,time,710,955,1.5609600000000001,1.68,13.946428571428571,ES
2017-06-02,1,2434.0,2437.0,14,192.92000000000002,245.0,6.75,time,660,955,0.4082962962962963,0.5185185185185185,14.803571428571429,ES
2017-06-05,1,2438.25,2435.5,20,-299.4,-225.0,4.5,time,600,955,-0.6653333333333333,-0.5,14.678571428571429,ES
2017-06-06,1,2433.25,2428.5,16,-399.52,-340.0,6.0,time,610,955,-0.8323333333333333,-0.7083333333333334,14.303571428571429,ES
2017-06-07,-1,2430.0,2434.0,20,-424.4,-350.0,3.5,stop,630,885,-1.2125714285714284,-1.0,11.785714285714286,ES
2017-06-09,1,2442.5,2436.0,16,-539.52,-480.0,6.0,stop,605,755,-1.1239999999999999,-1.0,10.071428571428571,ES
2017-06-13,-1,2431.25,2436.25,20,-524.4,-450.0,4.5,stop,650,760,-1.1653333333333333,-1.0,11.678571428571429,ES
2017-06-14,-1,2435.75,2435.75,16,-19.52,40.0,6.0,time,625,955,-0.04066666666666666,0.08333333333333333,12.0,ES
2017-06-15,-1,2416.5,2424.25,13,-519.61,-471.25,7.25,stop,620,660,-1.1026206896551725,-1.0,12.071428571428571,ES
2017-06-16,-1,2420.25,2430.75,8,-429.76,-400.0,12.0,time,650,955,-0.8953333333333333,-0.8333333333333334,13.125,ES
2017-06-19,1,2446.75,2450.25,12,195.36,240.0,8.0,time,600,955,0.40700000000000003,0.5,13.767857142857142,ES
2017-06-20,-1,2441.5,2434.75,20,650.6,725.0,5.0,time,685,955,1.3012000000000001,1.45,14.803571428571429,ES
2017-06-21,1,2439.25,2434.25,20,-524.4,-450.0,4.5,stop,640,660,-1.1653333333333333,-1.0,15.089285714285714,ES
2017-06-22,1,2435.25,2431.75,20,-374.4,-300.0,5.0,time,645,955,-0.7487999999999999,-0.6,14.553571428571429,ES
2017-06-23,1,2435.75,2435.25,13,-48.36,0.0,7.25,time,630,955,-0.10262068965517242,0.0,14.285714285714286,ES
2017-06-26,-1,2439.75,2436.5,13,195.39,243.75,7.5,time,635,955,0.4008,0.5,14.642857142857142,ES
2017-06-27,1,2434.75,2429.0,19,-569.43,-498.75,5.25,stop,635,785,-1.1417142857142857,-1.0,14.982142857142858,ES
2017-06-28,1,2431.25,2437.75,18,563.04,630.0,5.5,time,605,955,1.1374545454545453,1.2727272727272727,15.660714285714286,ES
2017-06-29,-1,2428.0,2417.25,8,420.24,450.0,12.25,time,610,955,0.8576326530612245,0.9183673469387755,16.482142857142858,ES
2017-06-30,-1,2421.0,2428.5,14,-542.08,-490.0,7.0,stop,600,895,-1.1062857142857143,-1.0,17.0,ES
2017-07-03,1,2435.75,2431.0,20,-499.4,-425.0,4.25,stop,605,725,-1.1750588235294117,-1.0,16.964285714285715,ES
2017-07-05,-1,2420.25,2429.75,11,-535.92,-495.0,9.0,stop,600,685,-1.0826666666666667,-1.0,16.535714285714285,ES
2017-07-06,-1,2413.5,2408.25,11,275.33,316.25,8.5,time,600,955,0.5889411764705882,0.6764705882352942,16.089285714285715,ES
2017-07-07,1,2419.5,2422.5,13,179.14,227.5,7.25,time,685,955,0.38013793103448273,0.4827586206896552,16.946428571428573,ES
2017-07-10,1,2425.0,2425.0,18,-21.96,45.0,5.5,time,640,955,-0.04436363636363636,0.09090909090909091,16.660714285714285,ES
2017-07-11,1,2425.0,2420.25,20,-499.4,-425.0,4.25,stop,625,680,-1.1750588235294117,-1.0,16.25,ES
2017-07-13,-1,2440.0,2445.0,20,-524.4,-450.0,4.5,stop,625,685,-1.1653333333333333,-1.0,17.428571428571427,ES
2017-07-17,1,2458.5,2456.25,20,-249.4,-175.0,4.0,time,605,955,-0.6235,-0.4375,17.5,ES
2017-07-18,1,2454.25,2449.75,20,-474.4,-400.0,4.0,stop,610,640,-1.186,-1.0,16.482142857142858,ES
2017-07-19,1,2466.0,2470.5,20,425.6,500.0,4.5,time,600,955,0.9457777777777778,1.1111111111111112,15.571428571428571,ES
2017-07-20,-1,2471.0,2471.75,20,-99.4,-25.0,4.0,time,615,955,-0.24850000000000003,-0.0625,13.767857142857142,ES
2017-07-21,1,2468.5,2469.5,20,75.6,150.0,5.0,time,715,955,0.1512,0.3,13.553571428571429,ES
2017-07-24,-1,2464.25,2469.75,20,-574.4,-500.0,5.0,stop,670,915,-1.1488,-1.0,13.035714285714286,ES
2017-07-25,-1,2473.0,2478.5,20,-574.4,-500.0,5.0,stop,605,710,-1.1488,-1.0,13.053571428571429,ES
2017-07-26,-1,2474.75,2475.0,20,-49.4,25.0,3.5,time,650,955,-0.14114285714285713,0.07142857142857142,12.821428571428571,ES
2017-07-28,-1,2463.75,2469.25,20,-574.4,-500.0,5.0,stop,605,895,-1.1488,-1.0,12.053571428571429,ES
2017-07-31,-1,2467.5,2467.75,13,-32.11,16.25,7.25,time,600,955,-0.06813793103448276,0.034482758620689655,12.071428571428571,ES
2017-08-01,-1,2468.5,2473.25,16,-399.52,-340.0,6.25,time,620,955,-0.79904,-0.68,11.553571428571429,ES
2017-08-02,-1,2470.25,2474.25,19,-403.18,-332.5,5.25,time,615,955,-0.8083809523809524,-0.6666666666666666,10.625,ES
2017-08-04,-1,2470.75,2474.0,14,-244.57999999999998,-192.5,6.75,time,600,955,-0.5176296296296296,-0.4074074074074074,10.303571428571429,ES
2017-08-07,1,2476.0,2477.5,20,125.6,200.0,2.75,time,695,955,0.4567272727272727,0.7272727272727273,10.464285714285714,ES
2017-08-08,1,2476.5,2472.25,20,-449.4,-375.0,3.75,stop,605,925,-1.1984,-1.0,10.089285714285714,ES
2017-08-09,1,2468.5,2470.75,11,110.33,151.25,9.0,time,630,955,0.2228888888888889,0.3055555555555556,10.660714285714286,ES
2017-08-10,-1,2452.75,2436.75,10,787.8,825.0,10.0,time,600,955,1.5756,1.65,10.875,ES
2017-08-11,1,2444.0,2435.75,12,-509.64,-465.0,7.75,stop,605,915,-1.0959999999999999,-1.0,12.767857142857142,ES
2017-08-14,1,2462.25,2463.25,12,45.36,90.0,8.0,time,600,955,0.0945,0.1875,13.017857142857142,ES
2017-08-15,-1,2461.75,2463.75,15,-168.3,-112.5,6.5,time,610,955,-0.34523076923076923,-0.23076923076923078,14.232142857142858,ES
2017-08-16,1,2471.0,2466.5,20,-474.4,-400.0,4.0,stop,625,805,-1.186,-1.0,14.339285714285714,ES
2017-08-17,-1,2457.5,2429.5,16,2220.48,2280.0,6.25,time,600,955,4.4409600000000005,4.56,13.482142857142858,ES
2017-08-18,1,2430.5,2424.0,9,-303.48,-270.0,10.75,time,685,955,-0.6273488372093023,-0.5581395348837209,15.446428571428571,ES
2017-08-21,-1,2418.75,2426.5,13,-519.61,-471.25,7.25,stop,600,700,-1.1026206896551725,-1.0,16.178571428571427,ES
2017-08-22,1,2442.75,2451.0,10,400.3,437.5,9.75,time,620,955,0.8211282051282052,0.8974358974358975,16.625,ES
2017-08-23,1,2446.25,2442.5,13,-259.61,-211.25,7.25,time,645,955,-0.550896551724138,-0.4482758620689655,17.678571428571427,ES
2017-08-24,-1,2437.75,2437.75,9,-10.98,22.5,11.0,time,685,955,-0.02218181818181818,0.045454545454545456,18.0,ES
2017-08-25,1,2452.5,2445.25,14,-524.58,-472.5,6.75,stop,615,645,-1.1102222222222222,-1.0,18.428571428571427,ES
2017-08-28,-1,2441.5,2443.5,13,-145.86,-97.5,7.5,time,625,955,-0.2992,-0.2,19.196428571428573,ES
2017-08-29,1,2436.75,2445.0,9,360.27,393.75,10.25,time,630,955,0.7810731707317072,0.8536585365853658,18.5,ES
2017-08-30,1,2449.0,2456.5,16,580.48,640.0,6.0,time,615,955,1.2093333333333334,1.3333333333333333,19.178571428571427,ES
2017-08-31,1,2469.0,2470.5,16,100.48,160.0,6.25,time,600,955,0.20096,0.32,17.875,ES
2017-09-01,1,2478.25,2474.75,20,-374.4,-300.0,5.0,time,665,955,-0.7487999999999999,-0.6,18.375,ES
2017-09-05,-1,2463.25,2457.25,12,345.36,390.0,7.75,time,640,955,0.7427096774193549,0.8387096774193549,17.25,ES
2017-09-06,-1,2461.5,2466.5,20,-524.4,-450.0,4.5,stop,615,790,-1.1653333333333333,-1.0,18.267857142857142,ES
2017-09-07,-1,2460.75,2465.0,12,-269.64,-225.0,7.75,time,600,955,-0.5798709677419355,-0.4838709677419355,16.375,ES
2017-09-08,1,2464.25,2460.75,18,-336.96,-270.0,5.5,time,600,955,-0.6807272727272727,-0.5454545454545454,15.607142857142858,ES
2017-09-11,1,2481.5,2485.25,13,227.89,276.25,7.25,time,605,955,0.4835862068965517,0.5862068965517241,15.196428571428571,ES
2017-09-12,-1,2488.25,2493.75,20,-574.4,-500.0,5.0,stop,645,820,-1.1488,-1.0,15.107142857142858,ES
2017-09-13,1,2494.0,2495.0,20,75.6,150.0,4.5,time,610,955,0.16799999999999998,0.3333333333333333,14.857142857142858,ES
2017-09-14,1,2493.25,2494.25,20,75.6,150.0,4.0,time,615,955,0.18899999999999997,0.375,14.267857142857142,ES
2017-09-15,-1,2490.5,2493.75,20,-349.4,-275.0,2.75,stop,610,635,-1.2705454545454544,-1.0,13.642857142857142,ES
2017-09-20,-1,2503.5,2506.25,20,-299.4,-225.0,3.5,time,615,955,-0.8554285714285713,-0.6428571428571429,11.517857142857142,ES
2017-09-22,1,2498.25,2498.75,20,25.6,100.0,3.25,time,605,955,0.07876923076923077,0.3076923076923077,11.25,ES
2017-09-25,1,2499.25,2494.75,20,-474.4,-400.0,4.0,stop,605,635,-1.186,-1.0,10.946428571428571,ES
2017-09-26,-1,2496.5,2495.25,20,100.6,175.0,4.5,time,645,955,0.22355555555555554,0.3888888888888889,10.178571428571429,ES
2017-09-27,-1,2500.75,2505.25,20,-474.4,-400.0,4.0,stop,605,850,-1.186,-1.0,9.964285714285714,ES
2017-09-28,1,2505.5,2507.0,20,125.6,200.0,4.75,time,640,955,0.26442105263157895,0.42105263157894735,10.464285714285714,ES
2017-09-29,1,2512.0,2515.5,14,227.92000000000002,280.0,7.0,time,635,955,0.4651428571428572,0.5714285714285714,10.482142857142858,ES
2017-10-02,1,2522.75,2526.0,20,300.6,375.0,5.0,time,605,955,0.6012000000000001,0.75,9.5,ES
2017-10-04,1,2533.0,2535.0,20,175.6,250.0,3.75,time,660,955,0.46826666666666666,0.6666666666666666,9.678571428571429,ES
2017-10-05,1,2541.5,2549.25,20,750.6,825.0,4.0,time,635,955,1.8765,2.0625,9.803571428571429,ES
2017-10-06,1,2547.5,2543.75,20,-399.4,-325.0,3.25,stop,600,635,-1.2289230769230768,-1.0,10.321428571428571,ES
2017-10-10,-1,2547.25,2549.25,17,-190.74,-127.5,5.75,time,605,955,-0.3902608695652174,-0.2608695652173913,10.714285714285714,ES
2017-10-12,1,2551.25,2547.0,20,-449.4,-375.0,3.75,stop,615,950,-1.1984,-1.0,10.375,ES
2017-10-13,1,2555.25,2550.0,20,-549.4,-475.0,4.75,stop,620,955,-1.1566315789473685,-1.0,10.428571428571429,ES
2017-10-16,-1,2553.75,2555.75,20,-224.4,-150.0,3.75,time,615,955,-0.5984,-0.4,9.839285714285714,ES
2017-10-17,1,2556.5,2553.75,20,-299.4,-225.0,2.25,stop,600,625,-1.3306666666666667,-1.0,9.696428571428571,ES
2017-10-18,-1,2557.75,2562.0,20,-449.4,-375.0,3.75,stop,605,825,-1.1984,-1.0,8.928571428571429,ES
2017-10-19,-1,2545.5,2555.0,11,-535.92,-495.0,9.0,stop,605,745,-1.0826666666666667,-1.0,8.678571428571429,ES
2017-10-20,1,2569.5,2565.75,20,-399.4,-325.0,3.25,stop,610,640,-1.2289230769230768,-1.0,8.892857142857142,ES
2017-10-23,-1,2572.5,2564.0,20,825.6,900.0,4.0,time,620,955,2.064,2.25,9.017857142857142,ES
2017-10-25,-1,2558.75,2555.0,16,280.48,340.0,6.0,time,610,955,0.5843333333333334,0.7083333333333334,9.446428571428571,ES
2017-10-26,-1,2558.75,2564.0,20,-549.4,-475.0,4.75,stop,605,660,-1.1566315789473685,-1.0,10.25,ES
2017-10-27,1,2570.75,2578.5,13,487.89,536.25,7.25,time,600,955,1.0353103448275862,1.1379310344827587,10.410714285714286,ES
2017-10-30,1,2576.5,2571.0,20,-574.4,-500.0,5.0,stop,615,690,-1.1488,-1.0,11.303571428571429,ES
2017-10-31,-1,2569.25,2573.25,20,-424.4,-350.0,3.5,stop,605,660,-1.2125714285714284,-1.0,11.482142857142858,ES
2017-11-01,-1,2579.0,2576.25,16,200.48,260.0,6.25,time,630,955,0.40096,0.52,11.428571428571429,ES
2017-11-02,-1,2569.75,2576.25,16,-539.52,-480.0,6.0,stop,600,935,-1.1239999999999999,-1.0,11.928571428571429,ES
2017-11-03,1,2580.0,2584.75,16,360.48,420.0,6.25,time,715,955,0.72096,0.84,12.589285714285714,ES
2017-11-06,1,2587.0,2587.75,20,50.6,125.0,4.5,time,620,955,0.11244444444444444,0.2777777777777778,12.946428571428571,ES
2017-11-07,-1,2587.25,2587.5,16,-39.519999999999996,20.0,6.0,time,630,955,-0.08233333333333333,0.041666666666666664,13.107142857142858,ES
2017-11-08,1,2586.25,2591.25,20,475.6,550.0,4.5,time,665,955,1.056888888888889,1.2222222222222223,13.678571428571429,ES
2017-11-09,1,2582.25,2574.0,12,-509.64,-465.0,7.75,stop,605,705,-1.0959999999999999,-1.0,13.375,ES
2017-11-10,-1,2574.25,2579.5,20,-549.4,-475.0,4.75,stop,600,730,-1.1566315789473685,-1.0,14.482142857142858,ES
2017-11-13,1,2580.0,2582.75,12,150.36,195.0,7.75,time,605,955,0.32335483870967746,0.41935483870967744,14.071428571428571,ES
2017-11-14,-1,2565.0,2576.25,9,-517.23,-483.75,10.75,stop,600,645,-1.0692093023255815,-1.0,14.535714285714286,ES
2017-11-15,1,2567.25,2563.5,8,-159.76,-130.0,11.5,time,640,955,-0.34730434782608693,-0.2826086956521739,14.017857142857142,ES
2017-11-16,1,2578.5,2584.5,20,575.6,650.0,4.5,time,605,955,1.279111111111111,1.4444444444444444,14.821428571428571,ES
2017-11-20,1,2581.0,2581.25,20,0.6000000000000014,75.0,3.75,time,620,955,0.0016000000000000038,0.2,14.660714285714286,ES
2017-11-21,1,2597.0,2597.75,13,32.89,81.25,7.5,time,610,955,0.06746666666666666,0.16666666666666666,14.696428571428571,ES
2017-11-22,-1,2596.25,2595.75,20,25.6,100.0,3.25,time,620,955,0.07876923076923077,0.3076923076923077,15.053571428571429,ES
2017-11-27,-1,2600.0,2600.75,19,-94.43,-23.75,5.25,time,675,955,-0.18933333333333335,-0.047619047619047616,13.482142857142858,ES
2017-11-28,1,2608.25,2626.25,20,1775.6,1850.0,3.75,time,620,955,4.734933333333333,4.933333333333334,13.125,ES
2017-11-29,-1,2626.75,2625.5,13,65.39,113.75,7.25,time,615,955,0.13875862068965517,0.2413793103448276,14.232142857142858,ES
2017-11-30,1,2642.0,2646.5,13,276.64,325.0,7.25,time,655,955,0.5870344827586207,0.6896551724137931,13.25,ES
2017-12-01,1,2650.25,2642.5,13,-519.61,-471.25,7.25,stop,615,665,-1.1026206896551725,-1.0,14.982142857142858,ES
2017-12-04,-1,2657.0,2638.75,12,1080.36,1125.0,8.0,time,640,955,2.2507499999999996,2.34375,17.285714285714285,ES
2017-12-05,1,2643.25,2638.0,20,-549.4,-475.0,4.75,stop,600,780,-1.1566315789473685,-1.0,17.875,ES
2017-12-06,-1,2625.0,2631.5,16,-539.52,-480.0,6.0,stop,635,655,-1.1239999999999999,-1.0,17.857142857142858,ES
2017-12-07,1,2633.0,2637.25,15,300.45,356.25,6.5,time,625,955,0.6163076923076923,0.7307692307692307,16.767857142857142,ES
2017-12-11,1,2660.75,2663.25,16,180.48,240.0,6.0,time,605,955,0.376,0.5,17.785714285714285,ES
2017-12-12,1,2666.5,2667.25,20,50.6,125.0,3.0,time,610,955,0.16866666666666666,0.4166666666666667,17.303571428571427,ES
2017-12-13,1,2675.25,2669.75,20,-574.4,-500.0,5.0,stop,680,735,-1.1488,-1.0,17.571428571428573,ES
2017-12-14,-1,2667.0,2655.5,20,1125.6,1200.0,4.0,time,665,955,2.8139999999999996,3.0,18.107142857142858,ES
2017-12-15,1,2674.75,2677.25,11,124.08,165.0,8.5,time,615,955,0.26541176470588235,0.35294117647058826,18.857142857142858,ES
2017-12-19,-1,2688.5,2684.5,11,206.58,247.5,8.75,time,640,955,0.4292571428571429,0.5142857142857142,19.839285714285715,ES
2017-12-20,-1,2681.0,2683.0,7,-78.53999999999999,-52.5,14.25,time,635,955,-0.1574736842105263,-0.10526315789473684,19.839285714285715,ES
2017-12-21,1,2691.5,2688.0,15,-280.8,-225.0,6.5,time,635,955,-0.5760000000000001,-0.46153846153846156,18.642857142857142,ES
2017-12-22,-1,2683.75,2689.25,20,-574.4,-500.0,5.0,stop,695,935,-1.1488,-1.0,16.321428571428573,ES
2017-12-27,1,2690.0,2686.25,20,-399.4,-325.0,3.25,stop,620,700,-1.2289230769230768,-1.0,13.714285714285714,ES
2017-12-28,-1,2683.75,2687.0,20,-349.4,-275.0,5.0,time,625,955,-0.6988,-0.55,13.642857142857142,ES
2017-12-29,-1,2686.5,2677.75,13,552.89,601.25,7.25,time,605,955,1.173241379310345,1.2758620689655173,13.0,ES
2018-01-02,1,2689.0,2695.5,14,437.92,490.0,7.0,time,600,955,0.8937142857142858,1.0,13.357142857142858,ES
2018-01-03,1,2705.5,2712.25,12,390.36,435.0,8.25,time,600,955,0.7886060606060606,0.8787878787878788,13.803571428571429,ES
2018-01-04,1,2727.0,2723.75,11,-192.17,-151.25,8.5,time,620,955,-0.41105882352941175,-0.3235294117647059,14.428571428571429,ES
2018-01-05,1,2734.5,2741.0,12,375.36,420.0,7.75,time,675,955,0.8072258064516129,0.9032258064516129,14.946428571428571,ES
2018-01-08,1,2742.5,2746.25,19,333.07,403.75,5.25,time,670,955,0.6678095238095237,0.8095238095238095,15.125,ES
2018-01-09,1,2754.0,2752.75,17,-126.99,-63.75,5.75,time,670,955,-0.2598260869565217,-0.13043478260869565,13.982142857142858,ES
2018-01-10,1,2747.5,2748.5,9,34.019999999999996,67.5,10.75,time,660,955,0.07032558139534884,0.13953488372093023,13.482142857142858,ES
2018-01-11,1,2758.75,2768.0,17,765.51,828.75,5.75,time,600,955,1.5662608695652174,1.6956521739130435,13.625,ES
2018-01-12,1,2778.0,2786.25,12,480.36,525.0,7.75,time,610,955,1.0330322580645162,1.1290322580645162,13.857142857142858,ES
2018-01-16,-1,2798.75,2778.0,10,1025.3,1062.5,9.5,time,635,955,2.1585263157894734,2.236842105263158,14.535714285714286,ES
2018-01-17,1,2791.0,2804.25,9,585.27,618.75,10.25,time,665,955,1.2688780487804878,1.3414634146341464,17.017857142857142,ES
2018-01-18,-1,2795.75,2806.75,9,-505.98,-472.5,10.5,stop,620,870,-1.070857142857143,-1.0,18.607142857142858,ES
2018-01-19,-1,2800.75,2808.5,13,-519.61,-471.25,7.25,stop,600,855,-1.1026206896551725,-1.0,19.178571428571427,ES
2018-01-22,1,2817.75,2834.75,12,1005.36,1050.0,8.25,time,605,955,2.031030303030303,2.121212121212121,18.714285714285715,ES
2018-01-23,1,2843.25,2840.25,9,-145.98,-112.5,11.0,time,655,955,-0.2949090909090909,-0.22727272727272727,19.267857142857142,ES
2018-01-24,1,2854.0,2845.25,12,-539.64,-495.0,8.25,stop,600,670,-1.0901818181818181,-1.0,18.857142857142858,ES
2018-01-26,1,2854.0,2872.75,13,1202.89,1251.25,7.25,time,635,955,2.552551724137931,2.6551724137931036,19.821428571428573,ES
2018-01-29,-1,2862.5,2853.25,11,495.33,536.25,8.5,time,615,955,1.0595294117647058,1.1470588235294117,21.392857142857142,ES
2018-01-30,-1,2824.25,2823.75,6,7.68,30.0,15.0,time,600,955,0.017066666666666667,0.06666666666666667,21.964285714285715,ES
2018-01-31,-1,2831.5,2826.0,12,315.36,360.0,8.0,time,600,955,0.657,0.75,23.25,ES
2018-02-01,1,2827.25,2814.25,8,-529.76,-500.0,12.5,stop,690,930,-1.05952,-1.0,23.75,ES
2018-02-02,-1,2791.25,2760.25,6,922.68,945.0,16.25,time,600,955,1.892676923076923,1.9384615384615385,24.017857142857142,ES
2018-02-05,1,2749.75,2734.0,6,-479.82,-457.5,15.25,stop,605,740,-1.0487868852459017,-1.0,27.857142857142858,ES
2018-02-07,1,2712.0,2680.5,3,-476.16,-465.0,31.0,stop,605,955,-1.024,-1.0,39.80357142857143,ES
2018-02-08,-1,2662.25,2578.5,4,1670.12,1685.0,21.5,time,625,955,3.884,3.9186046511627906,42.232142857142854,ES
2018-02-09,-1,2591.75,2618.75,3,-408.66,-397.5,26.5,stop,635,945,-1.0280754716981133,-1.0,48.92857142857143,ES
2018-02-12,-1,2635.0,2654.5,5,-493.6,-475.0,19.0,stop,610,730,-1.039157894736842,-1.0,54.732142857142854,ES
2018-02-13,1,2650.0,2661.5,6,337.68,360.0,15.5,time,620,955,0.7261935483870968,0.7741935483870968,57.607142857142854,ES
2018-02-14,1,2664.0,2698.5,4,685.12,700.0,21.0,time,605,955,1.6312380952380952,1.6666666666666667,57.857142857142854,ES
2018-02-15,-1,2706.5,2718.0,9,-528.48,-495.0,11.0,stop,615,785,-1.0676363636363637,-1.0,60.69642857142857,ES
2018-02-16,1,2737.5,2732.25,7,-192.29,-166.25,13.5,time,625,955,-0.40696296296296297,-0.35185185185185186,61.392857142857146,ES
2018-02-20,-1,2720.0,2732.5,8,-509.76,-480.0,12.0,stop,630,685,-1.062,-1.0,60.767857142857146,ES
2018-02-21,1,2732.0,2716.0,6,-487.32,-465.0,15.5,stop,635,910,-1.048,-1.0,61.142857142857146,ES
2018-02-22,1,2724.0,2707.5,6,-502.32,-480.0,16.0,stop,665,825,-1.0465,-1.0,62.80357142857143,ES
2018-02-23,-1,2713.5,2723.0,11,-535.92,-495.0,9.0,stop,625,660,-1.0826666666666667,-1.0,60.75,ES
2018-02-26,-1,2756.25,2767.5,9,-517.23,-483.75,10.75,stop,625,730,-1.0692093023255815,-1.0,54.80357142857143,ES
2018-02-27,1,2786.75,2776.0,9,-494.73,-461.25,10.25,stop,610,640,-1.0725853658536586,-1.0,49.25,ES
2018-02-28,-1,2748.75,2713.75,7,1216.46,1242.5,12.75,time,650,955,2.7259607843137257,2.784313725490196,49.125,ES
2018-03-01,1,2728.25,2698.75,3,-446.16,-435.0,29.0,stop,630,750,-1.0256551724137932,-1.0,45.017857142857146,ES
2018-03-02,1,2665.5,2689.5,5,593.9,612.5,18.25,time,640,955,1.3016986301369862,1.3424657534246576,42.517857142857146,ES
2018-03-05,1,2687.25,2721.0,8,1340.24,1370.0,12.0,time,635,955,2.7921666666666667,2.8541666666666665,42.232142857142854,ES
2018-03-06,-1,2717.0,2727.75,6,-329.82,-307.5,15.5,time,650,955,-0.7092903225806452,-0.6612903225806451,43.660714285714285,ES
2018-03-07,1,2717.25,2725.75,5,206.4,225.0,16.75,time,625,955,0.4928955223880597,0.5373134328358209,41.05357142857143,ES
2018-03-08,-1,2728.25,2737.5,11,-522.17,-481.25,8.75,stop,600,900,-1.0850285714285715,-1.0,40.107142857142854,ES
2018-03-09,1,2760.25,2786.25,11,1416.58,1457.5,8.5,time,605,955,3.0301176470588236,3.1176470588235294,39.214285714285715,ES
2018-03-12,-1,2785.25,2783.0,8,80.24,110.0,11.75,time,650,955,0.17072340425531915,0.23404255319148937,41.482142857142854,ES
2018-03-13,-1,2792.0,2765.25,9,1192.77,1226.25,10.25,time,630,955,2.585951219512195,2.658536585365854,40.5,ES
2018-03-14,-1,2768.75,2754.5,7,490.21,516.25,13.5,time,610,955,1.0374814814814814,1.0925925925925926,40.25,ES
2018-03-15,1,2761.5,2751.25,10,-524.7,-487.5,9.75,stop,660,825,-1.0763076923076924,-1.0,40.232142857142854,ES
2018-03-16,1,2764.25,2755.75,12,-524.64,-480.0,8.0,stop,630,820,-1.093,-1.0,38.607142857142854,ES
2018-03-19,-1,2733.75,2716.5,8,680.24,710.0,11.25,time,610,955,1.5116444444444446,1.5777777777777777,37.32142857142857,ES
2018-03-20,-1,2718.0,2720.75,10,-149.7,-112.5,9.5,time,610,955,-0.3151578947368421,-0.23684210526315788,38.05357142857143,ES
2018-03-21,1,2721.5,2715.0,16,-539.52,-480.0,6.0,stop,605,890,-1.1239999999999999,-1.0,35.589285714285715,ES
2018-03-22,1,2697.0,2680.75,6,-494.82,-472.5,15.75,stop,610,645,-1.0472380952380953,-1.0,32.660714285714285,ES
2018-03-23,-1,2638.0,2588.0,4,995.12,1010.0,20.5,time,695,955,2.427121951219512,2.4634146341463414,34.357142857142854,ES
2018-03-26,-1,2628.25,2640.0,8,-479.76,-450.0,11.25,stop,620,855,-1.0661333333333334,-1.0,35.75,ES
2018-03-27,-1,2654.0,2671.25,5,-437.35,-418.75,16.75,stop,630,700,-1.0444179104477613,-1.0,39.5,ES
2018-03-28,1,2623.75,2602.75,4,-424.88,-410.0,20.5,stop,600,640,-1.0362926829268293,-1.0,43.07142857142857,ES
2018-03-29,1,2624.25,2641.5,6,510.18,532.5,14.75,time,640,955,1.152949152542373,1.2033898305084745,44.660714285714285,ES
2018-04-02,-1,2618.5,2580.0,5,956.4,975.0,19.25,time,600,955,1.9873246753246754,2.0259740259740258,45.125,ES
2018-04-03,-1,2582.75,2597.75,6,-457.32,-435.0,14.5,stop,605,655,-1.0513103448275862,-1.0,50.232142857142854,ES
2018-04-04,1,2589.5,2643.0,5,1331.4,1350.0,18.0,time,605,955,2.958666666666667,3.0,50.32142857142857,ES
2018-04-05,1,2666.25,2650.75,6,-472.32,-450.0,15.0,stop,665,820,-1.0496,-1.0,53.482142857142854,ES
2018-04-06,-1,2635.0,2603.0,4,635.12,650.0,21.5,time,645,955,1.4770232558139536,1.5116279069767442,54.017857142857146,ES
2018-04-09,1,2633.0,2613.0,5,-506.1,-487.5,19.5,stop,630,955,-1.0381538461538462,-1.0,58.517857142857146,ES
2018-04-10,1,2652.0,2638.25,7,-489.79,-463.75,13.25,stop,620,745,-1.0561509433962264,-1.0,58.125,ES
2018-04-11,1,2652.25,2642.25,7,-358.54,-332.5,13.5,time,620,955,-0.7588148148148148,-0.7037037037037037,60.80357142857143,ES
2018-04-12,1,2671.0,2663.5,6,-232.32,-210.0,15.75,time,620,955,-0.49168253968253967,-0.4444444444444444,60.17857142857143,ES
2018-04-13,-1,2667.0,2656.5,7,358.96,385.0,13.25,time,600,955,0.7740377358490566,0.8301886792452831,57.30357142857143,ES
2018-04-17,1,2701.0,2706.25,12,300.36,345.0,8.25,time,630,955,0.6067878787878788,0.696969696969697,51.5,ES
2018-04-18,-1,2708.0,2716.5,12,-524.64,-480.0,8.0,stop,605,660,-1.093,-1.0,48.339285714285715,ES
2018-04-19,-1,2690.75,2693.5,8,-119.76,-90.0,11.5,time,670,955,-0.26034782608695656,-0.1956521739130435,46.44642857142857,ES
2018-04-20,-1,2685.25,2671.0,10,700.3,737.5,9.25,time,600,955,1.5141621621621622,1.5945945945945945,44.5,ES
2018-04-23,1,2679.0,2667.5,9,-528.48,-495.0,11.0,stop,665,845,-1.0676363636363637,-1.0,40.589285714285715,ES
2018-04-24,-1,2671.25,2634.0,8,1480.24,1510.0,12.25,time,615,955,3.0208979591836735,3.0816326530612246,39.19642857142857,ES
2018-04-26,1,2657.0,2666.0,8,350.24,380.0,11.25,time,605,955,0.7783111111111112,0.8444444444444444,38.714285714285715,ES
2018-04-27,-1,2665.5,2669.25,9,-179.73,-146.25,10.5,time,625,955,-0.3803809523809524,-0.30952380952380953,35.767857142857146,ES
2018-04-30,-1,2672.75,2646.75,11,1416.58,1457.5,8.75,time,620,955,2.943542857142857,3.0285714285714285,33.44642857142857,ES
2018-05-01,-1,2635.0,2643.0,13,-535.86,-487.5,7.5,stop,605,860,-1.0992,-1.0,32.267857142857146,ES
2018-05-02,-1,2641.0,2651.5,10,-537.2,-500.0,10.0,stop,705,795,-1.0744,-1.0,32.767857142857146,ES
2018-05-03,-1,2611.0,2624.75,7,-489.79,-463.75,13.25,stop,615,770,-1.0561509433962264,-1.0,32.55357142857143,ES
2018-05-04,1,2631.5,2661.5,5,743.9,762.5,19.0,time,605,955,1.5661052631578947,1.605263157894737,33.107142857142854,ES
2018-05-08,1,2669.25,2659.25,10,-512.2,-475.0,9.5,stop,650,775,-1.0783157894736843,-1.0,33.857142857142854,ES
2018-05-09,-1,2673.5,2681.75,12,-509.64,-465.0,7.75,stop,650,740,-1.0959999999999999,-1.0,34.410714285714285,ES
2018-05-10,1,2709.75,2721.25,15,844.2,900.0,6.5,time,625,955,1.7316923076923079,1.8461538461538463,34.642857142857146,ES
2018-05-11,1,2730.0,2720.0,10,-512.2,-475.0,9.5,stop,640,745,-1.0783157894736843,-1.0,34.19642857142857,ES
2018-05-14,1,2740.75,2733.25,14,-542.08,-490.0,7.0,stop,630,700,-1.1062857142857143,-1.0,33.482142857142854,ES
2018-05-17,1,2722.75,2713.25,11,-535.92,-495.0,9.0,stop,600,840,-1.0826666666666667,-1.0,28.285714285714285,ES
2018-05-18,-1,2712.5,2719.5,15,-543.3,-487.5,6.5,stop,600,620,-1.1144615384615384,-1.0,28.464285714285715,ES
2018-05-21,1,2738.25,2728.25,10,-512.2,-475.0,9.5,stop,630,685,-1.0783157894736843,-1.0,26.678571428571427,ES
2018-05-22,-1,2734.75,2724.75,14,682.92,735.0,6.75,time,610,955,1.4453333333333331,1.5555555555555556,26.428571428571427,ES
2018-05-23,1,2718.0,2709.75,12,-509.64,-465.0,7.75,stop,605,650,-1.0959999999999999,-1.0,25.767857142857142,ES
2018-05-24,-1,2713.25,2727.0,5,-349.85,-331.25,17.0,time,625,955,-0.8231764705882354,-0.7794117647058824,24.392857142857142,ES
2018-05-25,1,2726.0,2716.25,10,-499.7,-462.5,9.25,stop,615,810,-1.0804324324324324,-1.0,22.196428571428573,ES
2018-05-28,1,2722.0,2718.75,20,-349.4,-275.0,2.75,stop,620,705,-1.2705454545454544,-1.0,21.732142857142858,ES
2018-05-29,1,2709.0,2696.75,8,-499.76,-470.0,11.75,stop,600,660,-1.0633191489361702,-1.0,20.589285714285715,ES
2018-05-30,1,2708.75,2723.25,15,1069.2,1125.0,6.5,time,630,955,2.1932307692307695,2.3076923076923075,21.857142857142858,ES
2018-05-31,-1,2712.5,2720.0,14,-542.08,-490.0,7.0,stop,605,695,-1.1062857142857143,-1.0,22.732142857142858,ES
2018-06-01,1,2729.0,2733.5,12,255.36,300.0,8.25,time,600,955,0.5158787878787879,0.6060606060606061,23.303571428571427,ES
2018-06-05,1,2751.5,2745.25,17,-551.99,-488.75,5.75,stop,600,665,-1.129391304347826,-1.0,23.357142857142858,ES
2018-06-06,-1,2748.5,2757.25,12,-539.64,-495.0,8.25,stop,600,680,-1.0901818181818181,-1.0,23.0,ES
2018-06-07,-1,2771.5,2769.75,12,90.36,135.0,7.75,time,620,955,0.19432258064516128,0.2903225806451613,23.214285714285715,ES
2018-06-08,1,2770.25,2777.5,14,490.42,542.5,6.75,time,670,955,1.037925925925926,1.1481481481481481,23.821428571428573,ES
2018-06-11,1,2787.25,2781.0,12,-389.64,-345.0,7.75,time,700,955,-0.8379354838709677,-0.7419354838709677,23.089285714285715,ES
2018-06-12,1,2789.0,2782.0,15,-543.3,-487.5,6.5,stop,710,865,-1.1144615384615384,-1.0,22.553571428571427,ES
2018-06-13,1,2795.0,2790.5,20,-474.4,-400.0,4.0,stop,660,780,-1.186,-1.0,21.625,ES
2018-06-14,1,2793.0,2786.0,15,-543.3,-487.5,6.5,stop,605,650,-1.1144615384615384,-1.0,20.964285714285715,ES
2018-06-15,-1,2769.25,2779.75,10,-537.2,-500.0,10.0,stop,630,860,-1.0744,-1.0,21.035714285714285,ES
2018-06-18,1,2769.75,2777.5,12,450.36,495.0,8.25,time,630,955,0.9098181818181819,1.0,22.232142857142858,ES
2018-06-19,-1,2748.5,2759.0,10,-537.2,-500.0,10.0,stop,605,675,-1.0744,-1.0,20.428571428571427,ES
2018-06-20,-1,2770.75,2776.0,20,-549.4,-475.0,4.75,stop,610,725,-1.1566315789473685,-1.0,19.75,ES
2018-06-21,-1,2762.75,2752.5,13,650.39,698.75,7.5,time,600,955,1.3341333333333334,1.4333333333333333,18.910714285714285,ES
2018-06-22,-1,2759.75,2757.25,11,124.08,165.0,8.5,time,625,955,0.26541176470588235,0.35294117647058826,18.410714285714285,ES
2018-06-25,-1,2727.0,2718.75,5,200.15,218.75,19.0,time,600,955,0.4213684210526316,0.4605263157894737,18.464285714285715,ES
2018-06-27,1,2744.25,2729.0,6,-464.82,-442.5,14.75,stop,610,690,-1.0504406779661017,-1.0,21.107142857142858,ES
2018-06-28,1,2707.75,2718.5,7,367.71,393.75,13.25,time,655,955,0.7929056603773584,0.8490566037735849,23.071428571428573,ES
2018-06-29,1,2739.5,2729.25,10,-524.7,-487.5,9.75,stop,635,940,-1.0763076923076924,-1.0,24.267857142857142,ES
2018-07-02,1,2712.25,2727.75,8,610.24,640.0,11.5,time,600,955,1.3266086956521739,1.391304347826087,25.267857142857142,ES
2018-07-05,-1,2724.25,2733.0,12,-539.64,-495.0,8.25,stop,610,720,-1.0901818181818181,-1.0,26.75,ES
2018-07-06,1,2746.5,2761.25,8,580.24,610.0,11.75,time,605,955,1.2345531914893617,1.297872340425532,26.732142857142858,ES
2018-07-09,1,2780.0,2786.25,14,420.42,472.5,6.75,time,655,955,0.8897777777777778,1.0,27.357142857142858,ES
2018-07-10,1,2795.0,2788.75,17,-551.99,-488.75,5.75,stop,615,825,-1.129391304347826,-1.0,26.946428571428573,ES
2018-07-11,1,2784.5,2776.75,13,-519.61,-471.25,7.25,stop,615,705,-1.1026206896551725,-1.0,26.892857142857142,ES
2018-07-12,1,2791.5,2799.5,11,426.58,467.5,8.5,time,605,955,0.912470588235294,1.0,26.857142857142858,ES
2018-07-13,1,2802.25,2802.5,11,0.33000000000000007,41.25,8.75,time,640,955,0.0006857142857142858,0.08571428571428572,27.482142857142858,ES
2018-07-16,-1,2796.75,2799.5,12,-179.64,-135.0,7.75,time,620,955,-0.3863225806451613,-0.2903225806451613,24.375,ES
2018-07-17,1,2797.0,2811.25,16,1120.48,1180.0,6.0,time,600,955,2.3343333333333334,2.4583333333333335,23.785714285714285,ES
2018-07-18,-1,2808.5,2814.25,19,-569.43,-498.75,5.25,stop,610,690,-1.1417142857142857,-1.0,22.214285714285715,ES
2018-07-20,1,2806.75,2801.75,20,-524.4,-450.0,4.5,stop,625,870,-1.1653333333333333,-1.0,20.0,ES
2018-07-23,1,2803.0,2796.75,17,-551.99,-488.75,5.75,stop,600,630,-1.129391304347826,-1.0,18.696428571428573,ES
2018-07-24,1,2830.25,2822.25,13,-535.86,-487.5,7.5,stop,615,665,-1.0992,-1.0,17.803571428571427,ES
2018-07-25,1,2827.75,2846.75,10,937.8,975.0,9.25,time,715,955,2.0276756756756757,2.108108108108108,18.785714285714285,ES
2018-07-26,1,2844.25,2837.5,12,-419.64,-375.0,8.0,time,665,955,-0.87425,-0.78125,19.410714285714285,ES
2018-07-27,-1,2834.5,2819.5,11,811.58,852.5,8.5,time,610,955,1.736,1.8235294117647058,17.928571428571427,ES
2018-07-30,-1,2811.0,2803.25,9,337.77,371.25,10.5,time,610,955,0.7148571428571429,0.7857142857142857,18.553571428571427,ES
2018-07-31,-1,2808.75,2818.25,11,-535.92,-495.0,9.0,stop,620,705,-1.0826666666666667,-1.0,19.428571428571427,ES
2018-08-01,1,2823.0,2817.5,20,-574.4,-500.0,5.0,stop,615,690,-1.1488,-1.0,19.285714285714285,ES
2018-08-02,1,2805.25,2826.25,10,1037.8,1075.0,10.0,time,600,955,2.0756,2.15,18.946428571428573,ES
2018-08-03,1,2831.75,2839.5,20,750.6,825.0,4.5,time,600,955,1.6680000000000001,1.8333333333333333,20.482142857142858,ES
2018-08-06,1,2843.0,2850.25,13,455.39,503.75,7.25,time,610,955,0.9663448275862069,1.0689655172413792,20.767857142857142,ES
2018-08-07,1,2861.0,2858.5,20,-274.4,-200.0,5.0,time,605,955,-0.5488,-0.4,20.267857142857142,ES
2018-08-08,-1,2853.25,2858.5,20,-549.4,-475.0,4.75,stop,630,650,-1.1566315789473685,-1.0,20.392857142857142,ES
2018-08-09,1,2860.25,2855.75,20,-474.4,-400.0,4.0,stop,615,705,-1.186,-1.0,19.857142857142858,ES
2018-08-10,-1,2832.75,2841.75,11,-508.42,-467.5,8.5,stop,600,680,-1.0875294117647059,-1.0,19.910714285714285,ES
2018-08-13,1,2842.0,2835.5,16,-539.52,-480.0,6.0,stop,605,675,-1.1239999999999999,-1.0,20.910714285714285,ES
2018-08-14,-1,2827.25,2835.5,12,-509.64,-465.0,7.75,stop,600,625,-1.0959999999999999,-1.0,20.946428571428573,ES
2018-08-15,-1,2810.25,2819.5,6,-284.82,-262.5,16.25,time,600,955,-0.5842461538461539,-0.5384615384615384,20.196428571428573,ES
2018-08-16,1,2840.0,2842.25,20,200.6,275.0,5.0,time,625,955,0.4012,0.55,22.107142857142858,ES
2018-08-17,-1,2836.5,2844.5,13,-535.86,-487.5,7.5,stop,610,695,-1.0992,-1.0,21.964285714285715,ES
2018-08-20,-1,2853.0,2858.75,19,-569.43,-498.75,5.25,stop,610,725,-1.1417142857142857,-1.0,21.857142857142858,ES
2018-08-21,1,2870.25,2862.5,13,-519.61,-471.25,7.25,stop,710,945,-1.1026206896551725,-1.0,20.946428571428573,ES
2018-08-22,1,2866.0,2862.5,11,-205.92,-165.0,9.0,time,645,955,-0.416,-0.3333333333333333,20.642857142857142,ES
2018-08-23,1,2869.25,2858.75,10,-537.2,-500.0,10.0,stop,625,675,-1.0744,-1.0,19.035714285714285,ES
2018-08-24,1,2867.5,2875.25,20,750.6,825.0,3.25,time,600,955,2.3095384615384615,2.5384615384615383,19.125,ES
2018-08-27,1,2894.75,2897.5,13,162.89,211.25,7.5,time,605,955,0.3341333333333333,0.43333333333333335,19.214285714285715,ES
2018-08-28,-1,2899.5,2899.5,20,-24.4,50.0,4.75,time,615,955,-0.05136842105263158,0.10526315789473684,19.964285714285715,ES
2018-08-29,1,2903.5,2914.25,20,1050.6,1125.0,4.5,time,620,955,2.3346666666666667,2.5,20.017857142857142,ES
2018-08-30,1,2911.75,2907.0,20,-499.4,-425.0,4.25,stop,615,680,-1.1750588235294117,-1.0,20.607142857142858,ES
2018-08-31,1,2902.75,2896.75,18,-561.96,-495.0,5.5,stop,600,705,-1.1352727272727274,-1.0,20.0,ES
2018-09-03,1,2909.5,2906.75,20,-299.4,-225.0,2.25,stop,630,685,-1.3306666666666667,-1.0,19.428571428571427,ES
2018-09-04,1,2900.0,2886.0,7,-498.54,-472.5,13.5,stop,645,740,-1.055111111111111,-1.0,18.607142857142858,ES
2018-09-05,-1,2883.25,2889.5,8,-259.76,-230.0,11.5,time,610,955,-0.564695652173913,-0.5,17.535714285714285,ES
2018-09-06,-1,2881.5,2880.25,8,40.24,70.0,11.25,time,610,955,0.08942222222222222,0.15555555555555556,16.625,ES
2018-09-07,1,2879.75,2873.5,6,-194.82,-172.5,14.5,time,610,955,-0.4478620689655172,-0.39655172413793105,16.839285714285715,ES
2018-09-10,-1,2881.25,2879.0,14,140.42000000000002,192.5,6.75,time,600,955,0.2971851851851852,0.4074074074074074,17.607142857142858,ES
2018-09-11,1,2877.25,2888.75,10,562.8,600.0,9.75,time,600,955,1.1544615384615384,1.2307692307692308,17.5,ES
2018-09-12,-1,2884.5,2891.5,15,-543.3,-487.5,6.5,stop,610,675,-1.1144615384615384,-1.0,18.482142857142858,ES
2018-09-13,1,2906.75,2898.5,12,-509.64,-465.0,7.75,stop,605,635,-1.0959999999999999,-1.0,18.535714285714285,ES
2018-09-14,-1,2904.0,2909.5,20,-574.4,-500.0,5.0,stop,600,665,-1.1488,-1.0,18.464285714285715,ES
2018-09-17,-1,2902.25,2895.25,12,405.36,450.0,7.75,time,645,955,0.871741935483871,0.967741935483871,17.678571428571427,ES
2018-09-18,1,2908.0,2911.0,9,124.02,157.5,10.5,time,620,955,0.2624761904761905,0.3333333333333333,18.232142857142858,ES
2018-09-19,-1,2910.25,2917.5,14,-524.58,-472.5,6.75,stop,615,665,-1.1102222222222222,-1.0,18.517857142857142,ES
2018-09-20,1,2931.5,2936.5,20,475.6,550.0,5.0,time,620,955,0.9512,1.1,17.785714285714285,ES
2018-09-21,-1,2941.0,2934.75,19,570.57,641.25,5.25,time,620,955,1.1440000000000001,1.2857142857142858,18.553571428571427,ES
2018-09-24,-1,2922.0,2924.75,14,-209.57999999999998,-157.5,6.75,time,625,955,-0.44355555555555554,-0.3333333333333333,18.892857142857142,ES
2018-09-25,-1,2925.0,2921.0,20,375.6,450.0,5.0,time,605,955,0.7512000000000001,0.9,18.464285714285715,ES
2018-09-26,1,2927.25,2921.75,20,-574.4,-500.0,5.0,stop,660,935,-1.1488,-1.0,17.910714285714285,ES
2018-09-27,1,2923.75,2919.5,10,-224.7,-187.5,9.5,time,600,955,-0.47305263157894734,-0.39473684210526316,18.160714285714285,ES
2018-09-28,1,2919.75,2918.75,13,-80.86,-32.5,7.5,time,625,955,-0.16586666666666666,-0.06666666666666667,18.160714285714285,ES
2018-10-01,1,2940.25,2932.25,13,-535.86,-487.5,7.5,stop,605,740,-1.0992,-1.0,18.089285714285715,ES
2018-10-02,-1,2925.5,2931.0,20,-574.4,-500.0,5.0,stop,605,650,-1.1488,-1.0,17.892857142857142,ES
2018-10-03,1,2941.75,2936.5,20,-549.4,-475.0,4.75,stop,605,660,-1.1566315789473685,-1.0,17.625,ES
2018-10-04,-1,2916.25,2906.5,13,617.89,666.25,7.5,time,600,955,1.2674666666666667,1.3666666666666667,17.696428571428573,ES
2018-10-05,-1,2904.75,2890.5,11,770.33,811.25,9.0,time,600,955,1.5562222222222224,1.6388888888888888,19.821428571428573,ES
2018-10-08,1,2893.0,2877.75,6,-464.82,-442.5,14.75,stop,610,690,-1.0504406779661017,-1.0,21.446428571428573,ES
2018-10-09,1,2890.5,2885.5,8,-209.76,-180.0,11.25,time,600,955,-0.4661333333333333,-0.4,21.803571428571427,ES
2018-10-10,-1,2853.25,2792.75,3,903.84,915.0,26.5,time,600,955,2.2738113207547173,2.30188679245283,22.678571428571427,ES
2018-10-11,-1,2769.25,2732.0,3,555.09,566.25,29.25,time,645,955,1.2651623931623932,1.2905982905982907,27.660714285714285,ES
2018-10-12,-1,2759.25,2769.0,5,-249.85,-231.25,19.75,time,625,955,-0.5060253164556962,-0.46835443037974683,32.839285714285715,ES
2018-10-15,-1,2755.5,2770.0,7,-516.04,-490.0,14.0,stop,600,685,-1.0531428571428572,-1.0,35.035714285714285,ES
2018-10-16,1,2781.75,2810.75,7,1006.46,1032.5,13.0,time,600,955,2.212,2.269230769230769,36.142857142857146,ES
2018-10-17,-1,2798.0,2813.0,6,-457.32,-435.0,14.5,stop,600,730,-1.0513103448275862,-1.0,38.625,ES
2018-10-18,-1,2791.5,2802.25,9,-494.73,-461.25,10.25,stop,605,630,-1.0725853658536586,-1.0,39.767857142857146,ES
2018-10-19,1,2798.75,2777.75,4,-424.88,-410.0,20.5,stop,600,735,-1.0362926829268293,-1.0,42.785714285714285,ES
2018-10-22,-1,2755.75,2757.75,4,-44.88,-30.0,24.5,time,615,955,-0.09159183673469388,-0.061224489795918366,43.875,ES
2018-10-23,-1,2703.75,2723.75,5,-506.1,-487.5,19.5,stop,600,760,-1.0381538461538462,-1.0,45.125,ES
2018-10-24,-1,2730.0,2658.0,7,2511.46,2537.5,13.25,time,600,955,5.415547169811321,5.471698113207547,48.410714285714285,ES
2018-10-25,1,2695.75,2706.5,3,157.59,168.75,28.0,time,600,955,0.3752142857142857,0.4017857142857143,51.892857142857146,ES
2018-10-26,-1,2649.0,2672.5,4,-474.88,-460.0,23.0,stop,600,740,-1.0323478260869565,-1.0,53.69642857142857,ES
2018-10-29,1,2705.75,2686.75,5,-481.1,-462.5,18.5,stop,600,670,-1.0402162162162163,-1.0,57.392857142857146,ES
2018-10-31,1,2722.25,2711.5,6,-329.82,-307.5,15.75,time,615,955,-0.698031746031746,-0.6507936507936508,60.07142857142857,ES
2018-11-01,1,2728.0,2738.5,6,307.68,330.0,15.75,time,630,955,0.6511746031746032,0.6984126984126984,57.75,ES
2018-11-02,-1,2742.75,2722.0,7,717.71,743.75,13.5,time,600,955,1.518962962962963,1.5740740740740742,56.75,ES
2018-11-05,-1,2723.25,2733.5,10,-524.7,-487.5,9.75,stop,600,655,-1.0763076923076924,-1.0,58.857142857142854,ES
2018-11-07,-1,2776.5,2788.0,9,-528.48,-495.0,11.0,stop,605,635,-1.0676363636363637,-1.0,55.160714285714285,ES
2018-11-08,1,2814.5,2803.75,9,-494.73,-461.25,10.25,stop,705,810,-1.0725853658536586,-1.0,55.5,ES
2018-11-09,-1,2781.25,2781.25,7,-8.54,17.5,13.75,time,605,955,-0.017745454545454543,0.03636363636363636,54.214285714285715,ES
2018-11-12,-1,2754.75,2728.0,4,530.12,545.0,22.5,time,600,955,1.1780444444444444,1.211111111111111,55.17857142857143,ES
2018-11-13,-1,2730.25,2744.25,7,-498.54,-472.5,13.5,stop,600,660,-1.055111111111111,-1.0,54.714285714285715,ES
2018-11-14,-1,2737.0,2703.75,9,1485.27,1518.75,11.0,time,605,955,3.0005454545454544,3.0681818181818183,51.142857142857146,ES
2018-11-15,-1,2676.0,2698.25,4,-449.88,-435.0,21.75,stop,630,675,-1.0342068965517242,-1.0,50.857142857142854,ES
2018-11-16,1,2730.25,2737.75,5,181.4,200.0,16.75,time,600,955,0.4331940298507463,0.47761194029850745,49.857142857142854,ES
2018-11-19,-1,2716.75,2692.75,5,593.9,612.5,17.75,time,605,955,1.3383661971830985,1.380281690140845,44.964285714285715,ES
2018-11-20,-1,2640.0,2661.75,4,-439.88,-425.0,21.25,stop,605,650,-1.0350117647058823,-1.0,45.375,ES
2018-11-21,1,2664.25,2650.75,7,-481.04,-455.0,13.0,stop,600,940,-1.0572307692307692,-1.0,45.857142857142854,ES
2018-11-23,1,2646.25,2629.75,6,-502.32,-480.0,16.0,stop,675,780,-1.0465,-1.0,43.125,ES
2018-11-27,1,2674.25,2682.25,5,193.9,212.5,18.75,time,610,955,0.4136533333333334,0.4533333333333333,44.375,ES
2018-11-28,-1,2688.0,2698.25,10,-524.7,-487.5,9.75,stop,610,720,-1.0763076923076924,-1.0,42.035714285714285,ES
2018-11-29,-1,2731.75,2739.25,14,-542.08,-490.0,7.0,stop,615,630,-1.1062857142857143,-1.0,45.05357142857143,ES
2018-11-30,1,2742.25,2756.25,11,756.58,797.5,8.75,time,605,955,1.5721142857142858,1.6571428571428573,44.214285714285715,ES
2018-12-03,-1,2782.75,2791.0,5,-212.35,-193.75,19.5,time,650,955,-0.43558974358974356,-0.3974358974358974,42.035714285714285,ES
2018-12-04,-1,2771.0,2703.75,6,2010.18,2032.5,16.0,time,615,955,4.187875,4.234375,42.375,ES
2018-12-06,-1,2639.5,2669.5,3,-453.66,-442.5,29.5,stop,655,835,-1.025220338983051,-1.0,44.625,ES
2018-12-07,-1,2678.5,2633.75,3,667.59,678.75,31.0,time,615,955,1.4356774193548387,1.4596774193548387,45.82142857142857,ES
2018-12-10,-1,2607.5,2639.5,3,-483.66,-472.5,31.5,stop,635,875,-1.0236190476190477,-1.0,49.464285714285715,ES
2018-12-11,-1,2664.5,2638.0,9,1181.52,1215.0,10.75,time,610,955,2.442418604651163,2.511627906976744,50.107142857142854,ES
2018-12-12,1,2675.75,2661.25,7,-516.04,-490.0,14.0,stop,610,865,-1.0531428571428572,-1.0,49.642857142857146,ES
2018-12-13,-1,2651.0,2649.75,5,25.15,43.75,17.75,time,650,955,0.05667605633802816,0.09859154929577464,51.07142857142857,ES
2018-12-14,-1,2620.0,2601.0,7,656.46,682.5,14.0,time,630,955,1.3397142857142859,1.3928571428571428,51.80357142857143,ES
2018-12-17,1,2594.5,2570.75,4,-479.88,-465.0,23.25,stop,655,800,-1.032,-1.0,54.410714285714285,ES
2018-12-18,-1,2562.75,2549.0,6,405.18,427.5,14.75,time,640,955,0.9156610169491526,0.9661016949152542,56.267857142857146,ES
2018-12-19,1,2572.0,2546.5,4,-514.88,-500.0,25.0,stop,630,840,-1.02976,-1.0,57.625,ES
2018-12-20,1,2509.25,2484.0,4,-509.88,-495.0,24.75,stop,605,685,-1.0300606060606061,-1.0,60.482142857142854,ES
2018-12-21,1,2495.0,2471.25,4,-479.88,-465.0,23.25,stop,610,665,-1.032,-1.0,63.285714285714285,ES
2018-12-24,-1,2372.0,2409.75,2,-379.94,-372.5,37.25,stop,605,640,-1.0199731543624162,-1.0,68.32142857142857,ES
2018-12-26,-1,2359.75,2387.25,3,-416.16,-405.0,27.0,stop,600,715,-1.0275555555555556,-1.0,70.375,ES
2018-12-27,-1,2416.25,2446.0,3,-449.91,-438.75,29.25,stop,615,920,-1.0254358974358975,-1.0,72.71428571428571,ES
2018-12-28,-1,2489.0,2510.0,4,-424.88,-410.0,20.5,stop,620,855,-1.0362926829268293,-1.0,73.57142857142857,ES
2018-12-31,-1,2499.0,2510.25,9,-517.23,-483.75,10.75,stop,615,955,-1.0692093023255815,-1.0,70.98214285714286,ES
2019-01-02,1,2491.25,2510.75,4,385.12,400.0,24.0,time,605,955,0.8023333333333333,0.8333333333333334,68.25,ES
2019-01-03,-1,2468.5,2448.5,4,395.12,410.0,24.75,time,600,955,0.7982222222222223,0.8282828282828283,68.19642857142857,ES
2019-01-04,1,2502.5,2532.5,4,595.12,610.0,23.5,time,600,955,1.266212765957447,1.297872340425532,69.55357142857143,ES
2019-01-07,1,2539.0,2550.25,7,385.21,411.25,14.25,time,600,955,0.7723508771929825,0.8245614035087719,73.64285714285714,ES
2019-01-08,-1,2563.5,2574.75,5,-287.35,-268.75,17.5,time,610,955,-0.6568,-0.6142857142857143,72.75,ES
2019-01-09,-1,2577.5,2589.5,8,-489.76,-460.0,11.5,stop,630,705,-1.064695652173913,-1.0,70.01785714285714,ES
2019-01-10,1,2575.0,2596.5,7,743.96,770.0,12.75,time,620,955,1.667137254901961,1.7254901960784315,68.66071428571429,ES
2019-01-11,1,2587.25,2596.0,10,425.3,462.5,10.0,time,605,955,0.8506,0.925,63.964285714285715,ES
2019-01-14,1,2583.0,2581.0,8,-89.76,-60.0,12.0,time,605,955,-0.187,-0.125,60.339285714285715,ES
2019-01-15,1,2605.5,2610.25,4,90.12,105.0,21.0,time,600,955,0.21457142857142858,0.25,55.107142857142854,ES
2019-01-17,1,2618.75,2635.75,7,586.46,612.5,13.0,time,660,955,1.288923076923077,1.3461538461538463,44.19642857142857,ES
2019-01-18,1,2660.75,2670.25,8,370.24,400.0,12.5,time,640,955,0.74048,0.8,40.32142857142857,ES
2019-01-22,-1,2644.0,2636.25,8,300.24,330.0,12.25,time,605,955,0.6127346938775511,0.673469387755102,38.732142857142854,ES
2019-01-23,-1,2643.25,2639.5,10,175.3,212.5,9.25,time,620,955,0.37902702702702706,0.4594594594594595,38.25,ES
2019-01-24,1,2642.75,2629.75,8,-529.76,-500.0,12.5,stop,610,790,-1.05952,-1.0,36.357142857142854,ES
2019-01-25,1,2664.25,2663.0,13,-97.11,-48.75,7.5,time,600,955,-0.1992,-0.1,31.392857142857142,ES
2019-01-28,-1,2626.75,2639.25,8,-509.76,-480.0,12.0,stop,705,830,-1.062,-1.0,30.535714285714285,ES
2019-01-29,-1,2634.25,2639.0,6,-149.82,-127.5,14.75,time,650,955,-0.3385762711864407,-0.288135593220339,31.053571428571427,ES
2019-01-30,-1,2647.25,2657.0,10,-499.7,-462.5,9.25,stop,600,660,-1.0804324324324324,-1.0,30.553571428571427,ES
2019-01-31,1,2687.0,2702.5,9,686.52,720.0,10.25,time,600,955,1.488390243902439,1.5609756097560976,31.571428571428573,ES
2019-02-01,1,2710.75,2698.75,8,-489.76,-460.0,11.5,stop,605,855,-1.064695652173913,-1.0,32.410714285714285,ES
2019-02-04,-1,2698.25,2707.0,12,-539.64,-495.0,8.25,stop,600,660,-1.0901818181818181,-1.0,32.05357142857143,ES
2019-02-05,1,2733.5,2726.5,15,-543.3,-487.5,6.5,stop,630,740,-1.1144615384615384,-1.0,31.660714285714285,ES
2019-02-06,-1,2729.0,2731.25,13,-162.11,-113.75,7.25,time,600,955,-0.34400000000000003,-0.2413793103448276,31.642857142857142,ES
2019-02-07,1,2715.25,2706.0,11,-522.17,-481.25,8.75,stop,620,650,-1.0850285714285715,-1.0,29.803571428571427,ES
2019-02-08,-1,2686.75,2697.25,10,-537.2,-500.0,10.0,stop,600,850,-1.0744,-1.0,30.160714285714285,ES
2019-02-11,-1,2707.75,2709.0,10,-74.7,-37.5,9.5,time,620,955,-0.15726315789473685,-0.07894736842105263,31.035714285714285,ES
2019-02-12,1,2734.75,2743.75,11,481.58,522.5,8.5,time,600,955,1.0301176470588236,1.1176470588235294,28.75,ES
2019-02-13,-1,2748.5,2752.25,7,-139.79,-113.75,13.25,time,690,955,-0.3014339622641509,-0.24528301886792453,28.607142857142858,ES
2019-02-14,1,2740.75,2745.25,9,191.52,225.0,10.25,time,605,955,0.415219512195122,0.4878048780487805,28.357142857142858,ES
2019-02-19,1,2777.0,2780.0,9,124.02,157.5,10.75,time,610,955,0.2563720930232558,0.32558139534883723,26.214285714285715,ES
2019-02-20,1,2783.5,2777.5,18,-561.96,-495.0,5.5,stop,625,745,-1.1352727272727274,-1.0,24.107142857142858,ES
2019-02-22,1,2786.0,2792.0,14,402.92,455.0,7.0,time,600,955,0.8222857142857143,0.9285714285714286,23.160714285714285,ES
2019-02-25,-1,2806.0,2811.75,19,-569.43,-498.75,5.25,stop,630,650,-1.1417142857142857,-1.0,22.607142857142858,ES
2019-02-26,1,2799.5,2789.75,10,-499.7,-462.5,9.25,stop,600,660,-1.0804324324324324,-1.0,23.053571428571427,ES
2019-02-27,-1,2779.25,2792.75,7,-481.04,-455.0,13.0,stop,610,790,-1.0572307692307692,-1.0,23.035714285714285,ES
2019-02-28,-1,2784.75,2793.5,12,-539.64,-495.0,8.25,stop,605,740,-1.0901818181818181,-1.0,21.303571428571427,ES
2019-03-01,-1,2801.5,2804.75,15,-262.05,-206.25,6.5,time,610,955,-0.5375384615384615,-0.4230769230769231,20.196428571428573,ES
2019-03-04,-1,2811.0,2793.5,14,1207.92,1260.0,6.75,time,635,955,2.5564444444444447,2.6666666666666665,20.803571428571427,ES
2019-03-05,1,2795.75,2789.75,8,-249.76,-220.0,12.25,time,695,955,-0.5097142857142857,-0.4489795918367347,21.607142857142858,ES
2019-03-06,-1,2780.25,2772.25,9,349.02,382.5,10.25,time,620,955,0.7566829268292683,0.8292682926829268,21.285714285714285,ES
2019-03-07,-1,2743.25,2749.25,4,-124.88,-110.0,24.25,time,615,955,-0.25748453608247424,-0.2268041237113402,20.875,ES
2019-03-08,1,2734.5,2723.0,9,-528.48,-495.0,11.0,stop,640,770,-1.0676363636363637,-1.0,21.107142857142858,ES
2019-03-11,1,2767.75,2787.75,8,790.24,820.0,12.5,time,600,955,1.58048,1.64,22.714285714285715,ES
2019-03-12,1,2799.25,2797.0,12,-149.64,-105.0,8.0,time,625,955,-0.31174999999999997,-0.21875,24.464285714285715,ES
2019-03-13,1,2813.25,2816.0,13,162.89,211.25,7.5,time,615,955,0.3341333333333333,0.43333333333333335,24.339285714285715,ES
2019-03-14,-1,2811.5,2817.75,17,-551.99,-488.75,5.75,stop,600,675,-1.129391304347826,-1.0,24.875,ES
2019-03-15,1,2825.5,2828.0,14,157.92000000000002,210.0,6.75,time,675,955,0.33422222222222225,0.4444444444444444,24.375,ES
2019-03-18,1,2839.5,2829.5,10,-512.2,-475.0,9.5,stop,600,685,-1.0783157894736843,-1.0,24.428571428571427,ES
2019-03-19,-1,2844.75,2852.5,13,-519.61,-471.25,7.25,stop,655,705,-1.1026206896551725,-1.0,24.392857142857142,ES
2019-03-20,-1,2825.5,2837.25,8,-479.76,-450.0,11.25,stop,705,840,-1.0661333333333334,-1.0,25.0,ES
2019-03-21,1,2838.5,2860.75,5,550.15,568.75,18.5,time,605,955,1.1895135135135135,1.2297297297297298,26.464285714285715,ES
2019-03-22,-1,2829.75,2806.25,4,465.12,480.0,21.75,time,645,955,1.0692413793103448,1.103448275862069,28.107142857142858,ES
2019-03-25,-1,2791.0,2813.75,4,-459.88,-445.0,22.25,stop,610,685,-1.033438202247191,-1.0,28.482142857142858,ES
2019-03-26,1,2834.5,2822.5,8,-489.76,-460.0,11.5,stop,655,710,-1.064695652173913,-1.0,29.357142857142858,ES
2019-03-27,-1,2816.5,2810.25,7,210.21,236.25,13.75,time,640,955,0.4368,0.4909090909090909,30.017857142857142,ES
2019-03-28,1,2822.5,2810.5,8,-489.76,-460.0,11.5,stop,600,665,-1.064695652173913,-1.0,30.392857142857142,ES
2019-03-29,-1,2826.25,2837.75,9,-528.48,-495.0,11.0,stop,640,890,-1.0676363636363637,-1.0,30.017857142857142,ES
2019-04-01,1,2863.25,2870.75,14,507.92,560.0,7.0,time,600,955,1.0365714285714287,1.1428571428571428,28.196428571428573,ES
2019-04-02,-1,2864.75,2872.5,13,-519.61,-471.25,7.25,stop,660,905,-1.1026206896551725,-1.0,29.642857142857142,ES
2019-04-03,-1,2876.25,2885.25,11,-508.42,-467.5,8.5,stop,600,655,-1.0875294117647059,-1.0,28.375,ES
2019-04-04,-1,2878.0,2883.25,13,-357.11,-308.75,7.5,time,625,955,-0.7325333333333334,-0.6333333333333333,28.946428571428573,ES
2019-04-05,1,2894.0,2896.0,14,122.92,175.0,7.0,time,600,955,0.25085714285714283,0.35714285714285715,28.392857142857142,ES
2019-04-08,1,2893.25,2898.5,11,275.33,316.25,8.75,time,690,955,0.5721142857142857,0.6571428571428571,28.446428571428573,ES
2019-04-11,-1,2891.0,2892.5,13,-113.36,-65.0,7.25,time,695,955,-0.24055172413793102,-0.13793103448275862,24.160714285714285,ES
2019-04-12,-1,2906.5,2912.25,12,-359.64,-315.0,8.0,time,635,955,-0.74925,-0.65625,21.125,ES
2019-04-15,-1,2905.0,2910.25,12,-329.64,-285.0,8.25,time,625,955,-0.6659393939393939,-0.5757575757575758,20.892857142857142,ES
2019-04-16,-1,2913.75,2912.0,16,120.48,180.0,6.0,time,630,955,0.251,0.375,19.571428571428573,ES
2019-04-17,-1,2907.5,2903.75,6,105.18,127.5,15.75,time,600,955,0.2226031746031746,0.2698412698412698,17.910714285714285,ES
2019-04-18,-1,2900.75,2910.25,11,-535.92,-495.0,9.0,stop,600,880,-1.0826666666666667,-1.0,18.142857142857142,ES
2019-04-22,1,2908.0,2911.25,11,165.33,206.25,8.75,time,600,955,0.34354285714285715,0.42857142857142855,17.857142857142858,ES
2019-04-23,1,2922.5,2936.5,10,687.8,725.0,10.0,time,600,955,1.3756,1.45,16.303571428571427,ES
2019-04-24,1,2937.75,2930.75,15,-543.3,-487.5,6.5,stop,630,780,-1.1144615384615384,-1.0,17.5,ES
2019-04-25,-1,2917.0,2929.5,8,-509.76,-480.0,12.0,stop,610,685,-1.062,-1.0,16.839285714285715,ES
2019-04-26,1,2931.5,2941.5,8,390.24,420.0,11.25,time,670,955,0.8672,0.9333333333333333,17.267857142857142,ES
2019-04-29,1,2948.25,2944.75,16,-299.52,-240.0,6.25,time,645,955,-0.59904,-0.48,17.892857142857142,ES
2019-04-30,-1,2934.75,2942.0,14,-524.58,-472.5,6.75,stop,655,780,-1.1102222222222222,-1.0,17.535714285714285,ES
2019-05-01,-1,2948.75,2954.75,18,-561.96,-495.0,5.5,stop,625,700,-1.1352727272727274,-1.0,17.732142857142858,ES
2019-05-02,1,2929.75,2919.0,9,-494.73,-461.25,10.25,stop,600,675,-1.0725853658536586,-1.0,19.196428571428573,ES
2019-05-03,1,2938.25,2945.5,14,490.42,542.5,6.75,time,645,955,1.037925925925926,1.1481481481481481,20.517857142857142,ES
2019-05-06,1,2917.25,2933.75,4,325.12,340.0,23.0,time,615,955,0.7067826086956522,0.7391304347826086,21.071428571428573,ES
2019-05-07,-1,2894.25,2885.25,5,218.9,237.5,18.5,time,600,955,0.4732972972972973,0.5135135135135135,23.839285714285715,ES
2019-05-08,1,2891.75,2880.0,5,-299.85,-281.25,18.5,time,655,955,-0.6483243243243244,-0.6081081081081081,27.839285714285715,ES
2019-05-09,-1,2842.75,2859.25,6,-502.32,-480.0,16.0,stop,600,745,-1.0465,-1.0,27.892857142857142,ES
2019-05-10,-1,2854.25,2867.25,8,-529.76,-500.0,12.5,stop,600,800,-1.05952,-1.0,29.857142857142858,ES
2019-05-13,-1,2816.5,2813.0,4,65.12,80.0,21.0,time,600,955,0.15504761904761905,0.19047619047619047,33.660714285714285,ES
2019-05-14,1,2836.25,2835.5,6,-29.82,-7.5,15.0,time,615,955,-0.06626666666666667,-0.016666666666666666,37.5,ES
2019-05-15,1,2838.25,2852.75,4,285.12,300.0,22.25,time,610,955,0.6407191011235955,0.6741573033707865,39.642857142857146,ES
2019-05-16,1,2882.25,2877.75,4,-94.88,-80.0,22.75,time,615,955,-0.20852747252747253,-0.17582417582417584,41.32142857142857,ES
2019-05-17,1,2870.0,2860.5,5,-243.6,-225.0,17.25,time,620,955,-0.5648695652173913,-0.5217391304347826,42.607142857142854,ES
2019-05-20,1,2850.0,2832.75,5,-437.35,-418.75,16.75,stop,620,910,-1.0444179104477613,-1.0,44.357142857142854,ES
2019-05-21,1,2863.25,2866.0,15,187.95,243.75,6.5,time,630,955,0.3855384615384615,0.5,44.642857142857146,ES
2019-05-22,1,2863.0,2853.5,11,-535.92,-495.0,9.0,stop,620,660,-1.0826666666666667,-1.0,44.5,ES
2019-05-23,-1,2814.75,2823.0,5,-212.35,-193.75,17.25,time,710,955,-0.49240579710144927,-0.4492753623188406,43.375,ES
2019-05-24,-1,2833.0,2828.25,11,247.83,288.75,8.75,time,610,955,0.5149714285714286,0.6,44.910714285714285,ES
2019-05-27,-1,2828.25,2830.75,20,-274.4,-200.0,2.0,stop,695,760,-1.3719999999999999,-1.0,42.732142857142854,ES
2019-05-28,-1,2829.25,2801.5,8,1100.24,1130.0,11.75,time,630,955,2.340936170212766,2.404255319148936,37.964285714285715,ES
2019-05-29,1,2789.75,2778.5,9,-517.23,-483.75,10.75,stop,615,680,-1.0692093023255815,-1.0,39.0,ES
2019-05-30,1,2798.5,2787.75,9,-494.73,-461.25,10.25,stop,630,650,-1.0725853658536586,-1.0,38.357142857142854,ES
2019-05-31,1,2762.75,2750.75,8,-489.76,-460.0,11.5,stop,645,935,-1.064695652173913,-1.0,35.17857142857143,ES
2019-06-03,-1,2743.0,2760.0,6,-517.32,-495.0,16.5,stop,600,630,-1.0450909090909093,-1.0,32.089285714285715,ES
2019-06-04,1,2775.25,2803.0,9,1237.77,1271.25,11.0,time,620,955,2.5005454545454544,2.5681818181818183,31.660714285714285,ES
2019-06-05,-1,2806.75,2822.0,6,-464.82,-442.5,14.75,stop,630,780,-1.0504406779661017,-1.0,32.875,ES
2019-06-06,-1,2823.75,2835.0,9,-517.23,-483.75,10.75,stop,625,680,-1.0692093023255815,-1.0,31.875,ES
2019-06-07,1,2870.25,2873.25,6,82.68,105.0,15.25,time,600,955,0.18072131147540985,0.22950819672131148,31.5,ES
2019-06-10,1,2896.75,2888.75,13,-535.86,-487.5,7.5,stop,605,840,-1.0992,-1.0,32.42857142857143,ES
2019-06-11,-1,2899.75,2886.5,8,520.24,550.0,11.5,time,610,955,1.1309565217391304,1.1956521739130435,32.625,ES
2019-06-12,-1,2880.75,2881.0,11,-27.17,13.75,8.75,time,620,955,-0.05645714285714286,0.02857142857142857,33.785714285714285,ES
2019-06-13,-1,2886.5,2893.5,10,-362.2,-325.0,9.75,time,605,955,-0.7429743589743589,-0.6666666666666666,31.125,ES
2019-06-17,1,2900.25,2894.5,12,-359.64,-315.0,8.0,time,625,955,-0.74925,-0.65625,31.482142857142858,ES
2019-06-18,1,2935.25,2923.25,4,-244.88,-230.0,24.75,time,650,955,-0.4947070707070707,-0.46464646464646464,29.625,ES
2019-06-20,-1,2954.5,2962.0,14,-542.08,-490.0,7.0,stop,615,950,-1.1062857142857143,-1.0,30.035714285714285,ES
2019-06-21,1,2958.5,2954.75,15,-299.55,-243.75,6.5,time,630,955,-0.6144615384615385,-0.5,29.571428571428573,ES
2019-06-24,1,2959.75,2952.75,15,-543.3,-487.5,6.5,stop,625,825,-1.1144615384615384,-1.0,28.321428571428573,ES
2019-06-25,-1,2939.5,2922.25,8,680.24,710.0,11.5,time,615,955,1.4787826086956521,1.5434782608695652,24.75,ES
2019-06-26,-1,2925.5,2919.0,9,281.52,315.0,11.0,time,610,955,0.5687272727272726,0.6363636363636364,25.053571428571427,ES
2019-06-27,-1,2923.25,2933.0,10,-499.7,-462.5,9.25,stop,680,810,-1.0804324324324324,-1.0,24.339285714285715,ES
2019-07-01,-1,2971.25,2968.5,9,112.77,146.25,10.25,time,620,955,0.24448780487804878,0.3170731707317073,21.607142857142858,ES
2019-07-02,1,2971.25,2962.75,12,-524.64,-480.0,8.0,stop,625,695,-1.093,-1.0,22.053571428571427,ES
2019-07-05,-1,2976.5,2987.5,9,-505.98,-472.5,10.5,stop,620,755,-1.070857142857143,-1.0,22.089285714285715,ES
2019-07-08,1,2983.5,2975.25,12,-509.64,-465.0,7.75,stop,610,720,-1.0959999999999999,-1.0,23.285714285714285,ES
2019-07-09,1,2974.25,2983.25,12,525.36,570.0,8.25,time,605,955,1.0613333333333335,1.1515151515151516,21.857142857142858,ES
2019-07-10,-1,2990.75,2997.0,6,-194.82,-172.5,16.5,time,665,955,-0.3935757575757576,-0.3484848484848485,21.785714285714285,ES
2019-07-11,-1,2998.5,3003.75,13,-357.11,-308.75,7.5,time,615,955,-0.7325333333333334,-0.6333333333333333,21.196428571428573,ES
2019-07-12,-1,3005.25,3010.75,20,-574.4,-500.0,5.0,stop,640,685,-1.1488,-1.0,20.928571428571427,ES
2019-07-15,-1,3014.0,3018.25,13,-292.11,-243.75,7.25,time,690,955,-0.6198620689655173,-0.5172413793103449,21.160714285714285,ES
2019-07-16,-1,3013.25,3007.75,20,525.6,600.0,4.5,time,700,955,1.1680000000000001,1.3333333333333333,19.571428571428573,ES
2019-07-17,-1,3002.5,2987.5,15,1106.7,1162.5,6.5,time,605,955,2.270153846153846,2.3846153846153846,19.178571428571427,ES
2019-07-18,1,2986.75,2979.0,13,-519.61,-471.25,7.25,stop,610,690,-1.1026206896551725,-1.0,19.714285714285715,ES
2019-07-19,-1,3001.0,2980.0,11,1141.58,1182.5,8.5,time,605,955,2.4418823529411764,2.5294117647058822,20.089285714285715,ES
2019-07-22,-1,2980.75,2989.75,11,-508.42,-467.5,8.5,stop,640,825,-1.0875294117647059,-1.0,19.625,ES
2019-07-23,-1,2992.25,3000.75,12,-524.64,-480.0,8.0,stop,605,820,-1.093,-1.0,19.375,ES
2019-07-24,1,3012.75,3021.25,7,288.96,315.0,13.75,time,635,955,0.6004363636363635,0.6545454545454545,19.071428571428573,ES
2019-07-26,1,3021.75,3026.5,12,270.36,315.0,8.25,time,685,955,0.5461818181818182,0.6363636363636364,20.0,ES
2019-07-29,-1,3016.25,3021.75,10,-287.2,-250.0,9.75,time,605,955,-0.5891282051282051,-0.5128205128205128,20.071428571428573,ES
2019-07-30,1,3013.0,3014.5,8,50.24,80.0,11.25,time,600,955,0.11164444444444445,0.17777777777777778,19.410714285714285,ES
2019-07-31,-1,3011.75,3017.25,20,-574.4,-500.0,5.0,stop,625,680,-1.1488,-1.0,19.125,ES
2019-08-01,1,2995.5,2979.75,6,-479.82,-457.5,15.25,stop,605,810,-1.0487868852459017,-1.0,22.464285714285715,ES
2019-08-02,-1,2929.25,2932.25,6,-97.32,-75.0,16.5,time,605,955,-0.1966060606060606,-0.15151515151515152,26.410714285714285,ES
2019-08-05,-1,2870.5,2844.5,6,772.68,795.0,15.5,time,600,955,1.6616774193548387,1.7096774193548387,28.660714285714285,ES
2019-08-06,-1,2856.75,2873.0,6,-494.82,-472.5,15.75,stop,610,855,-1.0472380952380953,-1.0,35.607142857142854,ES
2019-08-07,1,2850.75,2883.0,3,480.09,491.25,27.25,time,615,955,1.174532110091743,1.201834862385321,36.839285714285715,ES
2019-08-08,1,2907.5,2938.75,6,930.18,952.5,14.75,time,605,955,2.102101694915254,2.152542372881356,39.875,ES
2019-08-09,-1,2916.75,2918.75,5,-56.1,-37.5,18.5,time,605,955,-0.1212972972972973,-0.08108108108108109,41.57142857142857,ES
2019-08-12,1,2906.5,2893.5,8,-529.76,-500.0,12.5,stop,620,670,-1.05952,-1.0,43.357142857142854,ES
2019-08-13,1,2937.25,2927.0,1,-52.47,-48.75,61.25,time,615,955,-0.17133061224489796,-0.15918367346938775,45.17857142857143,ES
2019-08-14,-1,2875.0,2841.5,6,997.68,1020.0,14.5,time,610,955,2.2935172413793103,2.3448275862068964,48.410714285714285,ES
2019-08-16,1,2881.0,2889.75,6,255.18,277.5,15.75,time,620,955,0.540063492063492,0.5873015873015873,53.732142857142854,ES
2019-08-19,-1,2918.25,2926.25,13,-535.86,-487.5,7.5,stop,605,675,-1.0992,-1.0,56.267857142857146,ES
2019-08-20,1,2920.5,2904.0,6,-502.32,-480.0,16.0,stop,660,860,-1.0465,-1.0,57.857142857142854,ES
2019-08-21,-1,2921.25,2925.0,12,-239.64,-195.0,8.0,time,635,955,-0.49924999999999997,-0.40625,55.267857142857146,ES
2019-08-22,-1,2930.25,2923.5,10,325.3,362.5,9.25,time,605,955,0.7033513513513514,0.7837837837837838,52.32142857142857,ES
2019-08-23,1,2915.25,2900.75,7,-516.04,-490.0,14.0,stop,600,660,-1.0531428571428572,-1.0,51.964285714285715,ES
2019-08-26,-1,2860.75,2876.25,6,-472.32,-450.0,15.0,stop,605,740,-1.0496,-1.0,50.69642857142857,ES
2019-08-27,-1,2889.25,2868.25,10,1037.8,1075.0,10.0,time,610,955,2.0756,2.15,50.17857142857143,ES
2019-08-28,1,2875.0,2888.0,4,255.12,270.0,23.0,time,605,955,0.554608695652174,0.5869565217391305,48.125,ES
2019-08-29,-1,2911.25,2925.75,7,-516.04,-490.0,14.0,stop,635,705,-1.0531428571428572,-1.0,46.910714285714285,ES
2019-08-30,-1,2932.75,2923.5,11,495.33,536.25,8.75,time,640,955,1.0292571428571429,1.1142857142857143,47.089285714285715,ES
2019-09-02,1,2918.5,2910.5,13,-535.86,-487.5,7.5,stop,650,670,-1.0992,-1.0,45.839285714285715,ES
2019-09-03,-1,2895.0,2906.5,5,-293.6,-275.0,19.25,time,600,955,-0.6100779220779221,-0.5714285714285714,43.392857142857146,ES
2019-09-04,-1,2925.5,2932.5,15,-543.3,-487.5,6.5,stop,605,695,-1.1144615384615384,-1.0,38.785714285714285,ES
2019-09-05,1,2977.75,2976.0,7,-69.78999999999999,-43.75,13.0,time,600,955,-0.15338461538461537,-0.09615384615384616,38.785714285714285,ES
2019-09-06,1,2982.75,2978.5,9,-202.23,-168.75,10.25,time,625,955,-0.4384390243902439,-0.36585365853658536,38.892857142857146,ES
2019-09-11,1,2988.25,3000.25,7,411.46,437.5,13.25,time,635,955,0.8872452830188678,0.9433962264150944,36.160714285714285,ES
2019-09-12,1,3015.25,3009.5,7,-209.79,-183.75,14.0,time,615,955,-0.4281428571428571,-0.375,35.5,ES
2019-09-13,-1,3010.25,3017.5,14,-524.58,-472.5,6.75,stop,605,665,-1.1102222222222222,-1.0,30.321428571428573,ES
2019-09-16,-1,2994.0,3000.5,9,-303.48,-270.0,10.25,time,715,955,-0.6579512195121952,-0.5853658536585366,29.107142857142858,ES
2019-09-17,1,3004.25,3007.75,13,211.64,260.0,7.5,time,680,955,0.4341333333333333,0.5333333333333333,27.303571428571427,ES
2019-09-19,1,3021.25,3012.75,12,-524.64,-480.0,8.0,stop,615,810,-1.093,-1.0,24.535714285714285,ES
2019-09-20,-1,3011.0,2992.5,14,1277.92,1330.0,6.75,time,675,955,2.7045925925925927,2.814814814814815,23.910714285714285,ES
2019-09-23,1,2995.5,2993.25,8,-99.76,-70.0,11.75,time,695,955,-0.2122553191489362,-0.14893617021276595,23.803571428571427,ES
2019-09-24,-1,2997.75,2969.0,8,1140.24,1170.0,11.25,time,620,955,2.5338666666666665,2.6,23.357142857142858,ES
2019-09-25,-1,2960.25,2974.25,7,-498.54,-472.5,13.5,stop,620,650,-1.055111111111111,-1.0,24.642857142857142,ES
2019-09-26,-1,2973.0,2987.0,7,-498.54,-472.5,13.5,stop,615,925,-1.055111111111111,-1.0,23.910714285714285,ES
2019-09-27,-1,2974.75,2963.0,6,345.18,367.5,14.5,time,600,955,0.7935172413793103,0.8448275862068966,24.678571428571427,ES
2019-09-30,1,2979.75,2977.5,8,-99.76,-70.0,11.25,time,685,955,-0.2216888888888889,-0.15555555555555556,26.285714285714285,ES
2019-10-01,-1,2977.75,2940.75,6,1102.68,1125.0,16.0,time,600,955,2.29725,2.34375,26.267857142857142,ES
2019-10-02,-1,2894.25,2888.25,3,86.34,97.5,29.25,time,630,955,0.1967863247863248,0.2222222222222222,28.357142857142858,ES
2019-10-03,-1,2863.75,2891.75,3,-423.66,-412.5,27.5,stop,600,665,-1.0270545454545454,-1.0,31.589285714285715,ES
2019-10-04,1,2933.0,2950.5,6,517.68,540.0,15.25,time,600,955,1.1315409836065573,1.180327868852459,34.517857142857146,ES
2019-10-07,1,2945.0,2937.5,9,-348.48,-315.0,10.5,time,625,955,-0.7375238095238096,-0.6666666666666666,36.517857142857146,ES
2019-10-08,-1,2900.25,2917.0,6,-509.82,-487.5,16.25,stop,600,765,-1.0457846153846153,-1.0,37.42857142857143,ES
2019-10-10,1,2939.5,2938.5,4,-24.88,-10.0,23.5,time,650,955,-0.052936170212765955,-0.02127659574468085,39.92857142857143,ES
2019-10-11,1,2984.5,2968.5,6,-487.32,-465.0,15.5,stop,620,750,-1.048,-1.0,39.910714285714285,ES
2019-10-14,1,2971.75,2965.5,10,-324.7,-287.5,10.0,time,605,955,-0.6494,-0.575,42.625,ES
2019-10-15,1,2982.25,2995.25,15,956.7,1012.5,6.5,time,600,955,1.9624615384615385,2.076923076923077,39.785714285714285,ES
2019-10-16,1,2993.25,2985.75,14,-542.08,-490.0,7.0,stop,625,800,-1.1062857142857143,-1.0,39.75,ES
2019-10-17,-1,2998.25,2998.0,10,0.3000000000000007,37.5,9.25,time,645,955,0.0006486486486486501,0.08108108108108109,38.92857142857143,ES
2019-10-18,-1,2988.75,2985.25,10,162.8,200.0,10.0,time,630,955,0.3256,0.4,37.089285714285715,ES
2019-10-22,-1,3007.75,3013.25,20,-574.4,-500.0,5.0,stop,715,745,-1.1488,-1.0,34.857142857142854,ES
2019-10-23,1,3000.0,3003.25,10,150.3,187.5,10.0,time,650,955,0.30060000000000003,0.375,31.517857142857142,ES
2019-10-24,-1,3000.5,3008.75,6,-254.82,-232.5,14.5,time,600,955,-0.5857931034482758,-0.5344827586206896,28.553571428571427,ES
2019-10-25,1,3011.0,3020.75,10,475.3,512.5,9.5,time,610,955,1.0006315789473685,1.0789473684210527,26.714285714285715,ES
2019-10-28,1,3041.25,3037.5,12,-239.64,-195.0,7.75,time,620,955,-0.5153548387096774,-0.41935483870967744,26.714285714285715,ES
2019-10-29,1,3041.0,3035.5,11,-315.92,-275.0,8.5,time,630,955,-0.6757647058823529,-0.5882352941176471,24.910714285714285,ES
2019-10-30,-1,3029.0,3038.25,11,-522.17,-481.25,8.75,stop,700,890,-1.0850285714285715,-1.0,23.214285714285715,ES
2019-10-31,-1,3033.0,3036.25,8,-139.76,-110.0,11.25,time,600,955,-0.31057777777777773,-0.24444444444444444,22.732142857142858,ES
2019-11-01,1,3059.75,3064.5,10,225.3,262.5,9.25,time,600,955,0.4871351351351352,0.5675675675675675,20.553571428571427,ES
2019-11-04,-1,3076.75,3076.75,16,-19.52,40.0,6.0,time,600,955,-0.04066666666666666,0.08333333333333333,21.839285714285715,ES
2019-11-05,-1,3073.0,3073.0,15,-18.3,37.5,6.5,time,610,955,-0.03753846153846154,0.07692307692307693,20.464285714285715,ES
2019-11-06,1,3074.25,3067.0,14,-524.58,-472.5,6.75,stop,610,700,-1.1102222222222222,-1.0,20.428571428571427,ES
2019-11-07,1,3096.25,3087.0,11,-522.17,-481.25,8.75,stop,715,880,-1.0850285714285715,-1.0,20.178571428571427,ES
2019-11-11,1,3082.5,3085.5,12,165.36,210.0,7.75,time,610,955,0.35561290322580646,0.45161290322580644,19.892857142857142,ES
2019-11-12,1,3098.25,3087.0,9,-517.23,-483.75,10.75,stop,605,890,-1.0692093023255815,-1.0,19.732142857142858,ES
2019-11-13,1,3087.25,3092.25,11,261.58,302.5,9.0,time,605,955,0.5284444444444444,0.6111111111111112,20.035714285714285,ES
2019-11-14,1,3095.5,3087.5,13,-535.86,-487.5,7.5,stop,600,695,-1.0992,-1.0,20.214285714285715,ES
2019-11-15,1,3112.5,3119.0,11,344.08,385.0,9.0,time,660,955,0.6951111111111111,0.7777777777777778,19.517857142857142,ES
2019-11-18,1,3117.75,3120.75,16,220.48,280.0,6.0,time,645,955,0.4593333333333333,0.5833333333333334,19.607142857142858,ES
2019-11-19,-1,3118.75,3119.75,11,-68.42,-27.5,9.0,time,600,955,-0.13822222222222222,-0.05555555555555555,19.5,ES
2019-11-20,-1,3110.75,3117.0,17,-551.99,-488.75,5.75,stop,620,635,-1.129391304347826,-1.0,18.75,ES
2019-11-21,-1,3096.25,3103.0,7,-244.79,-218.75,13.25,time,615,955,-0.5278490566037736,-0.4716981132075472,19.035714285714285,ES
2019-11-22,-1,3104.5,3110.0,14,-402.08,-350.0,7.0,time,625,955,-0.8205714285714285,-0.7142857142857143,18.125,ES
2019-11-25,1,3129.0,3133.0,10,187.8,225.0,9.5,time,605,955,0.3953684210526316,0.47368421052631576,17.821428571428573,ES
2019-11-26,1,3138.0,3139.25,12,60.36,105.0,8.0,time,680,955,0.12575,0.21875,18.642857142857142,ES
2019-11-27,1,3146.5,3153.0,20,625.6,700.0,4.0,time,660,955,1.564,1.75,18.517857142857142,ES
2019-12-02,-1,3121.0,3114.75,4,120.12,135.0,24.0,time,605,955,0.25025000000000003,0.28125,16.428571428571427,ES
2019-12-04,1,3117.0,3112.75,6,-134.82,-112.5,15.5,time,660,955,-0.28993548387096774,-0.24193548387096775,19.428571428571427,ES
2019-12-05,-1,3110.5,3118.25,10,-399.7,-362.5,9.5,time,600,955,-0.8414736842105263,-0.7631578947368421,20.196428571428573,ES
2019-12-06,1,3146.0,3145.75,13,-32.11,16.25,7.25,time,610,955,-0.06813793103448276,0.034482758620689655,19.767857142857142,ES
2019-12-10,1,3136.75,3132.5,9,-202.23,-168.75,11.0,time,610,955,-0.40854545454545454,-0.3409090909090909,21.142857142857142,ES
2019-12-12,1,3166.5,3168.25,3,22.59,33.75,27.5,time,640,955,0.05476363636363636,0.08181818181818182,20.017857142857142,ES
2019-12-13,1,3181.75,3160.0,4,-439.88,-425.0,21.25,stop,600,680,-1.0350117647058823,-1.0,21.785714285714285,ES
2019-12-16,1,3198.25,3195.75,16,-219.52,-160.0,6.25,time,610,955,-0.43904000000000004,-0.32,22.035714285714285,ES
2019-12-18,-1,3196.5,3202.25,19,-569.43,-498.75,5.25,stop,605,675,-1.1417142857142857,-1.0,23.125,ES
2019-12-19,1,3202.25,3210.0,20,750.6,825.0,4.5,time,640,955,1.6680000000000001,1.8333333333333333,23.25,ES
2019-12-20,1,3225.5,3223.75,16,-159.52,-100.0,6.0,time,660,955,-0.33233333333333337,-0.20833333333333334,23.5,ES
2019-12-26,1,3235.0,3242.25,17,595.51,658.75,5.75,time,630,955,1.2184347826086956,1.3478260869565217,18.214285714285715,ES
2019-12-30,-1,3219.25,3222.75,4,-74.88,-60.0,23.5,time,610,955,-0.1593191489361702,-0.1276595744680851,16.910714285714285,ES
2020-01-02,-1,3241.5,3251.25,10,-499.7,-462.5,9.25,stop,610,935,-1.0804324324324324,-1.0,17.892857142857142,ES
2020-01-03,1,3240.25,3234.0,5,-162.35,-143.75,19.25,time,640,955,-0.33735064935064935,-0.2987012987012987,19.125,ES
2020-01-06,1,3228.0,3246.25,6,540.18,562.5,14.5,time,610,955,1.2417931034482756,1.293103448275862,19.053571428571427,ES
2020-01-07,1,3244.0,3237.0,8,-289.76,-260.0,12.0,time,660,955,-0.6036666666666667,-0.5416666666666666,19.553571428571427,ES
2020-01-08,1,3248.5,3253.5,8,190.24,220.0,12.25,time,610,955,0.3882448979591837,0.4489795918367347,18.267857142857142,ES
2020-01-09,1,3275.0,3265.25,10,-499.7,-462.5,9.25,stop,705,750,-1.0804324324324324,-1.0,19.892857142857142,ES
2020-01-10,-1,3273.0,3266.0,9,304.02,337.5,10.25,time,705,955,0.6591219512195121,0.7317073170731707,21.0,ES
2020-01-13,1,3277.0,3288.25,11,605.33,646.25,8.75,time,650,955,1.2578285714285715,1.3428571428571427,21.625,ES
2020-01-14,1,3287.75,3279.0,12,-539.64,-495.0,8.25,stop,695,850,-1.0901818181818181,-1.0,21.892857142857142,ES
2020-01-15,1,3296.75,3281.5,6,-464.82,-442.5,14.75,stop,640,930,-1.0504406779661017,-1.0,22.678571428571427,ES
2020-01-17,1,3326.5,3319.75,16,-559.52,-500.0,6.25,stop,625,670,-1.11904,-1.0,24.25,ES
2020-01-21,1,3324.5,3321.0,12,-224.64,-180.0,8.25,time,670,955,-0.4538181818181818,-0.36363636363636365,22.785714285714285,ES
2020-01-22,1,3336.25,3327.75,12,-524.64,-480.0,8.0,stop,635,670,-1.093,-1.0,22.375,ES
2020-01-24,-1,3321.5,3294.75,9,1192.77,1226.25,10.75,time,615,955,2.4656744186046513,2.5348837209302326,20.732142857142858,ES
2020-01-28,1,3264.75,3275.75,7,376.46,402.5,12.75,time,605,955,0.8436078431372549,0.9019607843137255,25.339285714285715,ES
2020-01-29,-1,3272.0,3291.5,5,-493.6,-475.0,19.0,stop,600,840,-1.039157894736842,-1.0,26.196428571428573,ES
2020-01-30,-1,3246.0,3265.0,5,-481.1,-462.5,18.5,stop,640,880,-1.0402162162162163,-1.0,26.160714285714285,ES
2020-01-31,-1,3258.5,3222.75,5,887.65,906.25,18.75,time,600,955,1.8936533333333332,1.9333333333333333,27.678571428571427,ES
2020-02-03,1,3263.0,3246.75,4,-329.88,-315.0,25.0,time,600,955,-0.65976,-0.63,31.035714285714285,ES
2020-02-04,1,3296.75,3295.75,7,-43.54,-17.5,14.25,time,625,955,-0.08729824561403508,-0.03508771929824561,32.964285714285715,ES
2020-02-05,-1,3316.5,3329.5,8,-529.76,-500.0,12.5,stop,625,890,-1.05952,-1.0,35.857142857142854,ES
2020-02-07,1,3335.75,3324.0,8,-479.76,-450.0,11.25,stop,640,840,-1.0661333333333334,-1.0,36.875,ES
2020-02-10,1,3332.75,3351.25,6,547.68,570.0,16.25,time,600,955,1.1234461538461538,1.1692307692307693,38.0,ES
2020-02-11,1,3369.25,3359.0,10,-524.7,-487.5,9.75,stop,600,845,-1.0763076923076924,-1.0,39.55357142857143,ES
2020-02-12,-1,3369.75,3377.25,14,-542.08,-490.0,7.0,stop,600,885,-1.1062857142857143,-1.0,39.910714285714285,ES
2020-02-13,1,3373.25,3374.5,7,35.21,61.25,14.0,time,650,955,0.07185714285714286,0.125,39.785714285714285,ES
2020-02-14,-1,3371.5,3380.25,12,-539.64,-495.0,8.25,stop,610,675,-1.0901818181818181,-1.0,37.910714285714285,ES
2020-02-18,-1,3362.5,3374.75,8,-499.76,-470.0,11.75,stop,625,910,-1.0633191489361702,-1.0,32.232142857142854,ES
2020-02-19,1,3389.0,3386.0,9,-145.98,-112.5,11.0,time,660,955,-0.2949090909090909,-0.22727272727272727,32.964285714285715,ES
2020-02-20,1,3387.75,3377.5,10,-524.7,-487.5,9.75,stop,605,670,-1.0763076923076924,-1.0,31.5,ES
2020-02-21,-1,3335.0,3337.25,3,-37.41,-26.25,25.25,time,640,955,-0.09877227722772276,-0.06930693069306931,30.053571428571427,ES
2020-02-24,1,3259.0,3229.25,3,-449.91,-438.75,29.25,stop,610,725,-1.0254358974358975,-1.0,30.0,ES
2020-02-25,-1,3211.25,3128.0,2,830.06,837.5,35.75,time,620,955,2.321846153846154,2.3426573426573425,34.642857142857146,ES
2020-02-26,1,3178.0,3138.5,2,-397.44,-390.0,39.0,stop,640,725,-1.019076923076923,-1.0,41.07142857142857,ES
2020-02-27,-1,3032.0,3069.5,2,-377.44,-370.0,37.0,stop,620,675,-1.020108108108108,-1.0,45.410714285714285,ES
2020-02-28,-1,2853.5,2931.25,1,-389.97,-386.25,77.25,stop,600,695,-1.009631067961165,-1.0,53.892857142857146,ES
2020-03-02,-1,2945.5,2989.5,2,-442.44,-435.0,43.5,stop,605,645,-1.017103448275862,-1.0,59.964285714285715,ES
2020-03-03,1,3128.25,3046.5,1,-409.97,-406.25,81.25,stop,600,680,-1.009156923076923,-1.0,68.91071428571429,ES
2020-03-05,1,3063.5,3035.0,3,-431.16,-420.0,28.0,stop,650,755,-1.0265714285714287,-1.0,86.21428571428571,ES
2020-03-06,1,2961.0,2911.0,2,-502.44,-495.0,49.5,stop,625,880,-1.015030303030303,-1.0,94.42857142857143,ES
2020-03-09,1,2813.0,2735.5,1,-388.72,-385.0,97.75,time,605,955,-0.7953350383631714,-0.7877237851662404,102.51785714285714,ES
2020-03-10,-1,2791.5,2846.25,1,-274.97,-271.25,54.25,stop,645,915,-1.0137142857142858,-1.0,118.42857142857143,ES
2020-03-11,-1,2782.25,2738.25,3,656.34,667.5,32.0,time,625,955,1.367375,1.390625,127.69642857142857,ES
2020-03-13,-1,2536.25,2636.25,1,-501.22,-497.5,99.5,stop,655,950,-1.0074773869346734,-1.0,153.25,ES
2020-03-16,1,2520.0,2386.75,1,-667.47,-663.75,159.5,time,665,955,-0.8369529780564263,-0.8322884012539185,161.32142857142858,ES
2020-03-17,1,2469.25,2548.75,1,396.28,400.0,97.75,time,665,955,0.8108030690537084,0.8184143222506394,176.57142857142858,ES
2020-03-18,1,2431.75,2343.0,1,-444.97,-441.25,88.25,stop,600,775,-1.0084305949008499,-1.0,184.78571428571428,ES
2020-03-19,1,2388.5,2398.0,1,46.28,50.0,82.0,time,605,955,0.11287804878048781,0.12195121951219512,195.10714285714286,ES
2020-03-20,1,2436.0,2360.75,1,-377.47,-373.75,74.75,stop,650,725,-1.0099531772575252,-1.0,197.28571428571428,ES
2020-03-23,-1,2212.5,2282.25,1,-349.97,-346.25,69.25,stop,680,790,-1.0107436823104694,-1.0,198.25,ES
2020-03-24,1,2380.75,2432.75,2,517.56,525.0,46.5,time,625,955,1.113032258064516,1.1290322580645162,194.48214285714286,ES
2020-03-25,-1,2411.0,2486.25,1,-377.47,-373.75,74.75,stop,600,740,-1.0099531772575252,-1.0,201.125,ES
2020-03-26,1,2552.75,2608.75,1,278.78,282.5,65.25,time,605,955,0.8544980842911877,0.8659003831417624,203.75,ES
2020-03-27,1,2552.5,2531.75,2,-209.94,-202.5,47.0,time,675,955,-0.44668085106382976,-0.4308510638297872,206.28571428571428,ES
2020-03-30,1,2570.5,2613.75,2,430.06,437.5,38.0,time,615,955,1.1317368421052632,1.1513157894736843,195.44642857142858,ES
2020-03-31,1,2618.25,2578.5,2,-399.94,-392.5,39.25,stop,610,800,-1.0189554140127388,-1.0,190.89285714285714,ES
2020-04-01,1,2495.5,2471.5,4,-484.88,-470.0,23.5,stop,630,735,-1.0316595744680852,-1.0,183.21428571428572,ES
2020-04-02,1,2477.0,2515.75,2,385.06,392.5,35.5,time,610,955,1.0846760563380282,1.1056338028169015,173.53571428571428,ES
2020-04-03,-1,2499.0,2479.75,3,285.09,296.25,30.25,time,625,955,0.628297520661157,0.6528925619834711,162.5,ES
2020-04-06,1,2600.0,2646.5,2,462.56,470.0,35.75,time,605,955,1.293874125874126,1.3146853146853146,143.71428571428572,ES
2020-04-07,-1,2711.0,2650.0,2,607.56,615.0,38.75,time,605,955,1.5678967741935483,1.5870967741935484,143.67857142857142,ES
2020-04-08,-1,2656.0,2689.0,3,-498.66,-487.5,32.5,stop,605,660,-1.0228923076923078,-1.0,130.55357142857142,ES
2020-04-13,-1,2734.25,2753.25,2,-192.44,-185.0,37.25,time,615,955,-0.5166174496644296,-0.4966442953020134,120.625,ES
2020-04-14,1,2834.75,2836.75,2,17.56,25.0,38.25,time,615,955,0.04590849673202614,0.06535947712418301,117.60714285714286,ES
2020-04-15,-1,2753.25,2782.0,3,-434.91,-423.75,28.25,stop,615,795,-1.0263362831858407,-1.0,108.46428571428571,ES
2020-04-16,-1,2758.75,2795.25,2,-367.44,-360.0,36.0,stop,600,710,-1.0206666666666666,-1.0,102.64285714285714,ES
2020-04-17,-1,2833.25,2854.25,4,-424.88,-410.0,20.5,stop,615,940,-1.0362926829268293,-1.0,94.35714285714286,ES
2020-04-20,1,2840.5,2818.75,4,-439.88,-425.0,21.25,stop,640,895,-1.0350117647058823,-1.0,92.82142857142857,ES
2020-04-21,-1,2745.75,2727.25,3,273.84,285.0,31.5,time,645,955,0.5795555555555555,0.6031746031746031,90.25,ES
2020-04-22,-1,2766.75,2786.5,5,-499.85,-481.25,19.25,stop,610,700,-1.0386493506493506,-1.0,92.03571428571429,ES
2020-04-23,1,2822.25,2798.5,4,-479.88,-465.0,23.25,stop,620,765,-1.032,-1.0,88.0,ES
2020-04-27,1,2859.0,2869.0,6,292.68,315.0,15.0,time,615,955,0.6504,0.7,83.875,ES
2020-04-28,-1,2892.0,2856.25,5,887.65,906.25,20.0,time,615,955,1.7752999999999999,1.8125,74.17857142857143,ES
2020-04-29,1,2919.5,2929.5,5,243.9,262.5,17.0,time,625,955,0.5738823529411765,0.6176470588235294,71.10714285714286,ES
2020-04-30,1,2917.75,2893.25,4,-494.88,-480.0,24.0,stop,625,715,-1.031,-1.0,70.28571428571429,ES
2020-05-01,-1,2839.75,2824.5,5,375.15,393.75,17.75,time,620,955,0.8454084507042253,0.8873239436619719,68.53571428571429,ES
2020-05-04,1,2810.75,2832.75,4,435.12,450.0,22.0,time,600,955,0.988909090909091,1.0227272727272727,70.0,ES
2020-05-05,1,2879.0,2858.75,5,-512.35,-493.75,19.75,stop,605,935,-1.0376708860759494,-1.0,66.73214285714286,ES
2020-05-06,-1,2853.0,2840.25,3,187.59,198.75,28.5,time,600,955,0.43880701754385965,0.4649122807017544,64.66071428571429,ES
2020-05-07,-1,2871.75,2887.0,6,-464.82,-442.5,14.75,stop,610,700,-1.0504406779661017,-1.0,64.73214285714286,ES
2020-05-08,1,2911.5,2921.25,6,285.18,307.5,15.5,time,615,955,0.6132903225806452,0.6612903225806451,62.785714285714285,ES
2020-05-11,1,2910.25,2922.0,6,345.18,367.5,14.5,time,645,955,0.7935172413793103,0.8448275862068966,62.660714285714285,ES
2020-05-13,1,2865.5,2832.5,3,-498.66,-487.5,32.5,stop,630,680,-1.0228923076923078,-1.0,58.5,ES
2020-05-14,1,2797.5,2846.5,2,487.56,495.0,34.75,time,645,955,1.4030503597122301,1.4244604316546763,60.714285714285715,ES
2020-05-15,1,2844.5,2858.75,2,140.06,147.5,34.75,time,610,955,0.40305035971223024,0.4244604316546763,63.17857142857143,ES
2020-05-18,1,2940.75,2946.0,5,125.15,143.75,17.0,time,645,955,0.29447058823529415,0.3382352941176471,62.94642857142857,ES
2020-05-19,1,2945.25,2931.5,7,-489.79,-463.75,13.25,stop,600,935,-1.0561509433962264,-1.0,66.19642857142857,ES
2020-05-20,1,2966.5,2966.0,7,-26.04,0.0,14.0,time,605,955,-0.053142857142857144,0.0,62.732142857142854,ES
2020-05-21,-1,2957.0,2944.25,6,375.18,397.5,15.75,time,630,955,0.7940317460317461,0.8412698412698413,63.660714285714285,ES
2020-05-26,-1,3001.75,2988.0,5,337.65,356.25,17.0,time,605,955,0.794470588235294,0.8382352941176471,57.285714285714285,ES
2020-05-27,-1,2987.75,3019.25,3,-476.16,-465.0,31.0,stop,630,935,-1.024,-1.0,56.67857142857143,ES
2020-05-28,1,3047.5,3029.75,5,-449.85,-431.25,17.25,stop,640,945,-1.0431304347826087,-1.0,57.5,ES
2020-05-29,-1,3013.75,3028.75,6,-457.32,-435.0,14.5,stop,605,895,-1.0513103448275862,-1.0,57.07142857142857,ES
2020-06-01,1,3045.0,3052.5,5,181.4,200.0,17.75,time,610,955,0.4087887323943662,0.4507042253521127,57.982142857142854,ES
2020-06-02,1,3066.75,3051.5,6,-464.82,-442.5,14.75,stop,620,665,-1.0504406779661017,-1.0,54.75,ES
2020-06-03,1,3106.0,3119.0,10,637.8,675.0,9.75,time,625,955,1.3083076923076922,1.3846153846153846,51.017857142857146,ES
2020-06-04,1,3122.5,3106.25,6,-494.82,-472.5,15.75,stop,615,750,-1.0472380952380953,-1.0,48.464285714285715,ES
2020-06-05,1,3186.25,3189.25,5,68.9,87.5,17.5,time,650,955,0.1574857142857143,0.2,47.69642857142857,ES
2020-06-08,-1,3198.0,3209.5,9,-528.48,-495.0,11.0,stop,605,675,-1.0676363636363637,-1.0,47.32142857142857,ES
2020-06-09,-1,3191.0,3205.0,7,-498.54,-472.5,13.5,stop,610,645,-1.055111111111111,-1.0,47.25,ES
2020-06-10,-1,3190.0,3215.75,3,-389.91,-378.75,25.25,stop,610,840,-1.0294653465346535,-1.0,45.785714285714285,ES
2020-06-11,-1,3092.75,3003.75,3,1331.34,1342.5,25.25,time,645,955,3.5150891089108907,3.5445544554455446,45.892857142857146,ES
2020-06-12,-1,3064.25,3039.25,4,495.12,510.0,23.25,time,610,955,1.0647741935483872,1.096774193548387,57.839285714285715,ES
2020-06-15,1,2998.5,3066.5,2,677.56,685.0,34.75,time,600,955,1.9498129496402876,1.9712230215827338,62.55357142857143,ES
2020-06-16,-1,3128.5,3127.0,4,25.12,40.0,23.5,time,640,955,0.0534468085106383,0.0851063829787234,68.28571428571429,ES
2020-06-17,-1,3105.0,3128.75,4,-479.88,-465.0,23.25,stop,615,815,-1.032,-1.0,69.73214285714286,ES
2020-06-18,1,3103.25,3102.75,4,-14.879999999999999,0.0,22.25,time,605,955,-0.03343820224719101,0.0,69.0,ES
2020-06-19,-1,3125.25,3084.75,5,1006.4,1025.0,18.5,time,630,955,2.176,2.2162162162162162,67.14285714285714,ES
2020-06-22,1,3089.5,3105.75,4,320.12,335.0,23.0,time,600,955,0.6959130434782609,0.7282608695652174,70.07142857142857,ES
2020-06-23,-1,3124.25,3138.0,7,-489.79,-463.75,13.25,stop,645,680,-1.0561509433962264,-1.0,70.98214285714286,ES
2020-06-24,-1,3069.75,3040.5,2,290.06,297.5,34.5,time,600,955,0.8407536231884059,0.8623188405797102,70.08928571428571,ES
2020-06-25,1,3042.0,3072.25,3,450.09,461.25,30.25,time,610,955,0.9919338842975206,1.0165289256198347,74.42857142857143,ES
2020-06-26,-1,3042.25,3000.0,4,840.12,855.0,20.75,time,600,955,2.0243855421686745,2.0602409638554215,71.85714285714286,ES
2020-06-29,1,3019.25,3043.25,3,356.34,367.5,30.5,time,615,955,0.7788852459016393,0.8032786885245902,74.58928571428571,ES
2020-06-30,1,3054.5,3088.5,5,843.9,862.5,16.75,time,605,955,2.0152835820895523,2.0597014925373136,75.75,ES
2020-07-01,1,3108.5,3091.5,6,-517.32,-495.0,16.5,stop,625,685,-1.0450909090909093,-1.0,77.33928571428571,ES
2020-07-02,-1,3135.25,3121.75,5,331.4,350.0,18.75,time,625,955,0.7069866666666667,0.7466666666666667,65.71428571428571,ES
2020-07-06,1,3169.25,3158.25,9,-505.98,-472.5,10.5,stop,655,855,-1.070857142857143,-1.0,54.714285714285715,ES
2020-07-07,1,3164.5,3148.0,6,-502.32,-480.0,16.0,stop,600,900,-1.0465,-1.0,52.732142857142854,ES
2020-07-08,-1,3133.0,3161.25,3,-427.41,-416.25,27.75,stop,675,955,-1.026810810810811,-1.0,53.160714285714285,ES
2020-07-09,-1,3147.0,3143.5,4,65.12,80.0,22.75,time,615,955,0.14312087912087912,0.17582417582417584,53.732142857142854,ES
2020-07-10,-1,3128.25,3150.0,4,-439.88,-425.0,21.25,stop,600,640,-1.0350117647058823,-1.0,53.142857142857146,ES
2020-07-13,1,3204.25,3193.75,10,-537.2,-500.0,10.0,stop,610,870,-1.0744,-1.0,53.714285714285715,ES
2020-07-14,1,3153.25,3187.75,2,342.56,350.0,34.0,time,630,955,1.0075294117647058,1.0294117647058822,57.05357142857143,ES
2020-07-15,1,3227.25,3211.25,6,-487.32,-465.0,15.5,stop,635,665,-1.048,-1.0,55.142857142857146,ES
2020-07-16,1,3204.75,3207.0,7,70.21000000000001,96.25,14.0,time,640,955,0.1432857142857143,0.19642857142857142,53.517857142857146,ES
2020-07-17,-1,3208.0,3219.25,9,-517.23,-483.75,10.75,stop,600,855,-1.0692093023255815,-1.0,49.80357142857143,ES
2020-07-20,1,3222.25,3242.5,5,500.15,518.75,16.75,time,620,955,1.1943880597014924,1.2388059701492538,47.910714285714285,ES
2020-07-21,-1,3257.0,3249.75,8,280.24,310.0,11.5,time,625,955,0.6092173913043478,0.6739130434782609,46.589285714285715,ES
2020-07-23,-1,3260.0,3229.0,8,1230.24,1260.0,11.5,time,610,955,2.674434782608696,2.739130434782609,44.875,ES
2020-07-24,1,3211.5,3194.0,5,-443.6,-425.0,17.0,stop,605,790,-1.043764705882353,-1.0,47.857142857142854,ES
2020-07-27,1,3229.0,3230.75,4,30.12,45.0,21.5,time,635,955,0.07004651162790698,0.10465116279069768,46.30357142857143,ES
2020-07-28,1,3231.0,3212.25,5,-474.85,-456.25,18.25,stop,690,950,-1.0407671232876712,-1.0,45.214285714285715,ES
2020-07-29,1,3231.0,3250.0,9,844.02,877.5,10.75,time,600,955,1.7447441860465116,1.813953488372093,44.642857142857146,ES
2020-07-30,1,3225.25,3238.75,3,198.84,210.0,26.25,time,690,955,0.5049904761904762,0.5333333333333333,43.25,ES
2020-07-31,-1,3238.0,3260.75,4,-459.88,-445.0,22.25,stop,605,955,-1.033438202247191,-1.0,43.535714285714285,ES
2020-08-03,1,3288.75,3286.5,8,-99.76,-70.0,12.0,time,600,955,-0.20783333333333334,-0.14583333333333334,41.17857142857143,ES
2020-08-04,1,3291.75,3299.75,7,271.46,297.5,13.75,time,605,955,0.5640727272727273,0.6181818181818182,38.125,ES
2020-08-05,1,3319.5,3311.25,12,-509.64,-465.0,7.75,stop,605,950,-1.0959999999999999,-1.0,36.767857142857146,ES
2020-08-06,1,3325.5,3312.75,8,-519.76,-490.0,12.25,stop,620,640,-1.060734693877551,-1.0,36.42857142857143,ES
2020-08-07,1,3342.0,3327.25,7,-524.79,-498.75,14.25,stop,630,845,-1.0522105263157895,-1.0,36.767857142857146,ES
2020-08-10,-1,3347.5,3355.5,13,-535.86,-487.5,7.5,stop,600,900,-1.0992,-1.0,35.285714285714285,ES
2020-08-11,-1,3360.25,3372.5,8,-499.76,-470.0,11.75,stop,600,800,-1.0633191489361702,-1.0,35.19642857142857,ES
2020-08-12,1,3365.75,3373.25,8,290.24,320.0,12.0,time,600,955,0.6046666666666667,0.6666666666666666,37.19642857142857,ES
2020-08-13,1,3380.0,3363.5,6,-502.32,-480.0,16.0,stop,670,860,-1.0465,-1.0,36.982142857142854,ES
2020-08-14,1,3367.5,3358.0,11,-535.92,-495.0,9.0,stop,640,925,-1.0826666666666667,-1.0,36.07142857142857,ES
2020-08-17,-1,3375.75,3381.25,20,-574.4,-500.0,5.0,stop,610,650,-1.1488,-1.0,35.42857142857143,ES
2020-08-18,-1,3372.25,3390.25,5,-456.1,-437.5,17.5,stop,605,910,-1.0425142857142857,-1.0,34.482142857142854,ES
2020-08-19,1,3392.5,3385.25,14,-524.58,-472.5,6.75,stop,650,850,-1.1102222222222222,-1.0,33.07142857142857,ES
2020-08-20,1,3367.5,3381.75,6,420.18,442.5,16.0,time,605,955,0.875375,0.921875,31.285714285714285,ES
2020-08-21,1,3386.5,3393.5,8,270.24,300.0,11.5,time,635,955,0.5874782608695652,0.6521739130434783,30.071428571428573,ES
2020-08-24,1,3423.0,3414.0,11,-508.42,-467.5,8.5,stop,615,645,-1.0875294117647059,-1.0,29.428571428571427,ES
2020-08-25,-1,3425.25,3436.75,9,-528.48,-495.0,11.0,stop,605,880,-1.0676363636363637,-1.0,30.357142857142858,ES
2020-08-26,1,3447.5,3474.75,16,2160.48,2220.0,6.25,time,605,955,4.32096,4.44,30.107142857142858,ES
2020-08-27,1,3495.0,3473.5,4,-434.88,-420.0,21.0,stop,630,765,-1.0354285714285714,-1.0,30.410714285714285,ES
2020-08-28,-1,3484.0,3495.5,9,-528.48,-495.0,11.0,stop,630,765,-1.0676363636363637,-1.0,31.053571428571427,ES
2020-08-31,1,3506.75,3497.75,11,-508.42,-467.5,8.5,stop,660,680,-1.0875294117647059,-1.0,30.892857142857142,ES
2020-09-01,1,3508.0,3524.75,6,495.18,517.5,16.0,time,600,955,1.031625,1.078125,28.571428571428573,ES
2020-09-02,1,3549.5,3576.25,7,927.71,953.75,14.25,time,625,955,1.8600701754385967,1.912280701754386,27.160714285714285,ES
2020-09-03,-1,3545.25,3453.5,5,2287.65,2306.25,18.0,time,605,955,5.083666666666667,5.125,29.839285714285715,ES
2020-09-04,-1,3421.0,3425.75,1,-24.97,-21.25,56.0,time,610,955,-0.08917857142857143,-0.07589285714285714,39.44642857142857,ES
2020-09-08,1,3372.5,3337.0,2,-357.44,-350.0,35.0,stop,610,880,-1.0212571428571429,-1.0,47.267857142857146,ES
2020-09-09,1,3387.5,3396.25,4,170.12,185.0,22.25,time,600,955,0.3822921348314607,0.4157303370786517,52.642857142857146,ES
2020-09-10,-1,3400.75,3338.25,4,1245.12,1260.0,22.5,time,645,955,2.7669333333333332,2.8,56.642857142857146,ES
2020-09-11,1,3368.5,3338.0,3,-461.16,-450.0,30.0,stop,665,760,-1.0248000000000002,-1.0,62.035714285714285,ES
2020-09-14,1,3383.5,3372.75,4,-219.88,-205.0,25.0,time,600,955,-0.43976,-0.41,63.75,ES
2020-09-15,-1,3397.75,3390.5,9,315.27,348.75,11.0,time,620,955,0.6369090909090909,0.7045454545454546,66.10714285714286,ES
2020-09-16,-1,3395.5,3406.25,9,-494.73,-461.25,10.25,stop,640,665,-1.0725853658536586,-1.0,65.98214285714286,ES
2020-09-17,1,3348.0,3319.5,3,-431.16,-420.0,28.0,stop,605,735,-1.0265714285714287,-1.0,66.85714285714286,ES
2020-09-18,-1,3328.0,3308.0,3,296.34,307.5,29.0,time,650,955,0.6812413793103448,0.7068965517241379,69.21428571428571,ES
2020-09-21,-1,3233.25,3266.5,3,-502.41,-491.25,32.75,stop,615,955,-1.0227175572519085,-1.0,73.05357142857143,ES
2020-09-22,-1,3263.25,3292.0,3,-434.91,-423.75,28.25,stop,655,840,-1.0263362831858407,-1.0,77.0,ES
2020-09-23,-1,3294.0,3227.0,5,1668.9,1687.5,18.25,time,605,955,3.6578630136986305,3.6986301369863015,76.19642857142857,ES
2020-09-24,1,3233.5,3235.0,2,12.56,20.0,35.25,time,600,955,0.03563120567375887,0.05673758865248227,71.875,ES
2020-09-25,-1,3219.0,3237.25,5,-462.35,-443.75,17.75,stop,610,620,-1.0419154929577465,-1.0,67.64285714285714,ES
2020-09-28,1,3343.5,3342.75,4,-19.88,-5.0,21.5,time,620,955,-0.046232558139534884,-0.011627906976744186,71.91071428571429,ES
2020-09-29,1,3346.0,3334.75,9,-517.23,-483.75,10.75,stop,610,635,-1.0692093023255815,-1.0,68.89285714285714,ES
2020-09-30,1,3360.0,3331.0,3,-438.66,-427.5,28.5,stop,600,920,-1.0261052631578949,-1.0,64.60714285714286,ES
2020-10-01,-1,3364.75,3370.5,4,-119.88,-105.0,22.5,time,600,955,-0.26639999999999997,-0.23333333333333334,61.910714285714285,ES
2020-10-02,1,3346.75,3338.25,2,-87.44,-80.0,35.0,time,600,955,-0.24982857142857143,-0.22857142857142856,60.357142857142854,ES
2020-10-05,1,3374.0,3397.25,7,805.21,831.25,13.25,time,610,955,1.736301886792453,1.7924528301886793,60.785714285714285,ES
2020-10-06,1,3404.5,3390.5,7,-498.54,-472.5,13.5,stop,615,640,-1.055111111111111,-1.0,62.607142857142854,ES
2020-10-07,1,3396.0,3406.75,6,315.18,337.5,14.75,time,660,955,0.712271186440678,0.7627118644067796,64.91071428571429,ES
2020-10-08,1,3434.0,3422.75,9,-517.23,-483.75,10.75,stop,630,690,-1.0692093023255815,-1.0,65.51785714285714,ES
2020-10-09,-1,3450.25,3461.75,9,-528.48,-495.0,11.0,stop,625,695,-1.0676363636363637,-1.0,62.32142857142857,ES
2020-10-12,1,3499.75,3524.75,12,1485.36,1530.0,8.25,time,610,955,3.0007272727272727,3.090909090909091,58.5,ES
2020-10-13,-1,3511.0,3502.5,7,288.96,315.0,13.5,time,610,955,0.6115555555555555,0.6666666666666666,60.035714285714285,ES
2020-10-14,-1,3502.25,3480.75,5,531.4,550.0,17.75,time,625,955,1.1975211267605634,1.2394366197183098,55.892857142857146,ES
2020-10-15,1,3459.25,3475.5,3,240.09,251.25,27.5,time,675,955,0.5820363636363637,0.6090909090909091,54.32142857142857,ES
2020-10-16,1,3496.75,3483.25,7,-481.04,-455.0,13.0,stop,600,940,-1.0572307692307692,-1.0,52.125,ES
2020-10-19,-1,3483.0,3421.25,9,2767.77,2801.25,10.5,time,600,955,5.857714285714286,5.928571428571429,50.214285714285715,ES
2020-10-20,-1,3429.5,3449.5,5,-506.1,-487.5,19.5,stop,660,750,-1.0381538461538462,-1.0,53.875,ES
2020-10-21,-1,3430.25,3427.5,3,37.59,48.75,25.25,time,670,955,0.09924752475247525,0.12871287128712872,53.125,ES
2020-10-22,-1,3428.25,3438.5,10,-524.7,-487.5,9.75,stop,615,790,-1.0763076923076924,-1.0,52.75,ES
2020-10-23,-1,3448.5,3458.5,8,-409.76,-380.0,11.75,time,600,955,-0.8718297872340426,-0.8085106382978723,51.857142857142854,ES
2020-10-26,1,3428.5,3417.25,9,-517.23,-483.75,10.75,stop,600,625,-1.0692093023255815,-1.0,49.535714285714285,ES
2020-10-27,-1,3386.75,3400.75,7,-498.54,-472.5,13.5,stop,615,720,-1.055111111111111,-1.0,51.267857142857146,ES
2020-10-28,-1,3302.5,3267.0,3,528.84,540.0,25.5,time,600,955,1.3825882352941177,1.411764705882353,47.982142857142854,ES
2020-10-29,1,3285.25,3299.5,2,140.06,147.5,34.75,time,600,955,0.40305035971223024,0.4244604316546763,54.464285714285715,ES
2020-10-30,-1,3261.0,3265.5,2,-47.44,-40.0,35.0,time,620,955,-0.13554285714285713,-0.11428571428571428,57.82142857142857,ES
2020-11-02,1,3314.5,3289.0,4,-514.88,-500.0,25.0,stop,600,765,-1.02976,-1.0,58.0,ES
2020-11-03,1,3363.75,3359.0,3,-74.91,-63.75,32.0,time,600,955,-0.1560625,-0.1328125,59.767857142857146,ES
2020-11-04,1,3436.5,3434.75,2,-19.94,-12.5,40.5,time,600,955,-0.04923456790123457,-0.030864197530864196,62.107142857142854,ES
2020-11-05,1,3508.5,3502.25,5,-162.35,-143.75,19.5,time,605,955,-0.33302564102564103,-0.2948717948717949,67.19642857142857,ES
2020-11-06,1,3505.0,3501.5,3,-56.16,-45.0,28.25,time,650,955,-0.13253097345132742,-0.10619469026548672,70.83928571428571,ES
2020-11-09,-1,3603.75,3546.75,2,567.56,575.0,41.25,time,635,955,1.3759030303030302,1.393939393939394,67.71428571428571,ES
2020-11-10,1,3545.5,3519.25,3,-397.41,-386.25,25.75,stop,600,635,-1.0288932038834953,-1.0,74.48214285714286,ES
2020-11-11,1,3568.0,3551.5,6,-502.32,-480.0,16.0,stop,675,890,-1.0465,-1.0,75.42857142857143,ES
2020-11-12,1,3562.0,3547.0,6,-457.32,-435.0,14.5,stop,610,745,-1.0513103448275862,-1.0,74.625,ES
2020-11-13,1,3563.75,3581.5,9,787.77,821.25,11.0,time,715,955,1.5914545454545455,1.6590909090909092,76.41071428571429,ES
2020-11-16,1,3614.5,3626.0,5,281.4,300.0,17.5,time,620,955,0.6432,0.6857142857142857,73.14285714285714,ES
2020-11-17,1,3606.25,3607.25,4,15.120000000000001,30.0,21.75,time,650,955,0.03475862068965518,0.06896551724137931,74.80357142857143,ES
2020-11-18,1,3615.25,3603.75,9,-528.48,-495.0,11.0,stop,660,805,-1.0676363636363637,-1.0,69.05357142857143,ES
2020-11-19,1,3566.5,3577.75,4,220.12,235.0,24.0,time,645,955,0.45858333333333334,0.4895833333333333,66.89285714285714,ES
2020-11-20,-1,3564.0,3553.75,7,350.21,376.25,13.25,time,610,955,0.7551698113207547,0.8113207547169812,64.44642857142857,ES
2020-11-23,-1,3572.25,3575.75,6,-112.32,-90.0,15.5,time,610,955,-0.24154838709677418,-0.1935483870967742,62.089285714285715,ES
2020-11-24,1,3607.0,3632.25,7,875.21,901.25,13.5,time,605,955,1.8522962962962963,1.9074074074074074,59.107142857142854,ES
2020-11-25,-1,3616.0,3632.25,6,-494.82,-472.5,15.75,stop,600,925,-1.0472380952380953,-1.0,55.0,ES
2020-11-30,-1,3618.5,3621.0,7,-96.03999999999999,-70.0,12.75,time,610,955,-0.2152156862745098,-0.1568627450980392,39.964285714285715,ES
2020-12-01,1,3667.0,3660.5,6,-202.32,-180.0,16.5,time,600,955,-0.4087272727272727,-0.36363636363636365,39.875,ES
2020-12-02,1,3657.25,3667.75,6,307.68,330.0,14.75,time,625,955,0.695322033898305,0.7457627118644068,41.42857142857143,ES
2020-12-03,1,3673.25,3666.25,15,-543.3,-487.5,6.5,stop,600,825,-1.1144615384615384,-1.0,39.535714285714285,ES
2020-12-04,1,3686.0,3698.5,7,428.96,455.0,13.5,time,605,955,0.9078518518518518,0.9629629629629629,37.410714285714285,ES
2020-12-07,1,3694.5,3688.25,17,-551.99,-488.75,5.75,stop,620,780,-1.129391304347826,-1.0,36.5,ES
2020-12-08,1,3687.0,3701.5,9,641.52,675.0,10.25,time,605,955,1.3908292682926828,1.4634146341463414,35.035714285714285,ES
2020-12-09,-1,3696.25,3669.0,7,945.21,971.25,14.0,time,610,955,1.929,1.9821428571428572,33.482142857142854,ES
2020-12-10,1,3676.25,3667.0,3,-142.41,-131.25,32.0,time,650,955,-0.2966875,-0.2734375,34.232142857142854,ES
2020-12-11,1,3654.25,3642.0,8,-499.76,-470.0,11.75,stop,600,695,-1.0633191489361702,-1.0,34.892857142857146,ES
2020-12-14,1,3690.25,3676.0,7,-507.29,-481.25,13.75,stop,600,655,-1.0541090909090909,-1.0,34.589285714285715,ES
2020-12-15,-1,3660.0,3671.25,9,-517.23,-483.75,10.75,stop,605,755,-1.0692093023255815,-1.0,33.92857142857143,ES
2020-12-16,1,3692.75,3694.5,8,60.24,90.0,11.25,time,625,955,0.13386666666666666,0.2,36.232142857142854,ES
2020-12-17,-1,3706.25,3713.75,9,-348.48,-315.0,10.5,time,660,955,-0.7375238095238096,-0.6666666666666666,36.642857142857146,ES
2020-12-18,-1,3695.25,3700.5,4,-109.88,-95.0,23.0,time,600,955,-0.2388695652173913,-0.20652173913043478,36.44642857142857,ES
2020-12-21,-1,3639.5,3671.0,3,-476.16,-465.0,31.0,stop,600,745,-1.024,-1.0,36.19642857142857,ES
2020-12-22,-1,3677.0,3688.25,9,-517.23,-483.75,10.75,stop,610,630,-1.0692093023255815,-1.0,37.517857142857146,ES
2020-12-24,1,3691.25,3684.75,16,-539.52,-480.0,6.0,stop,620,685,-1.1239999999999999,-1.0,36.982142857142854,ES
2020-12-28,1,3726.25,3727.5,10,50.3,87.5,10.0,time,620,955,0.1006,0.175,35.857142857142854,ES
2020-12-29,-1,3725.25,3721.5,4,70.12,85.0,20.75,time,610,955,0.16896385542168676,0.20481927710843373,37.142857142857146,ES
2020-12-30,1,3734.75,3728.0,16,-559.52,-500.0,6.25,stop,600,615,-1.11904,-1.0,37.160714285714285,ES
2020-12-31,1,3726.25,3744.0,12,1050.36,1095.0,8.25,time,600,955,2.121939393939394,2.212121212121212,34.607142857142854,ES
2021-01-04,-1,3733.75,3693.75,3,596.34,607.5,26.0,time,605,955,1.5290769230769232,1.5576923076923077,34.660714285714285,ES
2021-01-05,1,3713.5,3717.25,3,52.59,63.75,28.0,time,600,955,0.12521428571428572,0.15178571428571427,39.839285714285715,ES
2021-01-06,1,3734.0,3740.25,2,60.06,67.5,38.0,time,605,955,0.15805263157894736,0.17763157894736842,39.17857142857143,ES
2021-01-07,1,3792.75,3795.0,3,30.09,41.25,28.75,time,600,955,0.06977391304347826,0.09565217391304348,41.285714285714285,ES
2021-01-08,-1,3793.5,3816.75,4,-469.88,-455.0,22.75,stop,625,945,-1.0327032967032967,-1.0,44.160714285714285,ES
2021-01-11,1,3797.5,3792.0,6,-172.32,-150.0,16.25,time,605,955,-0.3534769230769231,-0.3076923076923077,45.732142857142854,ES
2021-01-12,1,3800.0,3781.25,5,-474.85,-456.25,18.25,stop,615,725,-1.0407671232876712,-1.0,45.357142857142854,ES
2021-01-13,-1,3783.25,3797.75,7,-516.04,-490.0,14.0,stop,600,625,-1.0531428571428572,-1.0,42.5,ES
2021-01-14,1,3814.5,3806.5,13,-535.86,-487.5,7.5,stop,600,695,-1.0992,-1.0,43.035714285714285,ES
2021-01-15,-1,3768.75,3762.0,8,260.24,290.0,11.5,time,600,955,0.5657391304347826,0.6304347826086957,43.482142857142854,ES
2021-01-18,1,3764.75,3760.0,20,-499.4,-425.0,4.25,stop,605,625,-1.1750588235294117,-1.0,45.80357142857143,ES
2021-01-19,-1,3774.75,3792.75,5,-456.1,-437.5,17.5,stop,675,775,-1.0425142857142857,-1.0,43.607142857142854,ES
2021-01-20,1,3824.0,3842.5,8,730.24,760.0,12.5,time,600,955,1.46048,1.52,43.375,ES
2021-01-21,1,3850.25,3846.0,7,-157.29,-131.25,13.5,time,615,955,-0.33288888888888885,-0.2777777777777778,46.732142857142854,ES
2021-01-22,1,3837.0,3825.0,8,-489.76,-460.0,11.5,stop,605,625,-1.064695652173913,-1.0,45.44642857142857,ES
2021-01-25,1,3848.75,3836.75,8,-489.76,-460.0,11.5,stop,600,650,-1.064695652173913,-1.0,39.482142857142854,ES
2021-01-26,-1,3846.75,3842.75,6,112.68,135.0,15.25,time,610,955,0.24629508196721314,0.29508196721311475,40.82142857142857,ES
2021-01-28,1,3795.75,3779.5,3,-247.41,-236.25,33.0,time,610,955,-0.49981818181818183,-0.4772727272727273,40.75,ES
2021-01-29,1,3769.75,3734.25,2,-357.44,-350.0,35.0,stop,620,685,-1.0212571428571429,-1.0,42.910714285714285,ES
2021-02-01,1,3749.5,3764.5,3,221.34,232.5,32.0,time,685,955,0.461125,0.484375,47.07142857142857,ES
2021-02-02,1,3818.0,3818.25,5,0.15000000000000036,18.75,18.75,time,600,955,0.00032000000000000073,0.04,49.69642857142857,ES
2021-02-03,-1,3817.25,3832.75,6,-472.32,-450.0,15.0,stop,615,765,-1.0496,-1.0,52.57142857142857,ES
2021-02-04,1,3843.75,3865.0,7,735.21,761.25,13.0,time,610,955,1.615846153846154,1.6730769230769231,52.75,ES
2021-02-05,-1,3872.0,3886.5,7,-516.04,-490.0,14.0,stop,610,760,-1.0531428571428572,-1.0,52.392857142857146,ES
2021-02-08,-1,3893.5,3902.25,12,-539.64,-495.0,8.25,stop,670,950,-1.0901818181818181,-1.0,53.410714285714285,ES
2021-02-09,1,3907.0,3905.75,8,-59.76,-30.0,11.75,time,610,955,-0.12714893617021275,-0.06382978723404255,53.44642857142857,ES
2021-02-10,-1,3914.75,3904.75,9,439.02,472.5,11.0,time,610,955,0.8869090909090909,0.9545454545454546,50.232142857142854,ES
2021-02-12,1,3910.75,3930.5,10,975.3,1012.5,9.5,time,610,955,2.0532631578947367,2.1315789473684212,53.267857142857146,ES
2021-02-16,-1,3933.5,3945.25,8,-479.76,-450.0,11.25,stop,610,630,-1.0661333333333334,-1.0,50.92857142857143,ES
2021-02-18,-1,3889.75,3906.5,6,-509.82,-487.5,16.25,stop,605,805,-1.0457846153846153,-1.0,41.75,ES
2021-02-22,1,3886.75,3874.25,6,-382.32,-360.0,16.5,time,610,955,-0.7723636363636364,-0.7272727272727273,35.30357142857143,ES
2021-02-23,1,3851.5,3877.75,2,260.06,267.5,46.5,time,675,955,0.5592688172043011,0.5752688172043011,32.625,ES
2021-02-24,1,3878.75,3920.25,4,825.12,840.0,21.75,time,620,955,1.8968275862068966,1.9310344827586208,36.57142857142857,ES
2021-02-25,-1,3904.5,3826.75,5,1937.65,1956.25,17.0,time,600,955,4.559176470588236,4.602941176470588,38.464285714285715,ES
2021-02-26,-1,3809.25,3852.0,2,-429.94,-422.5,42.25,stop,605,730,-1.0176094674556213,-1.0,44.785714285714285,ES
2021-03-01,1,3876.25,3897.5,5,525.15,543.75,18.0,time,600,955,1.167,1.2083333333333333,47.964285714285715,ES
2021-03-02,-1,3877.75,3868.5,3,135.09,146.25,25.5,time,625,955,0.3531764705882353,0.38235294117647056,54.339285714285715,ES
2021-03-03,-1,3839.0,3817.25,3,322.59,333.75,31.25,time,610,955,0.6881919999999999,0.712,53.642857142857146,ES
2021-03-04,-1,3800.5,3836.0,2,-357.44,-350.0,35.0,stop,600,700,-1.0212571428571429,-1.0,55.0,ES
2021-03-05,-1,3759.25,3808.25,2,-492.44,-485.0,48.5,stop,630,800,-1.015340206185567,-1.0,61.42857142857143,ES
2021-03-08,1,3864.5,3829.25,2,-354.94,-347.5,34.75,stop,615,955,-1.021410071942446,-1.0,68.58928571428571,ES
2021-03-09,1,3880.0,3872.75,4,-149.88,-135.0,24.5,time,600,955,-0.30587755102040814,-0.2755102040816326,70.78571428571429,ES
2021-03-10,-1,3887.0,3911.75,4,-499.88,-485.0,24.25,stop,625,885,-1.030680412371134,-1.0,74.21428571428571,ES
2021-03-11,1,3932.75,3936.25,7,113.96000000000001,140.0,13.5,time,600,955,0.2411851851851852,0.2962962962962963,73.91071428571429,ES
2021-03-15,-1,3926.5,3939.5,8,-529.76,-500.0,12.5,stop,605,835,-1.05952,-1.0,76.03571428571429,ES
2021-03-16,1,3969.75,3959.25,10,-537.2,-500.0,10.0,stop,630,705,-1.0744,-1.0,73.125,ES
2021-03-17,-1,3927.75,3941.25,7,-481.04,-455.0,13.0,stop,640,840,-1.0572307692307692,-1.0,70.10714285714286,ES
2021-03-18,1,3946.0,3930.75,6,-464.82,-442.5,14.75,stop,660,865,-1.0504406779661017,-1.0,65.60714285714286,ES
2021-03-19,1,3907.0,3897.75,3,-142.41,-131.25,29.5,time,705,955,-0.3218305084745763,-0.2966101694915254,64.89285714285714,ES
2021-03-22,1,3919.0,3929.25,6,300.18,322.5,15.25,time,615,955,0.6561311475409837,0.7049180327868853,60.464285714285715,ES
2021-03-23,1,3930.75,3919.0,8,-479.76,-450.0,11.25,stop,605,635,-1.0661333333333334,-1.0,61.07142857142857,ES
2021-03-24,-1,3907.5,3924.25,6,-509.82,-487.5,16.25,stop,615,650,-1.0457846153846153,-1.0,60.57142857142857,ES
2021-03-25,1,3873.75,3854.25,5,-493.6,-475.0,19.0,stop,600,640,-1.039157894736842,-1.0,55.625,ES
2021-03-26,1,3923.0,3912.25,9,-494.73,-461.25,10.25,stop,600,680,-1.0725853658536586,-1.0,51.67857142857143,ES
2021-03-29,-1,3941.0,3961.0,5,-506.1,-487.5,19.5,stop,605,770,-1.0381538461538462,-1.0,52.017857142857146,ES
2021-03-30,-1,3937.0,3951.25,7,-507.29,-481.25,13.75,stop,620,640,-1.0541090909090909,-1.0,49.017857142857146,ES
2021-03-31,1,3968.5,3968.5,8,-9.76,20.0,11.75,time,605,955,-0.020765957446808512,0.0425531914893617,47.92857142857143,ES
2021-04-01,1,3993.5,4009.25,12,930.36,975.0,8.25,time,605,955,1.8795151515151516,1.9696969696969697,45.82142857142857,ES
2021-04-05,1,4051.25,4066.75,7,533.96,560.0,13.5,time,605,955,1.1300740740740742,1.1851851851851851,46.660714285714285,ES
2021-04-06,1,4073.5,4058.5,6,-457.32,-435.0,14.5,stop,600,950,-1.0513103448275862,-1.0,47.910714285714285,ES
2021-04-07,1,4071.0,4062.5,12,-524.64,-480.0,8.0,stop,620,695,-1.093,-1.0,47.17857142857143,ES
2021-04-08,-1,4074.75,4084.25,11,-535.92,-495.0,9.0,stop,610,690,-1.0826666666666667,-1.0,44.80357142857143,ES
2021-04-09,1,4096.0,4119.0,11,1251.58,1292.5,9.0,time,600,955,2.5284444444444443,2.611111111111111,41.732142857142854,ES
2021-04-12,-1,4107.0,4119.5,8,-509.76,-480.0,12.0,stop,640,750,-1.062,-1.0,41.035714285714285,ES
2021-04-13,1,4125.0,4132.25,10,350.3,387.5,9.25,time,600,955,0.7574054054054055,0.8378378378378378,38.982142857142854,ES
2021-04-15,1,4150.25,4163.0,11,687.83,728.75,8.75,time,625,955,1.429257142857143,1.5142857142857142,35.75,ES
2021-04-19,-1,4161.5,4157.5,10,187.8,225.0,9.75,time,600,955,0.38523076923076927,0.46153846153846156,31.089285714285715,ES
2021-04-20,-1,4138.0,4126.75,7,385.21,411.25,12.75,time,630,955,0.8632156862745097,0.9215686274509803,30.803571428571427,ES
2021-04-21,1,4142.5,4164.5,4,435.12,450.0,24.5,time,620,955,0.888,0.9183673469387755,32.142857142857146,ES
2021-04-22,1,4164.0,4150.75,7,-472.29,-446.25,12.75,stop,645,785,-1.0583529411764707,-1.0,33.410714285714285,ES
2021-04-23,1,4147.5,4170.5,6,682.68,705.0,15.5,time,600,955,1.4681290322580645,1.5161290322580645,34.42857142857143,ES
2021-04-26,1,4184.5,4175.5,11,-508.42,-467.5,8.5,stop,605,925,-1.0875294117647059,-1.0,34.089285714285715,ES
2021-04-27,-1,4170.0,4184.0,7,-498.54,-472.5,13.5,stop,635,935,-1.055111111111111,-1.0,33.910714285714285,ES
2021-04-28,-1,4175.75,4188.0,8,-499.76,-470.0,11.75,stop,710,875,-1.0633191489361702,-1.0,34.142857142857146,ES
2021-04-29,-1,4196.75,4204.0,7,-262.29,-236.25,14.0,time,600,955,-0.5352857142857144,-0.48214285714285715,34.17857142857143,ES
2021-04-30,-1,4177.25,4177.5,8,-19.759999999999998,10.0,11.25,time,660,955,-0.04391111111111111,0.022222222222222223,34.767857142857146,ES
2021-05-03,-1,4188.5,4186.5,7,61.46,87.5,13.75,time,660,955,0.1277090909090909,0.18181818181818182,36.107142857142854,ES
2021-05-04,-1,4138.25,4161.0,3,-344.91,-333.75,31.75,time,600,955,-0.7242204724409449,-0.7007874015748031,36.17857142857143,ES
2021-05-05,-1,4158.75,4178.5,5,-499.85,-481.25,19.25,stop,600,710,-1.0386493506493506,-1.0,38.660714285714285,ES
2021-05-06,-1,4150.0,4167.25,5,-437.35,-418.75,16.75,stop,600,690,-1.0444179104477613,-1.0,37.267857142857146,ES
2021-05-07,1,4219.0,4224.25,4,100.12,115.0,23.25,time,600,955,0.21531182795698925,0.24731182795698925,39.660714285714285,ES
2021-05-10,-1,4217.75,4184.0,7,1172.71,1198.75,13.0,time,630,955,2.5773846153846156,2.6346153846153846,39.82142857142857,ES
2021-05-11,-1,4121.75,4152.75,3,-468.66,-457.5,30.5,stop,625,925,-1.0243934426229508,-1.0,40.0,ES
2021-05-12,-1,4110.25,4058.0,5,1300.15,1318.75,18.5,time,600,955,2.8111351351351352,2.8513513513513513,42.17857142857143,ES
2021-05-13,1,4111.25,4105.25,2,-62.44,-55.0,37.75,time,600,955,-0.16540397350993377,-0.1456953642384106,44.94642857142857,ES
2021-05-14,1,4153.0,4168.75,5,387.65,406.25,18.0,time,630,955,0.8614444444444443,0.9027777777777778,45.625,ES
2021-05-17,-1,4147.0,4158.75,5,-299.85,-281.25,19.75,time,605,955,-0.6072911392405064,-0.569620253164557,49.732142857142854,ES
2021-05-18,-1,4150.0,4123.25,7,927.71,953.75,13.25,time,600,955,2.0004528301886793,2.056603773584906,50.732142857142854,ES
2021-05-19,-1,4060.25,4079.25,5,-481.1,-462.5,18.5,stop,600,665,-1.0402162162162163,-1.0,52.30357142857143,ES
2021-05-20,1,4138.5,4155.25,5,412.65,431.25,19.0,time,600,955,0.8687368421052631,0.9078947368421053,54.05357142857143,ES
2021-05-21,-1,4170.25,4152.75,7,603.96,630.0,14.25,time,625,955,1.2109473684210528,1.263157894736842,55.57142857142857,ES
2021-05-24,1,4186.75,4194.25,7,253.96,280.0,13.0,time,600,955,0.5581538461538462,0.6153846153846154,56.482142857142854,ES
2021-05-25,-1,4192.75,4186.0,5,162.65,181.25,17.0,time,630,955,0.3827058823529412,0.4264705882352941,55.625,ES
2021-05-26,1,4196.75,4193.5,6,-104.82,-82.5,15.5,time,665,955,-0.22541935483870967,-0.1774193548387097,55.892857142857146,ES
2021-05-27,1,4209.75,4201.75,13,-535.86,-487.5,7.5,stop,640,650,-1.0992,-1.0,53.267857142857146,ES
2021-05-28,-1,4204.75,4214.25,11,-535.92,-495.0,9.0,stop,620,725,-1.0826666666666667,-1.0,51.732142857142854,ES
2021-06-01,-1,4207.5,4199.5,4,155.12,170.0,22.25,time,610,955,0.34858426966292133,0.38202247191011235,44.92857142857143,ES
2021-06-02,1,4211.75,4197.75,7,-498.54,-472.5,13.5,stop,620,845,-1.055111111111111,-1.0,40.892857142857146,ES
2021-06-03,1,4186.5,4190.5,4,75.12,90.0,21.0,time,645,955,0.17885714285714288,0.21428571428571427,37.357142857142854,ES
2021-06-04,1,4218.25,4228.0,11,522.83,563.75,8.75,time,610,955,1.0864,1.1714285714285715,35.089285714285715,ES
2021-06-07,-1,4220.75,4225.5,10,-249.7,-212.5,9.5,time,600,955,-0.5256842105263158,-0.4473684210526316,35.714285714285715,ES
2021-06-08,-1,4216.5,4225.75,5,-237.35,-218.75,18.25,time,670,955,-0.5202191780821918,-0.4794520547945205,33.785714285714285,ES
2021-06-10,-1,4225.75,4238.75,4,-264.88,-250.0,22.0,time,645,955,-0.602,-0.5681818181818182,28.214285714285715,ES
2021-06-11,-1,4237.75,4247.0,11,-522.17,-481.25,8.75,stop,620,955,-1.0850285714285715,-1.0,27.696428571428573,ES
2021-06-14,-1,4229.5,4238.25,12,-539.64,-495.0,8.25,stop,600,950,-1.0901818181818181,-1.0,25.0,ES
2021-06-15,-1,4238.5,4237.75,10,25.3,62.5,9.5,time,600,955,0.053263157894736846,0.13157894736842105,24.446428571428573,ES
2021-06-17,-1,4205.5,4221.75,6,-494.82,-472.5,15.75,stop,605,635,-1.0472380952380953,-1.0,27.053571428571427,ES
2021-06-18,-1,4167.0,4155.0,6,352.68,375.0,16.5,time,600,955,0.7124848484848485,0.7575757575757576,28.25,ES
2021-06-21,1,4189.75,4213.75,4,475.12,490.0,24.75,time,600,955,0.9598383838383838,0.98989898989899,31.625,ES
2021-06-22,1,4217.75,4235.75,8,710.24,740.0,11.25,time,620,955,1.5783111111111112,1.6444444444444444,33.25,ES
2021-06-23,1,4244.0,4235.5,12,-524.64,-480.0,8.0,stop,610,660,-1.093,-1.0,34.69642857142857,ES
2021-06-24,1,4259.5,4252.25,14,-524.58,-472.5,6.75,stop,620,700,-1.1102222222222222,-1.0,32.892857142857146,ES
2021-06-25,1,4267.25,4270.5,16,240.48,300.0,6.25,time,610,955,0.48096,0.6,32.017857142857146,ES
2021-06-29,1,4290.25,4283.5,16,-559.52,-500.0,6.25,stop,630,750,-1.11904,-1.0,31.535714285714285,ES
2021-06-30,1,4287.75,4286.0,9,-89.73,-56.25,10.25,time,630,955,-0.19453658536585366,-0.12195121951219512,31.25,ES
2021-07-01,1,4301.0,4310.25,13,585.39,633.75,7.5,time,605,955,1.2007999999999999,1.3,30.232142857142858,ES
2021-07-02,1,4325.5,4342.75,16,1360.48,1420.0,6.25,time,670,955,2.72096,2.84,30.928571428571427,ES
2021-07-05,1,4344.5,4341.25,20,-349.4,-275.0,2.75,stop,625,775,-1.2705454545454544,-1.0,31.892857142857142,ES
2021-07-06,-1,4332.0,4334.75,7,-104.78999999999999,-78.75,13.5,time,600,955,-0.22177777777777777,-0.16666666666666666,30.839285714285715,ES
2021-07-07,-1,4335.75,4347.75,8,-489.76,-460.0,11.5,stop,600,720,-1.064695652173913,-1.0,30.071428571428573,ES
2021-07-08,1,4302.0,4315.25,4,260.12,275.0,20.25,time,675,955,0.6422716049382716,0.6790123456790124,29.767857142857142,ES
2021-07-09,1,4346.25,4360.0,5,337.65,356.25,17.75,time,600,955,0.7609014084507042,0.8028169014084507,30.392857142857142,ES
2021-07-12,1,4366.0,4376.0,9,439.02,472.5,11.0,time,600,955,0.8869090909090909,0.9545454545454546,29.464285714285715,ES
2021-07-13,1,4377.0,4366.75,10,-524.7,-487.5,9.75,stop,620,815,-1.0763076923076924,-1.0,28.375,ES
2021-07-14,-1,4373.25,4368.0,9,225.27,258.75,11.0,time,625,955,0.4550909090909091,0.5227272727272727,29.053571428571427,ES
2021-07-15,1,4360.0,4344.75,6,-464.82,-442.5,14.75,stop,605,790,-1.0504406779661017,-1.0,29.125,ES
2021-07-16,-1,4351.75,4319.25,7,1128.96,1155.0,13.75,time,605,955,2.345890909090909,2.4,30.160714285714285,ES
2021-07-19,-1,4241.75,4255.25,3,-206.16,-195.0,30.0,time,610,955,-0.45813333333333334,-0.43333333333333335,32.57142857142857,ES
2021-07-20,1,4289.0,4314.5,2,252.56,260.0,36.0,time,600,955,0.7015555555555556,0.7222222222222222,38.357142857142854,ES
2021-07-21,1,4342.75,4351.0,6,240.18,262.5,16.5,time,710,955,0.4852121212121212,0.5303030303030303,42.625,ES
2021-07-22,1,4355.75,4343.75,8,-489.76,-460.0,11.5,stop,635,725,-1.064695652173913,-1.0,43.464285714285715,ES
2021-07-23,1,4383.25,4403.5,9,900.27,933.75,10.5,time,635,955,1.9053333333333333,1.9761904761904763,42.339285714285715,ES
2021-07-26,1,4409.25,4414.25,8,190.24,220.0,11.75,time,685,955,0.40476595744680854,0.46808510638297873,45.42857142857143,ES
2021-07-27,-1,4387.25,4395.25,6,-247.32,-225.0,16.5,time,610,955,-0.4996363636363636,-0.45454545454545453,43.82142857142857,ES
2021-07-29,1,4416.75,4411.5,7,-192.29,-166.25,14.0,time,635,955,-0.3924285714285714,-0.3392857142857143,42.214285714285715,ES
2021-07-30,1,4402.5,4383.5,5,-481.1,-462.5,18.5,stop,600,875,-1.0402162162162163,-1.0,40.875,ES
2021-08-02,-1,4404.75,4380.25,11,1334.08,1375.0,9.0,time,600,955,2.695111111111111,2.7777777777777777,41.232142857142854,ES
2021-08-03,-1,4366.75,4391.25,4,-494.88,-480.0,24.0,stop,605,700,-1.031,-1.0,42.05357142857143,ES
2021-08-04,1,4407.75,4398.25,11,-535.92,-495.0,9.0,stop,600,630,-1.0826666666666667,-1.0,43.607142857142854,ES
2021-08-05,1,4412.5,4421.25,9,382.77,416.25,10.25,time,600,955,0.8298536585365853,0.9024390243902439,42.82142857142857,ES
2021-08-10,1,4434.75,4425.75,11,-508.42,-467.5,8.5,stop,605,640,-1.0875294117647059,-1.0,30.892857142857142,ES
2021-08-11,-1,4434.25,4441.25,12,-434.64,-390.0,8.0,time,660,955,-0.9055,-0.8125,29.357142857142858,ES
2021-08-12,-1,4431.0,4440.25,11,-522.17,-481.25,8.75,stop,605,650,-1.0850285714285715,-1.0,28.767857142857142,ES
2021-08-17,1,4452.25,4436.0,6,-494.82,-472.5,15.75,stop,645,710,-1.0472380952380953,-1.0,25.982142857142858,ES
2021-08-18,1,4447.25,4430.0,5,-437.35,-418.75,16.75,stop,610,850,-1.0444179104477613,-1.0,28.25,ES
2021-08-19,1,4396.5,4402.0,3,78.84,90.0,31.75,time,600,955,0.1655433070866142,0.1889763779527559,30.214285714285715,ES
2021-08-20,1,4428.5,4436.25,3,112.59,123.75,28.25,time,600,955,0.2656991150442478,0.2920353982300885,31.696428571428573,ES
2021-08-23,1,4471.5,4475.75,5,100.15,118.75,17.0,time,600,955,0.23564705882352943,0.27941176470588236,31.964285714285715,ES
2021-08-24,1,4487.0,4482.75,10,-224.7,-187.5,9.25,time,615,955,-0.4858378378378378,-0.40540540540540543,31.785714285714285,ES
2021-08-25,1,4487.25,4492.25,16,380.48,440.0,6.25,time,610,955,0.7609600000000001,0.88,30.946428571428573,ES
2021-08-26,-1,4484.25,4466.25,13,1154.14,1202.5,7.5,time,620,955,2.367466666666667,2.466666666666667,30.125,ES
2021-08-27,1,4492.75,4504.75,5,293.9,312.5,18.75,time,600,955,0.6269866666666666,0.6666666666666666,31.25,ES
2021-08-30,1,4518.75,4525.5,12,390.36,435.0,8.0,time,605,955,0.81325,0.90625,33.30357142857143,ES
2021-08-31,1,4526.75,4520.0,7,-244.79,-218.75,14.0,time,675,955,-0.49957142857142856,-0.44642857142857145,34.267857142857146,ES
2021-09-02,-1,4534.5,4536.25,10,-99.7,-62.5,9.25,time,600,955,-0.21556756756756756,-0.13513513513513514,33.785714285714285,ES
2021-09-03,1,4533.0,4534.25,7,35.21,61.25,13.5,time,600,955,0.07451851851851853,0.12962962962962962,34.714285714285715,ES
2021-09-07,-1,4516.25,4519.25,6,-97.32,-75.0,15.5,time,605,955,-0.20929032258064514,-0.16129032258064516,29.714285714285715,ES
2021-09-08,1,4518.25,4506.75,9,-528.48,-495.0,11.0,stop,605,630,-1.0676363636363637,-1.0,28.035714285714285,ES
2021-09-09,1,4524.0,4507.75,6,-494.82,-472.5,15.75,stop,600,735,-1.0472380952380953,-1.0,26.464285714285715,ES
2021-09-10,-1,4491.5,4459.0,3,483.84,495.0,26.5,time,600,955,1.2172075471698112,1.2452830188679245,26.357142857142858,ES
2021-09-13,-1,4456.25,4459.75,3,-56.16,-45.0,27.0,time,600,955,-0.13866666666666666,-0.1111111111111111,27.25,ES
2021-09-14,-1,4450.0,4436.0,3,206.34,217.5,27.0,time,600,955,0.5094814814814815,0.5370370370370371,29.857142857142858,ES
2021-09-16,-1,4445.75,4476.25,3,-461.16,-450.0,30.0,stop,600,910,-1.0248000000000002,-1.0,33.964285714285715,ES
2021-09-17,-1,4433.0,4420.25,3,187.59,198.75,27.0,time,610,955,0.4631851851851852,0.49074074074074076,33.910714285714285,ES
2021-09-20,-1,4343.25,4346.75,3,-56.16,-45.0,27.75,time,700,955,-0.1349189189189189,-0.10810810810810811,35.25,ES
2021-09-21,-1,4354.0,4343.0,3,161.34,172.5,30.75,time,605,955,0.3497886178861789,0.37398373983739835,43.125,ES
2021-09-22,1,4379.0,4384.0,4,95.12,110.0,22.25,time,600,955,0.21375280898876406,0.24719101123595505,45.464285714285715,ES
2021-09-23,1,4435.5,4437.0,2,12.56,20.0,34.0,time,600,955,0.036941176470588234,0.058823529411764705,48.44642857142857,ES
2021-09-24,1,4444.25,4445.25,3,11.34,22.5,26.25,time,600,955,0.0288,0.05714285714285714,52.017857142857146,ES
2021-09-27,1,4440.0,4433.0,6,-217.32,-195.0,14.75,time,610,955,-0.4911186440677966,-0.4406779661016949,53.57142857142857,ES
2021-09-28,-1,4376.25,4344.0,3,480.09,491.25,29.75,time,600,955,1.0758319327731092,1.1008403361344539,52.69642857142857,ES
2021-09-29,1,4371.75,4345.75,3,-393.66,-382.5,25.5,stop,620,820,-1.0291764705882354,-1.0,57.714285714285715,ES
2021-09-30,-1,4353.25,4297.0,5,1400.15,1418.75,20.0,time,610,955,2.8003,2.8375,57.267857142857146,ES
2021-10-01,-1,4285.0,4321.5,2,-367.44,-360.0,36.0,stop,615,700,-1.0206666666666666,-1.0,58.517857142857146,ES
2021-10-04,-1,4318.75,4292.25,3,393.84,405.0,25.5,time,600,955,1.0296470588235294,1.0588235294117647,61.357142857142854,ES
2021-10-05,1,4324.75,4334.75,3,146.34,157.5,26.0,time,600,955,0.37523076923076926,0.40384615384615385,63.32142857142857,ES
2021-10-06,-1,4283.5,4317.75,2,-344.94,-337.5,33.75,stop,600,630,-1.0220444444444445,-1.0,64.57142857142857,ES
2021-10-07,1,4416.5,4386.5,3,-453.66,-442.5,29.5,stop,600,955,-1.025220338983051,-1.0,66.92857142857143,ES
2021-10-11,1,4399.75,4373.25,3,-401.16,-390.0,26.0,stop,600,800,-1.0286153846153847,-1.0,61.25,ES
2021-10-13,-1,4321.5,4357.5,2,-362.44,-355.0,35.5,stop,610,840,-1.0209577464788733,-1.0,59.714285714285715,ES
2021-10-14,1,4409.75,4428.75,5,468.9,487.5,19.5,time,600,955,0.9618461538461538,1.0,57.94642857142857,ES
2021-10-15,1,4461.25,4463.0,6,45.18,67.5,16.0,time,605,955,0.094125,0.140625,60.839285714285715,ES
2021-10-18,1,4459.75,4476.5,4,330.12,345.0,22.75,time,600,955,0.7255384615384616,0.7582417582417582,62.05357142857143,ES
2021-10-19,1,4499.0,4511.5,8,490.24,520.0,11.5,time,605,955,1.0657391304347825,1.1304347826086956,58.089285714285715,ES
2021-10-20,1,4525.25,4528.75,9,146.52,180.0,10.5,time,615,955,0.3100952380952381,0.38095238095238093,58.285714285714285,ES
2021-10-21,1,4527.5,4540.75,10,650.3,687.5,9.5,time,605,955,1.3690526315789473,1.4473684210526316,54.089285714285715,ES
2021-10-22,1,4551.5,4533.5,5,-456.1,-437.5,17.5,stop,625,675,-1.0425142857142857,-1.0,49.57142857142857,ES
2021-10-25,1,4549.75,4560.0,4,200.12,215.0,20.75,time,665,955,0.4822168674698795,0.5180722891566265,46.482142857142854,ES
2021-10-26,1,4584.75,4572.5,8,-499.76,-470.0,11.75,stop,610,720,-1.0633191489361702,-1.0,44.160714285714285,ES
2021-10-28,1,4576.0,4587.5,5,281.4,300.0,16.75,time,625,955,0.6719999999999999,0.7164179104477612,38.339285714285715,ES
2021-10-29,1,4583.5,4597.0,4,265.12,280.0,23.0,time,665,955,0.5763478260869566,0.6086956521739131,39.607142857142854,ES
2021-11-01,-1,4589.5,4606.25,4,-339.88,-325.0,22.25,time,600,955,-0.7637752808988764,-0.7303370786516854,38.410714285714285,ES
2021-11-02,1,4618.5,4623.5,7,166.46,192.5,12.75,time,600,955,0.37301960784313726,0.43137254901960786,37.857142857142854,ES
2021-11-04,1,4673.25,4673.75,5,6.4,25.0,18.5,time,610,955,0.01383783783783784,0.05405405405405406,33.839285714285715,ES
2021-11-05,1,4711.75,4694.5,5,-437.35,-418.75,16.75,stop,600,770,-1.0444179104477613,-1.0,32.69642857142857,ES
2021-11-08,-1,4693.5,4694.5,7,-43.54,-17.5,13.25,time,600,955,-0.09388679245283019,-0.03773584905660377,32.32142857142857,ES
2021-11-09,-1,4668.0,4679.0,3,-168.66,-157.5,32.25,time,600,955,-0.3486511627906977,-0.32558139534883723,31.232142857142858,ES
2021-11-11,-1,4645.75,4643.0,8,100.24,130.0,11.5,time,630,955,0.21791304347826085,0.2826086956521739,34.42857142857143,ES
2021-11-12,1,4658.5,4677.0,8,730.24,760.0,12.5,time,655,955,1.46048,1.52,33.0,ES
2021-11-15,-1,4680.25,4679.25,8,30.240000000000002,60.0,12.25,time,615,955,0.06171428571428572,0.12244897959183673,33.392857142857146,ES
2021-11-16,1,4697.5,4697.0,4,-14.879999999999999,0.0,21.75,time,670,955,-0.03420689655172413,0.0,33.107142857142854,ES
2021-11-17,1,4695.75,4686.0,6,-299.82,-277.5,16.25,time,715,955,-0.6150153846153846,-0.5692307692307692,33.19642857142857,ES
2021-11-18,-1,4684.25,4698.5,7,-507.29,-481.25,13.75,stop,605,720,-1.0541090909090909,-1.0,31.285714285714285,ES
2021-11-22,1,4737.25,4711.75,4,-514.88,-500.0,25.0,stop,600,710,-1.02976,-1.0,30.928571428571427,ES
2021-11-23,-1,4665.0,4687.5,3,-341.16,-330.0,30.25,time,625,955,-0.7518677685950413,-0.7272727272727273,33.857142857142854,ES
2021-11-24,1,4675.25,4698.25,5,568.9,587.5,18.75,time,600,955,1.2136533333333333,1.2533333333333334,34.035714285714285,ES
2021-11-29,-1,4626.0,4650.25,4,-489.88,-475.0,23.75,stop,635,720,-1.0313263157894736,-1.0,41.357142857142854,ES
2021-11-30,1,4634.25,4614.25,5,-506.1,-487.5,19.5,stop,600,645,-1.0381538461538462,-1.0,45.17857142857143,ES
2021-12-01,1,4625.75,4606.0,5,-499.85,-481.25,19.25,stop,600,785,-1.0386493506493506,-1.0,48.035714285714285,ES
2021-12-02,1,4564.5,4577.25,1,62.53,66.25,58.0,time,600,955,0.21562068965517242,0.22844827586206898,57.25,ES
2021-12-03,-1,4551.5,4537.5,1,68.78,72.5,54.75,time,600,955,0.25125114155251144,0.2648401826484018,60.589285714285715,ES
2021-12-06,1,4580.75,4591.0,2,100.06,107.5,41.25,time,610,955,0.24256969696969696,0.2606060606060606,66.92857142857143,ES
2021-12-07,1,4678.25,4686.0,3,112.59,123.75,30.75,time,605,955,0.24409756097560975,0.2682926829268293,69.80357142857143,ES
2021-12-08,-1,4677.75,4696.75,5,-481.1,-462.5,18.5,stop,625,920,-1.0402162162162163,-1.0,75.75,ES
2021-12-09,-1,4678.5,4694.25,6,-479.82,-457.5,15.25,stop,625,815,-1.0487868852459017,-1.0,75.35714285714286,ES
2021-12-10,-1,4684.0,4705.0,4,-424.88,-410.0,20.5,stop,635,945,-1.0362926829268293,-1.0,76.01785714285714,ES
2021-12-13,-1,4676.75,4661.25,4,305.12,320.0,24.5,time,620,955,0.6226938775510205,0.6530612244897959,74.82142857142857,ES
2021-12-14,-1,4615.75,4629.0,2,-134.94,-127.5,36.0,time,645,955,-0.37483333333333335,-0.3541666666666667,75.30357142857143,ES
2021-12-15,-1,4607.5,4632.25,4,-499.88,-485.0,24.25,stop,675,840,-1.030680412371134,-1.0,76.75,ES
2021-12-16,-1,4699.0,4658.25,4,810.12,825.0,24.0,time,600,955,1.68775,1.71875,83.26785714285714,ES
2021-12-17,-1,4595.5,4633.5,2,-382.44,-375.0,37.5,stop,610,645,-1.01984,-1.0,79.91071428571429,ES
2021-12-20,-1,4532.25,4558.5,3,-397.41,-386.25,25.75,stop,625,950,-1.0288932038834953,-1.0,78.28571428571429,ES
2021-12-21,-1,4577.25,4604.25,3,-408.66,-397.5,26.5,stop,625,700,-1.0280754716981133,-1.0,77.91071428571429,ES
2021-12-22,1,4652.5,4686.0,5,831.4,850.0,16.75,time,615,955,1.9854328358208955,2.029850746268657,73.48214285714286,ES
2021-12-23,1,4717.75,4714.75,4,-64.88,-50.0,22.0,time,620,955,-0.14745454545454545,-0.11363636363636363,70.94642857142857,ES
2021-12-27,1,4749.5,4782.5,5,818.9,837.5,19.75,time,605,955,1.6585316455696202,1.6962025316455696,65.98214285714286,ES
2021-12-28,-1,4781.25,4780.25,6,22.68,45.0,16.5,time,615,955,0.04581818181818182,0.09090909090909091,65.55357142857143,ES
2021-12-29,-1,4774.75,4792.0,5,-437.35,-418.75,16.75,stop,610,930,-1.0444179104477613,-1.0,60.285714285714285,ES
2021-12-31,-1,4763.75,4759.75,6,112.68,135.0,14.5,time,630,955,0.25903448275862073,0.3103448275862069,59.82142857142857,ES
2022-01-04,-1,4797.75,4784.0,9,607.77,641.25,10.25,time,615,955,1.317658536585366,1.3902439024390243,57.107142857142854,ES
2022-01-05,1,4786.25,4769.75,6,-502.32,-480.0,16.0,stop,625,760,-1.0465,-1.0,55.607142857142854,ES
2022-01-06,-1,4670.25,4712.25,2,-422.44,-415.0,41.5,stop,600,760,-1.0179277108433735,-1.0,55.30357142857143,ES
2022-01-07,-1,4669.75,4669.0,3,7.59,18.75,29.5,time,635,955,0.017152542372881354,0.0423728813559322,53.339285714285715,ES
2022-01-10,-1,4591.5,4637.5,2,-462.44,-455.0,45.5,stop,600,845,-1.0163516483516484,-1.0,51.75,ES
2022-01-11,1,4671.25,4704.75,2,332.56,340.0,43.75,time,675,955,0.7601371428571428,0.7771428571428571,52.30357142857143,ES
2022-01-12,1,4737.5,4716.0,4,-434.88,-420.0,21.0,stop,605,635,-1.0354285714285714,-1.0,52.017857142857146,ES
2022-01-13,-1,4722.5,4653.25,7,2415.21,2441.25,13.5,time,605,955,5.111555555555555,5.166666666666667,51.357142857142854,ES
2022-01-14,1,4655.0,4614.25,2,-409.94,-402.5,40.25,stop,615,675,-1.0184844720496895,-1.0,54.839285714285715,ES
2022-01-18,-1,4573.5,4572.75,3,7.59,18.75,32.75,time,690,955,0.015450381679389313,0.03816793893129771,52.44642857142857,ES
2022-01-19,-1,4583.0,4525.0,5,1443.9,1462.5,19.75,time,615,955,2.924354430379747,2.962025316455696,57.339285714285715,ES
2022-01-20,1,4579.25,4541.25,2,-382.44,-375.0,37.5,stop,630,875,-1.01984,-1.0,60.857142857142854,ES
2022-01-21,-1,4433.75,4473.0,2,-394.94,-387.5,38.75,stop,600,650,-1.0191999999999999,-1.0,68.28571428571429,ES
2022-01-24,-1,4287.0,4340.75,1,-269.97,-266.25,53.25,stop,600,915,-1.0139718309859156,-1.0,72.71428571428571,ES
2022-01-25,-1,4281.75,4352.0,1,-352.47,-348.75,69.75,stop,600,825,-1.0106666666666668,-1.0,83.67857142857143,ES
2022-01-26,1,4434.25,4393.25,2,-412.44,-405.0,40.5,stop,600,625,-1.0183703703703704,-1.0,85.89285714285714,ES
2022-01-27,-1,4368.0,4318.0,1,248.78,252.5,50.25,time,635,955,0.9901691542288558,1.0049751243781095,92.91071428571429,ES
2022-01-28,1,4339.0,4423.75,1,422.53,426.25,55.25,time,655,955,1.52952036199095,1.5429864253393666,98.44642857142857,ES
2022-01-31,1,4445.0,4501.5,2,562.56,570.0,42.0,time,600,955,1.3394285714285712,1.3571428571428572,101.73214285714286,ES
2022-02-01,-1,4481.0,4514.75,3,-509.91,-498.75,33.25,stop,600,715,-1.0223759398496242,-1.0,103.57142857142857,ES
2022-02-02,-1,4544.0,4569.25,4,-509.88,-495.0,24.75,stop,630,765,-1.0300606060606061,-1.0,105.30357142857143,ES
2022-02-03,1,4530.0,4504.75,4,-509.88,-495.0,24.75,stop,625,720,-1.0300606060606061,-1.0,102.30357142857143,ES
2022-02-04,-1,4450.5,4487.75,2,-374.94,-367.5,36.75,stop,645,770,-1.0202448979591836,-1.0,106.78571428571429,ES
2022-02-07,1,4512.25,4485.75,3,-401.16,-390.0,26.0,stop,630,695,-1.0286153846153847,-1.0,112.5,ES
2022-02-08,-1,4459.5,4479.25,5,-499.85,-481.25,19.25,stop,600,645,-1.0386493506493506,-1.0,109.44642857142857,ES
2022-02-09,1,4570.75,4579.25,6,247.68,270.0,16.0,time,630,955,0.516,0.5625,108.42857142857143,ES
2022-02-10,1,4568.25,4516.5,1,-259.97,-256.25,51.25,stop,600,810,-1.0145170731707318,-1.0,104.42857142857143,ES
2022-02-11,-1,4490.0,4408.5,3,1218.84,1230.0,30.25,time,665,955,2.6861487603305783,2.7107438016528924,104.71428571428571,ES
2022-02-14,-1,4387.0,4416.75,3,-449.91,-438.75,29.25,stop,600,750,-1.0254358974358975,-1.0,99.71428571428571,ES
2022-02-15,1,4462.75,4438.5,4,-489.88,-475.0,23.75,stop,645,765,-1.0313263157894736,-1.0,95.05357142857143,ES
2022-02-17,-1,4407.25,4375.25,2,317.56,325.0,34.25,time,620,955,0.9271824817518248,0.948905109489051,84.94642857142857,ES
2022-02-18,-1,4359.0,4346.25,3,187.59,198.75,31.0,time,645,955,0.40341935483870967,0.4274193548387097,82.125,ES
2022-02-22,1,4358.25,4308.0,2,-504.94,-497.5,49.75,stop,625,715,-1.0149547738693467,-1.0,79.125,ES
2022-02-23,-1,4309.5,4223.25,3,1290.09,1301.25,26.0,time,600,955,3.3079230769230765,3.3365384615384617,82.375,ES
2022-02-24,1,4165.75,4285.5,1,597.53,601.25,56.75,time,610,955,2.105832599118943,2.118942731277533,82.67857142857143,ES
2022-02-25,1,4321.25,4379.75,2,582.56,590.0,35.75,time,625,955,1.6295384615384614,1.6503496503496504,89.19642857142857,ES
2022-02-28,1,4353.75,4321.0,3,-494.91,-483.75,32.25,stop,635,845,-1.0230697674418605,-1.0,92.67857142857143,ES
2022-03-01,-1,4344.5,4303.5,3,611.34,622.5,29.75,time,605,955,1.3699495798319328,1.3949579831932772,93.25,ES
2022-03-02,-1,4321.0,4351.0,3,-453.66,-442.5,29.5,stop,610,625,-1.025220338983051,-1.0,95.41071428571429,ES
2022-03-03,-1,4387.25,4360.75,3,393.84,405.0,26.5,time,615,955,0.9907924528301886,1.0188679245283019,94.71428571428571,ES
2022-03-04,-1,4293.0,4328.25,2,-354.94,-347.5,34.75,stop,610,780,-1.021410071942446,-1.0,90.83928571428571,ES
2022-03-07,-1,4272.25,4198.25,2,737.56,745.0,48.75,time,610,955,1.5129435897435897,1.528205128205128,92.0,ES
2022-03-08,-1,4170.75,4215.75,2,-452.44,-445.0,44.5,stop,600,730,-1.0167191011235954,-1.0,96.03571428571429,ES
2022-03-09,1,4261.5,4277.0,3,228.84,240.0,30.5,time,610,955,0.5001967213114754,0.5245901639344263,100.32142857142857,ES
2022-03-10,1,4254.5,4222.5,3,-483.66,-472.5,31.5,stop,615,650,-1.0236190476190477,-1.0,102.5,ES
2022-03-11,-1,4259.0,4203.75,3,825.09,836.25,31.5,time,600,955,1.7462222222222223,1.7698412698412698,102.57142857142857,ES
2022-03-14,1,4218.0,4185.25,3,-494.91,-483.75,32.25,stop,605,730,-1.0230697674418605,-1.0,104.85714285714286,ES
2022-03-15,1,4212.5,4256.0,2,432.56,440.0,33.75,time,625,955,1.2816592592592593,1.3037037037037038,104.16071428571429,ES
2022-03-16,1,4333.5,4292.5,2,-412.44,-405.0,40.5,stop,615,840,-1.0183703703703704,-1.0,102.64285714285714,ES
2022-03-17,1,4358.75,4404.75,3,686.34,697.5,32.75,time,600,955,1.3971297709923665,1.4198473282442747,97.51785714285714,ES
2022-03-18,1,4406.0,4452.5,3,693.84,705.0,26.75,time,600,955,1.7291962616822432,1.7570093457943925,96.10714285714286,ES
2022-03-21,-1,4443.5,4453.25,3,-149.91,-138.75,29.25,time,600,955,-0.34167521367521364,-0.3162393162393162,96.28571428571429,ES
2022-03-22,1,4489.5,4505.25,4,310.12,325.0,22.25,time,600,955,0.6968988764044944,0.7303370786516854,93.32142857142857,ES
2022-03-23,1,4484.0,4465.0,5,-481.1,-462.5,18.5,stop,610,800,-1.0402162162162163,-1.0,90.875,ES
2022-03-24,1,4474.75,4513.0,5,950.15,968.75,18.5,time,600,955,2.0543783783783782,2.0945945945945947,89.91071428571429,ES
2022-03-25,1,4532.0,4511.5,5,-518.6,-500.0,20.0,stop,620,670,-1.0372000000000001,-1.0,89.01785714285714,ES
2022-03-28,-1,4521.5,4546.25,4,-499.88,-485.0,24.25,stop,695,880,-1.030680412371134,-1.0,83.10714285714286,ES
2022-03-29,-1,4593.0,4623.25,3,-457.41,-446.25,29.75,stop,605,910,-1.0250084033613447,-1.0,78.64285714285714,ES
2022-03-30,-1,4602.0,4598.25,5,87.65,106.25,18.25,time,665,955,0.1921095890410959,0.2328767123287671,73.57142857142857,ES
2022-03-31,-1,4577.0,4592.0,6,-457.32,-435.0,14.5,stop,600,645,-1.0513103448275862,-1.0,72.28571428571429,ES
2022-04-01,-1,4521.0,4538.25,4,-349.88,-335.0,23.75,time,620,955,-0.7365894736842106,-0.7052631578947368,70.78571428571429,ES
2022-04-04,1,4558.75,4577.5,3,277.59,288.75,25.75,time,625,955,0.7186796116504853,0.7475728155339806,67.66071428571429,ES
2022-04-05,1,4583.25,4560.0,4,-469.88,-455.0,22.75,stop,600,605,-1.0327032967032967,-1.0,63.92857142857143,ES
2022-04-06,-1,4458.75,4485.5,3,-404.91,-393.75,26.25,stop,600,840,-1.0283428571428572,-1.0,61.892857142857146,ES
2022-04-07,-1,4456.25,4486.25,3,-453.66,-442.5,29.5,stop,640,835,-1.025220338983051,-1.0,61.607142857142854,ES
2022-04-08,1,4498.5,4486.75,3,-179.91,-168.75,29.25,time,650,955,-0.41005128205128205,-0.38461538461538464,61.232142857142854,ES
2022-04-11,-1,4436.75,4409.5,4,540.12,555.0,22.5,time,625,955,1.2002666666666666,1.2333333333333334,60.464285714285715,ES
2022-04-13,1,4417.0,4442.25,3,375.09,386.25,29.75,time,660,955,0.8405378151260504,0.865546218487395,64.28571428571429,ES
2022-04-14,-1,4416.75,4387.5,2,290.06,297.5,38.75,time,605,955,0.7485419354838709,0.7677419354838709,63.982142857142854,ES
2022-04-18,-1,4371.25,4403.5,3,-487.41,-476.25,31.75,stop,705,835,-1.0234330708661419,-1.0,65.75,ES
2022-04-19,1,4424.0,4458.75,2,345.06,352.5,38.75,time,600,955,0.8904774193548387,0.9096774193548387,64.5,ES
2022-04-21,-1,4493.5,4389.0,6,3127.68,3150.0,15.25,time,610,955,6.836459016393443,6.885245901639344,65.10714285714286,ES
2022-04-22,-1,4340.25,4269.5,2,705.06,712.5,40.0,time,620,955,1.7626499999999998,1.78125,69.19642857142857,ES
2022-04-25,1,4248.25,4210.0,2,-384.94,-377.5,37.75,stop,630,670,-1.019708609271523,-1.0,75.10714285714286,ES
2022-04-26,-1,4240.75,4168.25,3,1083.84,1095.0,26.5,time,610,955,2.726641509433962,2.7547169811320753,78.92857142857143,ES
2022-04-27,-1,4176.5,4227.5,1,-256.22,-252.5,50.5,stop,610,745,-1.0147326732673267,-1.0,82.125,ES
2022-04-28,-1,4195.0,4238.25,2,-434.94,-427.5,42.75,stop,600,745,-1.0174035087719298,-1.0,82.30357142857143,ES
2022-04-29,-1,4230.25,4128.0,2,1020.06,1027.5,35.0,time,615,955,2.9144571428571426,2.9357142857142855,85.96428571428571,ES
2022-05-02,1,4150.75,4097.75,1,-266.22,-262.5,52.5,stop,625,775,-1.0141714285714287,-1.0,94.48214285714286,ES
2022-05-03,1,4166.25,4170.0,3,52.59,63.75,27.0,time,600,955,0.12985185185185186,0.1574074074074074,96.35714285714286,ES
2022-05-04,-1,4162.0,4180.5,5,-468.6,-450.0,18.0,stop,600,755,-1.0413333333333334,-1.0,93.89285714285714,ES
2022-05-05,-1,4207.25,4144.75,2,622.56,630.0,44.5,time,600,955,1.3990112359550562,1.4157303370786516,100.875,ES
2022-05-06,1,4130.0,4118.75,1,-57.47,-53.75,67.75,time,650,955,-0.16965313653136532,-0.15867158671586715,109.96428571428571,ES
2022-05-09,-1,4034.0,3987.5,2,462.56,470.0,34.75,time,605,955,1.3311079136690647,1.3525179856115108,113.5,ES
2022-05-10,-1,4013.0,3995.25,1,87.53,91.25,52.25,time,635,955,0.3350430622009569,0.3492822966507177,118.28571428571429,ES
2022-05-11,1,4042.5,3966.0,1,-383.72,-380.0,76.0,stop,640,785,-1.0097894736842106,-1.0,123.41071428571429,ES
2022-05-12,1,3922.5,3872.5,2,-502.44,-495.0,49.5,stop,610,825,-1.015030303030303,-1.0,122.85714285714286,ES
2022-05-13,1,4001.75,4020.0,2,180.06,187.5,42.0,time,600,955,0.4287142857142857,0.44642857142857145,121.44642857142857,ES
2022-05-16,1,4020.25,4006.25,2,-142.44,-135.0,40.5,time,625,955,-0.3517037037037037,-0.3333333333333333,122.07142857142857,ES
2022-05-17,-1,4046.0,4070.25,4,-489.88,-475.0,23.75,stop,625,765,-1.0313263157894736,-1.0,117.66071428571429,ES
2022-05-18,-1,4007.5,3924.0,2,832.56,840.0,33.75,time,625,955,2.4668444444444444,2.488888888888889,117.94642857142857,ES
2022-05-19,1,3924.25,3896.75,2,-277.44,-270.0,50.0,time,695,955,-0.55488,-0.54,121.82142857142857,ES
2022-05-20,-1,3908.5,3898.5,3,146.34,157.5,32.25,time,605,955,0.3025116279069768,0.32558139534883723,114.89285714285714,ES
2022-05-23,1,3956.0,3971.75,2,155.06,162.5,42.25,time,660,955,0.36700591715976333,0.38461538461538464,116.58928571428571,ES
2022-05-24,-1,3902.5,3938.75,2,-364.94,-357.5,35.75,stop,600,935,-1.0208111888111888,-1.0,118.41071428571429,ES
2022-05-25,1,3958.5,3978.75,2,200.06,207.5,36.75,time,615,955,0.5443809523809524,0.564625850340136,114.10714285714286,ES
2022-05-26,1,4035.5,4055.25,2,195.06,202.5,47.75,time,610,955,0.40850261780104713,0.42408376963350786,105.42857142857143,ES
2022-05-27,1,4121.0,4156.0,2,347.56,355.0,41.25,time,615,955,0.842569696969697,0.8606060606060606,105.66071428571429,ES
2022-05-31,-1,4103.0,4141.75,2,-389.94,-382.5,38.25,stop,605,710,-1.0194509803921568,-1.0,96.44642857142857,ES
2022-06-01,-1,4128.75,4098.5,2,300.06,307.5,36.0,time,605,955,0.8335,0.8541666666666666,93.125,ES
2022-06-02,1,4105.5,4074.75,3,-464.91,-453.75,30.25,stop,610,620,-1.0245950413223142,-1.0,92.17857142857143,ES
2022-06-03,-1,4113.0,4108.25,3,67.59,78.75,28.5,time,635,955,0.15810526315789475,0.18421052631578946,91.89285714285714,ES
2022-06-06,1,4163.75,4138.5,4,-509.88,-495.0,24.75,stop,600,675,-1.0300606060606061,-1.0,92.96428571428571,ES
2022-06-07,1,4115.25,4158.5,2,430.06,437.5,37.25,time,625,955,1.154523489932886,1.174496644295302,91.375,ES
2022-06-10,-1,3914.75,3898.25,2,162.56,170.0,43.25,time,600,955,0.37586127167630057,0.3930635838150289,81.60714285714286,ES
2022-06-13,-1,3784.25,3750.5,2,335.06,342.5,33.5,time,610,955,1.000179104477612,1.0223880597014925,84.16071428571429,ES
2022-06-14,-1,3740.5,3738.25,2,20.06,27.5,35.0,time,625,955,0.05731428571428571,0.07857142857142857,88.83928571428571,ES
2022-06-15,-1,3768.5,3794.25,3,-389.91,-378.75,25.25,stop,650,840,-1.0294653465346535,-1.0,88.64285714285714,ES
2022-06-16,-1,3682.0,3673.75,3,120.09,131.25,29.5,time,600,955,0.2713898305084746,0.2966101694915254,90.42857142857143,ES
2022-06-17,-1,3664.75,3675.5,2,-109.94,-102.5,46.75,time,620,955,-0.2351657754010695,-0.2192513368983957,94.125,ES
2022-06-21,1,3769.0,3768.25,3,-14.91,-3.75,33.25,time,600,955,-0.029894736842105262,-0.007518796992481203,95.33928571428571,ES
2022-06-22,1,3765.25,3760.5,2,-49.94,-42.5,45.75,time,610,955,-0.10915846994535519,-0.09289617486338798,93.5,ES
2022-06-23,1,3796.0,3764.75,3,-472.41,-461.25,30.75,stop,655,720,-1.0241951219512195,-1.0,92.21428571428571,ES
2022-06-24,1,3877.75,3918.75,2,407.56,415.0,46.5,time,600,955,0.8764731182795699,0.8924731182795699,90.85714285714286,ES
2022-06-28,-1,3916.0,3825.5,2,902.56,910.0,33.75,time,620,955,2.6742518518518517,2.696296296296296,91.76785714285714,ES
2022-06-30,-1,3743.5,3786.5,2,-432.44,-425.0,42.5,stop,600,685,-1.0175058823529413,-1.0,92.30357142857143,ES
2022-07-01,-1,3772.75,3813.5,2,-409.94,-402.5,40.25,stop,610,870,-1.0184844720496895,-1.0,89.69642857142857,ES
2022-07-05,-1,3746.75,3779.0,3,-487.41,-476.25,31.75,stop,600,740,-1.0234330708661419,-1.0,79.92857142857143,ES
2022-07-06,-1,3820.25,3852.5,3,-487.41,-476.25,31.75,stop,660,870,-1.0234330708661419,-1.0,77.94642857142857,ES
2022-07-07,1,3893.5,3904.5,3,161.34,172.5,26.75,time,650,955,0.40209345794392526,0.42990654205607476,71.51785714285714,ES
2022-07-08,1,3906.5,3901.75,3,-74.91,-63.75,32.75,time,625,955,-0.1524885496183206,-0.1297709923664122,70.94642857142857,ES
2022-07-12,-1,3842.25,3824.25,2,177.56,185.0,34.0,time,600,955,0.522235294117647,0.5441176470588235,69.875,ES
2022-07-13,1,3809.75,3802.75,2,-72.44,-65.0,49.0,time,640,955,-0.14783673469387754,-0.1326530612244898,68.83928571428571,ES
2022-07-14,-1,3726.25,3758.0,3,-479.91,-468.75,31.25,stop,600,680,-1.023808,-1.0,69.85714285714286,ES
2022-07-15,1,3848.75,3865.25,3,243.84,255.0,28.75,time,620,955,0.5654260869565217,0.591304347826087,66.89285714285714,ES
2022-07-18,-1,3889.75,3834.25,6,1657.68,1680.0,15.25,time,645,955,3.623344262295082,3.6721311475409837,69.28571428571429,ES
2022-07-19,1,3885.0,3936.25,5,1275.15,1293.75,16.75,time,610,955,3.045134328358209,3.08955223880597,66.28571428571429,ES
2022-07-20,1,3949.75,3962.25,4,245.12,260.0,22.25,time,625,955,0.5508314606741573,0.5842696629213483,71.32142857142857,ES
2022-07-21,-1,3939.0,3969.5,3,-461.16,-450.0,30.0,stop,610,690,-1.0248000000000002,-1.0,69.25,ES
2022-07-22,-1,3988.5,3965.75,3,337.59,348.75,27.5,time,605,955,0.8183999999999999,0.8454545454545455,68.73214285714286,ES
2022-07-26,-1,3937.5,3923.25,5,350.15,368.75,17.25,time,620,955,0.8119420289855072,0.855072463768116,68.28571428571429,ES
2022-07-27,1,3972.5,4023.75,5,1275.15,1293.75,17.75,time,615,955,2.8735774647887324,2.915492957746479,67.80357142857143,ES
2022-07-28,1,4046.0,4073.0,2,267.56,275.0,49.5,time,680,955,0.5405252525252525,0.5555555555555556,71.73214285714286,ES
2022-07-29,1,4113.5,4133.5,3,296.34,307.5,32.25,time,600,955,0.6125891472868217,0.6356589147286822,74.32142857142857,ES
2022-08-01,1,4136.5,4119.5,2,-172.44,-165.0,39.25,time,605,955,-0.4393375796178344,-0.42038216560509556,75.66071428571429,ES
2022-08-02,-1,4087.5,4110.25,4,-459.88,-445.0,22.25,stop,605,640,-1.033438202247191,-1.0,74.125,ES
2022-08-03,1,4132.5,4156.75,5,600.15,618.75,19.75,time,600,955,1.215493670886076,1.2531645569620253,73.28571428571429,ES
2022-08-04,-1,4140.25,4153.5,4,-269.88,-255.0,21.75,time,630,955,-0.6204137931034482,-0.5862068965517241,73.05357142857143,ES
2022-08-05,1,4140.75,4145.75,3,71.34,82.5,33.25,time,600,955,0.1430375939849624,0.16541353383458646,69.78571428571429,ES
2022-08-08,-1,4157.0,4141.75,3,225.09,236.25,30.5,time,695,955,0.492,0.5163934426229508,67.0,ES
2022-08-09,-1,4119.0,4125.25,5,-162.35,-143.75,19.5,time,605,955,-0.33302564102564103,-0.2948717948717949,63.392857142857146,ES
2022-08-10,1,4209.5,4210.25,3,7.59,18.75,26.0,time,660,955,0.01946153846153846,0.04807692307692308,61.67857142857143,ES
2022-08-11,1,4249.0,4232.75,6,-494.82,-472.5,15.75,stop,600,665,-1.0472380952380953,-1.0,62.767857142857146,ES
2022-08-12,1,4240.25,4280.75,6,1207.68,1230.0,14.75,time,670,955,2.729220338983051,2.7796610169491527,61.55357142857143,ES
2022-08-15,1,4289.75,4298.75,3,131.34,142.5,31.75,time,705,955,0.2757795275590551,0.2992125984251969,64.28571428571429,ES
2022-08-16,-1,4279.25,4298.0,5,-474.85,-456.25,18.25,stop,630,675,-1.0407671232876712,-1.0,63.589285714285715,ES
2022-08-17,-1,4264.25,4284.25,5,-506.1,-487.5,19.5,stop,650,840,-1.0381538461538462,-1.0,58.517857142857146,ES
2022-08-18,1,4281.75,4288.25,7,218.96,245.0,14.25,time,645,955,0.43901754385964914,0.49122807017543857,56.035714285714285,ES
2022-08-19,-1,4233.0,4230.25,3,37.59,48.75,28.5,time,655,955,0.08792982456140351,0.11403508771929824,53.232142857142854,ES
2022-08-22,-1,4163.5,4143.0,5,506.4,525.0,16.75,time,610,955,1.2093134328358208,1.2537313432835822,54.482142857142854,ES
2022-08-23,1,4157.5,4131.0,3,-401.16,-390.0,26.0,stop,605,660,-1.0286153846153847,-1.0,57.05357142857143,ES
2022-08-24,1,4141.25,4143.5,5,50.15,68.75,19.75,time,615,955,0.10156962025316456,0.13924050632911392,54.25,ES
2022-08-25,1,4173.75,4202.0,3,420.09,431.25,26.0,time,600,955,1.0771538461538461,1.1057692307692308,54.982142857142854,ES
2022-08-26,-1,4161.0,4202.75,2,-419.94,-412.5,41.25,stop,600,610,-1.0180363636363636,-1.0,55.910714285714285,ES
2022-08-29,1,4047.75,4020.5,3,-412.41,-401.25,26.75,stop,615,650,-1.0278130841121496,-1.0,62.285714285714285,ES
2022-08-30,-1,4009.5,3986.5,2,227.56,235.0,36.75,time,605,955,0.6192108843537415,0.6394557823129252,63.607142857142854,ES
2022-08-31,-1,3985.5,3956.0,3,438.84,450.0,31.25,time,625,955,0.9361919999999999,0.96,63.17857142857143,ES
2022-09-01,-1,3916.75,3938.25,4,-434.88,-420.0,21.0,stop,600,860,-1.0354285714285714,-1.0,63.5,ES
2022-09-02,-1,3975.5,4008.0,3,-491.16,-480.0,32.0,stop,600,630,-1.02325,-1.0,63.25,ES
2022-09-06,-1,3898.25,3911.25,2,-132.44,-125.0,46.0,time,600,955,-0.28791304347826085,-0.2717391304347826,65.57142857142857,ES
2022-09-07,1,3930.75,3980.25,3,738.84,750.0,26.0,time,630,955,1.8944615384615386,1.9230769230769231,65.98214285714286,ES
2022-09-08,1,3983.0,4005.5,2,222.56,230.0,40.0,time,615,955,0.5564,0.575,69.75,ES
2022-09-09,1,4051.75,4066.5,3,217.59,228.75,25.25,time,600,955,0.5744950495049505,0.6039603960396039,69.76785714285714,ES
2022-09-12,1,4116.75,4111.0,3,-89.91,-78.75,30.5,time,615,955,-0.19652459016393442,-0.1721311475409836,67.83928571428571,ES
2022-09-13,-1,3998.5,3932.5,3,986.34,997.5,33.25,time,600,955,1.977624060150376,2.0,69.0,ES
2022-09-14,-1,3938.75,3975.75,2,-372.44,-365.0,36.5,stop,625,650,-1.0203835616438357,-1.0,80.01785714285714,ES
2022-09-15,-1,3933.75,3919.0,2,145.06,152.5,37.25,time,650,955,0.3894228187919463,0.40939597315436244,79.53571428571429,ES
2022-09-16,1,3881.5,3853.25,3,-427.41,-416.25,27.75,stop,610,745,-1.026810810810811,-1.0,74.14285714285714,ES
2022-09-19,1,3889.5,3918.5,2,287.56,295.0,36.0,time,625,955,0.7987777777777778,0.8194444444444444,75.48214285714286,ES
2022-09-20,-1,3864.5,3885.25,4,-419.88,-405.0,20.25,stop,635,710,-1.0367407407407407,-1.0,74.30357142857143,ES
2022-09-21,1,3904.0,3885.75,5,-462.35,-443.75,17.75,stop,625,665,-1.0419154929577465,-1.0,75.25,ES
2022-09-22,-1,3769.75,3771.5,2,-19.94,-12.5,36.75,time,655,955,-0.05425850340136055,-0.034013605442176874,79.07142857142857,ES
2022-09-23,-1,3702.5,3707.75,3,-82.41,-71.25,32.5,time,655,955,-0.16904615384615385,-0.14615384615384616,74.07142857142857,ES
2022-09-26,1,3718.0,3688.25,3,-449.91,-438.75,29.25,stop,610,685,-1.0254358974358975,-1.0,80.92857142857143,ES
2022-09-27,-1,3697.25,3661.25,2,357.56,365.0,35.5,time,600,955,1.0072112676056337,1.028169014084507,82.01785714285714,ES
2022-09-28,1,3683.0,3732.25,3,735.09,746.25,30.5,time,620,955,1.6067540983606559,1.6311475409836065,82.98214285714286,ES
2022-09-29,-1,3645.0,3654.75,1,-49.97,-46.25,52.25,time,600,955,-0.19127272727272726,-0.17703349282296652,85.19642857142857,ES
2022-09-30,1,3667.5,3626.25,2,-414.94,-407.5,40.75,stop,630,880,-1.0182576687116565,-1.0,87.98214285714286,ES
2022-10-03,1,3650.5,3691.0,3,603.84,615.0,33.25,time,600,955,1.2107067669172933,1.2330827067669172,90.48214285714286,ES
2022-10-04,1,3794.5,3804.5,2,97.56,105.0,45.75,time,600,955,0.21324590163934426,0.22950819672131148,84.98214285714286,ES
2022-10-05,-1,3749.75,3777.5,3,-419.91,-408.75,27.25,stop,600,735,-1.027302752293578,-1.0,89.42857142857143,ES
2022-10-06,-1,3774.75,3756.25,2,182.56,190.0,36.5,time,600,955,0.5001643835616438,0.5205479452054794,90.39285714285714,ES
2022-10-07,-1,3672.5,3651.5,2,207.56,215.0,44.75,time,600,955,0.46382122905027934,0.48044692737430167,90.03571428571429,ES
2022-10-10,-1,3636.5,3623.75,3,187.59,198.75,28.75,time,600,955,0.43499130434782607,0.4608695652173913,94.17857142857143,ES
2022-10-11,-1,3585.0,3611.75,3,-404.91,-393.75,26.25,stop,600,660,-1.0283428571428572,-1.0,93.46428571428571,ES
2022-10-13,1,3547.5,3681.75,2,1340.06,1347.5,45.25,time,600,955,2.9614585635359116,2.977900552486188,89.53571428571429,ES
2022-10-14,-1,3670.5,3599.5,1,353.78,357.5,54.5,time,600,955,1.2982752293577982,1.311926605504587,95.58928571428571,ES
2022-10-17,1,3700.5,3689.75,2,-109.94,-102.5,38.75,time,610,955,-0.28371612903225807,-0.2645161290322581,99.94642857142857,ES
2022-10-18,-1,3741.75,3734.0,2,75.06,82.5,35.25,time,625,955,0.21293617021276595,0.23404255319148937,100.33928571428571,ES
2022-10-19,1,3736.75,3700.25,2,-367.44,-360.0,36.0,stop,620,760,-1.0206666666666666,-1.0,99.5,ES
2022-10-20,1,3725.5,3690.0,2,-357.44,-350.0,35.0,stop,600,785,-1.0212571428571429,-1.0,96.17857142857143,ES
2022-10-21,1,3714.0,3763.5,1,246.28,250.0,58.25,time,600,955,0.8455965665236052,0.8583690987124464,95.73214285714286,ES
2022-10-24,-1,3770.25,3809.0,2,-389.94,-382.5,38.25,stop,600,880,-1.0194509803921568,-1.0,95.69642857142857,ES
2022-10-25,1,3849.25,3869.75,2,202.56,210.0,42.0,time,625,955,0.4822857142857143,0.5,92.53571428571429,ES
2022-10-26,1,3858.25,3841.75,4,-334.88,-320.0,23.75,time,605,955,-0.7050105263157894,-0.6736842105263158,91.19642857142857,ES
2022-10-27,1,3866.25,3825.25,2,-412.44,-405.0,40.5,stop,625,745,-1.0183703703703704,-1.0,91.375,ES
2022-10-28,1,3860.25,3910.5,2,500.06,507.5,43.5,time,625,955,1.1495632183908047,1.1666666666666667,86.64285714285714,ES
2022-10-31,1,3899.25,3882.5,4,-339.88,-325.0,24.5,time,700,955,-0.6936326530612245,-0.6632653061224489,89.10714285714286,ES
2022-11-01,-1,3883.0,3865.25,2,175.06,182.5,41.0,time,600,955,0.42697560975609755,0.4451219512195122,86.55357142857143,ES
2022-11-02,-1,3841.75,3860.5,5,-474.85,-456.25,18.25,stop,620,840,-1.0407671232876712,-1.0,89.16071428571429,ES
2022-11-03,1,3743.0,3726.0,2,-172.44,-165.0,35.75,time,625,955,-0.4823496503496503,-0.46153846153846156,85.19642857142857,ES
2022-11-04,1,3793.0,3738.0,1,-276.22,-272.5,54.5,stop,620,710,-1.0136513761467891,-1.0,80.10714285714286,ES
2022-11-08,1,3834.5,3810.5,4,-484.88,-470.0,23.5,stop,615,860,-1.0316595744680852,-1.0,76.55357142857143,ES
2022-11-09,1,3822.75,3794.75,3,-423.66,-412.5,27.5,stop,605,640,-1.0270545454545454,-1.0,77.28571428571429,ES
2022-11-10,1,3914.25,3960.75,2,462.56,470.0,43.25,time,620,955,1.0695028901734105,1.0867052023121386,77.53571428571429,ES
2022-11-11,1,3979.75,4000.5,3,307.59,318.75,28.5,time,610,955,0.7195087719298245,0.7456140350877193,84.39285714285714,ES
2022-11-14,1,3996.0,3974.25,4,-439.88,-425.0,21.25,stop,605,950,-1.0350117647058823,-1.0,83.57142857142857,ES
2022-11-16,-1,3967.5,3969.75,4,-49.88,-35.0,25.0,time,650,955,-0.09976,-0.07,83.69642857142857,ES
2022-11-17,1,3930.75,3955.75,6,742.68,765.0,15.25,time,615,955,1.6233442622950818,1.6721311475409837,82.39285714285714,ES
2022-11-18,-1,3963.0,3973.5,3,-161.16,-150.0,28.5,time,600,955,-0.37698245614035086,-0.3508771929824561,79.23214285714286,ES
2022-11-21,-1,3951.75,3958.25,5,-168.6,-150.0,18.5,time,620,955,-0.3645405405405405,-0.32432432432432434,80.0,ES
2022-11-22,1,3984.25,4009.75,4,505.12,520.0,21.25,time,610,955,1.1885176470588235,1.223529411764706,77.42857142857143,ES
2022-11-23,1,4030.0,4004.75,4,-509.88,-495.0,24.75,stop,625,775,-1.0300606060606061,-1.0,71.30357142857143,ES
2022-11-28,-1,3995.5,3968.75,4,530.12,545.0,22.0,time,650,955,1.2048181818181818,1.2386363636363635,61.589285714285715,ES
2022-11-29,1,3979.25,3960.75,5,-468.6,-450.0,18.0,stop,625,660,-1.0413333333333334,-1.0,61.57142857142857,ES
2022-11-30,-1,3955.75,3970.75,6,-457.32,-435.0,14.5,stop,600,810,-1.0513103448275862,-1.0,58.375,ES
2022-12-01,-1,4084.5,4081.25,5,75.15,93.75,20.0,time,605,955,0.15030000000000002,0.1875,53.42857142857143,ES
2022-12-02,1,4052.25,4075.0,4,450.12,465.0,24.5,time,610,955,0.9186122448979592,0.9489795918367347,53.19642857142857,ES
2022-12-05,-1,4034.5,4002.25,4,640.12,655.0,20.75,time,600,955,1.5424578313253012,1.5783132530120483,53.517857142857146,ES
2022-12-06,-1,3972.0,3944.0,3,416.34,427.5,33.25,time,600,955,0.834766917293233,0.8571428571428571,54.17857142857143,ES
2022-12-07,1,3958.75,3927.5,3,-472.41,-461.25,30.75,stop,660,690,-1.0241951219512195,-1.0,57.392857142857146,ES
2022-12-08,1,3967.25,3965.5,3,-29.91,-18.75,29.25,time,600,955,-0.06817094017094018,-0.042735042735042736,56.07142857142857,ES
2022-12-09,1,3974.75,3943.75,3,-468.66,-457.5,30.5,stop,655,940,-1.0243934426229508,-1.0,55.482142857142854,ES
2022-12-12,1,3952.0,3992.25,6,1200.18,1222.5,14.75,time,660,955,2.7122711864406783,2.76271186440678,56.125,ES
2022-12-13,-1,4076.75,4023.25,3,798.84,810.0,30.25,time,615,955,1.7605289256198349,1.7851239669421488,56.267857142857146,ES
2022-12-14,1,4078.25,4051.0,3,-412.41,-401.25,26.75,stop,610,840,-1.0278130841121496,-1.0,61.875,ES
2022-12-15,-1,3934.25,3927.25,1,33.78,37.5,50.75,time,600,955,0.13312315270935962,0.1477832512315271,67.64285714285714,ES
2022-12-16,-1,3882.5,3878.0,3,63.84,75.0,29.75,time,605,955,0.14305882352941177,0.16806722689075632,75.0,ES
2022-12-19,-1,3861.75,3844.5,4,340.12,355.0,21.5,time,655,955,0.7909767441860466,0.8255813953488372,74.83928571428571,ES
2022-12-20,1,3847.5,3849.0,4,25.12,40.0,25.0,time,600,955,0.05024,0.08,75.96428571428571,ES
2022-12-21,1,3891.0,3906.25,4,300.12,315.0,20.25,time,605,955,0.741037037037037,0.7777777777777778,69.07142857142857,ES
2022-12-22,-1,3845.0,3850.25,3,-82.41,-71.25,30.25,time,600,955,-0.1816198347107438,-0.15702479338842976,70.07142857142857,ES
2022-12-23,1,3856.0,3871.0,2,147.56,155.0,34.5,time,615,955,0.42771014492753623,0.4492753623188406,74.35714285714286,ES
2022-12-28,-1,3845.25,3807.0,3,570.09,581.25,29.5,time,640,955,1.2883389830508476,1.3135593220338984,68.28571428571429,ES
2022-12-29,1,3859.0,3872.0,3,191.34,202.5,29.75,time,605,955,0.4287731092436975,0.453781512605042,70.66071428571429,ES
2023-01-03,-1,3848.0,3845.0,1,13.78,17.5,53.25,time,610,955,0.05175586854460094,0.06572769953051644,73.58928571428571,ES
2023-01-04,-1,3850.75,3879.0,3,-427.41,-416.25,27.75,stop,600,690,-1.026810810810811,-1.0,75.76785714285714,ES
2023-01-06,1,3881.5,3916.0,1,171.28,175.0,52.25,time,635,955,0.6556172248803828,0.6698564593301436,68.80357142857143,ES
2023-01-09,1,3955.0,3928.25,3,-404.91,-393.75,26.25,stop,600,895,-1.0283428571428572,-1.0,67.26785714285714,ES
2023-01-10,1,3930.0,3904.5,4,-514.88,-500.0,25.0,stop,610,630,-1.02976,-1.0,66.53571428571429,ES
2023-01-11,-1,3950.25,3967.0,6,-509.82,-487.5,16.25,stop,655,730,-1.0457846153846153,-1.0,65.71428571428571,ES
2023-01-13,1,3985.75,4017.5,5,787.65,806.25,19.75,time,605,955,1.595240506329114,1.6329113924050633,65.46428571428571,ES
2023-01-16,1,4019.75,4014.25,20,-574.4,-500.0,5.0,stop,635,690,-1.1488,-1.0,61.214285714285715,ES
2023-01-17,1,4029.5,4008.75,4,-419.88,-405.0,20.25,stop,600,665,-1.0367407407407407,-1.0,58.42857142857143,ES
2023-01-18,-1,4013.0,3947.0,6,1972.68,1995.0,15.75,time,635,955,4.1749841269841275,4.222222222222222,58.19642857142857,ES
2023-01-19,-1,3914.25,3934.0,5,-499.85,-481.25,19.25,stop,640,820,-1.0386493506493506,-1.0,59.57142857142857,ES
2023-01-20,1,3935.25,3987.5,4,1040.12,1055.0,22.75,time,605,955,2.2859780219780217,2.318681318681319,57.357142857142854,ES
2023-01-23,1,4014.75,4035.25,3,303.84,315.0,28.25,time,610,955,0.7170265486725663,0.7433628318584071,59.32142857142857,ES
2023-01-24,1,4031.5,4030.25,4,-29.88,-15.0,22.25,time,650,955,-0.06714606741573033,-0.033707865168539325,58.142857142857146,ES
2023-01-25,-1,3970.25,3994.75,4,-494.88,-480.0,24.0,stop,630,695,-1.031,-1.0,56.42857142857143,ES
2023-01-26,-1,4033.75,4068.5,2,-349.94,-342.5,34.25,stop,650,925,-1.0217226277372262,-1.0,57.94642857142857,ES
2023-01-27,1,4085.0,4083.75,4,-29.88,-15.0,23.0,time,600,955,-0.06495652173913043,-0.03260869565217391,54.375,ES
2023-01-30,1,4076.25,4052.75,4,-474.88,-460.0,23.0,stop,600,640,-1.0323478260869565,-1.0,53.375,ES
2023-01-31,1,4050.25,4090.0,6,1185.18,1207.5,15.25,time,615,955,2.5905573770491803,2.639344262295082,54.07142857142857,ES
2023-02-01,-1,4068.5,4090.0,4,-434.88,-420.0,21.0,stop,650,875,-1.0354285714285714,-1.0,54.714285714285715,ES
2023-02-02,1,4183.5,4157.75,3,-389.91,-378.75,25.25,stop,630,900,-1.0294653465346535,-1.0,58.535714285714285,ES
2023-02-03,1,4170.25,4139.0,3,-472.41,-461.25,30.75,stop,610,900,-1.0241951219512195,-1.0,59.642857142857146,ES
2023-02-06,-1,4114.25,4132.5,5,-462.35,-443.75,17.75,stop,615,665,-1.0419154929577465,-1.0,62.982142857142854,ES
2023-02-07,1,4120.0,4107.25,8,-519.76,-490.0,12.25,stop,665,810,-1.060734693877551,-1.0,63.785714285714285,ES
2023-02-08,-1,4145.5,4129.5,4,315.12,330.0,20.75,time,630,955,0.7593253012048193,0.7951807228915663,63.80357142857143,ES
2023-02-09,-1,4143.25,4092.25,4,1015.12,1030.0,23.25,time,625,955,2.1830537634408604,2.21505376344086,64.42857142857143,ES
2023-02-10,1,4092.75,4074.25,5,-468.6,-450.0,18.0,stop,610,730,-1.0413333333333334,-1.0,65.16071428571429,ES
2023-02-13,1,4128.75,4148.0,3,285.09,296.25,27.0,time,625,955,0.7039259259259258,0.7314814814814815,62.589285714285715,ES
2023-02-14,1,4159.25,4113.75,2,-457.44,-450.0,45.0,stop,600,645,-1.0165333333333333,-1.0,63.57142857142857,ES
2023-02-15,1,4135.5,4158.5,5,568.9,587.5,19.75,time,665,955,1.1522025316455695,1.1898734177215189,63.125,ES
2023-02-16,1,4118.0,4098.0,5,-506.1,-487.5,19.5,stop,615,955,-1.0381538461538462,-1.0,62.875,ES
2023-02-21,-1,4032.0,4006.5,4,505.12,520.0,24.0,time,610,955,1.0523333333333333,1.0833333333333333,60.05357142857143,ES
2023-02-22,-1,4006.0,4018.75,8,-519.76,-490.0,12.25,stop,600,760,-1.060734693877551,-1.0,57.125,ES
2023-02-23,-1,4015.25,4019.0,5,-99.85,-81.25,18.75,time,640,955,-0.21301333333333333,-0.17333333333333334,54.785714285714285,ES
2023-02-24,-1,3950.75,3976.25,4,-514.88,-500.0,25.0,stop,620,710,-1.02976,-1.0,54.857142857142854,ES
2023-02-27,1,4017.5,4001.75,6,-479.82,-457.5,15.25,stop,600,640,-1.0487868852459017,-1.0,56.82142857142857,ES
2023-02-28,1,3991.5,3974.75,6,-509.82,-487.5,16.25,stop,665,955,-1.0457846153846153,-1.0,53.892857142857146,ES
2023-03-01,-1,3955.5,3958.0,4,-54.88,-40.0,20.75,time,605,955,-0.1322409638554217,-0.0963855421686747,52.32142857142857,ES
2023-03-02,1,3947.25,3986.0,6,1155.18,1177.5,16.0,time,600,955,2.406625,2.453125,48.392857142857146,ES
2023-03-03,1,4022.0,4049.0,4,535.12,550.0,22.5,time,625,955,1.1891555555555555,1.2222222222222223,50.517857142857146,ES
2023-03-06,1,4070.5,4055.0,6,-472.32,-450.0,15.0,stop,605,835,-1.0496,-1.0,51.75,ES
2023-03-07,-1,4023.0,3989.75,3,495.09,506.25,30.75,time,600,955,1.0733658536585364,1.0975609756097562,49.482142857142854,ES
2023-03-08,1,4001.25,3985.25,6,-487.32,-465.0,15.5,stop,630,695,-1.048,-1.0,51.285714285714285,ES
2023-03-09,-1,3997.0,3920.5,4,1525.12,1540.0,22.5,time,685,955,3.3891555555555555,3.422222222222222,49.160714285714285,ES
2023-03-10,1,3916.25,3878.25,2,-382.44,-375.0,37.5,stop,655,795,-1.01984,-1.0,53.892857142857146,ES
2023-03-13,1,3867.25,3856.75,1,-53.72,-50.0,57.0,time,605,955,-0.18849122807017543,-0.17543859649122806,59.142857142857146,ES
2023-03-14,1,3925.25,3902.0,4,-469.88,-455.0,22.75,stop,620,795,-1.0327032967032967,-1.0,60.875,ES
2023-03-15,-1,3882.25,3910.0,3,-419.91,-408.75,27.25,stop,630,860,-1.027302752293578,-1.0,63.714285714285715,ES
2023-03-16,1,3923.0,3994.5,3,1068.84,1080.0,27.75,time,640,955,2.5677837837837836,2.5945945945945947,63.660714285714285,ES
2023-03-17,-1,3966.75,3948.25,4,365.12,380.0,23.25,time,615,955,0.7852043010752688,0.8172043010752689,66.0,ES
2023-03-20,1,3972.0,3984.25,4,240.12,255.0,25.0,time,600,955,0.48024,0.51,66.94642857142857,ES
2023-03-21,-1,4015.25,4028.0,8,-519.76,-490.0,12.25,stop,615,895,-1.060734693877551,-1.0,67.73214285714286,ES
2023-03-22,1,4040.0,4028.75,9,-517.23,-483.75,10.75,stop,620,740,-1.0692093023255815,-1.0,69.53571428571429,ES
2023-03-23,1,4010.75,3994.75,6,-487.32,-465.0,15.5,stop,605,805,-1.048,-1.0,72.51785714285714,ES
2023-03-24,1,3968.75,4002.25,3,498.84,510.0,31.0,time,625,955,1.072774193548387,1.096774193548387,74.25,ES
2023-03-27,-1,4016.25,4010.5,5,137.65,156.25,17.75,time,625,955,0.31019718309859157,0.352112676056338,76.5,ES
2023-03-28,1,4005.75,3993.75,8,-489.76,-460.0,11.5,stop,605,630,-1.064695652173913,-1.0,73.82142857142857,ES
2023-03-29,1,4047.5,4039.25,12,-509.64,-465.0,7.75,stop,600,610,-1.0959999999999999,-1.0,73.66071428571429,ES
2023-03-30,-1,4077.5,4085.75,12,-509.64,-465.0,7.75,stop,605,630,-1.0959999999999999,-1.0,70.07142857142857,ES
2023-03-31,1,4104.0,4137.75,6,1005.18,1027.5,15.25,time,630,955,2.1971147540983607,2.2459016393442623,65.82142857142857,ES
2023-04-03,1,4151.5,4131.5,5,-506.1,-487.5,19.5,stop,610,665,-1.0381538461538462,-1.0,63.142857142857146,ES
2023-04-04,-1,4146.0,4130.5,6,457.68,480.0,14.75,time,620,955,1.0343050847457627,1.0847457627118644,59.5,ES
2023-04-05,-1,4116.75,4117.5,9,-44.730000000000004,-11.25,10.25,time,600,955,-0.09697560975609756,-0.024390243902439025,58.69642857142857,ES
2023-04-06,1,4111.5,4132.25,6,615.18,637.5,14.75,time,610,955,1.390237288135593,1.4406779661016949,53.5,ES
2023-04-10,1,4108.5,4137.25,10,1425.3,1462.5,9.5,time,610,955,3.0006315789473685,3.0789473684210527,51.82142857142857,ES
2023-04-11,-1,4131.75,4143.0,9,-517.23,-483.75,10.75,stop,640,730,-1.0692093023255815,-1.0,51.55357142857143,ES
2023-04-12,-1,4138.0,4121.0,4,335.12,350.0,22.75,time,635,955,0.7365274725274725,0.7692307692307693,49.0,ES
2023-04-13,1,4134.75,4173.0,10,1900.3,1937.5,10.0,time,605,955,3.8005999999999998,3.875,44.82142857142857,ES
2023-04-14,-1,4164.5,4163.5,4,15.120000000000001,30.0,24.25,time,615,955,0.031175257731958766,0.061855670103092786,42.339285714285715,ES
2023-04-17,-1,4158.75,4169.75,9,-505.98,-472.5,10.5,stop,640,915,-1.070857142857143,-1.0,41.267857142857146,ES
2023-04-18,-1,4176.75,4179.5,5,-74.85,-56.25,17.75,time,600,955,-0.16867605633802815,-0.1267605633802817,40.964285714285715,ES
2023-04-19,1,4164.75,4178.25,14,927.92,980.0,6.75,time,605,955,1.9638518518518517,2.074074074074074,41.017857142857146,ES
2023-04-20,1,4158.25,4144.75,7,-481.04,-455.0,13.0,stop,610,905,-1.0572307692307692,-1.0,38.857142857142854,ES
2023-04-21,-1,4139.75,4156.75,6,-517.32,-495.0,16.5,stop,600,625,-1.0450909090909093,-1.0,39.75,ES
2023-04-24,-1,4152.25,4160.75,9,-393.48,-360.0,10.75,time,635,955,-0.8133953488372093,-0.7441860465116279,37.267857142857146,ES
2023-04-25,-1,4129.25,4093.75,6,1057.68,1080.0,14.75,time,610,955,2.3902372881355936,2.440677966101695,36.92857142857143,ES
2023-04-26,-1,4092.25,4104.5,8,-499.76,-470.0,11.75,stop,610,675,-1.0633191489361702,-1.0,38.375,ES
2023-04-27,1,4114.25,4154.0,5,987.65,1006.25,16.75,time,610,955,2.3585671641791044,2.4029850746268657,39.07142857142857,ES
2023-04-28,1,4160.0,4189.25,6,870.18,892.5,16.0,time,600,955,1.8128749999999998,1.859375,42.214285714285715,ES
2023-05-01,1,4199.5,4183.75,6,-479.82,-457.5,15.25,stop,645,875,-1.0487868852459017,-1.0,42.732142857142854,ES
2023-05-02,-1,4161.25,4137.5,6,705.18,727.5,15.75,time,600,955,1.4924444444444442,1.5396825396825398,42.80357142857143,ES
2023-05-03,-1,4139.0,4154.75,6,-479.82,-457.5,15.25,stop,635,840,-1.0487868852459017,-1.0,45.07142857142857,ES
2023-05-04,-1,4071.75,4077.5,3,-89.91,-78.75,26.25,time,620,955,-0.22834285714285713,-0.2,45.482142857142854,ES
2023-05-05,1,4129.5,4151.5,5,543.9,562.5,17.75,time,600,955,1.2256901408450704,1.267605633802817,45.07142857142857,ES
2023-05-08,-1,4143.0,4156.5,7,-481.04,-455.0,13.0,stop,625,885,-1.0572307692307692,-1.0,49.089285714285715,ES
2023-05-09,1,4141.5,4134.25,9,-337.23,-303.75,10.25,time,675,955,-0.7311219512195123,-0.6585365853658537,48.357142857142854,ES
2023-05-10,-1,4131.5,4152.75,2,-214.94,-207.5,37.75,time,640,955,-0.5693774834437086,-0.5496688741721855,47.82142857142857,ES
2023-05-12,-1,4142.0,4138.25,6,105.18,127.5,16.0,time,600,955,0.21912500000000001,0.265625,49.32142857142857,ES
2023-05-15,-1,4124.5,4144.25,5,-499.85,-481.25,19.25,stop,605,765,-1.0386493506493506,-1.0,50.839285714285715,ES
2023-05-16,-1,4128.5,4123.25,5,125.15,143.75,20.0,time,610,955,0.2503,0.2875,48.267857142857146,ES
2023-05-17,1,4145.5,4172.0,5,656.4,675.0,19.25,time,700,955,1.3639480519480518,1.4025974025974026,47.410714285714285,ES
2023-05-18,1,4174.75,4211.0,10,1800.3,1837.5,9.75,time,605,955,3.6929230769230768,3.769230769230769,45.5,ES
2023-05-19,-1,4215.25,4204.75,9,461.52,495.0,10.25,time,665,955,1.0005853658536585,1.0731707317073171,45.82142857142857,ES
2023-05-22,-1,4193.5,4206.0,3,-191.16,-180.0,28.0,time,605,955,-0.4551428571428571,-0.42857142857142855,46.55357142857143,ES
2023-05-24,-1,4124.0,4140.75,6,-509.82,-487.5,16.25,stop,600,930,-1.0457846153846153,-1.0,42.42857142857143,ES
2023-05-25,-1,4138.5,4162.0,4,-474.88,-460.0,23.0,stop,620,805,-1.0323478260869565,-1.0,42.339285714285715,ES
2023-05-26,1,4193.25,4213.25,3,296.34,307.5,27.5,time,605,955,0.7183999999999999,0.7454545454545455,39.67857142857143,ES
2023-05-30,-1,4219.5,4215.25,5,100.15,118.75,18.75,time,600,955,0.21365333333333333,0.25333333333333335,42.017857142857146,ES
2023-05-31,-1,4189.0,4191.5,6,-82.32,-60.0,15.25,time,605,955,-0.17993442622950817,-0.13114754098360656,40.67857142857143,ES
2023-06-01,1,4195.75,4228.5,5,812.65,831.25,17.5,time,610,955,1.8574857142857142,1.9,41.392857142857146,ES
2023-06-02,1,4275.5,4289.0,4,265.12,280.0,22.25,time,645,955,0.5957752808988764,0.6292134831460674,42.482142857142854,ES
2023-06-05,-1,4288.0,4301.5,7,-481.04,-455.0,13.0,stop,625,715,-1.0572307692307692,-1.0,45.107142857142854,ES
2023-06-06,1,4282.5,4289.5,7,236.46,262.5,13.75,time,605,955,0.4913454545454546,0.5454545454545454,45.375,ES
2023-06-07,-1,4290.0,4274.75,6,450.18,472.5,14.5,time,620,955,1.034896551724138,1.0862068965517242,43.25,ES
2023-06-08,1,4278.0,4297.5,7,673.96,700.0,13.25,time,610,955,1.4532830188679247,1.509433962264151,42.160714285714285,ES
2023-06-09,1,4319.75,4304.75,6,-457.32,-435.0,14.5,stop,600,685,-1.0513103448275862,-1.0,42.42857142857143,ES
2023-06-14,1,4426.5,4413.5,8,-529.76,-500.0,12.5,stop,600,840,-1.05952,-1.0,40.857142857142854,ES
2023-06-15,1,4435.75,4472.5,3,547.59,558.75,28.25,time,600,955,1.2922477876106195,1.3185840707964602,42.267857142857146,ES
2023-06-16,-1,4467.5,4456.0,3,168.84,180.0,25.75,time,695,955,0.437126213592233,0.46601941747572817,43.482142857142854,ES
2023-06-19,-1,4443.25,4449.0,19,-569.43,-498.75,5.25,stop,610,720,-1.1417142857142857,-1.0,45.535714285714285,ES
2023-06-20,-1,4428.0,4442.75,7,-524.79,-498.75,14.25,stop,610,800,-1.0522105263157895,-1.0,43.69642857142857,ES
2023-06-21,-1,4407.5,4423.0,6,-472.32,-450.0,15.0,stop,600,735,-1.0496,-1.0,43.464285714285715,ES
2023-06-22,1,4416.0,4423.5,4,145.12,160.0,22.0,time,610,955,0.32981818181818184,0.36363636363636365,41.232142857142854,ES
2023-06-23,1,4395.25,4383.75,9,-528.48,-495.0,11.0,stop,605,900,-1.0676363636363637,-1.0,38.5,ES
2023-06-26,-1,4381.0,4371.5,5,231.4,250.0,20.0,time,675,955,0.4628,0.5,39.17857142857143,ES
2023-06-27,1,4389.75,4417.75,8,1110.24,1140.0,11.75,time,655,955,2.362212765957447,2.425531914893617,39.767857142857146,ES
2023-06-28,1,4410.75,4420.5,8,380.24,410.0,11.25,time,615,955,0.8449777777777778,0.9111111111111111,41.05357142857143,ES
2023-06-29,1,4426.0,4436.25,6,300.18,322.5,16.0,time,600,955,0.625375,0.671875,40.55357142857143,ES
2023-06-30,1,4482.75,4486.0,5,75.15,93.75,17.5,time,605,955,0.17177142857142857,0.21428571428571427,40.30357142857143,ES
2023-07-05,1,4487.25,4483.5,6,-119.82,-97.5,16.0,time,615,955,-0.24962499999999999,-0.203125,35.82142857142857,ES
2023-07-06,-1,4427.25,4446.25,5,-481.1,-462.5,18.5,stop,600,835,-1.0402162162162163,-1.0,31.678571428571427,ES
2023-07-07,1,4451.25,4433.25,5,-456.1,-437.5,17.5,stop,695,950,-1.0425142857142857,-1.0,33.232142857142854,ES
2023-07-10,1,4443.25,4428.5,7,-524.79,-498.75,14.25,stop,600,660,-1.0522105263157895,-1.0,35.482142857142854,ES
2023-07-11,-1,4442.75,4459.0,6,-494.82,-472.5,15.75,stop,610,710,-1.0472380952380953,-1.0,34.410714285714285,ES
2023-07-12,1,4520.25,4506.5,7,-489.79,-463.75,13.25,stop,610,700,-1.0561509433962264,-1.0,34.839285714285715,ES
2023-07-14,1,4558.25,4549.75,12,-524.64,-480.0,8.0,stop,615,630,-1.093,-1.0,36.267857142857146,ES
2023-07-17,1,4545.0,4554.25,11,495.33,536.25,8.5,time,600,955,1.0595294117647058,1.1470588235294117,35.910714285714285,ES
2023-07-18,1,4562.25,4587.5,5,625.15,643.75,16.75,time,600,955,1.4928955223880596,1.537313432835821,34.19642857142857,ES
2023-07-19,1,4608.5,4594.75,7,-489.79,-463.75,13.25,stop,620,655,-1.0561509433962264,-1.0,35.5,ES
2023-07-20,-1,4580.5,4565.25,7,525.21,551.25,13.5,time,615,955,1.1115555555555556,1.1666666666666667,35.035714285714285,ES
2023-07-21,-1,4564.75,4583.0,5,-462.35,-443.75,17.75,stop,625,690,-1.0419154929577465,-1.0,33.410714285714285,ES
2023-07-24,1,4587.0,4584.0,5,-81.1,-62.5,18.0,time,680,955,-0.1802222222222222,-0.1388888888888889,33.82142857142857,ES
2023-07-25,1,4595.0,4595.0,6,-7.32,15.0,15.25,time,695,955,-0.016,0.03278688524590164,35.607142857142854,ES
2023-07-26,-1,4584.25,4592.25,13,-535.86,-487.5,7.5,stop,640,875,-1.0992,-1.0,36.25,ES
2023-07-27,-1,4623.0,4563.75,9,2655.27,2688.75,10.25,time,605,955,5.756682926829268,5.829268292682927,34.30357142857143,ES
2023-07-28,1,4605.25,4589.5,6,-479.82,-457.5,15.25,stop,600,820,-1.0487868852459017,-1.0,36.839285714285715,ES
2023-08-01,1,4607.25,4597.0,10,-524.7,-487.5,9.75,stop,600,610,-1.0763076923076924,-1.0,37.92857142857143,ES
2023-08-02,-1,4556.25,4536.5,7,682.71,708.75,13.75,time,605,955,1.418618181818182,1.4727272727272727,36.089285714285715,ES
2023-08-03,-1,4506.25,4522.75,6,-502.32,-480.0,16.0,stop,625,675,-1.0465,-1.0,38.30357142857143,ES
2023-08-04,-1,4526.75,4551.0,4,-489.88,-475.0,23.75,stop,600,705,-1.0313263157894736,-1.0,38.67857142857143,ES
2023-08-08,-1,4486.75,4511.75,4,-504.88,-490.0,24.5,stop,610,895,-1.0303673469387755,-1.0,40.732142857142854,ES
2023-08-09,-1,4505.0,4486.5,6,547.68,570.0,16.25,time,650,955,1.1234461538461538,1.1692307692307693,43.214285714285715,ES
2023-08-10,1,4541.25,4506.5,2,-349.94,-342.5,34.25,stop,600,680,-1.0217226277372262,-1.0,43.535714285714285,ES
2023-08-11,1,4477.5,4481.75,5,100.15,118.75,18.25,time,600,955,0.2195068493150685,0.2602739726027397,47.17857142857143,ES
2023-08-14,1,4480.0,4506.5,9,1181.52,1215.0,10.75,time,600,955,2.442418604651163,2.511627906976744,47.55357142857143,ES
2023-08-15,-1,4471.75,4454.25,5,431.4,450.0,19.0,time,600,955,0.9082105263157895,0.9473684210526315,48.17857142857143,ES
2023-08-17,-1,4417.75,4383.75,5,843.9,862.5,17.75,time,630,955,1.9017464788732394,1.943661971830986,47.464285714285715,ES
2023-08-18,1,4375.75,4384.5,3,127.59,138.75,25.5,time,660,955,0.3335686274509804,0.3627450980392157,47.767857142857146,ES
2023-08-21,-1,4391.5,4407.0,6,-472.32,-450.0,15.0,stop,620,880,-1.0496,-1.0,49.517857142857146,ES
2023-08-22,-1,4414.0,4400.0,5,343.9,362.5,17.0,time,605,955,0.8091764705882353,0.8529411764705882,51.214285714285715,ES
2023-08-23,1,4424.75,4447.75,6,682.68,705.0,15.5,time,600,955,1.4681290322580645,1.5161290322580645,48.625,ES
2023-08-24,-1,4449.0,4385.25,5,1587.65,1606.25,17.75,time,610,955,3.5778028169014084,3.619718309859155,50.107142857142854,ES
2023-08-25,-1,4395.0,4410.75,6,-479.82,-457.5,15.25,stop,605,610,-1.0487868852459017,-1.0,51.357142857142854,ES
2023-08-28,-1,4430.75,4447.5,6,-509.82,-487.5,16.25,stop,650,785,-1.0457846153846153,-1.0,53.017857142857146,ES
2023-08-29,1,4464.5,4505.75,3,615.09,626.25,25.75,time,600,955,1.5924660194174758,1.6213592233009708,51.464285714285715,ES
2023-08-30,1,4529.5,4508.0,4,-434.88,-420.0,21.0,stop,610,625,-1.0354285714285714,-1.0,53.410714285714285,ES
2023-08-31,1,4538.25,4524.75,7,-481.04,-455.0,13.0,stop,625,740,-1.0572307692307692,-1.0,50.44642857142857,ES
2023-09-01,-1,4520.0,4523.0,3,-48.66,-37.5,27.25,time,655,955,-0.11904587155963302,-0.09174311926605505,49.94642857142857,ES
2023-09-06,-1,4476.25,4471.25,5,118.9,137.5,17.75,time,600,955,0.267943661971831,0.30985915492957744,44.785714285714285,ES
2023-09-07,1,4451.75,4455.0,5,75.15,93.75,16.75,time,640,955,0.1794626865671642,0.22388059701492538,44.642857142857146,ES
2023-09-08,1,4469.75,4454.0,6,-479.82,-457.5,15.25,stop,600,900,-1.0487868852459017,-1.0,43.982142857142854,ES
2023-09-11,-1,4474.25,4490.75,5,-418.6,-400.0,19.0,time,610,955,-0.8812631578947369,-0.8421052631578947,42.357142857142854,ES
2023-09-12,-1,4471.0,4483.5,8,-509.76,-480.0,12.0,stop,625,800,-1.062,-1.0,42.0,ES
2023-09-13,-1,4510.0,4526.0,6,-487.32,-465.0,15.5,stop,605,660,-1.048,-1.0,40.339285714285715,ES
2023-09-14,-1,4529.25,4545.0,6,-479.82,-457.5,15.25,stop,615,645,-1.0487868852459017,-1.0,38.982142857142854,ES
2023-09-15,-1,4524.5,4498.0,6,787.68,810.0,15.75,time,610,955,1.667047619047619,1.7142857142857142,37.57142857142857,ES
2023-09-18,1,4503.0,4500.75,7,-87.28999999999999,-61.25,12.75,time,675,955,-0.19560784313725488,-0.13725490196078433,39.464285714285715,ES
2023-09-19,-1,4477.5,4496.5,5,-481.1,-462.5,18.5,stop,600,875,-1.0402162162162163,-1.0,36.17857142857143,ES
2023-09-20,-1,4495.5,4448.25,8,1880.24,1910.0,11.5,time,685,955,4.087478260869565,4.1521739130434785,36.82142857142857,ES
2023-09-21,-1,4399.0,4373.25,5,637.65,656.25,19.25,time,600,955,1.324987012987013,1.3636363636363635,39.285714285714285,ES
2023-09-22,1,4386.5,4374.0,8,-509.76,-480.0,12.0,stop,605,815,-1.062,-1.0,41.92857142857143,ES
2023-09-25,1,4371.5,4379.25,3,112.59,123.75,27.75,time,675,955,0.2704864864864865,0.2972972972972973,43.982142857142854,ES
2023-09-26,-1,4337.25,4314.25,6,682.68,705.0,16.5,time,600,955,1.379151515151515,1.4242424242424243,45.232142857142854,ES
2023-09-27,-1,4319.0,4315.25,8,140.24,170.0,12.5,time,600,955,0.28048,0.34,46.57142857142857,ES
2023-09-28,1,4324.5,4338.0,4,265.12,280.0,23.25,time,600,955,0.5701505376344086,0.6021505376344086,47.857142857142854,ES
2023-09-29,-1,4353.0,4326.5,5,656.4,675.0,18.0,time,620,955,1.4586666666666666,1.5,49.910714285714285,ES
2023-10-02,1,4330.25,4312.5,5,-449.85,-431.25,17.25,stop,600,640,-1.0431304347826087,-1.0,51.92857142857143,ES
2023-10-03,-1,4293.0,4266.75,4,520.12,535.0,23.75,time,600,955,1.0949894736842105,1.1263157894736842,52.642857142857146,ES
2023-10-04,-1,4264.25,4283.25,5,-481.1,-462.5,18.5,stop,600,705,-1.0402162162162163,-1.0,53.214285714285715,ES
2023-10-05,-1,4277.0,4299.75,4,-459.88,-445.0,22.25,stop,605,875,-1.033438202247191,-1.0,53.625,ES
2023-10-06,-1,4254.0,4276.25,4,-449.88,-435.0,21.75,stop,605,625,-1.0342068965517242,-1.0,52.32142857142857,ES
2023-10-09,-1,4317.75,4337.25,5,-493.6,-475.0,19.0,stop,645,715,-1.039157894736842,-1.0,58.214285714285715,ES
2023-10-10,1,4387.75,4391.25,6,97.68,120.0,16.25,time,600,955,0.20036923076923077,0.24615384615384617,59.714285714285715,ES
2023-10-11,-1,4393.25,4410.75,5,-443.6,-425.0,17.0,stop,610,955,-1.043764705882353,-1.0,58.82142857142857,ES
2023-10-13,-1,4386.75,4358.25,4,565.12,580.0,20.75,time,610,955,1.3617349397590361,1.3975903614457832,57.19642857142857,ES
2023-10-16,1,4392.75,4402.25,6,277.68,300.0,14.75,time,610,955,0.6275254237288136,0.6779661016949152,59.357142857142854,ES
2023-10-17,1,4381.0,4402.25,6,630.18,652.5,15.0,time,605,955,1.4003999999999999,1.45,58.089285714285715,ES
2023-10-18,1,4390.5,4375.5,6,-457.32,-435.0,14.5,stop,615,625,-1.0513103448275862,-1.0,58.285714285714285,ES
2023-10-19,-1,4339.25,4352.5,7,-472.29,-446.25,12.75,stop,605,720,-1.0583529411764707,-1.0,59.5,ES
2023-10-20,-1,4285.75,4248.75,6,1102.68,1125.0,16.25,time,600,955,2.2619076923076924,2.3076923076923075,60.32142857142857,ES
2023-10-23,1,4245.25,4240.25,3,-78.66,-67.5,31.75,time,610,955,-0.16516535433070864,-0.14173228346456693,61.232142857142854,ES
2023-10-24,1,4276.0,4259.25,6,-509.82,-487.5,16.25,stop,620,735,-1.0457846153846153,-1.0,60.80357142857143,ES
2023-10-25,-1,4227.75,4210.5,3,255.09,266.25,25.5,time,600,955,0.6669019607843137,0.696078431372549,60.32142857142857,ES
2023-10-26,-1,4180.75,4157.0,4,470.12,485.0,24.0,time,600,955,0.9794166666666667,1.0104166666666667,62.07142857142857,ES
2023-10-27,-1,4150.75,4176.0,4,-509.88,-495.0,24.75,stop,640,675,-1.0300606060606061,-1.0,59.0,ES
2023-10-30,-1,4163.25,4184.25,4,-424.88,-410.0,20.5,stop,615,810,-1.0362926829268293,-1.0,58.625,ES
2023-10-31,1,4194.75,4212.0,4,340.12,355.0,22.25,time,650,955,0.764314606741573,0.797752808988764,59.375,ES
2023-11-01,1,4230.5,4256.25,6,765.18,787.5,14.75,time,610,955,1.7292203389830507,1.7796610169491525,60.017857142857146,ES
2023-11-02,1,4310.5,4336.0,6,757.68,780.0,16.5,time,625,955,1.5306666666666666,1.5757575757575757,59.339285714285715,ES
2023-11-06,-1,4375.0,4384.75,7,-349.79,-323.75,14.25,time,610,955,-0.7013333333333334,-0.6491228070175439,60.30357142857143,ES
2023-11-07,1,4386.75,4396.25,7,323.96,350.0,14.25,time,600,955,0.6495438596491228,0.7017543859649122,58.0,ES
2023-11-08,-1,4396.25,4398.75,8,-109.76,-80.0,11.25,time,600,955,-0.24391111111111113,-0.17777777777777778,55.089285714285715,ES
2023-11-09,-1,4391.75,4363.25,5,706.4,725.0,17.5,time,605,955,1.6146285714285713,1.6571428571428573,52.30357142857143,ES
2023-11-10,-1,4371.5,4386.75,6,-464.82,-442.5,14.75,stop,625,665,-1.0504406779661017,-1.0,52.07142857142857,ES
2023-11-13,1,4421.5,4425.25,7,122.71000000000001,148.75,14.0,time,650,955,0.25042857142857144,0.30357142857142855,52.285714285714285,ES
2023-11-14,1,4508.0,4510.5,4,45.12,60.0,24.0,time,600,955,0.094,0.125,51.32142857142857,ES
2023-11-15,1,4533.0,4516.5,6,-502.32,-480.0,16.0,stop,620,780,-1.0465,-1.0,53.57142857142857,ES
2023-11-16,-1,4510.0,4523.25,6,-404.82,-382.5,15.25,time,640,955,-0.8848524590163934,-0.8360655737704918,50.857142857142854,ES
2023-11-20,1,4543.5,4562.0,5,456.4,475.0,18.75,time,645,955,0.9736533333333333,1.0133333333333334,46.017857142857146,ES
2023-11-21,-1,4543.0,4552.0,11,-508.42,-467.5,8.5,stop,620,765,-1.0875294117647059,-1.0,46.25,ES
2023-11-22,-1,4557.0,4567.0,4,-204.88,-190.0,23.25,time,600,955,-0.4406021505376344,-0.40860215053763443,44.25,ES
2023-11-28,1,4559.5,4563.0,10,162.8,200.0,10.0,time,635,955,0.3256,0.4,34.625,ES
2023-11-29,-1,4582.25,4560.25,6,652.68,675.0,14.5,time,605,955,1.5004137931034482,1.5517241379310345,34.285714285714285,ES
2023-11-30,-1,4551.5,4568.75,5,-437.35,-418.75,16.75,stop,700,950,-1.0444179104477613,-1.0,33.55357142857143,ES
2023-12-01,1,4579.5,4601.0,5,531.4,550.0,16.75,time,600,955,1.2690149253731342,1.3134328358208955,31.0,ES
2023-12-04,-1,4558.75,4578.75,5,-506.1,-487.5,19.5,stop,620,950,-1.0381538461538462,-1.0,32.125,ES
2023-12-05,1,4578.25,4575.5,5,-74.85,-56.25,19.75,time,600,955,-0.15159493670886076,-0.11392405063291139,28.482142857142858,ES
2023-12-06,-1,4584.25,4556.25,7,971.46,997.5,13.0,time,600,955,2.135076923076923,2.1923076923076925,28.571428571428573,ES
2023-12-07,1,4580.25,4588.25,9,349.02,382.5,10.25,time,610,955,0.7566829268292683,0.8292682926829268,30.071428571428573,ES
2023-12-08,1,4600.0,4607.5,4,145.12,160.0,21.5,time,600,955,0.3374883720930233,0.37209302325581395,31.375,ES
2023-12-11,1,4610.25,4624.75,9,641.52,675.0,10.25,time,610,955,1.3908292682926828,1.4634146341463414,30.589285714285715,ES
2023-12-12,1,4622.5,4646.0,8,930.24,960.0,11.75,time,600,955,1.9792340425531916,2.0425531914893615,30.803571428571427,ES
2023-12-13,1,4705.0,4698.0,15,-543.3,-487.5,6.5,stop,635,780,-1.1144615384615384,-1.0,31.303571428571427,ES
2023-12-14,-1,4774.75,4775.5,5,-24.85,-6.25,16.75,time,615,955,-0.059343283582089554,-0.014925373134328358,39.30357142857143,ES
2023-12-15,1,4774.0,4761.25,8,-519.76,-490.0,12.25,stop,625,820,-1.060734693877551,-1.0,41.964285714285715,ES
2023-12-18,1,4789.25,4792.5,11,165.33,206.25,8.75,time,600,955,0.34354285714285715,0.42857142857142855,42.517857142857146,ES
2023-12-19,1,4810.25,4820.0,7,332.71,358.75,13.5,time,610,955,0.7041481481481481,0.7592592592592593,43.05357142857143,ES
2023-12-20,1,4820.5,4808.25,8,-499.76,-470.0,11.75,stop,600,875,-1.0633191489361702,-1.0,42.142857142857146,ES
2023-12-21,-1,4774.0,4790.5,6,-502.32,-480.0,16.0,stop,605,620,-1.0465,-1.0,45.57142857142857,ES
2023-12-26,1,4817.5,4824.75,10,350.3,387.5,9.25,time,610,955,0.7574054054054055,0.8378378378378378,45.035714285714285,ES
2023-12-27,-1,4819.5,4829.25,10,-499.7,-462.5,9.25,stop,645,785,-1.0804324324324324,-1.0,45.17857142857143,ES
2023-12-28,1,4839.0,4831.25,13,-519.61,-471.25,7.25,stop,645,665,-1.1026206896551725,-1.0,43.285714285714285,ES
2023-12-29,-1,4826.5,4819.0,14,507.92,560.0,6.75,time,635,955,1.074962962962963,1.1851851851851851,41.267857142857146,ES
2024-01-02,1,4792.0,4773.75,5,-462.35,-443.75,17.75,stop,705,885,-1.0419154929577465,-1.0,41.464285714285715,ES
2024-01-03,1,4766.5,4755.75,9,-494.73,-461.25,10.25,stop,600,610,-1.0725853658536586,-1.0,43.30357142857143,ES
2024-01-04,1,4754.25,4737.5,6,-509.82,-487.5,16.25,stop,600,915,-1.0457846153846153,-1.0,44.05357142857143,ES
2024-01-05,1,4753.5,4726.5,3,-408.66,-397.5,26.5,stop,600,750,-1.0280754716981133,-1.0,38.44642857142857,ES
2024-01-08,1,4754.25,4801.25,6,1402.68,1425.0,16.0,time,600,955,2.92225,2.96875,38.089285714285715,ES
2024-01-09,1,4777.5,4792.75,10,750.3,787.5,9.75,time,605,955,1.539076923076923,1.6153846153846154,41.339285714285715,ES
2024-01-11,-1,4800.5,4815.0,3,-221.16,-210.0,31.5,time,600,955,-0.46806349206349207,-0.4444444444444444,41.94642857142857,ES
2024-01-12,-1,4816.5,4817.0,5,-18.6,-0.0,19.75,time,600,955,-0.03767088607594937,-0.0,40.285714285714285,ES
2024-01-16,1,4811.25,4783.25,3,-423.66,-412.5,27.5,stop,620,850,-1.0270545454545454,-1.0,37.17857142857143,ES
2024-01-17,1,4769.25,4757.75,9,-528.48,-495.0,11.0,stop,610,795,-1.0676363636363637,-1.0,37.67857142857143,ES
2024-01-18,1,4792.5,4779.5,8,-529.76,-500.0,12.5,stop,635,720,-1.05952,-1.0,40.05357142857143,ES
2024-01-19,1,4827.5,4870.5,8,1710.24,1740.0,12.25,time,640,955,3.490285714285714,3.5510204081632653,42.57142857142857,ES
2024-01-22,-1,4880.75,4882.0,5,-37.35,-18.75,17.0,time,645,955,-0.08788235294117647,-0.04411764705882353,44.357142857142854,ES
2024-01-23,-1,4879.75,4889.5,10,-499.7,-462.5,9.25,stop,630,885,-1.0804324324324324,-1.0,42.517857142857146,ES
2024-01-24,-1,4910.5,4924.0,7,-481.04,-455.0,13.0,stop,600,635,-1.0572307692307692,-1.0,40.785714285714285,ES
2024-01-25,1,4920.75,4910.5,10,-524.7,-487.5,9.75,stop,605,725,-1.0763076923076924,-1.0,40.714285714285715,ES
2024-01-26,1,4926.5,4914.5,8,-489.76,-460.0,11.5,stop,630,755,-1.064695652173913,-1.0,39.94642857142857,ES
2024-01-29,1,4924.25,4915.75,12,-524.64,-480.0,8.0,stop,615,625,-1.093,-1.0,37.017857142857146,ES
2024-01-30,-1,4944.5,4954.0,11,-535.92,-495.0,9.0,stop,650,700,-1.0826666666666667,-1.0,37.5,ES
2024-01-31,-1,4911.25,4869.0,5,1050.15,1068.75,19.0,time,610,955,2.210842105263158,2.25,36.035714285714285,ES
2024-02-01,1,4896.25,4882.0,7,-507.29,-481.25,13.75,stop,605,650,-1.0541090909090909,-1.0,37.57142857142857,ES
2024-02-02,1,4949.0,4979.25,5,750.15,768.75,19.75,time,620,955,1.5192911392405062,1.5569620253164558,39.482142857142854,ES
2024-02-05,-1,4958.25,4973.25,6,-457.32,-435.0,14.5,stop,600,870,-1.0513103448275862,-1.0,43.839285714285715,ES
2024-02-06,-1,4961.75,4975.25,6,-412.32,-390.0,16.25,time,600,955,-0.8457846153846154,-0.8,44.232142857142854,ES
2024-02-07,1,5003.25,5015.25,6,352.68,375.0,15.0,time,610,955,0.7837333333333334,0.8333333333333334,42.160714285714285,ES
2024-02-08,-1,5006.0,5016.25,10,-524.7,-487.5,9.75,stop,685,900,-1.0763076923076924,-1.0,42.017857142857146,ES
2024-02-09,1,5028.5,5043.75,8,600.24,630.0,12.0,time,625,955,1.2505,1.3125,38.57142857142857,ES
2024-02-12,-1,5042.25,5046.0,20,-399.4,-325.0,3.25,stop,610,630,-1.2289230769230768,-1.0,38.910714285714285,ES
2024-02-13,-1,4965.25,4982.25,6,-517.32,-495.0,16.5,stop,600,640,-1.0450909090909093,-1.0,39.660714285714285,ES
2024-02-14,1,5003.25,4986.5,6,-509.82,-487.5,16.25,stop,615,660,-1.0457846153846153,-1.0,44.410714285714285,ES
2024-02-15,1,5030.5,5018.25,8,-499.76,-470.0,11.75,stop,620,660,-1.0633191489361702,-1.0,45.75,ES
2024-02-16,1,5046.0,5018.25,3,-419.91,-408.75,27.25,stop,680,945,-1.027302752293578,-1.0,46.32142857142857,ES
2024-02-20,-1,4983.75,4992.75,3,-138.66,-127.5,25.25,time,610,955,-0.3660990099009901,-0.33663366336633666,45.67857142857143,ES
2024-02-21,1,4984.25,4972.75,9,-528.48,-495.0,11.0,stop,600,730,-1.0676363636363637,-1.0,43.910714285714285,ES
2024-02-22,1,5078.75,5097.25,3,273.84,285.0,26.25,time,630,955,0.6954666666666666,0.7238095238095238,42.357142857142854,ES
2024-02-23,-1,5110.0,5100.0,7,341.46,367.5,13.25,time,640,955,0.7363018867924528,0.7924528301886793,45.44642857142857,ES
2024-02-26,-1,5096.5,5080.25,8,640.24,670.0,11.25,time,645,955,1.4227555555555556,1.488888888888889,44.67857142857143,ES
2024-02-28,1,5078.75,5081.25,10,112.8,150.0,10.0,time,630,955,0.2256,0.3,43.660714285714285,ES
2024-02-29,-1,5086.25,5105.75,5,-493.6,-475.0,19.0,stop,610,945,-1.039157894736842,-1.0,44.017857142857146,ES
2024-03-01,1,5113.0,5144.75,8,1260.24,1290.0,11.5,time,605,955,2.7396521739130435,2.8043478260869565,44.892857142857146,ES
2024-03-04,1,5142.25,5137.5,14,-349.58,-297.5,6.75,time,630,955,-0.7398518518518519,-0.6296296296296297,46.267857142857146,ES
2024-03-05,1,5119.25,5107.0,8,-499.76,-470.0,11.75,stop,600,605,-1.0633191489361702,-1.0,40.375,ES
2024-03-06,-1,5101.75,5122.5,4,-419.88,-405.0,20.25,stop,600,660,-1.0367407407407407,-1.0,42.25,ES
2024-03-07,1,5148.75,5159.5,6,315.18,337.5,15.25,time,610,955,0.6889180327868852,0.7377049180327869,43.25,ES
2024-03-08,1,5190.0,5163.0,3,-408.66,-397.5,26.5,stop,600,680,-1.0280754716981133,-1.0,44.44642857142857,ES
2024-03-11,-1,5100.0,5119.25,5,-487.35,-468.75,18.75,stop,600,755,-1.03968,-1.0,48.94642857142857,ES
2024-03-12,1,5156.5,5177.0,2,202.56,210.0,38.5,time,620,955,0.5261298701298701,0.5454545454545454,47.375,ES
2024-03-15,-1,5179.5,5198.5,5,-481.1,-462.5,18.5,stop,600,645,-1.0402162162162163,-1.0,47.75,ES
2024-03-18,1,5234.25,5222.25,8,-489.76,-460.0,11.5,stop,615,770,-1.064695652173913,-1.0,49.410714285714285,ES
2024-03-19,1,5207.0,5242.25,8,1400.24,1430.0,11.5,time,640,955,3.044,3.108695652173913,51.75,ES
2024-03-20,1,5244.75,5235.0,10,-499.7,-462.5,9.25,stop,620,815,-1.0804324324324324,-1.0,53.857142857142854,ES
2024-03-22,-1,5291.5,5305.0,7,-481.04,-455.0,13.0,stop,640,830,-1.0572307692307692,-1.0,53.464285714285715,ES
2024-03-25,1,5285.0,5276.75,9,-382.23,-348.75,10.5,time,610,955,-0.808952380952381,-0.7380952380952381,53.07142857142857,ES
2024-03-27,-1,5276.0,5294.25,5,-462.35,-443.75,17.75,stop,600,935,-1.0419154929577465,-1.0,47.767857142857146,ES
2024-03-28,1,5315.0,5304.75,10,-524.7,-487.5,9.75,stop,715,815,-1.0763076923076924,-1.0,46.767857142857146,ES
2024-04-01,-1,5305.25,5294.25,8,430.24,460.0,11.75,time,600,955,0.9154042553191489,0.9787234042553191,42.94642857142857,ES
2024-04-02,-1,5236.5,5255.5,5,-481.1,-462.5,18.5,stop,610,905,-1.0402162162162163,-1.0,43.0,ES
2024-04-03,1,5270.75,5265.0,4,-119.88,-105.0,23.5,time,600,955,-0.255063829787234,-0.22340425531914893,42.55357142857143,ES
2024-04-04,-1,5293.5,5307.25,7,-489.79,-463.75,13.25,stop,670,725,-1.0561509433962264,-1.0,40.05357142857143,ES
2024-04-05,1,5237.5,5251.0,3,198.84,210.0,30.5,time,645,955,0.4346229508196721,0.45901639344262296,44.392857142857146,ES
2024-04-08,1,5262.25,5246.25,6,-487.32,-465.0,15.5,stop,625,740,-1.048,-1.0,46.0,ES
2024-04-09,-1,5241.5,5260.25,3,-284.91,-273.75,32.5,time,625,955,-0.5844307692307693,-0.5615384615384615,43.57142857142857,ES
2024-04-10,1,5213.5,5190.75,4,-459.88,-445.0,22.25,stop,615,780,-1.033438202247191,-1.0,44.75,ES
2024-04-11,-1,5198.75,5220.75,4,-444.88,-430.0,21.5,stop,600,780,-1.0346046511627907,-1.0,46.07142857142857,ES
2024-04-12,-1,5199.5,5168.0,5,781.4,800.0,19.0,time,605,955,1.6450526315789473,1.6842105263157894,48.982142857142854,ES
2024-04-15,-1,5190.25,5103.5,4,1730.12,1745.0,22.5,time,605,955,3.8447111111111107,3.8777777777777778,54.375,ES
2024-04-16,-1,5085.25,5110.25,4,-504.88,-490.0,24.5,stop,635,710,-1.0303673469387755,-1.0,61.607142857142854,ES
2024-04-17,-1,5099.5,5061.0,5,956.4,975.0,19.25,time,600,955,1.9873246753246754,2.0259740259740258,62.535714285714285,ES
2024-04-18,1,5078.5,5050.5,3,-423.66,-412.5,27.5,stop,630,795,-1.0270545454545454,-1.0,64.5,ES
2024-04-19,-1,5035.25,5003.5,4,630.12,645.0,22.5,time,615,955,1.4002666666666668,1.4333333333333333,67.28571428571429,ES
2024-04-22,-1,5016.0,5033.0,6,-517.32,-495.0,16.5,stop,625,735,-1.0450909090909093,-1.0,69.55357142857143,ES
2024-04-23,1,5095.25,5107.5,3,180.09,191.25,31.25,time,625,955,0.38419200000000003,0.408,70.58928571428571,ES
2024-04-24,-1,5107.5,5105.5,5,43.9,62.5,17.0,time,635,955,0.10329411764705881,0.14705882352941177,72.76785714285714,ES
2024-04-25,1,5043.0,5082.5,5,981.4,1000.0,16.75,time,620,955,2.343641791044776,2.388059701492537,67.66071428571429,ES
2024-04-26,1,5133.75,5129.25,3,-71.16,-60.0,29.0,time,600,955,-0.1635862068965517,-0.13793103448275862,68.23214285714286,ES
2024-04-30,-1,5126.5,5065.25,6,1830.18,1852.5,14.5,time,660,955,4.207310344827587,4.258620689655173,68.92857142857143,ES
2024-05-01,-1,5046.75,5062.5,6,-479.82,-457.5,15.25,stop,600,840,-1.0487868852459017,-1.0,69.44642857142857,ES
2024-05-02,-1,5053.75,5089.0,2,-354.94,-347.5,34.75,stop,600,850,-1.021410071942446,-1.0,70.07142857142857,ES
2024-05-03,-1,5136.25,5161.75,4,-514.88,-500.0,25.0,stop,620,855,-1.02976,-1.0,68.07142857142857,ES
2024-05-06,1,5186.5,5206.75,8,800.24,830.0,12.25,time,605,955,1.6331428571428572,1.6938775510204083,64.92857142857143,ES
2024-05-07,1,5221.0,5212.5,12,-524.64,-480.0,8.0,stop,650,825,-1.093,-1.0,65.55357142857143,ES
2024-05-08,1,5207.75,5211.5,6,105.18,127.5,16.25,time,620,955,0.21575384615384616,0.26153846153846155,61.92857142857143,ES
2024-05-09,1,5217.0,5239.0,8,870.24,900.0,12.5,time,600,955,1.74048,1.8,59.732142857142854,ES
2024-05-10,-1,5249.25,5245.5,6,105.18,127.5,14.5,time,615,955,0.24179310344827587,0.29310344827586204,57.517857142857146,ES
2024-05-13,-1,5245.0,5246.0,5,-31.1,-12.5,18.0,time,685,955,-0.06911111111111111,-0.027777777777777776,54.5,ES
2024-05-14,1,5254.75,5244.25,10,-537.2,-500.0,10.0,stop,605,635,-1.0744,-1.0,52.05357142857143,ES
2024-05-15,1,5305.0,5333.25,5,700.15,718.75,18.0,time,635,955,1.5558888888888889,1.5972222222222223,51.357142857142854,ES
2024-05-16,1,5337.25,5331.75,20,-574.4,-500.0,5.0,stop,610,800,-1.1488,-1.0,50.339285714285715,ES
2024-05-17,1,5325.5,5315.5,10,-512.2,-475.0,9.5,stop,630,695,-1.0783157894736843,-1.0,47.94642857142857,ES
2024-05-20,1,5345.75,5326.5,5,-487.35,-468.75,18.75,stop,625,845,-1.03968,-1.0,47.05357142857143,ES
2024-05-21,1,5330.25,5345.75,13,991.64,1040.0,7.5,time,600,955,2.034133333333333,2.1333333333333333,42.92857142857143,ES
2024-05-22,1,5344.25,5337.0,14,-524.58,-472.5,6.75,stop,665,710,-1.1102222222222222,-1.0,38.67857142857143,ES
2024-05-23,-1,5317.5,5286.5,2,307.56,315.0,40.5,time,655,955,0.7594074074074074,0.7777777777777778,36.875,ES
2024-05-24,1,5308.5,5321.5,7,446.46,472.5,13.5,time,615,955,0.9448888888888889,1.0,37.57142857142857,ES
2024-05-27,-1,5319.0,5325.5,16,-539.52,-480.0,6.0,stop,615,650,-1.1239999999999999,-1.0,36.839285714285715,ES
2024-05-29,1,5290.0,5287.25,9,-134.73,-101.25,11.0,time,615,955,-0.27218181818181814,-0.20454545454545456,37.285714285714285,ES
2024-05-30,-1,5260.5,5274.5,7,-498.54,-472.5,13.5,stop,610,780,-1.055111111111111,-1.0,38.07142857142857,ES
2024-05-31,-1,5241.25,5270.5,3,-442.41,-431.25,28.75,stop,610,950,-1.0258782608695654,-1.0,39.357142857142854,ES
2024-06-03,-1,5294.5,5299.75,5,-137.35,-118.75,18.5,time,640,955,-0.296972972972973,-0.25675675675675674,43.92857142857143,ES
2024-06-04,1,5290.75,5277.5,7,-472.29,-446.25,12.75,stop,600,610,-1.0583529411764707,-1.0,46.32142857142857,ES
2024-06-05,-1,5309.25,5328.25,5,-481.1,-462.5,18.5,stop,605,630,-1.0402162162162163,-1.0,44.464285714285715,ES
2024-06-06,-1,5361.75,5365.5,8,-159.76,-130.0,11.25,time,690,955,-0.3550222222222222,-0.28888888888888886,46.80357142857143,ES
2024-06-07,1,5362.5,5355.75,4,-139.88,-125.0,21.25,time,615,955,-0.3291294117647059,-0.29411764705882354,47.160714285714285,ES
2024-06-10,1,5351.25,5372.5,10,1050.3,1087.5,10.0,time,605,955,2.1006,2.175,48.589285714285715,ES
2024-06-11,1,5357.5,5383.75,4,520.12,535.0,22.75,time,640,955,1.1431208791208791,1.1758241758241759,49.285714285714285,ES
2024-06-12,1,5445.75,5425.75,5,-506.1,-487.5,19.5,stop,610,840,-1.0381538461538462,-1.0,50.107142857142854,ES
2024-06-13,-1,5425.75,5445.0,5,-487.35,-468.75,18.75,stop,610,955,-1.03968,-1.0,49.089285714285715,ES
2024-06-14,-1,5415.0,5426.5,9,-528.48,-495.0,11.0,stop,600,680,-1.0676363636363637,-1.0,48.67857142857143,ES
2024-06-17,1,5434.75,5479.5,10,2225.3,2262.5,9.75,time,605,955,4.5647179487179494,4.641025641025641,49.660714285714285,ES
2024-06-18,-1,5476.25,5490.0,7,-489.79,-463.75,13.25,stop,660,815,-1.0561509433962264,-1.0,51.94642857142857,ES
2024-06-20,-1,5561.75,5545.5,6,480.18,502.5,14.75,time,610,955,1.0851525423728814,1.1355932203389831,51.714285714285715,ES
2024-06-21,1,5538.75,5530.0,5,-224.85,-206.25,19.5,time,660,955,-0.4612307692307692,-0.4230769230769231,48.660714285714285,ES
2024-06-24,1,5550.75,5525.5,4,-509.88,-495.0,24.75,stop,600,810,-1.0300606060606061,-1.0,45.82142857142857,ES
2024-06-25,1,5529.0,5517.25,8,-479.76,-450.0,11.25,stop,670,755,-1.0661333333333334,-1.0,45.910714285714285,ES
2024-06-26,1,5531.75,5517.75,7,-498.54,-472.5,13.5,stop,610,670,-1.055111111111111,-1.0,43.410714285714285,ES
2024-06-27,-1,5533.25,5548.25,4,-304.88,-290.0,20.75,time,690,955,-0.7346506024096385,-0.6987951807228916,43.75,ES
2024-06-28,1,5576.75,5547.5,3,-442.41,-431.25,28.75,stop,600,730,-1.0258782608695654,-1.0,42.357142857142854,ES
2024-07-01,-1,5507.0,5539.5,3,-491.16,-480.0,32.0,stop,610,955,-1.02325,-1.0,45.17857142857143,ES
2024-07-02,1,5537.75,5569.25,4,625.12,640.0,22.5,time,650,955,1.3891555555555555,1.4222222222222223,44.05357142857143,ES
2024-07-05,1,5601.0,5621.75,8,820.24,850.0,12.5,time,640,955,1.64048,1.7,41.142857142857146,ES
2024-07-08,-1,5627.25,5627.75,10,-37.2,-0.0,10.0,time,635,955,-0.07440000000000001,-0.0,39.089285714285715,ES
2024-07-09,-1,5633.75,5642.25,12,-524.64,-480.0,8.0,stop,625,645,-1.093,-1.0,39.32142857142857,ES
2024-07-10,1,5649.0,5640.25,12,-539.64,-495.0,8.25,stop,600,660,-1.0901818181818181,-1.0,35.357142857142854,ES
2024-07-11,1,5695.5,5684.25,9,-517.23,-483.75,10.75,stop,600,610,-1.0692093023255815,-1.0,35.892857142857146,ES
2024-07-12,1,5665.5,5670.0,4,85.12,100.0,22.75,time,605,955,0.18707692307692309,0.21978021978021978,38.67857142857143,ES
2024-07-15,1,5700.75,5683.0,5,-449.85,-431.25,17.25,stop,630,780,-1.0431304347826087,-1.0,40.69642857142857,ES
2024-07-16,-1,5694.25,5706.0,8,-479.76,-450.0,11.25,stop,600,650,-1.0661333333333334,-1.0,42.464285714285715,ES
2024-07-17,-1,5648.5,5637.5,4,215.12,230.0,24.0,time,605,955,0.44816666666666666,0.4791666666666667,42.67857142857143,ES
2024-07-18,1,5656.75,5643.0,7,-489.79,-463.75,13.25,stop,600,630,-1.0561509433962264,-1.0,46.92857142857143,ES
2024-07-19,-1,5574.25,5554.0,3,300.09,311.25,30.25,time,625,955,0.6613553719008264,0.6859504132231405,48.160714285714285,ES
2024-07-22,-1,5582.75,5608.0,4,-509.88,-495.0,24.75,stop,600,645,-1.0300606060606061,-1.0,50.142857142857146,ES
2024-07-23,1,5623.75,5603.25,5,-518.6,-500.0,20.0,stop,605,775,-1.0372000000000001,-1.0,50.67857142857143,ES
2024-07-24,-1,5522.0,5472.0,3,746.34,757.5,29.5,time,600,955,1.6866440677966101,1.7118644067796611,50.910714285714285,ES
2024-07-25,-1,5444.0,5474.5,3,-461.16,-450.0,30.0,stop,600,645,-1.0248000000000002,-1.0,59.94642857142857,ES
2024-07-26,1,5488.25,5499.0,5,262.65,281.25,18.0,time,600,955,0.5836666666666667,0.625,64.25,ES
2024-07-29,1,5524.0,5501.25,4,-459.88,-445.0,22.25,stop,600,630,-1.033438202247191,-1.0,68.875,ES
2024-07-30,-1,5506.75,5473.0,4,670.12,685.0,20.5,time,600,955,1.634439024390244,1.670731707317073,70.73214285714286,ES
2024-07-31,1,5550.25,5556.25,4,115.12,130.0,21.25,time,605,955,0.27087058823529414,0.3058823529411765,72.92857142857143,ES
2024-08-01,-1,5573.25,5481.0,3,1380.09,1391.25,27.25,time,605,955,3.376366972477064,3.403669724770642,76.5,ES
2024-08-02,-1,5385.25,5376.5,3,127.59,138.75,31.75,time,600,955,0.2679055118110236,0.29133858267716534,82.48214285714286,ES
2024-08-05,1,5238.0,5218.5,1,-98.72,-95.0,91.75,time,600,955,-0.2151934604904632,-0.20708446866485014,89.35714285714286,ES
2024-08-06,1,5270.25,5264.5,2,-59.94,-52.5,48.25,time,600,955,-0.12422797927461139,-0.10880829015544041,103.25,ES
2024-08-07,-1,5318.5,5229.0,2,892.56,900.0,36.0,time,705,955,2.4793333333333334,2.5,106.01785714285714,ES
2024-08-08,1,5304.75,5348.0,2,430.06,437.5,44.75,time,600,955,0.9610279329608938,0.9776536312849162,109.26785714285714,ES
2024-08-09,1,5354.25,5368.25,3,206.34,217.5,29.25,time,610,955,0.47029059829059827,0.49572649572649574,113.83928571428571,ES
2024-08-12,1,5385.75,5371.5,2,-144.94,-137.5,37.75,time,630,955,-0.38394701986754964,-0.36423841059602646,113.71428571428571,ES
2024-08-13,1,5425.0,5458.5,4,665.12,680.0,23.25,time,660,955,1.4303655913978495,1.4623655913978495,114.69642857142857,ES
2024-08-14,-1,5449.25,5470.5,4,-429.88,-415.0,20.75,stop,610,690,-1.035855421686747,-1.0,111.32142857142857,ES
2024-08-15,1,5542.0,5568.25,6,780.18,802.5,15.0,time,625,955,1.7337333333333331,1.7833333333333334,107.625,ES
2024-08-16,1,5564.75,5578.0,5,325.15,343.75,17.0,time,600,955,0.7650588235294117,0.8088235294117647,108.30357142857143,ES
2024-08-19,-1,5575.25,5590.75,6,-472.32,-450.0,15.0,stop,615,630,-1.0496,-1.0,107.91071428571429,ES
2024-08-20,-1,5624.75,5621.25,5,81.4,100.0,18.75,time,615,955,0.17365333333333335,0.21333333333333335,105.64285714285714,ES
2024-08-21,1,5647.0,5627.25,5,-499.85,-481.25,19.25,stop,635,650,-1.0386493506493506,-1.0,99.94642857142857,ES
2024-08-22,-1,5642.5,5595.5,4,935.12,950.0,22.5,time,605,955,2.0780444444444446,2.111111111111111,91.78571428571429,ES
2024-08-23,1,5648.0,5618.5,3,-446.16,-435.0,29.0,stop,600,645,-1.0256551724137932,-1.0,87.03571428571429,ES
2024-08-26,-1,5651.25,5637.5,5,337.65,356.25,17.5,time,605,955,0.7717714285714286,0.8142857142857143,75.375,ES
2024-08-27,1,5636.75,5643.5,4,130.12,145.0,25.0,time,620,955,0.26024,0.29,70.08928571428571,ES
2024-08-28,-1,5629.75,5611.75,6,532.68,555.0,14.5,time,640,955,1.224551724137931,1.2758620689655173,63.017857142857146,ES
2024-08-29,1,5640.25,5620.25,5,-506.1,-487.5,19.5,stop,620,875,-1.0381538461538462,-1.0,58.75,ES
2024-08-30,1,5643.5,5627.0,6,-502.32,-480.0,16.0,stop,600,655,-1.0465,-1.0,59.125,ES
2024-09-02,-1,5653.5,5661.5,13,-535.86,-487.5,7.5,stop,610,635,-1.0992,-1.0,60.67857142857143,ES
2024-09-03,-1,5595.0,5543.5,2,512.56,520.0,34.75,time,600,955,1.4749928057553956,1.4964028776978417,55.339285714285715,ES
2024-09-04,1,5551.5,5520.5,3,-468.66,-457.5,30.5,stop,630,895,-1.0243934426229508,-1.0,62.42857142857143,ES
2024-09-05,1,5550.0,5525.25,4,-499.88,-485.0,24.25,stop,600,650,-1.030680412371134,-1.0,59.107142857142854,ES
2024-09-06,-1,5493.0,5420.75,2,720.06,727.5,39.25,time,600,955,1.8345477707006368,1.8535031847133758,61.142857142857146,ES
2024-09-09,1,5471.5,5456.5,6,-457.32,-435.0,14.5,stop,605,630,-1.0513103448275862,-1.0,65.75,ES
2024-09-10,-1,5473.5,5501.5,3,-423.66,-412.5,27.5,stop,610,925,-1.0270545454545454,-1.0,68.35714285714286,ES
2024-09-11,-1,5454.75,5501.75,2,-472.44,-465.0,46.5,stop,600,785,-1.016,-1.0,69.5,ES
2024-09-12,1,5567.0,5603.25,3,540.09,551.25,26.5,time,610,955,1.3587169811320756,1.3867924528301887,74.71428571428571,ES
2024-09-13,1,5626.75,5629.75,4,55.12,70.0,21.5,time,615,955,0.1281860465116279,0.16279069767441862,74.69642857142857,ES
2024-09-16,-1,5611.25,5639.5,3,-427.41,-416.25,27.75,stop,630,950,-1.026810810810811,-1.0,73.89285714285714,ES
2024-09-17,1,5668.25,5650.0,5,-462.35,-443.75,17.75,stop,605,735,-1.0419154929577465,-1.0,73.48214285714286,ES
2024-09-18,-1,5694.25,5709.5,6,-464.82,-442.5,14.75,stop,615,810,-1.0504406779661017,-1.0,72.875,ES
2024-09-19,1,5782.0,5777.75,2,-44.94,-37.5,33.5,time,625,955,-0.1341492537313433,-0.11194029850746269,76.39285714285714,ES
2024-09-20,-1,5747.25,5767.5,5,-512.35,-493.75,19.75,stop,610,770,-1.0376708860759494,-1.0,79.67857142857143,ES
2024-09-23,1,5777.5,5763.25,7,-507.29,-481.25,13.75,stop,615,765,-1.0541090909090909,-1.0,81.80357142857143,ES
2024-09-24,-1,5761.0,5785.5,4,-494.88,-480.0,24.0,stop,600,710,-1.031,-1.0,72.89285714285714,ES
2024-09-25,-1,5786.75,5779.75,9,304.02,337.5,11.0,time,645,955,0.6141818181818182,0.6818181818181818,72.14285714285714,ES
2024-09-26,-1,5809.25,5803.25,5,143.9,162.5,17.75,time,605,955,0.32428169014084507,0.36619718309859156,69.53571428571429,ES
2024-09-27,1,5816.75,5805.25,9,-528.48,-495.0,11.0,stop,620,700,-1.0676363636363637,-1.0,64.30357142857143,ES
2024-09-30,1,5792.75,5779.75,8,-529.76,-500.0,12.5,stop,660,850,-1.05952,-1.0,61.94642857142857,ES
2024-10-01,-1,5751.75,5760.75,1,-46.22,-42.5,57.5,time,605,955,-0.16076521739130434,-0.14782608695652175,62.392857142857146,ES
2024-10-02,1,5751.75,5760.5,3,127.59,138.75,27.5,time,610,955,0.3093090909090909,0.33636363636363636,57.214285714285715,ES
2024-10-03,1,5764.25,5739.0,4,-509.88,-495.0,24.75,stop,600,620,-1.0300606060606061,-1.0,55.892857142857146,ES
2024-10-04,-1,5762.5,5797.75,2,-354.94,-347.5,34.75,stop,605,930,-1.021410071942446,-1.0,56.339285714285715,ES
2024-10-07,1,5787.25,5773.75,7,-481.04,-455.0,13.0,stop,615,730,-1.0572307692307692,-1.0,58.017857142857146,ES
2024-10-08,1,5781.75,5800.5,5,462.65,481.25,17.75,time,600,955,1.0425915492957747,1.0845070422535212,58.517857142857146,ES
2024-10-09,1,5806.75,5839.5,7,1137.71,1163.75,12.75,time,610,955,2.5494901960784313,2.607843137254902,54.57142857142857,ES
2024-10-10,1,5831.0,5812.5,5,-468.6,-450.0,18.0,stop,670,880,-1.0413333333333334,-1.0,50.0,ES
2024-10-11,1,5852.25,5859.25,3,101.34,112.5,28.75,time,605,955,0.23499130434782609,0.2608695652173913,49.089285714285715,ES
2024-10-14,1,5900.0,5909.0,3,131.34,142.5,26.75,time,625,955,0.32732710280373833,0.35514018691588783,50.625,ES
2024-10-15,-1,5903.75,5863.25,10,2012.8,2050.0,10.0,time,610,955,4.0256,4.1,52.017857142857146,ES
2024-10-16,1,5868.0,5885.75,6,525.18,547.5,14.5,time,605,955,1.2073103448275861,1.2586206896551724,54.392857142857146,ES
2024-10-17,-1,5894.0,5886.5,3,108.84,120.0,30.75,time,605,955,0.23596747967479675,0.2601626016260163,53.714285714285715,ES
2024-10-18,1,5903.75,5906.0,5,50.15,68.75,17.0,time,685,955,0.118,0.16176470588235295,53.767857142857146,ES
2024-10-21,1,5906.5,5897.25,11,-522.17,-481.25,8.75,stop,610,630,-1.0850285714285715,-1.0,51.285714285714285,ES
2024-10-22,1,5874.75,5892.25,8,690.24,720.0,12.25,time,605,955,1.4086530612244899,1.469387755102041,48.464285714285715,ES
2024-10-23,-1,5865.25,5837.5,10,1375.3,1412.5,9.25,time,600,955,2.9736216216216214,3.054054054054054,48.017857142857146,ES
2024-10-24,-1,5838.5,5849.25,5,-274.85,-256.25,19.0,time,695,955,-0.5786315789473685,-0.5394736842105263,51.392857142857146,ES
2024-10-25,1,5895.5,5869.75,3,-389.91,-378.75,25.25,stop,600,790,-1.0294653465346535,-1.0,49.92857142857143,ES
2024-10-28,-1,5866.25,5863.0,7,105.21000000000001,131.25,14.25,time,690,955,0.21094736842105266,0.2631578947368421,49.94642857142857,ES
2024-10-29,1,5858.25,5871.5,4,260.12,275.0,20.5,time,600,955,0.6344390243902439,0.6707317073170732,48.19642857142857,ES
2024-10-30,1,5876.75,5852.75,3,-363.66,-352.5,31.0,time,600,955,-0.7820645161290323,-0.7580645161290323,47.69642857142857,ES
2024-10-31,-1,5780.5,5735.75,3,667.59,678.75,26.5,time,605,955,1.6794716981132076,1.7075471698113207,48.375,ES
2024-11-01,1,5785.75,5755.25,3,-461.16,-450.0,30.0,stop,605,950,-1.0248000000000002,-1.0,53.625,ES
2024-11-04,1,5763.25,5738.25,4,-504.88,-490.0,24.5,stop,615,700,-1.0303673469387755,-1.0,54.285714285714285,ES
2024-11-05,1,5789.5,5812.75,2,230.06,237.5,38.75,time,600,955,0.5937032258064516,0.6129032258064516,53.089285714285715,ES
2024-11-07,1,5988.25,6002.25,8,550.24,580.0,12.0,time,605,955,1.1463333333333334,1.2083333333333333,63.339285714285715,ES
2024-11-08,1,6016.25,6026.75,8,410.24,440.0,11.25,time,625,955,0.9116444444444445,0.9777777777777777,65.21428571428571,ES
2024-11-12,-1,6024.5,6012.75,8,460.24,490.0,11.75,time,600,955,0.9792340425531915,1.0425531914893618,64.08928571428571,ES
2024-11-13,-1,6004.5,6020.0,6,-472.32,-450.0,15.0,stop,600,680,-1.0496,-1.0,61.107142857142854,ES
2024-11-14,-1,5992.5,5977.0,3,228.84,240.0,27.75,time,615,955,0.5497657657657657,0.5765765765765766,61.69642857142857,ES
2024-11-15,-1,5919.0,5897.25,4,430.12,445.0,22.5,time,600,955,0.9558222222222222,0.9888888888888889,60.69642857142857,ES
2024-11-18,1,5905.75,5920.0,7,490.21,516.25,14.25,time,600,955,0.9828771929824561,1.0350877192982457,65.32142857142857,ES
2024-11-19,1,5900.75,5938.75,4,755.12,770.0,24.25,time,625,955,1.5569484536082474,1.5876288659793814,65.03571428571429,ES
2024-11-20,-1,5893.75,5940.5,2,-469.94,-462.5,46.25,stop,605,950,-1.0160864864864865,-1.0,67.17857142857143,ES
2024-11-21,-1,5909.75,5969.75,1,-301.22,-297.5,59.5,stop,625,760,-1.0125042016806725,-1.0,63.19642857142857,ES
2024-11-25,-1,6010.5,6005.75,3,67.59,78.75,29.25,time,610,955,0.15405128205128205,0.1794871794871795,62.69642857142857,ES
2024-11-26,-1,6012.5,6027.25,7,-524.79,-498.75,14.25,stop,615,690,-1.0522105263157895,-1.0,61.857142857142854,ES
2024-11-27,-1,6026.25,6016.0,9,450.27,483.75,10.5,time,610,955,0.9529523809523809,1.0238095238095237,53.607142857142854,ES
2024-12-02,1,6063.75,6061.75,7,-78.53999999999999,-52.5,13.75,time,705,955,-0.16319999999999998,-0.10909090909090909,51.410714285714285,ES
2024-12-03,-1,6048.75,6062.25,7,-481.04,-455.0,13.0,stop,625,780,-1.0572307692307692,-1.0,49.19642857142857,ES
2024-12-04,-1,6077.5,6085.75,12,-509.64,-465.0,7.75,stop,610,635,-1.0959999999999999,-1.0,47.410714285714285,ES
2024-12-05,1,6103.5,6095.75,13,-519.61,-471.25,7.25,stop,600,620,-1.1026206896551725,-1.0,46.535714285714285,ES
2024-12-09,-1,6088.0,6066.0,10,1087.8,1125.0,9.5,time,615,955,2.2901052631578946,2.3684210526315788,39.55357142857143,ES
2024-12-10,1,6073.0,6060.75,8,-499.76,-470.0,11.75,stop,615,735,-1.0633191489361702,-1.0,37.214285714285715,ES
2024-12-11,1,6086.75,6092.0,7,175.21,201.25,14.0,time,605,955,0.3575714285714286,0.4107142857142857,35.267857142857146,ES
2024-12-12,-1,6070.75,6082.75,8,-489.76,-460.0,11.5,stop,605,625,-1.064695652173913,-1.0,33.642857142857146,ES
2024-12-13,-1,6071.0,6056.0,7,516.46,542.5,13.5,time,600,955,1.093037037037037,1.1481481481481481,33.785714285714285,ES
2024-12-16,1,6079.25,6068.0,9,-517.23,-483.75,10.75,stop,600,620,-1.0692093023255815,-1.0,32.785714285714285,ES
2024-12-17,-1,6045.0,6060.25,6,-464.82,-442.5,14.75,stop,610,665,-1.0504406779661017,-1.0,32.517857142857146,ES
2024-12-18,1,6132.25,6118.25,7,-498.54,-472.5,13.5,stop,600,840,-1.055111111111111,-1.0,32.69642857142857,ES
2024-12-19,-1,5969.0,5934.5,2,342.56,350.0,36.0,time,600,955,0.9515555555555556,0.9722222222222222,46.732142857142854,ES
2024-12-20,1,5933.75,6002.0,2,680.06,687.5,35.25,time,610,955,1.9292482269503544,1.950354609929078,49.05357142857143,ES
2024-12-23,-1,5971.0,6008.5,2,-377.44,-370.0,37.0,stop,605,705,-1.020108108108108,-1.0,58.607142857142854,ES
2024-12-26,1,6087.5,6094.5,4,135.12,150.0,24.0,time,650,955,0.28150000000000003,0.3125,64.51785714285714,ES
2024-12-27,-1,6025.0,6028.75,3,-59.91,-48.75,30.25,time,600,955,-0.13203305785123967,-0.10743801652892562,66.125,ES
2024-12-30,-1,5925.25,5956.0,3,-464.91,-453.75,30.25,stop,615,675,-1.0245950413223142,-1.0,72.53571428571429,ES
2024-12-31,-1,5957.0,5935.25,4,430.12,445.0,22.75,time,605,955,0.9453186813186814,0.978021978021978,77.66071428571429,ES
2025-01-02,1,5979.0,5934.25,2,-449.94,-442.5,44.25,stop,600,660,-1.016813559322034,-1.0,79.625,ES
2025-01-03,1,5966.25,5987.75,3,318.84,330.0,27.75,time,660,955,0.765981981981982,0.7927927927927928,83.57142857142857,ES
2025-01-06,1,6053.75,6028.5,4,-509.88,-495.0,24.75,stop,600,825,-1.0300606060606061,-1.0,86.91071428571429,ES
2025-01-07,-1,6005.0,5955.25,2,495.06,502.5,40.25,time,600,955,1.2299627329192546,1.2484472049689441,89.53571428571429,ES
2025-01-08,-1,5930.25,5954.25,4,-484.88,-470.0,23.5,stop,610,695,-1.0316595744680852,-1.0,94.94642857142857,ES
2025-01-10,-1,5862.0,5866.75,1,-24.97,-21.25,59.5,time,600,955,-0.0839327731092437,-0.07142857142857142,96.05357142857143,ES
2025-01-13,1,5846.75,5875.0,2,280.06,287.5,33.5,time,640,955,0.836,0.8582089552238806,88.94642857142857,ES
2025-01-14,-1,5877.25,5882.25,3,-78.66,-67.5,32.25,time,655,955,-0.1626046511627907,-0.13953488372093023,88.35714285714286,ES
2025-01-15,1,5984.75,5988.25,3,48.84,60.0,32.0,time,610,955,0.10175000000000001,0.125,82.26785714285714,ES
2025-01-16,-1,5979.25,6003.25,4,-484.88,-470.0,23.5,stop,600,665,-1.0316595744680852,-1.0,85.21428571428571,ES
2025-01-17,1,6033.5,6032.75,4,-19.88,-5.0,20.5,time,635,955,-0.048487804878048775,-0.012195121951219513,83.25,ES
2025-01-21,-1,6046.0,6072.25,3,-397.41,-386.25,25.75,stop,610,715,-1.0288932038834953,-1.0,80.69642857142857,ES
2025-01-22,1,6123.5,6120.0,8,-149.76,-120.0,12.0,time,605,955,-0.312,-0.25,75.94642857142857,ES
2025-01-23,1,6121.5,6153.25,10,1575.3,1612.5,10.0,time,640,955,3.1506,3.225,74.96428571428571,ES
2025-01-24,-1,6149.25,6133.0,7,560.21,586.25,12.75,time,610,955,1.255372549019608,1.3137254901960784,70.14285714285714,ES
2025-01-27,1,6041.25,6046.5,2,50.06,57.5,44.25,time,625,955,0.11312994350282486,0.12994350282485875,67.33928571428571,ES
2025-01-28,1,6061.5,6095.75,2,340.06,347.5,37.75,time,615,955,0.9008211920529802,0.9205298013245033,71.32142857142857,ES
2025-01-29,-1,6070.75,6068.5,5,50.15,68.75,19.5,time,695,955,0.10287179487179487,0.14102564102564102,69.28571428571429,ES
2025-01-30,-1,6075.5,6110.0,2,-347.44,-340.0,34.0,stop,625,900,-1.0218823529411765,-1.0,69.21428571428571,ES
2025-01-31,1,6134.75,6118.0,6,-509.82,-487.5,16.25,stop,600,805,-1.0457846153846153,-1.0,65.35714285714286,ES
2025-02-03,-1,5960.0,5989.75,3,-449.91,-438.75,29.25,stop,600,620,-1.0254358974358975,-1.0,67.125,ES
2025-02-04,1,6043.75,6062.25,3,273.84,285.0,25.5,time,600,955,0.7159215686274509,0.7450980392156863,70.5,ES
2025-02-05,-1,6031.25,6055.75,4,-494.88,-480.0,24.0,stop,600,665,-1.031,-1.0,65.60714285714286,ES
2025-02-06,-1,6088.0,6105.25,5,-437.35,-418.75,16.75,stop,635,950,-1.0444179104477613,-1.0,67.30357142857143,ES
2025-02-07,-1,6089.0,6049.5,2,392.56,400.0,34.0,time,600,955,1.1545882352941177,1.1764705882352942,64.67857142857143,ES
2025-02-10,1,6087.0,6088.0,5,18.9,37.5,19.0,time,605,955,0.03978947368421052,0.07894736842105263,67.30357142857143,ES
2025-02-11,1,6081.25,6092.25,5,268.9,287.5,17.0,time,625,955,0.6327058823529411,0.6764705882352942,67.51785714285714,ES
2025-02-12,1,6058.5,6072.5,2,137.56,145.0,34.5,time,620,955,0.3987246376811594,0.42028985507246375,66.48214285714286,ES
2025-02-13,1,6089.5,6135.0,5,1131.4,1150.0,19.0,time,600,955,2.3818947368421055,2.4210526315789473,68.33928571428571,ES
2025-02-14,1,6144.75,6132.25,8,-509.76,-480.0,12.0,stop,605,640,-1.062,-1.0,70.30357142857143,ES
2025-02-18,-1,6132.25,6144.75,8,-509.76,-480.0,12.0,stop,600,955,-1.062,-1.0,57.214285714285715,ES
2025-02-19,1,6138.75,6162.75,12,1425.36,1470.0,8.0,time,630,955,2.9694999999999996,3.0625,55.535714285714285,ES
2025-02-20,-1,6115.5,6137.5,2,-222.44,-215.0,34.25,time,600,955,-0.6494598540145985,-0.6277372262773723,53.92857142857143,ES
2025-02-21,-1,6111.5,6030.5,4,1615.12,1630.0,21.25,time,600,955,3.800282352941176,3.835294117647059,51.80357142857143,ES
2025-02-24,-1,6003.0,6002.5,1,1.28,5.0,56.75,time,600,955,0.004511013215859031,0.01762114537444934,51.67857142857143,ES
2025-02-25,-1,5964.75,5970.75,2,-62.44,-55.0,42.75,time,600,955,-0.14605847953216375,-0.1286549707602339,52.732142857142854,ES
2025-02-26,1,6008.25,5978.0,3,-457.41,-446.25,29.75,stop,605,780,-1.0250084033613447,-1.0,54.5,ES
2025-02-27,-1,5945.0,5877.75,1,335.03,338.75,62.0,time,600,955,1.080741935483871,1.092741935483871,57.339285714285715,ES
2025-02-28,1,5891.25,5856.75,2,-347.44,-340.0,34.0,stop,605,795,-1.0218823529411765,-1.0,61.07142857142857,ES
2025-03-03,-1,5942.0,5863.0,1,393.78,397.5,54.75,time,605,955,1.4384657534246574,1.452054794520548,66.51785714285714,ES
2025-03-04,-1,5776.5,5824.5,2,-482.44,-475.0,47.5,stop,600,835,-1.0156631578947368,-1.0,76.55357142857143,ES
2025-03-05,-1,5768.75,5813.0,2,-444.94,-437.5,43.75,stop,670,755,-1.0170057142857143,-1.0,81.05357142857143,ES
2025-03-06,1,5781.75,5753.0,3,-434.91,-423.75,28.25,stop,600,720,-1.0263362831858407,-1.0,84.69642857142857,ES
2025-03-07,-1,5717.25,5778.25,1,-306.22,-302.5,60.5,stop,630,840,-1.012297520661157,-1.0,92.64285714285714,ES
2025-03-10,-1,5675.0,5623.75,2,510.06,517.5,36.0,time,600,955,1.4168333333333334,1.4375,99.98214285714286,ES
2025-03-11,-1,5584.25,5632.75,2,-487.44,-480.0,48.0,stop,600,890,-1.0155,-1.0,112.35714285714286,ES
2025-03-12,-1,5588.5,5603.0,1,-73.72,-70.0,56.25,time,630,955,-0.26211555555555555,-0.24888888888888888,117.53571428571429,ES
2025-03-13,-1,5555.25,5528.5,2,265.06,272.5,44.5,time,685,955,0.5956404494382023,0.6123595505617978,120.0,ES
2025-03-14,1,5614.0,5637.25,2,230.06,237.5,45.25,time,655,955,0.5084198895027624,0.5248618784530387,118.69642857142857,ES
2025-03-18,-1,5613.75,5620.75,2,-72.44,-65.0,45.25,time,610,955,-0.16008839779005524,-0.143646408839779,121.98214285714286,ES
2025-03-19,1,5705.5,5730.5,3,371.34,382.5,29.5,time,600,955,0.839186440677966,0.864406779661017,122.14285714285714,ES
2025-03-20,1,5741.0,5714.25,1,-134.97,-131.25,56.25,time,600,955,-0.47989333333333334,-0.4666666666666667,123.26785714285714,ES
2025-03-21,1,5687.5,5714.25,2,265.06,272.5,33.75,time,655,955,0.7853629629629629,0.8074074074074075,120.25,ES
2025-03-24,1,5805.0,5813.25,3,120.09,131.25,28.75,time,615,955,0.2784695652173913,0.30434782608695654,112.73214285714286,ES
2025-03-25,1,5831.0,5812.5,5,-468.6,-450.0,18.0,stop,625,805,-1.0413333333333334,-1.0,111.25,ES
2025-03-26,-1,5801.5,5758.5,3,641.34,652.5,32.75,time,620,955,1.305526717557252,1.3282442748091603,104.75,ES
2025-03-27,1,5755.75,5740.25,2,-157.44,-150.0,35.5,time,600,955,-0.44349295774647884,-0.4225352112676056,101.94642857142857,ES
2025-03-28,-1,5704.25,5624.75,3,1188.84,1200.0,26.75,time,600,955,2.9628411214953267,2.9906542056074765,97.78571428571429,ES
2025-03-31,1,5579.25,5656.0,2,765.06,772.5,45.25,time,605,955,1.6907403314917127,1.707182320441989,92.05357142857143,ES
2025-04-01,-1,5618.75,5650.25,3,-476.16,-465.0,31.0,stop,605,640,-1.024,-1.0,94.14285714285714,ES
2025-04-02,1,5669.25,5709.75,1,201.28,205.0,58.25,time,600,955,0.6910901287553648,0.703862660944206,94.125,ES
2025-04-03,-1,5492.25,5436.25,2,557.56,565.0,48.0,time,600,955,1.1615833333333332,1.1770833333333333,96.55357142857143,ES
2025-04-04,-1,5238.75,5108.75,1,648.78,652.5,75.5,time,610,955,1.7186225165562914,1.728476821192053,108.05357142857143,ES
2025-04-07,1,5048.0,5098.5,1,251.28,255.0,180.75,time,620,955,0.2780414937759336,0.2821576763485477,126.5,ES
2025-04-08,1,5294.75,5230.75,1,-321.22,-317.5,63.5,stop,605,660,-1.011716535433071,-1.0,150.71428571428572,ES
2025-04-09,-1,4981.25,5070.75,1,-448.72,-445.0,89.0,stop,655,775,-1.0083595505617977,-1.0,166.05357142857142,ES
2025-04-10,-1,5329.25,5299.75,1,146.28,150.0,59.5,time,610,955,0.49169747899159666,0.5042016806722689,198.85714285714286,ES
2025-04-11,-1,5258.25,5340.75,1,-413.72,-410.0,82.0,stop,625,750,-1.0090731707317073,-1.0,218.33928571428572,ES
2025-04-14,-1,5438.25,5442.75,1,-23.72,-20.0,58.0,time,685,955,-0.08179310344827585,-0.06896551724137931,222.32142857142858,ES
2025-04-16,1,5394.5,5348.25,2,-464.94,-457.5,45.75,stop,680,810,-1.0162622950819673,-1.0,226.08928571428572,ES
2025-04-17,-1,5307.0,5340.5,3,-506.16,-495.0,33.0,stop,620,735,-1.0225454545454546,-1.0,234.44642857142858,ES
2025-04-21,-1,5213.25,5183.75,2,292.56,300.0,49.0,time,600,955,0.5970612244897959,0.6122448979591837,230.92857142857142,ES
2025-04-22,1,5275.0,5314.0,2,387.56,395.0,38.75,time,605,955,1.0001548387096775,1.0193548387096774,234.10714285714286,ES
2025-04-23,-1,5432.25,5398.5,1,167.53,171.25,64.25,time,685,955,0.5214941634241245,0.5330739299610895,238.48214285714286,ES
2025-04-24,1,5442.25,5510.25,2,677.56,685.0,43.5,time,600,955,1.5576091954022988,1.5747126436781609,242.55357142857142,ES
2025-04-25,-1,5488.75,5525.0,2,-364.94,-357.5,35.75,stop,625,740,-1.0208111888111888,-1.0,231.14285714285714,ES
2025-04-28,-1,5537.25,5551.75,2,-147.44,-140.0,41.25,time,665,955,-0.35743030303030304,-0.3393939393939394,212.66071428571428,ES
2025-04-29,1,5564.5,5583.25,2,185.06,192.5,36.5,time,605,955,0.507013698630137,0.5273972602739726,188.89285714285714,ES
2025-04-30,1,5519.0,5583.75,1,322.53,326.25,63.25,time,660,955,1.0198577075098814,1.0316205533596838,167.80357142857142,ES
2025-05-01,1,5659.0,5627.0,3,-483.66,-472.5,31.5,stop,620,955,-1.0236190476190477,-1.0,140.03571428571428,ES
2025-05-02,1,5703.5,5705.75,2,20.06,27.5,40.25,time,625,955,0.04983850931677018,0.06832298136645963,122.58928571428571,ES
2025-05-05,1,5674.0,5674.25,5,0.15000000000000036,18.75,18.5,time,605,955,0.00032432432432432507,0.04054054054054054,117.80357142857143,ES
2025-05-06,1,5637.0,5625.25,3,-179.91,-168.75,29.75,time,615,955,-0.4031596638655462,-0.37815126050420167,113.83928571428571,ES
2025-05-07,1,5653.25,5631.0,4,-449.88,-435.0,21.75,stop,605,650,-1.0342068965517242,-1.0,113.98214285714286,ES
2025-05-08,-1,5670.5,5693.5,4,-464.88,-450.0,22.5,stop,605,680,-1.0330666666666666,-1.0,107.0,ES
2025-05-09,-1,5692.0,5678.0,5,343.9,362.5,17.75,time,615,955,0.7749859154929577,0.8169014084507042,108.30357142857143,ES
2025-05-12,-1,5818.0,5853.0,2,-352.44,-345.0,34.5,stop,625,785,-1.0215652173913043,-1.0,98.58928571428571,ES
2025-05-13,1,5893.0,5903.25,3,150.09,161.25,29.25,time,600,955,0.3420854700854701,0.36752136752136755,100.92857142857143,ES
2025-05-14,-1,5895.75,5909.75,3,-213.66,-202.5,29.0,time,660,955,-0.49117241379310345,-0.46551724137931033,92.21428571428571,ES
2025-05-15,1,5902.5,5938.0,5,881.4,900.0,17.75,time,600,955,1.9862535211267605,2.028169014084507,86.01785714285714,ES
2025-05-16,1,5946.25,5931.5,7,-524.79,-498.75,14.25,stop,615,640,-1.0522105263157895,-1.0,85.0,ES
2025-05-19,1,5951.5,5981.0,2,292.56,300.0,39.0,time,600,955,0.7501538461538462,0.7692307692307693,82.57142857142857,ES
2025-05-20,1,5968.0,5950.5,5,-443.6,-425.0,17.0,stop,635,860,-1.043764705882353,-1.0,82.98214285714286,ES
2025-05-21,1,5936.0,5913.25,4,-459.88,-445.0,22.25,stop,605,795,-1.033438202247191,-1.0,76.07142857142857,ES
2025-05-22,1,5875.25,5858.25,3,-258.66,-247.5,32.25,time,600,955,-0.5346976744186047,-0.5116279069767442,77.0,ES
2025-05-23,1,5808.0,5816.75,3,127.59,138.75,27.25,time,610,955,0.3121467889908257,0.3394495412844037,73.60714285714286,ES
2025-05-27,1,5893.0,5935.75,4,850.12,865.0,24.5,time,600,955,1.7349387755102041,1.7653061224489797,76.14285714285714,ES
2025-05-28,-1,5928.75,5901.75,4,535.12,550.0,23.5,time,610,955,1.1385531914893616,1.1702127659574468,75.53571428571429,ES
2025-05-29,-1,5914.5,5923.5,2,-92.44,-85.0,41.5,time,605,955,-0.22274698795180722,-0.20481927710843373,73.08928571428571,ES
2025-05-30,1,5913.75,5884.75,3,-438.66,-427.5,28.5,stop,610,745,-1.0261052631578949,-1.0,74.85714285714286,ES
2025-06-02,-1,5879.0,5918.0,2,-392.44,-385.0,38.5,stop,600,710,-1.0193246753246754,-1.0,67.07142857142857,ES
2025-06-03,1,5954.25,5981.25,7,936.46,962.5,13.5,time,615,955,1.981925925925926,2.037037037037037,68.14285714285714,ES
2025-06-04,-1,5985.75,5999.0,7,-472.29,-446.25,12.75,stop,600,845,-1.0583529411764707,-1.0,69.42857142857143,ES
2025-06-05,1,6002.5,5957.25,2,-454.94,-447.5,44.75,stop,675,855,-1.0166256983240223,-1.0,66.91071428571429,ES
2025-06-06,-1,5996.0,6006.75,3,-164.91,-153.75,28.75,time,675,955,-0.3824,-0.3565217391304348,68.875,ES
2025-06-09,1,6016.0,6009.75,6,-194.82,-172.5,15.75,time,630,955,-0.4123174603174603,-0.36507936507936506,69.01785714285714,ES
2025-06-10,1,6026.75,6015.5,9,-517.23,-483.75,10.75,stop,620,690,-1.0692093023255815,-1.0,67.10714285714286,ES
2025-06-11,1,6059.25,6035.5,4,-479.88,-465.0,23.25,stop,615,740,-1.032,-1.0,62.32142857142857,ES
2025-06-12,1,6028.5,6050.25,5,537.65,556.25,19.75,time,605,955,1.0889113924050633,1.1265822784810127,62.767857142857146,ES
2025-06-13,-1,5988.75,6015.0,3,-397.41,-386.25,25.75,stop,615,680,-1.0288932038834953,-1.0,60.232142857142854,ES
2025-06-16,1,6045.5,6037.75,3,-119.91,-108.75,31.75,time,600,955,-0.25177952755905514,-0.2283464566929134,60.892857142857146,ES
2025-06-17,1,6021.25,6006.25,6,-457.32,-435.0,14.5,stop,605,775,-1.0513103448275862,-1.0,61.232142857142854,ES
2025-06-18,1,6057.5,6034.25,4,-469.88,-455.0,22.75,stop,605,895,-1.0327032967032967,-1.0,61.464285714285715,ES
2025-06-20,-1,6045.75,6017.0,4,570.12,585.0,25.0,time,605,955,1.14024,1.17,61.67857142857143,ES
2025-06-23,1,6048.25,6010.25,2,-382.44,-375.0,37.5,stop,600,750,-1.01984,-1.0,62.69642857142857,ES
2025-06-24,1,6133.25,6143.5,5,250.15,268.75,19.5,time,680,955,0.5131282051282051,0.5512820512820513,65.21428571428571,ES
2025-06-25,-1,6148.25,6147.75,8,10.24,40.0,11.75,time,660,955,0.021787234042553193,0.0851063829787234,69.05357142857143,ES
2025-06-26,1,6170.5,6196.0,9,1136.52,1170.0,11.0,time,600,955,2.296,2.3636363636363638,65.42857142857143,ES
2025-06-27,1,6226.25,6201.75,4,-494.88,-480.0,24.0,stop,600,860,-1.031,-1.0,63.660714285714285,ES
2025-06-30,-1,6233.5,6249.0,6,-472.32,-450.0,15.0,stop,635,920,-1.0496,-1.0,65.66071428571429,ES
2025-07-01,1,6250.75,6233.75,6,-517.32,-495.0,16.5,stop,615,645,-1.0450909090909093,-1.0,65.5,ES
2025-07-02,1,6249.0,6275.0,9,1159.02,1192.5,10.5,time,600,955,2.452952380952381,2.5238095238095237,63.75,ES
2025-07-07,-1,6295.75,6275.75,7,691.46,717.5,13.75,time,610,955,1.4368,1.490909090909091,59.285714285714285,ES
2025-07-08,-1,6272.25,6284.5,8,-499.76,-470.0,11.75,stop,600,745,-1.0633191489361702,-1.0,59.44642857142857,ES
2025-07-09,-1,6292.5,6307.25,4,-299.88,-285.0,22.5,time,630,955,-0.6664,-0.6333333333333333,54.982142857142854,ES
2025-07-10,1,6314.75,6324.25,5,231.4,250.0,17.5,time,640,955,0.5289142857142858,0.5714285714285714,53.464285714285715,ES
2025-07-11,1,6299.5,6298.75,4,-19.88,-5.0,20.75,time,610,955,-0.047903614457831326,-0.012048192771084338,49.660714285714285,ES
2025-07-14,1,6298.25,6310.5,5,300.15,318.75,17.5,time,620,955,0.6860571428571428,0.7285714285714285,46.642857142857146,ES
2025-07-15,-1,6316.75,6282.5,4,680.12,695.0,24.75,time,600,955,1.373979797979798,1.404040404040404,43.5,ES
2025-07-16,-1,6280.25,6302.25,4,-444.88,-430.0,21.5,stop,650,895,-1.0346046511627907,-1.0,45.660714285714285,ES
2025-07-17,1,6325.5,6342.0,4,325.12,340.0,23.25,time,665,955,0.6991827956989247,0.7311827956989247,46.75,ES
2025-07-18,-1,6339.0,6335.0,7,131.46,157.5,13.0,time,610,955,0.28892307692307695,0.34615384615384615,45.875,ES
2025-07-21,1,6367.75,6344.25,4,-474.88,-460.0,23.0,stop,600,945,-1.0323478260869565,-1.0,45.017857142857146,ES
2025-07-23,1,6375.0,6398.75,4,470.12,485.0,20.75,time,710,955,1.1328192771084338,1.1686746987951808,45.160714285714285,ES
2025-07-24,1,6410.75,6401.5,7,-332.29,-306.25,14.25,time,645,955,-0.6662456140350878,-0.6140350877192983,44.857142857142854,ES
2025-07-25,1,6411.75,6425.5,11,742.83,783.75,9.0,time,635,955,1.5006666666666668,1.5833333333333333,43.267857142857146,ES
2025-07-28,1,6433.75,6424.0,10,-499.7,-462.5,9.25,stop,610,675,-1.0804324324324324,-1.0,40.82142857142857,ES
2025-07-29,-1,6425.0,6406.25,6,555.18,577.5,14.75,time,640,955,1.25464406779661,1.305084745762712,40.767857142857146,ES
2025-07-30,1,6418.5,6404.75,7,-489.79,-463.75,13.25,stop,620,670,-1.0561509433962264,-1.0,40.69642857142857,ES
2025-07-31,-1,6424.0,6371.25,3,787.59,798.75,26.75,time,650,955,1.9628411214953272,1.9906542056074767,42.375,ES
2025-08-01,-1,6257.25,6263.75,1,-33.72,-30.0,54.0,time,600,955,-0.12488888888888888,-0.1111111111111111,45.714285714285715,ES
2025-08-04,1,6341.25,6356.75,2,152.56,160.0,39.0,time,625,955,0.3911794871794872,0.41025641025641024,52.642857142857146,ES
2025-08-05,-1,6352.5,6325.5,5,668.9,687.5,19.0,time,600,955,1.4082105263157894,1.4473684210526316,55.160714285714285,ES
2025-08-06,1,6348.0,6327.0,4,-424.88,-410.0,20.5,stop,600,620,-1.0362926829268293,-1.0,54.339285714285715,ES
2025-08-07,-1,6393.25,6367.75,4,505.12,520.0,21.0,time,605,955,1.2026666666666668,1.2380952380952381,55.107142857142854,ES
2025-08-08,1,6406.5,6413.75,3,105.09,116.25,26.5,time,600,955,0.26437735849056604,0.29245283018867924,58.660714285714285,ES
2025-08-11,1,6421.25,6409.75,9,-528.48,-495.0,11.0,stop,615,645,-1.0676363636363637,-1.0,59.535714285714285,ES
2025-08-12,1,6443.5,6467.25,3,352.59,363.75,33.0,time,660,955,0.7123030303030302,0.7348484848484849,60.17857142857143,ES
2025-08-13,-1,6482.0,6489.25,4,-149.88,-135.0,20.25,time,625,955,-0.37007407407407406,-0.3333333333333333,61.339285714285715,ES
2025-08-14,1,6484.75,6488.5,4,70.12,85.0,21.75,time,615,955,0.1611954022988506,0.19540229885057472,62.32142857142857,ES
2025-08-15,-1,6472.5,6471.75,3,7.59,18.75,25.25,time,650,955,0.02003960396039604,0.04950495049504951,62.607142857142854,ES
2025-08-19,1,6476.5,6454.5,4,-444.88,-430.0,21.5,stop,600,640,-1.0346046511627907,-1.0,61.55357142857143,ES
2025-08-20,-1,6377.0,6414.0,1,-186.22,-182.5,53.5,time,605,955,-0.6961495327102803,-0.6822429906542056,61.125,ES
2025-08-21,1,6400.25,6375.25,4,-504.88,-490.0,24.5,stop,600,795,-1.0303673469387755,-1.0,59.5,ES
2025-08-22,1,6460.0,6483.0,1,113.78,117.5,57.25,time,600,955,0.39748471615720526,0.4104803493449782,53.214285714285715,ES
2025-08-25,1,6474.5,6463.5,9,-505.98,-472.5,10.5,stop,605,945,-1.070857142857143,-1.0,54.142857142857146,ES
2025-08-26,1,6460.75,6480.75,6,592.68,615.0,16.0,time,620,955,1.2347499999999998,1.28125,52.267857142857146,ES
2025-08-27,1,6485.25,6494.0,8,340.24,370.0,12.25,time,605,955,0.6943673469387756,0.7551020408163265,51.285714285714285,ES
2025-08-29,-1,6470.25,6475.5,3,-82.41,-71.25,32.25,time,600,955,-0.17035658914728682,-0.14728682170542637,47.035714285714285,ES
2025-09-02,1,6418.0,6383.0,2,-352.44,-345.0,34.5,stop,625,695,-1.0215652173913043,-1.0,44.44642857142857,ES
2025-09-03,-1,6437.75,6454.75,6,-517.32,-495.0,16.5,stop,610,630,-1.0450909090909093,-1.0,49.839285714285715,ES
2025-09-04,-1,6462.0,6475.0,8,-529.76,-500.0,12.5,stop,600,630,-1.05952,-1.0,50.19642857142857,ES
2025-09-05,-1,6524.0,6491.25,5,812.65,831.25,17.5,time,600,955,1.8574857142857142,1.9,51.625,ES
2025-09-08,-1,6497.0,6509.25,8,-499.76,-470.0,11.75,stop,615,630,-1.0633191489361702,-1.0,56.75,ES
2025-09-09,-1,6493.25,6513.0,5,-499.85,-481.25,19.25,stop,630,790,-1.0386493506493506,-1.0,54.55357142857143,ES
2025-09-10,1,6558.25,6543.5,7,-524.79,-498.75,14.25,stop,600,675,-1.0522105263157895,-1.0,52.19642857142857,ES
2025-09-11,1,6573.75,6592.0,4,360.12,375.0,21.5,time,600,955,0.8374883720930233,0.872093023255814,52.035714285714285,ES
2025-09-12,1,6595.75,6584.75,9,-505.98,-472.5,10.5,stop,605,940,-1.070857142857143,-1.0,48.660714285714285,ES
2025-09-15,1,6620.25,6607.5,8,-519.76,-490.0,12.25,stop,625,800,-1.060734693877551,-1.0,48.160714285714285,ES
2025-09-16,-1,6612.0,6611.75,5,0.15000000000000036,18.75,18.0,time,600,955,0.00033333333333333414,0.041666666666666664,47.82142857142857,ES
2025-09-17,-1,6664.0,6676.0,8,-489.76,-460.0,11.5,stop,600,840,-1.064695652173913,-1.0,47.55357142857143,ES
2025-09-18,1,6695.75,6692.0,3,-59.91,-48.75,25.25,time,600,955,-0.15817821782178218,-0.12871287128712872,49.92857142857143,ES
2025-09-19,-1,6695.5,6711.5,6,-487.32,-465.0,15.5,stop,660,740,-1.048,-1.0,49.660714285714285,ES
2025-09-22,1,6721.0,6751.5,6,907.68,930.0,15.0,time,605,955,2.0170666666666666,2.066666666666667,51.660714285714285,ES
2025-09-23,-1,6747.25,6716.0,11,1705.33,1746.25,9.0,time,620,955,3.445111111111111,3.5277777777777777,47.357142857142854,ES
2025-09-24,-1,6703.5,6692.25,4,220.12,235.0,24.75,time,690,955,0.4446868686868687,0.47474747474747475,48.535714285714285,ES
2025-09-25,1,6661.0,6631.0,3,-453.66,-442.5,29.5,stop,610,840,-1.025220338983051,-1.0,48.107142857142854,ES
2025-09-26,-1,6666.25,6698.5,3,-487.41,-476.25,31.75,stop,620,865,-1.0234330708661419,-1.0,46.535714285714285,ES
2025-09-29,1,6730.0,6715.5,7,-516.04,-490.0,14.0,stop,605,670,-1.0531428571428572,-1.0,47.982142857142854,ES
2025-09-30,-1,6695.0,6710.5,6,-472.32,-450.0,15.0,stop,635,645,-1.0496,-1.0,47.839285714285715,ES
2025-10-01,1,6730.75,6760.25,3,438.84,450.0,25.25,time,625,955,1.1586534653465346,1.188118811881188,48.5,ES
2025-10-02,-1,6760.0,6767.0,5,-181.1,-162.5,20.0,time,610,955,-0.36219999999999997,-0.325,48.75,ES
2025-10-03,1,6789.25,6771.25,5,-456.1,-437.5,17.5,stop,630,825,-1.0425142857142857,-1.0,49.875,ES
2025-10-06,-1,6767.5,6789.0,4,-434.88,-420.0,21.0,stop,605,705,-1.0354285714285714,-1.0,50.607142857142854,ES
2025-10-07,-1,6789.5,6762.75,8,1060.24,1090.0,12.0,time,600,955,2.208833333333333,2.2708333333333335,51.089285714285715,ES
2025-10-08,1,6784.0,6801.75,5,437.65,456.25,19.25,time,600,955,0.9094025974025973,0.948051948051948,49.589285714285715,ES
2025-10-09,-1,6784.5,6781.5,4,55.12,70.0,24.75,time,620,955,0.11135353535353534,0.1414141414141414,48.375,ES
2025-10-10,-1,6757.5,6595.25,2,1620.06,1627.5,48.75,time,655,955,3.3232,3.3384615384615386,48.69642857142857,ES
2025-10-13,1,6695.25,6661.5,3,-509.91,-498.75,33.25,stop,600,665,-1.0223759398496242,-1.0,60.392857142857146,ES
2025-10-14,1,6638.25,6685.75,2,472.56,480.0,44.75,time,600,955,1.056,1.0726256983240223,64.80357142857143,ES
2025-10-15,1,6754.0,6724.0,3,-453.66,-442.5,29.5,stop,600,695,-1.025220338983051,-1.0,70.42857142857143,ES
2025-10-16,-1,6720.75,6744.5,4,-479.88,-465.0,23.25,stop,610,640,-1.032,-1.0,73.82142857142857,ES
2025-10-17,1,6691.25,6641.25,2,-502.44,-495.0,49.5,stop,610,695,-1.015030303030303,-1.0,78.96428571428571,ES
2025-10-20,1,6757.75,6773.0,4,300.12,315.0,24.5,time,605,955,0.6124897959183674,0.6428571428571429,82.0,ES
2025-10-21,1,6780.75,6771.75,5,-231.1,-212.5,19.0,time,650,955,-0.4865263157894737,-0.4473684210526316,84.05357142857143,ES
2025-10-22,-1,6763.0,6737.25,6,765.18,787.5,16.0,time,620,955,1.5941249999999998,1.640625,81.64285714285714,ES
2025-10-24,1,6839.75,6827.0,3,-194.91,-183.75,27.0,time,680,955,-0.4812592592592593,-0.4537037037037037,85.46428571428571,ES
2025-10-27,1,6889.75,6907.25,8,690.24,720.0,12.5,time,600,955,1.38048,1.44,87.875,ES
2025-10-28,-1,6906.0,6927.5,4,-434.88,-420.0,21.0,stop,700,750,-1.0354285714285714,-1.0,90.01785714285714,ES
2025-10-29,-1,6935.5,6928.25,6,210.18,232.5,16.0,time,645,955,0.437875,0.484375,90.08928571428571,ES
2025-10-31,-1,6877.5,6872.25,4,100.12,115.0,24.75,time,600,955,0.20226262626262628,0.23232323232323232,81.64285714285714,ES
2025-11-03,-1,6871.25,6885.5,2,-144.94,-137.5,38.0,time,600,955,-0.38142105263157894,-0.3618421052631579,77.53571428571429,ES
2025-11-04,1,6839.75,6795.5,2,-444.94,-437.5,43.75,stop,600,880,-1.0170057142857143,-1.0,72.58928571428571,ES
2025-11-05,1,6825.25,6824.0,2,-14.94,-7.5,35.25,time,605,955,-0.042382978723404255,-0.02127659574468085,70.82142857142857,ES
2025-11-06,-1,6772.5,6750.25,2,220.06,227.5,48.75,time,600,955,0.45140512820512824,0.4666666666666667,67.21428571428571,ES
2025-11-07,-1,6686.0,6724.0,2,-382.44,-375.0,37.5,stop,640,875,-1.01984,-1.0,68.16071428571429,ES
2025-11-10,-1,6811.75,6835.75,4,-484.88,-470.0,23.5,stop,650,770,-1.0316595744680852,-1.0,69.64285714285714,ES
2025-11-11,-1,6832.0,6852.25,5,-512.35,-493.75,19.75,stop,615,735,-1.0376708860759494,-1.0,75.5,ES
2025-11-12,-1,6872.25,6876.25,4,-84.88,-70.0,20.25,time,620,955,-0.20958024691358024,-0.1728395061728395,72.69642857142857,ES
2025-11-13,-1,6813.5,6762.25,2,510.06,517.5,35.5,time,640,955,1.4367887323943662,1.4577464788732395,72.05357142857143,ES
2025-11-14,1,6736.5,6757.75,1,105.03,108.75,65.75,time,625,955,0.3194828897338403,0.33079847908745247,76.58928571428571,ES
2025-11-17,-1,6723.5,6694.0,1,146.28,150.0,51.0,time,670,955,0.5736470588235294,0.5882352941176471,79.48214285714286,ES
2025-11-18,-1,6605.5,6679.25,1,-369.97,-366.25,73.25,stop,600,775,-1.0101569965870307,-1.0,84.80357142857143,ES
2025-11-19,1,6697.0,6635.5,1,-308.72,-305.0,61.0,stop,600,750,-1.0121967213114755,-1.0,86.94642857142857,ES
2025-11-20,1,6788.75,6760.0,3,-434.91,-423.75,28.25,stop,635,660,-1.0263362831858407,-1.0,87.76785714285714,ES
2025-11-21,-1,6561.75,6596.25,2,-347.44,-340.0,34.0,stop,625,695,-1.0218823529411765,-1.0,100.60714285714286,ES
2025-11-24,1,6691.0,6718.5,2,272.56,280.0,44.0,time,630,955,0.6194545454545455,0.6363636363636364,106.21428571428571,ES
2025-11-25,1,6734.5,6780.0,1,226.28,230.0,59.75,time,640,955,0.7574225941422594,0.7698744769874477,107.55357142857143,ES
2025-11-26,1,6824.75,6825.0,4,0.1200000000000001,15.0,24.5,time,655,955,0.0002448979591836737,0.030612244897959183,111.125,ES
2025-12-01,1,6846.5,6828.75,2,-179.94,-172.5,33.5,time,700,955,-0.537134328358209,-0.5149253731343284,97.25,ES
2025-12-02,1,6855.75,6839.5,6,-494.82,-472.5,15.75,stop,600,625,-1.0472380952380953,-1.0,96.91071428571429,ES
2025-12-03,1,6846.0,6862.25,3,240.09,251.25,25.5,time,600,955,0.627686274509804,0.6568627450980392,97.25,ES
2025-12-04,-1,6849.5,6867.75,3,-277.41,-266.25,27.0,time,660,955,-0.684962962962963,-0.6574074074074074,91.75,ES
2025-12-05,1,6897.25,6873.75,4,-474.88,-460.0,23.0,stop,600,690,-1.0323478260869565,-1.0,85.71428571428571,ES
2025-12-08,-1,6868.25,6856.75,5,281.4,300.0,17.75,time,610,955,0.6341408450704225,0.676056338028169,80.16071428571429,ES
2025-12-09,1,6865.0,6847.0,5,-456.1,-437.5,17.5,stop,600,950,-1.0425142857142857,-1.0,76.67857142857143,ES
2025-12-10,1,6854.5,6891.75,4,740.12,755.0,23.5,time,675,955,1.574723404255319,1.6063829787234043,72.48214285714286,ES
2025-12-11,1,6881.5,6907.75,2,260.06,267.5,42.0,time,620,955,0.6191904761904762,0.6369047619047619,60.94642857142857,ES
2025-12-12,-1,6880.75,6831.5,4,980.12,995.0,22.0,time,600,955,2.2275454545454547,2.2613636363636362,56.142857142857146,ES
2025-12-15,-1,6828.25,6821.0,2,70.06,77.5,43.25,time,600,955,0.1619884393063584,0.1791907514450867,55.69642857142857,ES
2025-12-16,-1,6785.5,6800.5,2,-152.44,-145.0,37.25,time,620,955,-0.40923489932885904,-0.38926174496644295,51.94642857142857,ES
2025-12-17,-1,6834.0,6777.25,2,565.06,572.5,37.0,time,635,955,1.5271891891891891,1.5472972972972974,51.607142857142854,ES
2025-12-18,1,6854.5,6820.25,2,-344.94,-337.5,33.75,stop,625,735,-1.0220444444444445,-1.0,57.964285714285715,ES
2025-12-19,1,6884.0,6888.25,2,40.06,47.5,38.0,time,600,955,0.10542105263157896,0.125,62.19642857142857,ES
2025-12-22,-1,6910.75,6928.0,5,-437.35,-418.75,16.75,stop,635,670,-1.0444179104477613,-1.0,63.67857142857143,ES
2025-12-23,1,6945.0,6960.0,3,221.34,232.5,26.0,time,655,955,0.5675384615384615,0.5961538461538461,63.839285714285715,ES
2025-12-26,-1,6975.5,6980.25,5,-124.85,-106.25,18.25,time,610,955,-0.27364383561643835,-0.2328767123287671,62.57142857142857,ES
2025-12-29,-1,6946.0,6955.25,4,-189.88,-175.0,21.5,time,605,955,-0.4415813953488372,-0.4069767441860465,61.607142857142854,ES
2025-12-30,-1,6942.75,6961.0,5,-462.35,-443.75,17.75,stop,630,680,-1.0419154929577465,-1.0,61.107142857142854,ES
2025-12-31,-1,6923.5,6892.0,4,625.12,640.0,23.75,time,615,955,1.316042105263158,1.3473684210526315,60.57142857142857,ES
2026-01-02,-1,6908.0,6900.5,3,108.84,120.0,31.0,time,615,955,0.23406451612903226,0.25806451612903225,59.142857142857146,ES
2026-01-05,1,6948.25,6945.75,6,-82.32,-60.0,15.25,time,615,955,-0.17993442622950817,-0.13114754098360656,59.267857142857146,ES
2026-01-06,1,6970.75,6986.0,4,300.12,315.0,25.0,time,605,955,0.60024,0.63,56.42857142857143,ES
2026-01-07,-1,6982.75,6998.5,6,-479.82,-457.5,15.25,stop,610,700,-1.0487868852459017,-1.0,55.035714285714285,ES
2026-01-08,1,6964.0,6960.5,4,-74.88,-60.0,23.75,time,605,955,-0.1576421052631579,-0.12631578947368421,54.017857142857146,ES
2026-01-09,-1,6959.5,6987.5,3,-423.66,-412.5,27.5,stop,605,620,-1.0270545454545454,-1.0,49.5,ES
2026-01-12,1,7004.75,7015.75,2,107.56,115.0,35.75,time,665,955,0.30086713286713285,0.32167832167832167,47.125,ES
2026-01-13,-1,7000.25,7001.0,4,-19.88,-5.0,23.75,time,600,955,-0.041852631578947364,-0.010526315789473684,46.5,ES
2026-01-14,-1,6944.25,6968.25,2,-242.44,-235.0,35.25,time,600,955,-0.6877730496453901,-0.6666666666666666,46.482142857142854,ES
2026-01-15,1,7011.25,6994.25,6,-517.32,-495.0,16.5,stop,660,870,-1.0450909090909093,-1.0,48.80357142857143,ES
2026-01-16,-1,6975.25,6976.75,3,-26.16,-15.0,26.75,time,615,955,-0.06519626168224299,-0.037383177570093455,50.125,ES
2026-01-20,-1,6867.5,6890.5,4,-464.88,-450.0,22.5,stop,605,620,-1.0330666666666666,-1.0,54.535714285714285,ES
2026-01-21,1,6884.5,6845.25,2,-394.94,-387.5,38.75,stop,615,730,-1.0191999999999999,-1.0,59.55357142857143,ES
2026-01-22,-1,6929.75,6964.75,2,-352.44,-345.0,34.5,stop,600,750,-1.0215652173913043,-1.0,63.42857142857143,ES
2026-01-23,1,6946.75,6945.25,4,-34.88,-20.0,21.5,time,600,955,-0.08111627906976744,-0.046511627906976744,62.357142857142854,ES
2026-01-26,1,6984.75,6980.5,3,-67.41,-56.25,32.5,time,615,955,-0.13827692307692308,-0.11538461538461539,60.625,ES
2026-01-27,1,7008.75,7008.5,4,-9.879999999999999,5.0,20.25,time,635,955,-0.02439506172839506,0.012345679012345678,60.910714285714285,ES
2026-01-28,-1,7018.25,7006.75,8,450.24,480.0,12.5,time,605,955,0.9004800000000001,0.96,60.214285714285715,ES
2026-01-29,-1,6954.25,6990.0,1,-179.97,-176.25,67.0,time,600,955,-0.5372238805970149,-0.5261194029850746,60.732142857142854,ES
2026-01-30,-1,6958.5,6968.25,3,-149.91,-138.75,26.75,time,675,955,-0.373607476635514,-0.34579439252336447,65.125,ES
2026-02-02,1,6993.25,7002.75,1,46.28,50.0,51.25,time,605,955,0.1806048780487805,0.1951219512195122,66.26785714285714,ES
2026-02-03,-1,6975.25,6940.75,2,342.56,350.0,41.5,time,600,955,0.8254457831325301,0.8433734939759037,68.26785714285714,ES
2026-02-04,-1,6918.0,6906.5,2,112.56,120.0,42.5,time,600,955,0.26484705882352944,0.2823529411764706,72.07142857142857,ES
2026-02-05,-1,6812.0,6818.0,1,-31.22,-27.5,69.0,time,610,955,-0.0904927536231884,-0.07971014492753623,75.57142857142857,ES
2026-02-06,1,6911.25,6948.5,1,185.03,188.75,60.75,time,660,955,0.6091522633744856,0.6213991769547325,80.07142857142857,ES
2026-02-09,1,6959.5,6980.0,2,202.56,210.0,35.0,time,610,955,0.5787428571428571,0.6,84.26785714285714,ES
2026-02-10,1,7003.0,6974.75,3,-427.41,-416.25,27.75,stop,605,805,-1.026810810810811,-1.0,83.21428571428571,ES
2026-02-11,-1,6976.25,6959.0,2,170.06,177.5,35.0,time,600,955,0.4858857142857143,0.5071428571428571,78.78571428571429,ES
2026-02-12,-1,6958.0,6850.75,2,1070.06,1077.5,34.5,time,630,955,3.1016231884057968,3.1231884057971016,80.39285714285714,ES
2026-02-13,1,6864.5,6849.75,1,-74.97,-71.25,55.5,time,625,955,-0.27016216216216216,-0.25675675675675674,88.375,ES
2026-02-16,1,6862.75,6846.0,6,-509.82,-487.5,16.25,stop,600,630,-1.0457846153846153,-1.0,91.16071428571429,ES
2026-02-17,-1,6794.0,6862.25,1,-342.47,-338.75,67.75,stop,630,675,-1.0109815498154981,-1.0,90.10714285714286,ES
2026-02-18,1,6910.5,6895.25,2,-154.94,-147.5,48.75,time,600,955,-0.31782564102564104,-0.30256410256410254,93.89285714285714,ES
2026-02-20,1,6900.5,6924.5,1,118.78,122.5,53.0,time,600,955,0.44822641509433964,0.46226415094339623,87.91071428571429,ES
2026-02-23,-1,6882.25,6854.25,2,277.56,285.0,47.75,time,600,955,0.5812774869109948,0.5968586387434555,88.53571428571429,ES
2026-02-24,1,6892.75,6903.0,1,50.03,53.75,64.0,time,625,955,0.15634375,0.16796875,86.16071428571429,ES
2026-02-25,1,6951.5,6959.25,4,150.12,165.0,21.5,time,705,955,0.34911627906976744,0.38372093023255816,85.16071428571429,ES
2026-02-26,-1,6930.75,6921.75,3,131.34,142.5,30.25,time,600,955,0.28945454545454546,0.3140495867768595,82.14285714285714,ES
2026-02-27,1,6872.5,6888.0,3,228.84,240.0,30.75,time,605,955,0.49613008130081304,0.5203252032520326,78.05357142857143,ES
2026-03-02,1,6867.25,6887.0,1,97.53,101.25,62.5,time,600,955,0.312096,0.324,78.32142857142857,ES
2026-03-03,-1,6732.5,6794.25,1,-309.97,-306.25,61.25,stop,615,705,-1.0121469387755102,-1.0,82.41071428571429,ES
2026-03-04,1,6867.5,6872.75,2,50.06,57.5,49.5,time,615,955,0.10113131313131314,0.11616161616161616,88.69642857142857,ES
2026-03-05,-1,6831.5,6835.25,2,-39.94,-32.5,41.25,time,620,955,-0.09682424242424242,-0.07878787878787878,83.375,ES
2026-03-06,1,6760.25,6742.25,2,-182.44,-175.0,44.25,time,625,955,-0.41229378531073446,-0.3954802259887006,84.19642857142857,ES
2026-03-09,1,6694.25,6801.5,2,1070.06,1077.5,49.75,time,645,955,2.150874371859296,2.1658291457286434,91.07142857142857,ES
2026-03-10,-1,6766.25,6806.25,2,-402.44,-395.0,39.5,stop,605,630,-1.0188354430379747,-1.0,97.125,ES
2026-03-11,-1,6771.5,6802.25,3,-464.91,-453.75,30.25,stop,630,660,-1.0245950413223142,-1.0,98.75,ES
2026-03-12,-1,6696.0,6676.5,2,192.56,200.0,35.75,time,625,955,0.5386293706293707,0.5594405594405595,100.21428571428571,ES
2026-03-13,-1,6702.25,6637.25,2,647.56,655.0,35.0,time,610,955,1.8501714285714284,1.8714285714285714,101.66071428571429,ES
2026-03-16,1,6723.75,6690.25,3,-506.16,-495.0,33.0,stop,620,650,-1.0225454545454546,-1.0,102.58928571428571,ES
2026-03-17,-1,6731.0,6720.75,3,150.09,161.25,26.25,time,665,955,0.3811809523809524,0.4095238095238095,103.51785714285714,ES
2026-03-18,-1,6733.75,6677.5,3,840.09,851.25,25.75,time,610,955,2.174990291262136,2.203883495145631,102.94642857142857,ES
2026-03-19,1,6655.0,6658.5,2,32.56,40.0,43.0,time,670,955,0.07572093023255815,0.09302325581395349,102.625,ES
2026-03-20,-1,6604.5,6563.0,2,412.56,420.0,38.25,time,605,955,1.0785882352941176,1.0980392156862746,102.64285714285714,ES
2026-03-23,1,6690.25,6637.75,1,-263.72,-260.0,52.0,stop,615,715,-1.0143076923076924,-1.0,104.66071428571429,ES
2026-03-24,1,6609.75,6606.75,2,-32.44,-25.0,36.0,time,605,955,-0.0901111111111111,-0.06944444444444445,102.76785714285714,ES
2026-03-25,-1,6625.5,6642.25,1,-84.97,-81.25,59.0,time,675,955,-0.28803389830508475,-0.2754237288135593,102.5,ES
2026-04-01,1,6630.5,6619.25,3,-172.41,-161.25,32.25,time,645,955,-0.35640310077519377,-0.3333333333333333,108.14285714285714,ES
2026-04-02,1,6567.25,6623.0,1,277.53,281.25,52.75,time,615,955,1.0522464454976301,1.066350710900474,106.73214285714286,ES
2026-04-06,1,6651.0,6652.75,3,22.59,33.75,33.0,time,620,955,0.045636363636363635,0.06818181818181818,108.14285714285714,ES
2026-04-07,-1,6597.0,6639.25,2,-424.94,-417.5,41.75,stop,600,815,-1.0178203592814372,-1.0,104.28571428571429,ES
2026-04-08,-1,6802.5,6823.75,2,-214.94,-207.5,34.0,time,630,955,-0.6321764705882353,-0.6102941176470589,106.58928571428571,ES
2026-04-09,-1,6808.0,6822.0,7,-498.54,-472.5,13.5,stop,615,670,-1.055111111111111,-1.0,113.39285714285714,ES
2026-04-10,1,6882.25,6863.75,5,-468.6,-450.0,18.0,stop,680,700,-1.0413333333333334,-1.0,112.96428571428571,ES
2026-04-13,1,6861.5,6921.0,2,592.56,600.0,34.75,time,640,955,1.705208633093525,1.7266187050359711,105.94642857142857,ES
2026-04-14,1,6966.0,7005.75,3,592.59,603.75,28.25,time,605,955,1.3984424778761062,1.424778761061947,102.82142857142857,ES
2026-04-15,1,7028.5,7059.75,4,620.12,635.0,24.25,time,620,955,1.27859793814433,1.309278350515464,103.83928571428571,ES
2026-04-16,1,7076.0,7076.5,3,3.84,15.0,29.25,time,670,955,0.008752136752136751,0.03418803418803419,102.60714285714286,ES
2026-04-17,1,7149.25,7161.25,3,176.34,187.5,32.0,time,600,955,0.367375,0.390625,96.94642857142857,ES
2026-04-20,-1,7141.25,7148.5,5,-187.35,-168.75,18.0,time,640,955,-0.41633333333333333,-0.375,95.82142857142857,ES
2026-04-21,1,7170.5,7146.75,4,-479.88,-465.0,23.25,stop,605,650,-1.032,-1.0,90.69642857142857,ES
2026-04-22,1,7154.5,7170.0,7,533.96,560.0,13.5,time,605,955,1.1300740740740742,1.1851851851851851,82.98214285714286,ES
2026-04-23,1,7173.0,7149.5,4,-474.88,-460.0,23.0,stop,650,780,-1.0323478260869565,-1.0,82.10714285714286,ES
2026-04-24,1,7167.5,7194.5,4,535.12,550.0,22.25,time,645,955,1.2025168539325843,1.2359550561797752,80.10714285714286,ES
2026-04-27,-1,7179.75,7198.75,5,-481.1,-462.5,18.5,stop,680,780,-1.0402162162162163,-1.0,81.21428571428571,ES
2026-04-28,-1,7154.25,7171.75,3,-266.16,-255.0,28.5,time,635,955,-0.6225964912280703,-0.5964912280701754,77.46428571428571,ES
2026-04-29,1,7167.0,7149.25,5,-449.85,-431.25,17.25,stop,620,710,-1.0431304347826087,-1.0,68.875,ES
2026-05-01,1,7295.5,7258.5,2,-372.44,-365.0,36.5,stop,600,955,-1.0203835616438357,-1.0,70.42857142857143,ES
2026-05-04,1,7259.75,7242.0,5,-449.85,-431.25,17.25,stop,610,675,-1.0431304347826087,-1.0,67.875,ES
2026-05-05,1,7281.5,7286.75,5,125.15,143.75,17.0,time,605,955,0.29447058823529415,0.3382352941176471,66.78571428571429,ES
2026-05-06,1,7350.5,7386.5,4,715.12,730.0,23.0,time,610,955,1.5546086956521739,1.5869565217391304,67.375,ES
2026-05-07,1,7400.75,7383.5,5,-437.35,-418.75,16.75,stop,645,720,-1.0444179104477613,-1.0,72.10714285714286,ES
2026-05-08,1,7415.0,7420.75,4,110.12,125.0,23.0,time,600,955,0.2393913043478261,0.2717391304347826,68.92857142857143,ES
2026-05-11,1,7441.25,7438.5,3,-44.91,-33.75,31.0,time,615,955,-0.09658064516129032,-0.07258064516129033,70.60714285714286,ES
2026-05-12,-1,7385.0,7417.75,3,-494.91,-483.75,32.25,stop,630,910,-1.0230697674418605,-1.0,67.55357142857143,ES
2026-05-13,1,7431.25,7468.25,3,551.34,562.5,32.0,time,630,955,1.148625,1.171875,67.76785714285714,ES
2026-05-14,1,7505.25,7525.75,3,303.84,315.0,25.25,time,615,955,0.8022178217821782,0.8316831683168316,66.51785714285714,ES
2026-05-18,-1,7414.25,7426.5,2,-124.94,-117.5,39.75,time,630,955,-0.31431446540880503,-0.29559748427672955,72.53571428571429,ES
2026-05-19,-1,7367.75,7402.25,2,-347.44,-340.0,34.0,stop,610,775,-1.0218823529411765,-1.0,73.94642857142857,ES
2026-05-20,1,7411.75,7451.25,3,588.84,600.0,30.75,time,615,955,1.276617886178862,1.3008130081300813,76.35714285714286,ES
2026-05-21,1,7441.75,7410.25,3,-476.16,-465.0,31.0,stop,605,665,-1.024,-1.0,75.41071428571429,ES
2026-05-22,-1,7489.5,7516.5,3,-408.66,-397.5,26.5,stop,610,805,-1.0280754716981133,-1.0,76.53571428571429,ES
2026-05-25,-1,7556.5,7566.0,11,-535.92,-495.0,9.0,stop,630,670,-1.0826666666666667,-1.0,75.625,ES
2026-05-26,1,7547.25,7524.75,4,-454.88,-440.0,22.0,stop,605,705,-1.0338181818181817,-1.0,76.35714285714286,ES
2026-05-27,-1,7524.5,7540.25,4,-319.88,-305.0,21.5,time,675,955,-0.743906976744186,-0.7093023255813954,71.98214285714286,ES
2026-05-28,1,7540.25,7581.75,6,1237.68,1260.0,14.75,time,605,955,2.7970169491525425,2.847457627118644,69.66071428571429,ES
2026-05-29,-1,7582.5,7595.25,3,-194.91,-183.75,27.25,time,640,955,-0.4768440366972477,-0.44954128440366975,69.5,ES
2026-06-01,1,7598.75,7613.75,4,295.12,310.0,22.25,time,690,955,0.663191011235955,0.6966292134831461,68.73214285714286,ES
2026-06-02,1,7605.75,7623.25,10,862.8,900.0,10.0,time,600,955,1.7255999999999998,1.8,67.33928571428571,ES
2026-06-04,1,7569.75,7599.25,3,438.84,450.0,27.75,time,620,955,1.0542702702702702,1.0810810810810811,63.142857142857146,ES
2026-06-05,-1,7507.25,7400.5,2,1065.06,1072.5,45.5,time,670,955,2.3407912087912086,2.357142857142857,60.57142857142857,ES
2026-06-08,1,7473.5,7430.75,2,-429.94,-422.5,42.25,stop,655,780,-1.0176094674556213,-1.0,70.5,ES
2026-06-09,-1,7437.0,7392.25,1,222.53,226.25,53.75,time,610,955,0.8280186046511628,0.8418604651162791,70.82142857142857,ES
2026-06-10,1,7392.25,7335.0,1,-287.47,-283.75,56.75,stop,605,670,-1.0131101321585905,-1.0,82.42857142857143,ES
2026-06-11,-1,7275.25,7335.75,1,-303.72,-300.0,60.0,stop,655,805,-1.0124000000000002,-1.0,86.08928571428571,ES
2026-06-12,1,7433.75,7433.25,1,-3.7199999999999998,0.0,67.0,time,650,955,-0.011104477611940299,0.0,93.10714285714286,ES
2026-06-15,1,7559.5,7564.25,4,90.12,105.0,25.0,time,655,955,0.18024,0.21,94.26785714285714,ES
2026-06-16,-1,7555.75,7519.5,6,1080.18,1102.5,14.5,time,615,955,2.4831724137931035,2.5344827586206895,101.66071428571429,ES
2026-06-17,1,7604.0,7580.75,4,-469.88,-455.0,22.75,stop,620,640,-1.0327032967032967,-1.0,103.39285714285714,ES
2026-06-19,1,7565.0,7556.0,11,-508.42,-467.5,8.5,stop,650,775,-1.0875294117647059,-1.0,112.39285714285714,ES
2026-06-22,-1,7561.0,7540.5,2,202.56,210.0,35.5,time,625,955,0.5705915492957746,0.5915492957746479,109.46428571428571,ES
2026-06-23,1,7475.0,7434.5,1,-203.72,-200.0,59.5,time,600,955,-0.6847731092436975,-0.6722689075630253,112.0,ES
2026-06-24,1,7473.0,7437.5,2,-357.44,-350.0,35.0,stop,640,795,-1.0212571428571429,-1.0,116.57142857142857,ES
2026-06-26,1,7415.25,7380.0,1,-177.47,-173.75,55.0,time,600,955,-0.6453454545454546,-0.6318181818181818,109.625,ES
2026-06-29,-1,7439.25,7490.25,1,-256.22,-252.5,50.5,stop,605,790,-1.0147326732673267,-1.0,111.26785714285714,ES
2026-06-30,1,7532.75,7544.5,2,115.06,122.5,36.75,time,600,955,0.31308843537414965,0.3333333333333333,102.76785714285714,ES
2026-07-01,1,7537.75,7541.75,3,56.34,67.5,31.75,time,600,955,0.1182992125984252,0.14173228346456693,98.66071428571429,ES
2026-07-02,-1,7549.0,7526.5,2,222.56,230.0,44.5,time,640,955,0.5001348314606742,0.5168539325842697,92.67857142857143,ES
2026-07-06,1,7576.0,7593.25,4,340.12,355.0,23.25,time,620,955,0.7314408602150537,0.7634408602150538,85.78571428571429,ES
2026-07-07,-1,7547.75,7553.25,2,-57.44,-50.0,39.5,time,610,955,-0.14541772151898733,-0.12658227848101267,85.33928571428571,ES
2026-07-08,-1,7497.75,7525.0,3,-412.41,-401.25,26.75,stop,635,795,-1.0278130841121496,-1.0,80.48214285714286,ES
2026-07-09,1,7570.0,7590.5,2,202.56,210.0,39.5,time,665,955,0.5128101265822785,0.5316455696202531,80.07142857142857,ES
2026-07-10,-1,7581.0,7604.75,4,-479.88,-465.0,23.25,stop,630,685,-1.032,-1.0,83.875,ES
2026-07-13,-1,7589.75,7563.5,5,650.15,668.75,19.75,time,615,955,1.316759493670886,1.3544303797468353,84.05357142857143,ES
2026-07-14,1,7591.25,7589.75,3,-26.16,-15.0,26.75,time,630,955,-0.06519626168224299,-0.037383177570093455,80.10714285714286,ES
2026-07-15,-1,7600.25,7617.25,3,-258.66,-247.5,25.75,time,650,955,-0.6696699029126214,-0.6407766990291263,76.89285714285714,ES
2026-07-16,1,7608.0,7575.25,3,-494.91,-483.75,32.25,stop,615,845,-1.0230697674418605,-1.0,73.64285714285714,ES
2026-07-17,1,7519.25,7496.75,2,-227.44,-220.0,46.0,time,600,955,-0.49443478260869567,-0.4782608695652174,71.44642857142857,ES
2026-07-20,-1,7517.5,7486.25,2,310.06,317.5,34.25,time,605,955,0.9052846715328468,0.927007299270073,69.96428571428571,ES
2026-07-21,1,7532.25,7545.5,3,195.09,206.25,27.5,time,625,955,0.47294545454545456,0.5,70.10714285714286,ES
2026-07-22,1,7552.25,7536.25,3,-243.66,-232.5,26.75,time,600,955,-0.6072523364485981,-0.5794392523364486,69.73214285714286,ES
2026-07-23,-1,7441.5,7444.25,2,-29.94,-22.5,44.5,time,650,955,-0.0672808988764045,-0.05056179775280899,64.30357142857143,ES
2026-07-24,1,7465.25,7432.25,3,-498.66,-487.5,32.5,stop,655,920,-1.0228923076923078,-1.0,70.67857142857143,ES
2026-07-27,-1,7467.25,7449.5,2,175.06,182.5,46.5,time,610,955,0.3764731182795699,0.3924731182795699,71.75,ES
2026-07-28,1,7463.75,7465.75,2,17.56,25.0,46.5,time,675,955,0.037763440860215054,0.053763440860215055,74.16071428571429,ES
2026-07-29,-1,7409.75,7461.25,1,-258.72,-255.0,51.0,stop,610,880,-1.0145882352941178,-1.0,73.10714285714286,ES
2026-07-30,1,7440.5,7399.5,2,-412.44,-405.0,40.5,stop,635,675,-1.0183703703703704,-1.0,78.01785714285714,ES
2026-07-31,-1,7454.25,7515.75,1,-308.72,-305.0,61.0,stop,600,805,-1.0121967213114755,-1.0,81.85714285714286,ES
2026-08-03,1,7591.25,7628.25,2,367.56,375.0,48.25,time,610,955,0.7617823834196891,0.7772020725388601,84.98214285714286,ES
2026-08-04,1,7690.75,7763.75,2,727.56,735.0,34.5,time,600,955,2.108869565217391,2.130434782608696,90.01785714285714,ES
2026-08-05,-1,7791.0,7748.0,3,641.34,652.5,29.0,time,635,955,1.474344827586207,1.5,97.375,ES
2026-08-06,1,7766.0,7740.0,3,-393.66,-382.5,25.5,stop,610,675,-1.0291764705882354,-1.0,97.78571428571429,ES
2026-08-07,-1,7751.25,7771.0,5,-499.85,-481.25,19.25,stop,600,625,-1.0386493506493506,-1.0,93.51785714285714,ES
2026-08-10,1,7787.25,7771.0,6,-494.82,-472.5,15.75,stop,605,750,-1.0472380952380953,-1.0,91.91071428571429,ES
2026-08-11,-1,7769.5,7750.0,4,385.12,400.0,22.75,time,675,955,0.8464175824175825,0.8791208791208791,89.44642857142857,ES
2026-08-12,-1,7763.75,7769.75,3,-93.66,-82.5,30.0,time,600,955,-0.20813333333333334,-0.18333333333333332,90.60714285714286,ES
2026-08-13,1,7827.0,7823.0,2,-42.44,-35.0,41.25,time,600,955,-0.10288484848484848,-0.08484848484848485,84.85714285714286,ES
2026-08-14,-1,7817.5,7805.75,9,517.77,551.25,11.0,time,620,955,1.046,1.1136363636363635,85.14285714285714,ES
2026-08-17,-1,7791.5,7769.0,5,556.4,575.0,17.75,time,635,955,1.2538591549295774,1.295774647887324,80.60714285714286,ES
2026-08-18,-1,7718.0,7715.5,5,56.4,75.0,17.0,time,665,955,0.13270588235294117,0.17647058823529413,78.78571428571429,ES
2026-08-19,1,7751.75,7731.0,3,-314.91,-303.75,30.75,time,635,955,-0.6827317073170732,-0.6585365853658537,73.17857142857143,ES
2026-08-20,-1,7692.25,7716.5,4,-489.88,-475.0,23.75,stop,615,660,-1.0313263157894736,-1.0,67.55357142857143,ES
2026-08-21,1,7698.25,7691.5,4,-139.88,-125.0,21.25,time,660,955,-0.3291294117647059,-0.29411764705882354,64.60714285714286,ES
2026-08-25,-1,7687.5,7691.25,7,-139.79,-113.75,13.5,time,600,955,-0.2958518518518518,-0.24074074074074073,51.05357142857143,ES
2026-08-27,1,7734.0,7741.0,3,101.34,112.5,31.0,time,645,955,0.21793548387096776,0.24193548387096775,47.75,ES
2026-08-28,-1,7738.5,7758.25,5,-499.85,-481.25,19.25,stop,605,640,-1.0386493506493506,-1.0,48.607142857142854,ES
2026-08-31,-1,7677.25,7704.5,3,-412.41,-401.25,26.75,stop,620,950,-1.0278130841121496,-1.0,51.267857142857146,ES
2026-09-01,1,7656.5,7638.5,5,-456.1,-437.5,17.5,stop,605,805,-1.0425142857142857,-1.0,50.785714285714285,ES
2026-09-02,1,7664.25,7678.0,4,270.12,285.0,21.0,time,600,955,0.6431428571428571,0.6785714285714286,53.089285714285715,ES
2026-09-03,-1,7703.25,7726.75,4,-474.88,-460.0,23.0,stop,605,660,-1.0323478260869565,-1.0,51.607142857142854,ES
2026-09-04,-1,7737.0,7724.0,7,446.46,472.5,13.75,time,605,955,0.9277090909090908,0.9818181818181818,55.464285714285715,ES
2026-09-08,-1,7684.25,7681.25,3,41.34,52.5,33.25,time,605,955,0.08288721804511279,0.10526315789473684,52.82142857142857,ES
2026-09-09,-1,7649.75,7664.0,7,-507.29,-481.25,13.75,stop,615,660,-1.0541090909090909,-1.0,52.535714285714285,ES
2026-09-10,1,7613.25,7598.5,3,-224.91,-213.75,27.0,time,620,955,-0.5553333333333333,-0.5277777777777778,51.107142857142854,ES
2026-09-11,-1,7657.5,7659.25,4,-39.88,-25.0,24.25,time,640,955,-0.08222680412371135,-0.05154639175257732,51.857142857142854,ES
