day,dir,entry,exit,qty,pnl,pnl_gross,stop_dist,why,min_in,min_out,R,R_gross,atr,market
2010-11-29,-1,2118.0,2131.308035714286,19,-528.8853571428596,-486.7053571428596,12.808035714285714,stop,600,640,-1.086664342976652,-1.000000000000005,51.232142857142854,NQ
2011-03-07,-1,2347.5,2324.3,20,903.5999999999927,947.9999999999927,9.875,target,635,695,2.2875949367088424,2.3999999999999817,39.5,NQ
2011-04-18,-1,2261.25,2271.9553571428573,20,-452.6142857142935,-408.2142857142935,10.205357142857142,stop,595,830,-1.1087664041994942,-1.0000000000000193,40.82142857142857,NQ
2011-08-01,-1,2343.0,2355.285714285714,20,-515.8285714285688,-471.42857142856883,11.785714285714286,stop,600,620,-1.0941818181818126,-0.9999999999999944,47.142857142857146,NQ
2012-04-16,-1,2671.75,2662.25,20,355.6,400.0,11.236607142857142,time,590,950,0.7911640842272548,0.8899483512117601,44.94642857142857,NQ
2012-09-06,1,2799.5,2818.7357142857145,20,745.0285714285798,789.4285714285797,8.223214285714286,target,595,660,2.2650162866449763,2.4000000000000252,32.892857142857146,NQ
2012-09-14,1,2856.5,2848.7321428571427,20,-335.1142857142935,-290.7142857142935,7.267857142857143,stop,590,945,-1.1527272727272995,-1.0000000000000269,29.071428571428573,NQ
2012-10-01,1,2819.25,2811.3883928571427,20,-338.8642857142935,-294.4642857142935,7.361607142857143,stop,600,640,-1.150782292298389,-1.0000000000000264,29.446428571428573,NQ
2012-10-17,1,2774.0,2764.1473214285716,20,-418.50714285713764,-374.10714285713766,9.352678571428571,stop,600,825,-1.1186825775656186,-0.9999999999999861,37.410714285714285,NQ
2012-11-01,1,2673.75,2680.5,20,245.6,290.0,9.611607142857142,time,620,950,0.6388109614491408,0.754296330701347,38.44642857142857,NQ
2012-11-09,1,2590.0,2579.4821428571427,20,-445.1142857142935,-400.7142857142935,10.017857142857142,stop,640,820,-1.1108021390374527,-1.0000000000000195,40.07142857142857,NQ
2012-12-06,1,2649.0,2657.0,20,295.6,340.0,9.785714285714286,time,635,950,0.7551824817518249,0.8686131386861313,39.142857142857146,NQ
2012-12-10,1,2649.75,2639.6160714285716,20,-429.75714285713764,-385.35714285713766,9.633928571428571,stop,590,875,-1.1152177942539254,-0.9999999999999866,38.535714285714285,NQ
2012-12-11,1,2685.75,2675.589285714286,20,-430.8285714285688,-386.42857142856883,9.660714285714286,stop,625,905,-1.1148983364140412,-0.9999999999999932,38.642857142857146,NQ
2012-12-31,1,2621.5,2643.714285714286,20,864.1714285714312,908.5714285714312,9.464285714285714,target,595,825,2.2827169811320824,2.400000000000007,37.857142857142854,NQ
2013-01-24,1,2734.25,2725.401785714286,20,-378.3285714285688,-333.92857142856883,8.348214285714286,stop,595,775,-1.132962566844912,-0.9999999999999921,33.392857142857146,NQ
2013-03-01,1,2744.5,2735.1428571428573,20,-398.68571428570647,-354.2857142857065,8.857142857142858,stop,655,700,-1.125322580645139,-0.9999999999999779,35.42857142857143,NQ
2013-03-18,1,2784.0,2784.25,20,-14.399999999999999,30.0,8.544642857142858,time,625,950,-0.04213166144200626,0.08777429467084638,34.17857142857143,NQ
2013-04-02,1,2817.5,2809.9553571428573,20,-326.18571428570647,-281.7857142857065,7.044642857142857,stop,605,875,-1.1575665399239266,-0.9999999999999724,28.178571428571427,NQ
2013-04-19,1,2762.75,2773.0,20,385.6,430.0,10.169642857142858,time,605,950,0.9479192273924495,1.0570676031606672,40.67857142857143,NQ
2013-04-29,1,2865.25,2860.75,20,-204.4,-160.0,10.147321428571429,time,620,950,-0.5035811702595688,-0.3941926968763748,40.589285714285715,NQ
2013-05-02,1,2890.25,2904.5,20,545.6,590.0,9.629464285714286,time,610,950,1.416485859990728,1.531757070004636,38.517857142857146,NQ
2013-05-14,1,2992.75,2985.6741071428573,20,-307.43571428570647,-263.0357142857065,6.575892857142857,stop,615,900,-1.1687983706720682,-0.9999999999999704,26.303571428571427,NQ
2013-05-22,1,3041.5,3034.6339285714284,20,-299.0428571428623,-254.64285714286234,6.366071428571429,stop,600,635,-1.1743618513324185,-1.0000000000000202,25.464285714285715,NQ
2013-05-23,1,2985.25,3001.217857142857,20,614.3142857142863,658.7142857142862,6.861607142857143,target,610,880,2.2382303188028647,2.4000000000000017,27.446428571428573,NQ
2013-05-30,1,3013.25,3013.0,20,-34.4,10.0,7.580357142857143,time,585,950,-0.11345111896348645,0.03297997644287397,30.321428571428573,NQ
2013-06-07,1,2979.0,2990.75,20,445.6,490.0,9.4375,time,645,950,1.1803973509933776,1.2980132450331126,37.75,NQ
2013-06-18,1,2988.25,2989.0,20,5.600000000000001,50.0,9.986607142857142,time,640,950,0.014018775145283867,0.12516763522574878,39.94642857142857,NQ
2013-07-01,1,2944.0,2932.5803571428573,20,-481.18571428570647,-436.7857142857065,10.919642857142858,stop,600,830,-1.1016516762060327,-0.999999999999982,43.67857142857143,NQ
2013-08-12,1,3118.25,3122.5,20,145.6,190.0,6.883928571428571,time,590,950,0.5287678339818418,0.6900129701686123,27.535714285714285,NQ
2013-08-19,1,3091.75,3083.816964285714,20,-341.72142857143115,-297.32142857143117,7.433035714285714,stop,595,870,-1.149333333333342,-1.0000000000000089,29.732142857142858,NQ
2013-08-21,1,3088.75,3080.714285714286,20,-345.8285714285688,-301.42857142856883,7.535714285714286,stop,600,695,-1.1472985781990435,-0.9999999999999913,30.142857142857142,NQ
2013-08-22,1,3102.25,3094.183035714286,20,-347.0785714285688,-302.67857142856883,7.566964285714286,stop,640,680,-1.146690265486717,-0.9999999999999913,30.267857142857142,NQ
2013-08-26,1,3139.5,3131.058035714286,20,-362.0785714285688,-317.67857142856883,7.941964285714286,stop,655,910,-1.1397639123102783,-0.9999999999999918,31.767857142857142,NQ
2013-08-28,1,3074.75,3072.75,20,-104.4,-60.0,8.647321428571429,time,655,950,-0.3018275684047496,-0.1734641197728446,34.589285714285715,NQ
2013-08-29,1,3087.25,3107.535714285714,20,787.0285714285689,831.4285714285688,8.660714285714286,target,585,690,2.2718350515463843,2.3999999999999924,34.642857142857146,NQ
2013-09-26,1,3233.0,3225.1785714285716,20,-337.25714285713764,-292.85714285713766,7.321428571428571,stop,600,645,-1.1516097560975433,-0.9999999999999823,29.285714285714285,NQ
2013-09-27,1,3222.0,3214.5625,20,-321.9,-277.5,6.9375,stop,630,905,-1.16,-1.0,27.75,NQ
2013-09-30,1,3207.5,3222.932142857143,20,592.8857142857174,637.2857142857174,6.638392857142857,target,615,795,2.2327908540686066,2.400000000000012,26.553571428571427,NQ
2013-10-01,1,3231.25,3247.7428571428572,20,635.3142857142899,679.7142857142899,7.080357142857143,target,620,745,2.243228247162688,2.4000000000000146,28.321428571428573,NQ
2013-10-04,1,3222.5,3235.0,20,475.6,520.0,8.1875,time,590,950,1.4522137404580153,1.5877862595419847,32.75,NQ
2013-10-07,1,3224.25,3215.7053571428573,20,-366.18571428570647,-321.7857142857065,8.044642857142858,stop,585,745,-1.1379800221975338,-0.9999999999999756,32.17857142857143,NQ
2013-10-10,1,3186.25,3207.35,20,819.5999999999964,863.9999999999964,9.0,target,595,910,2.2766666666666566,2.3999999999999897,36.0,NQ
2013-10-11,1,3213.0,3223.5,20,395.6,440.0,10.151785714285714,time,600,950,0.9742128408091469,1.0835532102022867,40.607142857142854,NQ
2013-10-16,1,3271.75,3273.5,20,45.6,90.0,10.513392857142858,time,645,950,0.10843312101910828,0.21401273885350316,42.05357142857143,NQ
2013-11-08,1,3349.25,3340.65625,20,-368.15,-323.75,8.09375,stop,630,650,-1.137142857142857,-1.0,32.375,NQ
2013-12-04,1,3481.0,3472.7276785714284,20,-355.2928571428623,-310.89285714286234,7.772321428571429,stop,600,730,-1.1428144744399935,-1.0000000000000167,31.089285714285715,NQ
2013-12-16,1,3484.5,3475.7410714285716,20,-374.75714285713764,-330.35714285713766,8.258928571428571,stop,585,660,-1.1343999999999843,-0.9999999999999843,33.035714285714285,NQ
2014-02-06,1,3489.5,3493.5,17,115.26,153.0,14.200892857142858,time,620,950,0.23871738447029237,0.3168814838101226,56.80357142857143,NQ
2014-02-13,1,3629.5,3654.75,16,788.48,824.0,15.517857142857142,time,605,950,1.5878481012658228,1.659378596087457,62.07142857142857,NQ
2014-03-17,1,3670.5,3659.3660714285716,20,-469.75714285713764,-425.35714285713766,10.633928571428571,stop,600,630,-1.1043828715365118,-0.9999999999999878,42.535714285714285,NQ
2014-03-18,1,3678.0,3698.0,20,775.6,820.0,10.964285714285714,time,590,950,1.768469055374593,1.8697068403908796,43.857142857142854,NQ
2014-03-20,1,3689.25,3677.1964285714284,20,-506.5428571428623,-462.14285714286234,11.553571428571429,stop,630,680,-1.0960741885626077,-1.000000000000011,46.214285714285715,NQ
2014-03-28,1,3591.25,3577.1428571428573,18,-529.8171428571359,-489.85714285713584,13.607142857142858,stop,605,790,-1.081574803149592,-0.9999999999999856,54.42857142857143,NQ
2014-04-01,1,3631.0,3648.0,17,557.26,595.0,14.111607142857142,time,595,950,1.16145523568491,1.2401138880101235,56.44642857142857,NQ
2014-04-07,1,3540.75,3524.75,16,-531.52,-496.0,15.5,stop,610,625,-1.0716129032258064,-1.0,62.0,NQ
2014-04-11,1,3480.75,3464.09375,15,-517.9875,-484.6875,16.15625,stop,590,600,-1.0687040618955512,-1.0,64.625,NQ
2014-05-05,1,3582.5,3595.5,19,470.82,513.0,12.508928571428571,time,615,950,0.990492505353319,1.0792291220556745,50.035714285714285,NQ
2014-05-12,1,3597.0,3608.75,20,445.6,490.0,12.022321428571429,time,615,950,0.9266097289268473,1.0189379873746751,48.089285714285715,NQ
2014-05-19,1,3598.25,3617.0,20,725.6,770.0,11.620535714285714,time,625,950,1.561029581252401,1.6565501344602382,46.482142857142854,NQ
2014-05-21,1,3626.0,3614.526785714286,20,-483.3285714285688,-438.92857142856883,10.973214285714286,stop,650,685,-1.1011554109031674,-0.999999999999994,43.892857142857146,NQ
2014-06-03,1,3734.0,3725.120535714286,20,-379.5785714285688,-335.17857142856883,8.379464285714286,stop,605,645,-1.1324667021843289,-0.9999999999999922,33.517857142857146,NQ
2014-06-04,1,3735.75,3744.25,20,315.6,360.0,8.223214285714286,time,650,950,0.9594788273615635,1.0944625407166124,32.892857142857146,NQ
2014-06-11,1,3799.5,3792.3258928571427,20,-311.3642857142935,-266.9642857142935,6.674107142857143,stop,600,835,-1.166314381270932,-1.000000000000029,26.696428571428573,NQ
2014-06-16,1,3776.0,3768.9508928571427,20,-306.3642857142935,-261.9642857142935,6.549107142857143,stop,585,665,-1.169488752556267,-1.0000000000000298,26.196428571428573,NQ
2014-06-17,1,3783.75,3776.495535714286,20,-314.5785714285688,-270.17857142856883,6.754464285714286,stop,605,645,-1.1643357567746102,-0.9999999999999903,27.017857142857142,NQ
2014-06-24,1,3809.25,3825.0785714285716,20,608.742857142866,653.142857142866,6.803571428571429,target,600,635,2.23685039370082,2.4000000000000323,27.214285714285715,NQ
2014-06-25,1,3797.0,3789.4464285714284,20,-326.5428571428623,-282.14285714286234,7.053571428571429,stop,580,600,-1.1573670886076133,-1.0000000000000184,28.214285714285715,NQ
2014-07-01,1,3868.25,3884.207142857143,20,613.8857142857211,658.285714285721,6.857142857142857,target,600,695,2.2381250000000246,2.400000000000025,27.428571428571427,NQ
2014-07-09,1,3880.75,3873.2901785714284,20,-322.7928571428623,-278.39285714286234,6.959821428571429,stop,640,670,-1.1594868505452398,-1.0000000000000187,27.839285714285715,NQ
2014-07-10,1,3850.5,3866.9607142857144,20,634.0285714285761,678.4285714285761,7.066964285714286,target,605,655,2.2429311433986268,2.4000000000000163,28.267857142857142,NQ
2014-08-06,1,3868.25,3870.0,20,45.6,90.0,10.941964285714286,time,600,950,0.10418604651162791,0.20563035495716034,43.767857142857146,NQ
2014-09-04,1,4094.5,4088.7410714285716,20,-254.75714285713767,-210.35714285713766,5.258928571428571,stop,590,685,-1.2110696095076154,-0.9999999999999755,21.035714285714285,NQ
2014-09-08,1,4098.5,4092.495535714286,20,-264.5785714285688,-220.17857142856883,5.504464285714286,stop,580,635,-1.2016545012165332,-0.9999999999999882,22.017857142857142,NQ
2014-09-16,1,4023.25,4041.0714285714284,20,688.4571428571377,732.8571428571377,7.633928571428571,target,585,710,2.2545964912280536,2.399999999999983,30.535714285714285,NQ
2014-09-29,1,4032.25,4038.5,20,225.6,270.0,11.013392857142858,time,615,950,0.512103769760843,0.6128901499797323,44.05357142857143,NQ
2014-10-03,1,4024.75,4012.125,20,-529.4,-485.0,12.125,stop,600,640,-1.0915463917525772,-1.0,48.5,NQ
2014-10-13,-1,3829.25,3844.941964285714,16,-521.662857142855,-486.14285714285506,15.191964285714286,stop,615,660,-1.0730649426976153,-0.9999999999999957,60.767857142857146,NQ
2014-10-20,1,3836.0,3862.5,13,673.14,702.0,18.160714285714285,time,620,950,1.4256047197640118,1.4867256637168142,72.64285714285714,NQ
2014-11-20,1,4227.25,4239.5,20,465.6,510.0,11.285714285714286,time,600,950,1.0313924050632912,1.129746835443038,45.142857142857146,NQ
2014-12-08,1,4319.25,4309.0,20,-434.4,-390.0,9.75,stop,580,615,-1.1138461538461537,-1.0,39.0,NQ
2014-12-11,1,4263.25,4289.675,20,1032.6000000000072,1077.0000000000073,11.21875,target,580,630,2.301058495821743,2.4000000000000163,44.875,NQ
2014-12-12,1,4238.75,4226.294642857143,20,-522.6142857142753,-478.2142857142753,11.955357142857142,stop,575,650,-1.0928454070201425,-0.9999999999999784,47.82142857142857,NQ
2015-01-13,1,4232.75,4215.8125,15,-526.425,-493.125,16.4375,stop,580,740,-1.067528517110266,-1.0,65.75,NQ
2015-01-14,1,4154.0,4136.165178571428,14,-516.4550000000037,-485.37500000000364,17.334821428571427,stop,605,630,-1.0640329642029436,-1.0000000000000075,69.33928571428571,NQ
2015-01-21,1,4191.0,4175.638392857143,16,-511.09142857142024,-475.57142857142026,14.861607142857142,stop,645,810,-1.0746890958245545,-0.9999999999999826,59.44642857142857,NQ
2015-03-02,1,4472.25,4460.34375,20,-500.65,-456.25,11.40625,stop,610,800,-1.0973150684931505,-1.0,45.625,NQ
2015-03-12,1,4326.25,4316.017857142857,20,-433.68571428572466,-389.2857142857247,9.732142857142858,stop,585,605,-1.114055045871586,-1.0000000000000266,38.92857142857143,NQ
2015-03-16,1,4345.0,4360.5,20,595.6,640.0,10.830357142857142,time,605,950,1.3748392415498765,1.4773289365210225,43.32142857142857,NQ
2015-04-06,1,4307.0,4337.592857142857,19,1139.3485714285546,1181.5285714285546,12.955357142857142,target,580,630,2.3143211578221576,2.399999999999966,51.82142857142857,NQ
2015-04-07,1,4366.0,4351.825892857143,18,-532.2278571428478,-492.2678571428478,13.674107142857142,stop,625,920,-1.0811753183153583,-0.999999999999981,54.69642857142857,NQ
2015-04-08,1,4365.5,4351.727678571428,18,-517.7635714285761,-477.8035714285761,13.272321428571429,stop,585,640,-1.083632694248244,-1.0000000000000098,53.089285714285715,NQ
2015-04-20,1,4387.25,4415.175,20,1092.6000000000072,1137.0000000000073,11.84375,target,585,910,2.306279683377324,2.4000000000000155,47.375,NQ
2015-04-29,1,4508.5,4495.651785714285,20,-538.328571428587,-493.928571428587,12.348214285714286,stop,585,600,-1.0898915401301834,-1.0000000000000315,49.392857142857146,NQ
2015-05-21,1,4524.5,4530.0,19,185.82,228.0,12.696428571428571,time,650,950,0.3851476793248945,0.47257383966244726,50.785714285714285,NQ
2015-05-27,1,4511.75,4537.446428571428,20,1003.4571428571377,1047.8571428571377,10.915178571428571,target,590,840,2.298306748466246,2.3999999999999884,43.660714285714285,NQ
2015-06-04,1,4517.0,4506.3125,20,-451.9,-407.5,10.1875,stop,595,630,-1.1089570552147239,-1.0,40.75,NQ
2015-06-10,1,4460.25,4486.696428571428,20,1033.4571428571376,1077.8571428571377,11.227678571428571,target,605,670,2.301137176938358,2.3999999999999884,44.910714285714285,NQ
2015-06-18,1,4501.25,4529.55,20,1107.6000000000072,1152.0000000000073,12.0,target,585,700,2.3075000000000148,2.400000000000015,48.0,NQ
2015-06-29,1,4450.25,4437.919642857143,20,-517.6142857142753,-473.2142857142753,11.830357142857142,stop,585,595,-1.0938264150943178,-0.9999999999999781,47.32142857142857,NQ
2015-07-06,1,4421.5,4408.875,20,-529.4,-485.0,12.125,stop,630,690,-1.0915463917525772,-1.0,48.5,NQ
2015-07-09,-1,4378.75,4392.558035714285,18,-519.0492857142717,-479.0892857142717,13.308035714285714,stop,625,660,-1.0834082522643118,-0.9999999999999708,53.232142857142854,NQ
2015-07-13,1,4475.25,4488.5,17,429.76,467.5,14.0625,time,615,950,0.8988444444444444,0.9777777777777777,56.25,NQ
2015-07-22,1,4625.0,4610.59375,17,-510.5525,-472.8125,13.90625,stop,590,725,-1.079820224719101,-1.0,55.625,NQ
2015-08-05,1,4615.25,4601.642857142857,19,-540.2514285714384,-498.07142857143845,13.107142857142858,stop,590,750,-1.084686648501382,-1.0000000000000198,52.42857142857143,NQ
2015-08-20,-1,4433.25,4398.114285714286,16,1104.8228571428522,1140.3428571428522,14.848214285714286,target,615,880,2.3252435357787027,2.3999999999999893,59.392857142857146,NQ
2015-08-26,-1,4080.75,4106.90625,9,-481.7925,-461.8125,25.65625,stop,615,630,-1.04326431181486,-1.0,102.625,NQ
2015-09-28,-1,4156.0,4110.021428571428,12,1088.8457142857217,1115.4857142857218,19.366071428571427,target,595,770,2.3426832641770563,2.4000000000000163,77.46428571428571,NQ
2015-10-01,-1,4132.5,4153.977678571428,11,-485.92892857142573,-461.5089285714257,20.977678571428573,stop,595,610,-1.0529133858267654,-0.9999999999999937,83.91071428571429,NQ
2015-10-21,-1,4421.5,4437.102678571428,16,-518.8057142857101,-483.2857142857101,15.102678571428571,stop,620,640,-1.073496896245927,-0.9999999999999915,60.410714285714285,NQ
2015-10-22,1,4474.75,4486.0,16,340.48,376.0,14.910714285714286,time,645,950,0.7135808383233533,0.7880239520958083,59.642857142857146,NQ
2015-12-04,1,4653.75,4691.821428571428,15,1123.8428571428533,1157.1428571428532,16.071428571428573,target,585,755,2.3309333333333253,2.399999999999992,64.28571428571429,NQ
2015-12-08,1,4679.0,4703.0,14,654.92,686.0,16.741071428571427,time,640,950,1.3971626666666668,1.463466666666667,66.96428571428571,NQ
2016-01-11,-1,4253.25,4271.517857142857,14,-528.5799999999928,-497.4999999999927,17.767857142857142,stop,650,710,-1.0624723618090306,-0.9999999999999853,71.07142857142857,NQ
2016-01-13,-1,4304.5,4323.513392857143,13,-510.20821428572106,-481.34821428572104,18.513392857142858,stop,630,675,-1.059956595129023,-1.000000000000014,74.05357142857143,NQ
2016-01-14,-1,4150.5,4172.151785714285,11,-489.75928571427715,-465.33928571427714,21.151785714285715,stop,590,615,-1.0524778387505092,-0.9999999999999816,84.60714285714286,NQ
2016-01-20,-1,4018.75,4045.5714285714284,9,-493.76571428571197,-473.78571428571195,26.321428571428573,stop,635,695,-1.0421709633649883,-0.999999999999995,105.28571428571429,NQ
2016-02-03,-1,4149.25,4176.78125,9,-506.5425,-486.5625,27.03125,stop,600,885,-1.0410635838150288,-1.0,108.125,NQ
2016-02-05,-1,4101.25,4043.7107142857144,10,1138.585714285712,1160.785714285712,24.183035714285715,target,585,675,2.354100055381202,2.399999999999995,96.73214285714286,NQ
2016-02-18,-1,4165.75,4148.5,10,332.8,355.0,23.964285714285715,time,655,950,0.6943666169895678,0.7406855439642324,95.85714285714286,NQ
2016-03-22,1,4415.75,4425.25,20,355.6,400.0,12.379464285714286,time,620,950,0.7181247746123333,0.8077893977641544,49.517857142857146,NQ
2016-03-29,1,4404.25,4431.896428571428,20,1081.4571428571303,1125.8571428571304,11.727678571428571,target,645,750,2.3053521126760295,2.3999999999999737,46.910714285714285,NQ
2016-04-01,1,4477.25,4503.75,20,1035.6,1080.0,11.25,target,605,695,2.301333333333333,2.4,45.0,NQ
2016-04-06,1,4489.25,4516.532142857143,20,1066.8857142857319,1111.285714285732,11.575892857142858,target,645,790,2.3041110682607395,2.400000000000038,46.30357142857143,NQ
2016-04-18,1,4551.75,4558.75,17,217.26,255.0,14.285714285714286,time,610,950,0.4473,0.525,57.142857142857146,NQ
2016-04-29,-1,4320.0,4334.473214285715,17,-512.829285714299,-475.08928571429897,13.973214285714286,stop,650,790,-1.079437699680539,-1.000000000000028,55.892857142857146,NQ
2016-05-12,-1,4342.75,4309.425,17,1112.3099999999938,1150.0499999999938,14.09375,target,595,675,2.3212416851441113,2.399999999999987,56.375,NQ
2016-05-19,-1,4292.25,4306.34375,18,-529.335,-489.375,13.59375,stop,610,820,-1.0816551724137933,-1.0,54.375,NQ
2016-05-24,1,4403.5,4434.65,18,1099.4399999999869,1139.399999999987,13.1875,target,590,715,2.315829383886228,2.3999999999999724,52.75,NQ
2016-06-13,1,4448.5,4438.59375,20,-420.65,-376.25,9.40625,stop,590,605,-1.1180066445182724,-1.0,37.625,NQ
2016-06-14,1,4425.25,4416.165178571428,20,-387.7928571428623,-343.39285714286234,8.584821428571429,stop,575,615,-1.1292979719188918,-1.000000000000015,34.339285714285715,NQ
2016-06-17,-1,4382.0,4359.346428571429,20,881.7428571428405,926.1428571428405,9.647321428571429,target,575,630,2.2849421564090266,2.399999999999957,38.589285714285715,NQ
2016-06-27,-1,4214.0,4179.7642857142855,17,1143.2742857142928,1181.0142857142928,14.473214285714286,target,580,650,2.323306600863679,2.400000000000014,57.892857142857146,NQ
2016-07-01,1,4440.5,4421.857142857143,13,-500.574285714279,-471.71428571427896,18.142857142857142,stop,615,880,-1.0611811023621904,-0.9999999999999857,72.57142857142857,NQ
2016-07-08,1,4506.25,4520.0,14,367.92,399.0,17.316964285714285,time,655,950,0.7587935034802784,0.822892498066512,69.26785714285714,NQ
2016-07-20,1,4644.5,4654.75,20,385.6,430.0,10.629464285714286,time,635,950,0.9069130617387653,1.011339773204536,42.517857142857146,NQ
2016-07-26,1,4677.75,4667.138392857143,20,-448.8642857142753,-404.4642857142753,10.111607142857142,stop,590,650,-1.1097748344370604,-0.9999999999999745,40.44642857142857,NQ
2016-08-01,1,4745.0,4735.776785714285,20,-393.328571428587,-348.928571428587,8.723214285714286,stop,615,735,-1.1272466734903208,-1.0000000000000446,34.892857142857146,NQ
2016-08-05,1,4786.25,4786.75,20,-4.399999999999999,40.0,9.241071428571429,time,590,950,-0.011903381642512072,0.10821256038647342,36.964285714285715,NQ
2016-08-09,1,4803.0,4792.96875,20,-425.65,-381.25,9.53125,stop,635,750,-1.1164590163934425,-1.0,38.125,NQ
2016-08-15,1,4827.0,4824.0,20,-144.4,-100.0,8.674107142857142,time,620,950,-0.4161811631497685,-0.28821410190427177,34.69642857142857,NQ
2016-08-22,1,4815.5,4806.924107142857,20,-367.43571428572466,-323.0357142857247,8.075892857142858,stop,620,675,-1.137446102819269,-1.000000000000032,32.30357142857143,NQ
2016-08-26,1,4797.0,4789.200892857143,20,-336.3642857142753,-291.9642857142753,7.299107142857143,stop,575,595,-1.1520733944953772,-0.9999999999999644,29.196428571428573,NQ
2016-09-12,1,4691.0,4680.325892857143,20,-451.3642857142753,-406.9642857142753,10.174107142857142,stop,575,585,-1.1091004826678112,-0.9999999999999746,40.69642857142857,NQ
2016-09-14,1,4747.5,4734.96875,20,-525.65,-481.25,12.03125,stop,605,850,-1.0922597402597403,-1.0,48.125,NQ
2016-09-15,1,4774.25,4803.642857142857,20,1151.3142857142752,1195.7142857142753,12.455357142857142,target,610,690,2.310881720430087,2.3999999999999795,49.82142857142857,NQ
2016-09-27,1,4840.25,4861.5,17,701.76,739.5,14.522321428571429,time,595,950,1.421260375038426,1.4976944359053181,58.089285714285715,NQ
2016-10-28,1,4837.5,4825.522321428572,20,-503.50714285713764,-459.10714285713766,11.477678571428571,stop,630,780,-1.0967094515752511,-0.9999999999999888,45.910714285714285,NQ
2016-11-04,1,4687.0,4674.754464285715,20,-514.221428571413,-469.821428571413,11.745535714285714,stop,635,885,-1.09450399087796,-0.9999999999999668,46.982142857142854,NQ
2016-11-07,1,4758.5,4772.5,20,535.6,580.0,12.066964285714286,time,655,950,1.1096411394746577,1.2016278209396967,48.267857142857146,NQ
2016-11-09,1,4789.75,4775.321428571428,17,-511.311428571433,-473.571428571433,13.928571428571429,stop,585,600,-1.079692307692317,-1.0000000000000093,55.714285714285715,NQ
2016-11-15,1,4768.5,4749.950892857143,13,-498.136785714279,-469.27678571427896,18.049107142857142,stop,605,650,-1.0614988869651105,-0.9999999999999856,72.19642857142857,NQ
2016-11-16,1,4780.25,4789.0,13,211.64,240.5,18.669642857142858,time,620,950,0.43600191296030605,0.4954567192730751,74.67857142857143,NQ
2016-12-05,1,4792.0,4779.78125,20,-513.15,-468.75,11.71875,stop,645,690,-1.09472,-1.0,46.875,NQ
2016-12-13,1,4926.25,4953.2,20,1053.5999999999926,1097.9999999999927,11.4375,target,580,700,2.302950819672115,2.399999999999984,45.75,NQ
2016-12-19,1,4947.0,4932.870535714285,18,-530.6207142857284,-490.6607142857283,13.629464285714286,stop,635,920,-1.0814412053717941,-1.0000000000000284,54.517857142857146,NQ
2016-12-27,1,4988.0,4976.553571428572,20,-482.25714285713764,-437.85714285713766,10.946428571428571,stop,585,710,-1.1014029363784548,-0.9999999999999882,43.785714285714285,NQ
2017-01-03,1,4924.75,4912.705357142857,20,-506.18571428572466,-461.7857142857247,11.544642857142858,stop,605,635,-1.0961484918793727,-1.0000000000000224,46.17857142857143,NQ
2017-01-05,1,4953.0,4941.571428571428,20,-481.5428571428623,-437.14285714286234,10.928571428571429,stop,585,665,-1.1015686274509922,-1.0000000000000118,43.714285714285715,NQ
2017-01-06,1,4987.0,5012.203571428571,20,983.7428571428478,1028.1428571428478,10.709821428571429,target,650,760,2.296356815339703,2.399999999999978,42.839285714285715,NQ
2017-01-19,1,5073.75,5063.660714285715,20,-427.97142857141296,-383.571428571413,9.589285714285714,stop,595,605,-1.1157541899440935,-0.9999999999999594,38.357142857142854,NQ
2017-02-02,1,5155.25,5146.165178571428,20,-387.7928571428623,-343.39285714286234,8.584821428571429,stop,655,705,-1.1292979719188918,-1.000000000000015,34.339285714285715,NQ
2017-02-07,1,5189.75,5180.334821428572,20,-401.00714285713764,-356.60714285713766,8.915178571428571,stop,645,685,-1.1245067601401957,-0.9999999999999855,35.660714285714285,NQ
2017-02-21,1,5348.5,5340.419642857143,20,-347.6142857142753,-303.2142857142753,7.580357142857143,stop,610,680,-1.146431095406326,-0.9999999999999657,30.321428571428573,NQ
2017-03-07,1,5366.75,5357.866071428572,20,-379.75714285713764,-335.35714285713766,8.383928571428571,stop,620,685,-1.1323961661341697,-0.9999999999999846,33.535714285714285,NQ
2017-03-08,1,5368.5,5359.741071428572,20,-374.75714285713764,-330.35714285713766,8.258928571428571,stop,595,705,-1.1343999999999843,-0.9999999999999843,33.035714285714285,NQ
2017-03-20,1,5426.0,5417.053571428572,20,-382.25714285713764,-337.85714285713766,8.446428571428571,stop,615,735,-1.1314164904862425,-0.9999999999999847,33.785714285714285,NQ
2017-03-22,1,5354.75,5370.0,20,585.6,630.0,9.098214285714286,time,655,950,1.6091069676153091,1.731108930323847,36.392857142857146,NQ
2017-03-24,1,5392.5,5382.633928571428,20,-419.0428571428623,-374.64285714286234,9.366071428571429,stop,585,730,-1.1185128693994417,-1.0000000000000138,37.464285714285715,NQ
2017-03-27,1,5349.0,5371.567857142857,20,878.3142857142826,922.7142857142826,9.611607142857142,target,620,725,2.284514630747786,2.3999999999999924,38.44642857142857,NQ
2017-04-05,1,5471.0,5459.941964285715,20,-466.72142857141296,-422.321428571413,10.558035714285714,stop,640,885,-1.1051331923889693,-0.9999999999999631,42.232142857142854,NQ
2017-04-13,1,5394.0,5382.6875,20,-476.9,-432.5,10.8125,stop,600,725,-1.1026589595375722,-1.0,43.25,NQ
2017-04-17,1,5389.5,5378.209821428572,20,-476.00714285713764,-431.60714285713766,10.790178571428571,stop,615,635,-1.1028713280926647,-0.999999999999988,43.160714285714285,NQ
2017-04-18,1,5404.5,5393.611607142857,20,-459.93571428572466,-415.5357142857247,10.388392857142858,stop,595,610,-1.106850021486918,-1.0000000000000249,41.55357142857143,NQ
2017-05-09,1,5683.25,5673.575892857143,20,-411.3642857142753,-366.9642857142753,9.174107142857142,stop,600,675,-1.1209927007298988,-0.9999999999999718,36.69642857142857,NQ
2017-05-15,1,5702.5,5694.267857142857,20,-353.68571428572466,-309.2857142857247,7.732142857142857,stop,640,710,-1.1435565819861768,-1.0000000000000335,30.928571428571427,NQ
2017-05-18,1,5599.25,5589.46875,20,-415.65,-371.25,9.28125,stop,575,580,-1.1195959595959595,-1.0,37.125,NQ
2017-05-19,1,5668.25,5657.553571428572,20,-452.25714285713764,-407.85714285713766,10.196428571428571,stop,625,905,-1.1088616462346632,-0.9999999999999873,40.785714285714285,NQ
2017-05-22,1,5685.75,5702.5,20,645.6,690.0,10.017857142857142,time,600,950,1.6111229946524066,1.7219251336898398,40.07142857142857,NQ
2017-06-19,1,5768.0,5780.75,14,339.92,371.0,16.78125,time,605,950,0.7234264432029796,0.7895716945996276,67.125,NQ
2017-07-28,1,5903.75,5890.267857142857,19,-535.5014285714384,-493.32142857143845,12.982142857142858,stop,580,590,-1.0855020632737475,-1.00000000000002,51.92857142857143,NQ
2017-08-09,1,5901.75,5888.46875,19,-527.8675,-485.6875,12.78125,stop,635,670,-1.086845965770171,-1.0,51.125,NQ
2017-08-11,1,5825.0,5809.482142857143,16,-516.0914285714202,-480.57142857142026,15.017857142857142,stop,605,680,-1.073912009512468,-0.9999999999999827,60.07142857142857,NQ
2017-08-22,1,5849.75,5880.25,15,896.7,930.0,16.419642857142858,time,615,950,1.8203806416530723,1.8879825992387167,65.67857142857143,NQ
2017-08-29,1,5823.5,5863.510714285714,14,1103.2199999999957,1134.2999999999956,16.879464285714285,target,585,770,2.3342396191483643,2.3999999999999906,67.51785714285714,NQ
2017-08-30,1,5904.25,5934.0,14,815.92,847.0,17.348214285714285,time,645,950,1.6797117858980957,1.743695316520844,69.39285714285714,NQ
2017-09-11,1,5994.5,5979.15625,16,-510.52,-475.0,14.84375,stop,590,655,-1.074778947368421,-1.0,59.375,NQ
2017-09-15,1,6002.75,5988.53125,18,-533.835,-493.875,13.71875,stop,645,820,-1.0809111617312073,-1.0,54.875,NQ
2017-10-27,1,6155.5,6178.025,20,876.5999999999855,920.9999999999854,9.59375,target,590,615,2.284299674267063,2.399999999999962,38.375,NQ
2017-10-30,1,6234.5,6221.580357142857,20,-541.1857142857247,-496.7857142857247,12.419642857142858,stop,590,690,-1.0893745506829826,-1.0000000000000209,49.67857142857143,NQ
2017-11-13,1,6313.0,6313.25,17,-12.239999999999998,25.5,14.486607142857142,time,610,950,-0.024850539291217257,0.05177195685670262,57.94642857142857,NQ
2017-11-16,1,6325.5,6348.0,16,700.48,736.0,14.71875,time,630,950,1.4872186836518047,1.5626326963906583,58.875,NQ
2017-11-21,1,6366.5,6377.75,19,404.32,446.5,12.696428571428571,time,585,950,0.8380309423347397,0.9254571026722925,50.785714285714285,NQ
2017-12-01,1,6353.0,6339.607142857143,19,-532.1085714285615,-489.92857142856155,12.892857142857142,stop,605,665,-1.0860941828254647,-0.9999999999999799,51.57142857142857,NQ
2017-12-05,1,6296.0,6333.15,15,1096.1999999999891,1129.499999999989,15.6875,target,580,670,2.329243027888423,2.399999999999977,62.75,NQ
2017-12-06,1,6279.25,6262.392857142857,15,-524.0142857142935,-490.7142857142935,16.357142857142858,stop,575,635,-1.0678602620087494,-1.0000000000000158,65.42857142857143,NQ
2017-12-07,1,6330.0,6313.602678571428,15,-510.21964285714677,-476.91964285714675,15.897321428571429,stop,635,830,-1.0698230834035465,-1.0000000000000082,63.589285714285715,NQ
2018-01-02,1,6469.0,6496.989285714286,20,1095.1714285714347,1139.5714285714348,11.870535714285714,target,585,630,2.306491162091025,2.4000000000000132,47.482142857142854,NQ
2018-01-03,1,6555.0,6584.853571428572,19,1111.255714285726,1153.4357142857261,12.647321428571429,target,590,765,2.3122343805153793,2.400000000000025,50.589285714285715,NQ
2018-01-12,1,6732.25,6761.696428571428,20,1153.4571428571376,1197.8571428571377,12.477678571428571,target,610,760,2.3110411449015995,2.3999999999999897,49.910714285714285,NQ
2018-01-16,1,6837.25,6823.834821428572,19,-532.9567857142807,-490.7767857142808,12.915178571428571,stop,580,625,-1.0859453854130559,-0.9999999999999899,51.660714285714285,NQ
2018-01-22,1,6869.0,6904.746428571429,16,1124.365714285716,1159.885714285716,15.102678571428571,target,610,945,2.3265031037540678,2.4000000000000035,60.410714285714285,NQ
2018-01-23,1,6967.5,6952.433035714285,17,-533.016785714299,-495.27678571429897,14.566964285714286,stop,630,860,-1.0761998161201616,-1.0000000000000266,58.267857142857146,NQ
2018-02-01,1,6949.5,6930.616071428572,13,-506.8421428571395,-477.9821428571395,18.383928571428573,stop,595,850,-1.060378824672164,-0.9999999999999929,73.53571428571429,NQ
2018-02-05,1,6746.5,6796.614285714286,11,1089.094285714289,1113.5142857142891,21.089285714285715,target,595,620,2.3473666384420055,2.4000000000000075,84.35714285714286,NQ
2018-02-06,1,6511.75,6570.6392857142855,10,1165.58571428571,1187.7857142857101,24.745535714285715,target,575,590,2.3551434241385443,2.3999999999999915,98.98214285714286,NQ
2018-02-14,1,6596.75,6683.0,6,1027.68,1041.0,39.933035714285715,time,615,950,2.1445902738960316,2.172386808272778,159.73214285714286,NQ
2018-04-02,-1,6459.5,6367.567857142857,6,1095.8657142857153,1109.1857142857152,38.513392857142854,target,630,700,2.3711788570766226,2.4000000000000026,154.05357142857142,NQ
2018-04-04,1,6426.25,6525.092857142857,6,1178.7942857142805,1192.1142857142804,41.392857142857146,target,655,870,2.37318377911992,2.399999999999989,165.57142857142858,NQ
2018-04-24,-1,6617.0,6540.089285714285,7,1068.2100000000055,1083.7500000000055,32.254464285714285,target,620,745,2.3655861591695624,2.400000000000012,129.01785714285714,NQ
2018-05-04,1,6678.75,6752.05,8,1163.040000000003,1180.800000000003,30.75,target,605,695,2.3639024390243963,2.400000000000006,123.0,NQ
2018-05-23,1,6888.0,6866.3125,11,-490.545,-466.125,21.1875,stop,605,650,-1.0523893805309734,-1.0,84.75,NQ
2018-05-29,1,6963.75,6945.205357142857,13,-498.02071428572106,-469.16071428572104,18.044642857142858,stop,600,630,-1.0615141019297523,-1.0000000000000144,72.17857142857143,NQ
2018-06-01,1,7055.75,7083.0,13,692.64,721.5,18.308035714285715,time,620,950,1.4550987564008777,1.5157278712509143,73.23214285714286,NQ
2018-06-14,1,7297.75,7280.28125,14,-506.205,-475.125,16.96875,stop,605,660,-1.065414364640884,-1.0,67.875,NQ
2018-06-18,1,7270.0,7276.25,13,146.64,175.5,18.285714285714285,time,645,950,0.3084375,0.36914062500000006,73.14285714285714,NQ
2018-06-19,1,7217.0,7198.75,14,-528.08,-497.0,17.75,stop,575,590,-1.0625352112676056,-1.0,71.0,NQ
2018-07-02,1,7052.0,7109.614285714286,10,1140.0857142857174,1162.2857142857174,24.214285714285715,target,625,950,2.3541592920354044,2.400000000000006,96.85714285714286,NQ
2018-07-12,1,7340.25,7378.0,10,742.8,765.0,24.227678571428573,time,625,950,1.5329574350469872,1.5787728026533996,96.91071428571429,NQ
2018-07-17,1,7337.25,7388.221428571429,11,1107.9514285714376,1132.3714285714377,21.446428571428573,target,590,705,2.3482431307244154,2.400000000000019,85.78571428571429,NQ
2018-08-02,1,7272.0,7326.571428571428,10,1079.2285714285688,1101.4285714285688,22.946428571428573,target,600,690,2.351626459143963,2.399999999999994,91.78571428571429,NQ
2018-08-13,1,7474.0,7449.964285714285,10,-492.9142857142935,-470.7142857142935,23.535714285714285,stop,620,675,-1.0471623672230819,-1.0000000000000167,94.14285714285714,NQ
2018-08-22,1,7427.25,7437.0,13,237.64,266.5,18.696428571428573,time,645,950,0.48886341929321864,0.548233046800382,74.78571428571429,NQ
2018-08-23,1,7461.75,7444.375,14,-503.58,-472.5,16.875,stop,585,665,-1.0657777777777777,-1.0,67.5,NQ
2018-08-27,1,7565.25,7562.0,14,-108.08,-77.0,17.5625,time,655,950,-0.2197864768683274,-0.15658362989323843,70.25,NQ
2018-08-29,1,7629.0,7671.282142857143,14,1166.8200000000124,1197.9000000000124,17.825892857142858,target,635,950,2.337731029301302,2.400000000000025,71.30357142857143,NQ
2018-08-31,1,7680.5,7661.464285714285,13,-510.7885714285816,-481.92857142858156,18.535714285714285,stop,610,685,-1.059884393063605,-1.000000000000021,74.14285714285714,NQ
2018-09-07,1,7441.0,7484.621428571429,13,1118.2971428571443,1147.1571428571442,18.383928571428573,target,585,625,2.339621175327832,2.4000000000000026,73.53571428571429,NQ
2018-09-11,1,7459.75,7504.582142857143,13,1149.775714285707,1178.6357142857069,18.888392857142858,target,595,715,2.3412337508863006,2.399999999999985,75.55357142857143,NQ
2018-09-13,1,7572.75,7551.9375,12,-514.14,-487.5,20.3125,stop,580,615,-1.0546461538461538,-1.0,81.25,NQ
2018-09-18,1,7513.75,7526.0,11,256.08,280.5,21.852678571428573,time,575,950,0.5326578140960163,0.5834525025536261,87.41071428571429,NQ
2018-09-27,1,7668.75,7661.5,11,-172.92,-148.5,21.919642857142858,time,600,950,-0.3585824847250509,-0.3079429735234216,87.67857142857143,NQ
2018-10-08,1,7433.0,7408.508928571428,10,-502.02142857143116,-479.82142857143117,23.991071428571427,stop,610,635,-1.0462672125046575,-1.0000000000000056,95.96428571428571,NQ
2018-10-09,1,7435.5,7410.053571428572,10,-521.1285714285689,-498.92857142856883,24.946428571428573,stop,625,665,-1.0444953471725074,-0.9999999999999948,99.78571428571429,NQ
2018-10-10,-1,7307.25,7247.075,9,1072.1700000000033,1092.1500000000033,25.28125,target,580,595,2.356093943139686,2.400000000000007,101.125,NQ
2018-10-15,-1,7083.0,7117.513392857143,7,-491.72750000000366,-476.18750000000364,34.013392857142854,stop,600,660,-1.0326342039637826,-1.0000000000000078,136.05357142857142,NQ
2018-11-05,-1,6869.5,6924.308035714285,4,-443.3442857142826,-434.4642857142826,54.308035714285715,stop,635,855,-1.0204389642416698,-0.9999999999999928,217.23214285714286,NQ
2018-11-12,-1,6893.75,6830.25,4,503.12,512.0,52.15625,time,640,950,1.2057998801677652,1.2270820850808868,208.625,NQ
2018-11-19,-1,6758.5,6662.239285714286,6,1147.8085714285696,1161.1285714285696,40.316964285714285,target,605,785,2.372468165208722,2.399999999999996,161.26785714285714,NQ
2018-12-07,-1,6737.25,6646.292857142857,6,1084.165714285711,1097.4857142857109,38.107142857142854,target,635,840,2.370871602624173,2.399999999999993,152.42857142857142,NQ
2019-01-03,-1,6182.5,6235.5625,4,-429.38,-420.5,52.5625,stop,635,670,-1.0211177170035672,-1.0,210.25,NQ
2019-01-29,-1,6654.5,6634.0,10,397.8,420.0,24.973214285714285,time,645,950,0.796453342867358,0.8409009653199858,99.89285714285714,NQ
2019-02-21,-1,7010.0,7029.290178571428,13,-517.4046428571395,-488.5446428571395,18.790178571428573,stop,610,655,-1.0590734141126088,-0.999999999999993,75.16071428571429,NQ
2019-03-07,-1,7057.75,7074.651785714285,15,-525.3535714285597,-492.05357142855974,16.401785714285715,stop,585,770,-1.0676755579749353,-0.9999999999999762,65.60714285714286,NQ
2019-03-11,1,7109.0,7153.017857142857,13,1128.604285714279,1157.464285714279,18.549107142857142,target,575,660,2.340158844765329,2.399999999999986,74.19642857142857,NQ
2019-03-18,1,7373.0,7351.875,12,-521.64,-495.0,20.625,stop,605,680,-1.0538181818181818,-1.0,82.5,NQ
2019-03-21,1,7438.25,7489.232142857143,11,1108.1871428571485,1132.6071428571486,21.450892857142858,target,585,720,2.3482539021852356,2.400000000000012,85.80357142857143,NQ
2019-04-22,1,7706.5,7732.25,17,854.76,892.5,14.46875,time,600,950,1.7375377969762418,1.8142548596112311,57.875,NQ
2019-04-23,1,7777.75,7810.217857142857,18,1146.8828571428412,1186.8428571428412,13.736607142857142,target,595,690,2.3191940201494643,2.399999999999968,54.94642857142857,NQ
2019-05-02,1,7803.75,7786.691964285715,15,-530.0410714285597,-496.74107142855974,16.558035714285715,stop,610,625,-1.0670369371798092,-0.9999999999999765,66.23214285714286,NQ
2019-05-03,1,7833.5,7857.75,13,614.64,643.5,17.910714285714285,time,655,950,1.3198803589232304,1.3818544366899304,71.64285714285714,NQ
2019-05-06,1,7743.5,7723.464285714285,12,-495.4971428571522,-468.8571428571522,19.535714285714285,stop,575,590,-1.056819012797095,-1.00000000000002,78.14285714285714,NQ
2019-05-15,1,7448.5,7530.778571428571,7,1143.3599999999942,1158.8999999999942,34.49107142857143,target,610,845,2.367817758218989,2.399999999999988,137.96428571428572,NQ
2019-05-16,1,7596.5,7583.0,6,-169.32,-156.0,36.325892857142854,time,615,950,-0.38842816762934745,-0.35787145139486304,145.30357142857142,NQ
2019-05-17,1,7596.75,7559.174107142857,6,-458.2307142857174,-444.9107142857174,37.075892857142854,stop,650,710,-1.0299385912101215,-1.000000000000007,148.30357142857142,NQ
2019-06-03,-1,7066.25,7093.03125,9,-493.0425,-473.0625,26.28125,stop,590,660,-1.0422354340071345,-1.0,105.125,NQ
2019-06-07,1,7372.5,7436.425,9,1139.6700000000033,1159.6500000000033,26.84375,target,595,655,2.358649592549483,2.4000000000000066,107.375,NQ
2019-06-10,1,7527.75,7514.5,9,-249.48,-229.5,27.178571428571427,time,605,950,-0.5099605781865966,-0.4691195795006571,108.71428571428571,NQ
2019-06-18,1,7676.25,7648.227678571428,9,-515.3817857142881,-495.40178571428805,27.522321428571427,stop,585,735,-1.0403309002433139,-1.0000000000000049,110.08928571428571,NQ
2019-07-09,1,7812.0,7855.75,12,1035.36,1062.0,19.861607142857142,time,605,950,2.1720296695886714,2.2279163857046527,79.44642857142857,NQ
2019-07-10,1,7941.0,7920.46875,12,-507.39,-480.75,20.03125,stop,585,620,-1.0554134165366615,-1.0,80.125,NQ
2019-07-22,1,7913.0,7894.584821428572,13,-494.6546428571395,-465.7946428571395,17.915178571428573,stop,590,620,-1.061958634438069,-0.9999999999999927,71.66071428571429,NQ
2019-07-24,1,7974.5,8017.928571428572,13,1113.2828571428606,1142.1428571428605,18.303571428571427,target,605,910,2.3393560975609833,2.4000000000000075,73.21428571428571,NQ
2019-08-01,1,7922.75,7973.089285714285,11,1094.044285714277,1118.4642857142771,21.183035714285715,target,575,630,2.3475995785036696,2.3999999999999817,84.73214285714286,NQ
2019-08-07,1,7514.75,7481.084821428572,7,-479.8524999999982,-464.3124999999982,33.16517857142857,stop,635,690,-1.033468838336246,-0.9999999999999961,132.66071428571428,NQ
2019-08-08,1,7665.5,7723.75,7,806.96,822.5,35.004464285714285,time,655,950,1.6466471113378396,1.6783573523785231,140.01785714285714,NQ
2019-08-13,1,7726.75,7743.0,6,187.68,201.0,37.861607142857146,time,585,950,0.41308336281098923,0.44240066029949293,151.44642857142858,NQ
2019-09-05,1,7886.0,7854.78125,8,-509.26,-491.5,30.71875,stop,615,675,-1.0361342828077313,-1.0,122.875,NQ
2019-09-19,1,7970.0,7947.65625,11,-504.9825,-480.5625,21.84375,stop,630,710,-1.0508154506437768,-1.0,87.375,NQ
2019-10-02,-1,7604.25,7542.285714285715,9,1104.3771428571358,1124.3571428571358,26.026785714285715,target,590,735,2.3573516295025576,2.399999999999985,104.10714285714286,NQ
2019-10-10,1,7756.75,7723.290178571428,7,-476.97750000000184,-461.4375000000018,32.95982142857143,stop,595,845,-1.0336773669240187,-1.000000000000004,131.83928571428572,NQ
2019-10-25,1,7972.5,8027.007142857143,10,1077.942857142855,1100.142857142855,22.919642857142858,target,605,680,2.351569925983634,2.3999999999999955,91.67857142857143,NQ
2019-11-12,1,8289.25,8270.919642857143,14,-530.3299999999928,-499.2499999999927,17.830357142857142,stop,635,850,-1.0622533800700906,-0.9999999999999855,71.32142857142857,NQ
2019-11-25,1,8343.0,8373.75,16,964.48,1000.0,15.433035714285714,time,575,950,1.9529534278275964,2.02487706103558,61.732142857142854,NQ
2019-12-09,1,8423.25,8404.370535714286,13,-506.72607142855793,-477.8660714285579,18.379464285714285,stop,580,665,-1.060393490405607,-0.9999999999999718,73.51785714285714,NQ
2019-12-12,1,8455.75,8437.5625,14,-526.33,-495.25,17.6875,stop,575,580,-1.0627561837455832,-1.0,70.75,NQ
2019-12-13,1,8515.5,8496.410714285714,13,-512.1814285714421,-483.3214285714421,18.589285714285715,stop,600,610,-1.0597118155619876,-1.000000000000028,74.35714285714286,NQ
2019-12-16,1,8606.0,8603.5,13,-80.86,-52.0,18.232142857142858,time,615,950,-0.17057786483839374,-0.10969637610186092,72.92857142857143,NQ
2019-12-31,1,8744.25,8727.625,15,-517.05,-483.75,16.125,stop,585,600,-1.0688372093023255,-1.0,64.5,NQ
2020-01-03,1,8822.0,8819.0,14,-101.08,-70.0,17.799107142857142,time,575,950,-0.20281916227740154,-0.14045648357160773,71.19642857142857,NQ
2020-01-06,1,8774.75,8817.075,14,1168.0200000000204,1199.1000000000204,17.84375,target,580,620,2.3377933450087975,2.4000000000000408,71.375,NQ
2020-01-15,1,9094.75,9072.160714285714,11,-510.38428571429716,-485.96428571429715,22.089285714285715,stop,655,670,-1.0502506063056016,-1.0000000000000235,88.35714285714286,NQ
2020-01-27,1,8989.0,8968.357142857143,12,-510.0685714285652,-483.4285714285652,20.142857142857142,stop,590,595,-1.0551063829787104,-0.999999999999987,80.57142857142857,NQ
2020-01-28,1,9070.5,9100.75,10,592.8,615.0,23.227678571428573,time,640,950,1.2760638093407648,1.3238516240630405,92.91071428571429,NQ
2020-01-30,1,9111.75,9087.517857142857,10,-496.84285714286233,-474.64285714286234,23.732142857142858,stop,575,595,-1.0467720090293562,-1.0000000000000109,94.92857142857143,NQ
2020-02-03,1,9090.25,9153.628571428571,9,1129.8342857142848,1149.8142857142848,26.616071428571427,target,580,625,2.358295873867828,2.399999999999998,106.46428571428571,NQ
2020-02-10,1,9448.25,9517.25,7,957.46,973.0,33.78125,time,595,950,2.0244958371877892,2.057354301572618,135.125,NQ
2020-02-24,1,9164.75,9133.30357142857,8,-512.9028571428696,-495.1428571428696,30.946428571428573,stop,575,630,-1.0358684362377633,-1.000000000000025,123.78571428571429,NQ
2020-02-26,1,8963.5,8924.49107142857,6,-475.4271428571522,-462.1071428571522,38.50892857142857,stop,575,720,-1.0288244841178038,-1.0000000000000202,154.03571428571428,NQ
2020-02-28,1,8294.5,8246.59375,5,-485.1625,-474.0625,47.40625,stop,575,580,-1.0234146341463415,-1.0,189.625,NQ
2020-03-06,1,8526.25,8452.04017857143,3,-448.9189285714239,-442.2589285714239,73.70982142857143,stop,640,670,-1.0150590515413862,-0.9999999999999895,294.8392857142857,NQ
2020-03-09,-1,7828.5,7908.352678571428,3,-482.7760714285707,-476.11607142857065,79.35267857142857,stop,575,585,-1.0139881856540067,-0.9999999999999983,317.4107142857143,NQ
2020-03-13,-1,7476.0,7586.71875,2,-445.315,-440.875,110.21875,stop,590,615,-1.010070881769209,-1.0,440.875,NQ
2020-03-16,-1,7126.0,7241.982142857143,2,-466.36857142857247,-461.92857142857247,115.48214285714286,stop,585,590,-1.0096118756765138,-1.0000000000000022,461.92857142857144,NQ
2020-04-21,-1,8511.5,8356.739285714286,3,924.9042857142848,931.5642857142848,64.69196428571429,target,630,675,2.3828417638534236,2.3999999999999972,258.76785714285717,NQ
2020-05-28,1,9472.75,9423.392857142857,5,-499.6714285714312,-488.57142857143117,48.857142857142854,stop,625,945,-1.0227192982456195,-1.0000000000000053,195.42857142857142,NQ
2020-06-05,1,9761.25,9810.25,6,580.68,594.0,40.89732142857143,time,580,950,1.1832070734635955,1.2103482152603426,163.58928571428572,NQ
2020-06-09,1,9936.25,9962.75,6,310.68,324.0,41.410714285714285,time,640,950,0.6252005174644243,0.6520051746442432,165.64285714285714,NQ
2020-06-15,1,9631.5,9578.611607142857,4,-427.98714285714493,-419.10714285714494,52.388392857142854,stop,605,630,-1.0211878994461063,-1.000000000000005,209.55357142857142,NQ
2020-06-30,1,10064.5,10165.5,4,803.12,812.0,59.22767857142857,time,655,950,1.6949845481269314,1.713725785784277,236.91071428571428,NQ
2020-07-06,1,10564.0,10592.75,5,281.4,292.5,45.674107142857146,time,645,950,0.6161039976541882,0.6404066073697585,182.69642857142858,NQ
2020-07-07,1,10669.5,10622.39732142857,5,-477.12678571429353,-466.0267857142935,46.60267857142857,stop,650,735,-1.0238183734074313,-1.0000000000000169,186.41071428571428,NQ
2020-07-14,1,10608.75,10551.995535714286,4,-458.9157142857101,-450.0357142857101,56.254464285714285,stop,580,585,-1.0197317673200448,-0.9999999999999908,225.01785714285714,NQ
2020-07-20,1,10765.0,10895.096428571429,4,1035.8914285714318,1044.771428571432,54.41517857142857,target,625,900,2.3796012798424884,2.400000000000008,217.66071428571428,NQ
2020-08-12,1,11061.75,11180.885714285714,5,1185.2571428571414,1196.3571428571413,49.848214285714285,target,595,835,2.377732401934441,2.399999999999997,199.39285714285714,NQ
2020-08-20,1,11368.5,11472.003571428571,5,1028.9357142857139,1040.0357142857138,43.33482142857143,target,595,900,2.3743854950036045,2.3999999999999986,173.33928571428572,NQ
2020-09-08,1,11294.25,11228.39732142857,3,-398.77607142857613,-392.1160714285761,65.35267857142857,stop,595,690,-1.0169847667190501,-1.000000000000012,261.4107142857143,NQ
2020-09-17,1,11113.75,11027.67857142857,2,-346.7257142857174,-342.2857142857174,85.57142857142857,stop,645,705,-1.0129716193656184,-1.000000000000009,342.2857142857143,NQ
2020-09-24,1,10899.25,10809.90625,2,-359.815,-355.375,88.84375,stop,600,630,-1.0124938445304257,-1.0,355.375,NQ
2020-09-30,1,11470.25,11394.549107142857,3,-457.8653571428587,-451.2053571428587,75.20089285714286,stop,620,885,-1.0147604630454174,-1.0000000000000033,300.80357142857144,NQ
2020-10-02,1,11446.5,11378.08482142857,3,-414.15107142857613,-407.4910714285761,67.91517857142857,stop,605,665,-1.0163439163873118,-1.0000000000000115,271.6607142857143,NQ
2020-10-26,1,11688.0,11630.776785714286,4,-462.6657142857101,-453.7857142857101,56.723214285714285,stop,600,625,-1.0195687076971418,-0.9999999999999909,226.89285714285714,NQ
2020-11-03,1,11298.5,11232.66517857143,3,-398.6689285714239,-392.0089285714239,65.33482142857143,stop,615,830,-1.0169894089511327,-0.9999999999999881,261.3392857142857,NQ
2020-11-04,1,11752.25,11796.25,3,260.34,267.0,65.81696428571429,time,615,950,0.6592525266228039,0.6761174794817879,263.26785714285717,NQ
2020-12-03,1,12535.75,12496.63392857143,6,-476.7128571428478,-463.3928571428478,38.61607142857143,stop,620,640,-1.0287445086705,-0.9999999999999798,154.46428571428572,NQ
2020-12-10,1,12340.75,12435.971428571429,6,1135.337142857148,1148.6571428571478,39.88392857142857,target,585,650,2.372169241101421,2.4000000000000106,159.53571428571428,NQ
2020-12-14,1,12497.0,12455.049107142857,6,-510.7307142857174,-497.4107142857174,41.450892857142854,stop,590,950,-1.0267786752827204,-1.0000000000000064,165.80357142857142,NQ
2021-01-05,1,12724.0,12796.5,6,862.68,876.0,38.299107142857146,time,575,950,1.87706725725609,1.9060496561370786,153.19642857142858,NQ
2021-01-06,1,12677.0,12767.67857142857,6,1080.8228571428479,1094.1428571428478,37.99107142857143,target,610,650,2.370782608695632,2.3999999999999795,151.96428571428572,NQ
2021-01-07,1,12804.75,12899.864285714286,6,1134.0514285714305,1147.3714285714304,39.839285714285715,target,580,645,2.3721380546840023,2.400000000000004,159.35714285714286,NQ
2021-01-13,1,12971.75,12970.75,5,-16.1,-5.0,44.8125,time,645,950,-0.03592747559274756,-0.011157601115760111,179.25,NQ
2021-01-20,1,13230.25,13307.5,5,766.4,777.5,46.82142857142857,time,610,950,1.6368573607932877,1.660564454614798,187.28571428571428,NQ
2021-01-28,1,13266.5,13216.544642857143,5,-505.65357142856885,-494.55357142856883,49.455357142857146,stop,615,640,-1.0224444845639955,-0.9999999999999947,197.82142857142858,NQ
2021-02-23,1,13091.5,13048.64732142857,5,-434.62678571429353,-423.5267857142935,42.35267857142857,stop,645,675,-1.0262084958364264,-1.0000000000000184,169.41071428571428,NQ
2021-02-25,1,13278.75,13226.5,4,-422.88,-414.0,51.75,stop,575,590,-1.0214492753623188,-1.0,207.0,NQ
2021-03-31,1,13094.75,13093.25,3,-12.66,-6.0,66.25446428571429,time,635,950,-0.03184691058554005,-0.01509332255238865,265.01785714285717,NQ
2021-04-05,1,13535.0,13599.5,3,383.34,390.0,63.65625,time,640,950,1.0036720667648502,1.021109474717722,254.625,NQ
2021-04-23,1,13861.0,13970.857142857143,5,1092.4714285714313,1103.5714285714312,45.982142857142854,target,630,930,2.3758601941747632,2.4000000000000057,183.92857142857142,NQ
2021-04-30,1,13946.25,13900.732142857143,5,-461.27857142856885,-450.17857142856883,45.017857142857146,stop,625,655,-1.0246568821896016,-0.9999999999999942,180.07142857142858,NQ
2021-05-11,1,13216.75,13162.767857142857,4,-436.73714285714493,-427.85714285714494,53.482142857142854,stop,580,630,-1.0207545909849798,-1.0000000000000049,213.92857142857142,NQ
2021-05-19,1,13109.75,13205.75,3,572.34,579.0,63.75,time,650,950,1.4963137254901961,1.5137254901960784,255.0,NQ
2021-05-20,1,13413.5,13508.25,3,564.84,571.5,64.30803571428571,time,615,950,1.4638917042693513,1.4811523776466506,257.23214285714283,NQ
2021-05-24,1,13635.75,13657.0,3,123.84,130.5,67.15178571428571,time,620,950,0.3073633825289191,0.32389309932189875,268.60714285714283,NQ
2021-06-04,1,13692.0,13775.75,5,831.4,842.5,41.700892857142854,time,585,950,1.993722299539664,2.020340434642972,166.80357142857142,NQ
2021-06-10,1,13912.75,13876.575892857143,7,-514.9774999999963,-499.43749999999636,35.674107142857146,stop,575,645,-1.03111500437992,-0.9999999999999926,142.69642857142858,NQ
2021-06-17,1,14004.25,14091.467857142858,6,1039.2942857142914,1052.6142857142913,36.549107142857146,target,575,625,2.369629901062673,2.4000000000000123,146.19642857142858,NQ
2021-06-28,1,14467.0,14517.0,6,592.68,606.0,38.098214285714285,time,605,950,1.2963862198265759,1.3255214436372158,152.39285714285714,NQ
2021-07-09,1,14769.25,14822.75,7,740.46,756.0,33.982142857142854,time,650,950,1.556405675249606,1.5890698896479245,135.92857142857142,NQ
2021-07-13,1,14914.25,14990.721428571429,7,1062.0600000000059,1077.6000000000058,32.07142857142857,target,595,680,2.365389755011149,2.400000000000013,128.28571428571428,NQ
2021-07-22,1,14917.75,14874.785714285714,5,-435.74285714286236,-424.64285714286234,42.464285714285715,stop,640,725,-1.0261396131202813,-1.0000000000000122,169.85714285714286,NQ
2021-07-29,1,15065.5,15038.5,5,-276.1,-265.0,44.424107142857146,time,585,950,-0.621509396040599,-0.59652296251633,177.69642857142858,NQ
2021-07-30,1,14948.25,14942.5,5,-63.6,-52.5,43.3125,time,595,950,-0.14683982683982685,-0.12121212121212122,173.25,NQ
2021-08-19,1,14847.0,14936.17857142857,6,1062.8228571428479,1076.1428571428478,37.36607142857143,target,605,680,2.370293906810015,2.399999999999979,149.46428571428572,NQ
2021-08-20,1,15059.5,15020.455357142857,6,-475.8557142857174,-462.5357142857174,38.544642857142854,stop,600,700,-1.0287977762335023,-1.0000000000000069,154.17857142857142,NQ
2021-08-23,1,15200.25,15294.475,6,1123.3800000000044,1136.7000000000044,39.46875,target,590,695,2.3718764845605795,2.4000000000000092,157.875,NQ
2021-08-27,1,15395.5,15429.75,6,403.68,417.0,38.892857142857146,time,610,950,0.8649403122130394,0.8934802571166206,155.57142857142858,NQ
2021-08-30,1,15529.5,15611.25,6,973.68,987.0,40.5625,time,595,950,2.0003697996918337,2.0277349768875195,162.25,NQ
2021-09-03,1,15640.75,15643.5,6,25.68,39.0,40.348214285714285,time,595,950,0.053038282805930516,0.08054879398096924,161.39285714285714,NQ
2021-09-23,1,15318.75,15270.700892857143,5,-486.59107142856885,-475.49107142856883,47.549107142857146,stop,600,680,-1.0233442869214104,-0.9999999999999944,190.19642857142858,NQ
2021-10-05,1,14627.25,14673.0,3,270.84,277.5,64.30357142857143,time,610,950,0.7019827825603998,0.7192446542627048,257.2142857142857,NQ
2021-10-06,1,14659.0,14592.767857142857,3,-401.0528571428587,-394.3928571428587,65.73214285714286,stop,620,680,-1.016886715566426,-1.000000000000004,262.92857142857144,NQ
2021-10-11,1,14859.25,14797.330357142857,4,-500.23714285714493,-491.35714285714494,61.419642857142854,stop,595,785,-1.0180723942433536,-1.0000000000000042,245.67857142857142,NQ
2021-10-26,1,15689.75,15642.361607142857,5,-479.9839285714312,-468.88392857143117,46.888392857142854,stop,615,665,-1.023673236218229,-1.0000000000000056,187.55357142857142,NQ
2021-11-02,1,15948.25,15902.97767857143,5,-458.8232142857065,-447.7232142857065,44.77232142857143,stop,580,610,-1.0247921029015679,-0.9999999999999825,179.08928571428572,NQ
2021-11-04,1,16278.5,16337.5,5,583.9,595.0,42.95982142857143,time,610,950,1.3591769718383038,1.3850150680660915,171.83928571428572,NQ
2021-11-10,1,16187.75,16141.825892857143,5,-465.34107142856885,-454.24107142856883,45.424107142857146,stop,605,690,-1.024436363636358,-0.9999999999999942,181.69642857142858,NQ
2021-11-16,1,16246.75,16199.566964285714,5,-477.93035714286236,-466.83035714286234,46.683035714285715,stop,600,625,-1.0237773740078528,-1.000000000000011,186.73214285714286,NQ
2021-11-22,1,16730.5,16684.616071428572,5,-464.93928571427534,-453.8392857142753,45.38392857142857,stop,585,660,-1.0244579972456982,-0.9999999999999772,181.53571428571428,NQ
2021-12-02,1,15949.75,15881.17857142857,3,-415.08857142857613,-408.4285714285761,68.07142857142857,stop,575,615,-1.0163064008394658,-1.0000000000000113,272.2857142857143,NQ
2021-12-07,1,16263.25,16284.25,3,122.34,129.0,79.42857142857143,time,610,950,0.2567086330935252,0.27068345323741005,317.7142857142857,NQ
2021-12-17,1,15907.25,15810.388392857143,2,-389.88642857142753,-385.44642857142753,96.36160714285714,stop,650,700,-1.0115191104933956,-0.9999999999999973,385.44642857142856,NQ
2021-12-27,1,16507.0,16555.0,3,284.34,291.0,82.06696428571429,time,625,950,0.5774552575749332,0.5909807974759288,328.26785714285717,NQ
2022-01-06,1,15837.0,15766.107142857143,3,-429.0171428571413,-422.3571428571413,70.39285714285714,stop,580,585,-1.0157686453576829,-0.9999999999999963,281.57142857142856,NQ
2022-01-14,1,15524.5,15449.66517857143,3,-452.6689285714239,-446.0089285714239,74.33482142857143,stop,580,665,-1.0149324364902905,-0.9999999999999896,297.3392857142857,NQ
2022-01-21,-1,14582.25,14668.88392857143,2,-348.9757142857174,-344.5357142857174,86.13392857142857,stop,615,630,-1.0128869078470082,-1.000000000000009,344.5357142857143,NQ
2022-01-24,-1,13979.75,14070.63392857143,2,-365.9757142857174,-361.5357142857174,90.38392857142857,stop,615,620,-1.0122809443840846,-1.0000000000000087,361.5357142857143,NQ
2022-02-23,-1,13804.0,13575.878571428571,2,910.0457142857144,914.4857142857145,95.25892857142857,target,625,880,2.3883475489736625,2.400000000000001,381.0357142857143,NQ
2022-03-03,-1,14141.75,14012.75,2,513.56,518.0,103.22321428571429,time,620,950,1.243809359051985,1.2545627540870166,412.89285714285717,NQ
2022-03-07,-1,13617.25,13377.535714285714,2,956.4171428571449,960.8571428571449,100.08928571428571,target,610,910,2.3889099018733324,2.4000000000000052,400.35714285714283,NQ
2022-03-11,-1,13509.5,13309.75,2,796.56,801.0,110.97321428571429,time,630,950,1.7944870866521843,1.8044895003620565,443.89285714285717,NQ
2022-04-05,-1,14969.5,14790.107142857143,3,1072.6971428571412,1079.3571428571413,74.95535714285714,target,605,950,2.3851911852292997,2.399999999999997,299.82142857142856,NQ
2022-04-06,-1,14468.0,14541.379464285714,3,-443.9367857142826,-437.2767857142826,72.87946428571429,stop,600,820,-1.0152306278713557,-0.9999999999999927,291.51785714285717,NQ
2022-04-08,-1,14327.25,14401.013392857143,3,-446.2403571428587,-439.5803571428587,73.26339285714286,stop,590,625,-1.015150813478768,-1.0000000000000036,293.05357142857144,NQ
2022-04-14,-1,14046.25,13904.0,3,849.84,856.5,75.90625,time,605,950,1.8659860024701524,1.8806093042404282,303.625,NQ
2022-04-20,-1,14102.25,14005.75,3,575.34,582.0,79.16071428571429,time,590,950,1.211333182946086,1.2253552898714188,316.64285714285717,NQ
2022-04-26,-1,13274.0,13055.44642857143,2,871.7742857142825,876.2142857142826,91.27232142857143,target,590,930,2.387838591342618,2.3999999999999915,365.0892857142857,NQ
2022-04-28,-1,13046.25,13138.526785714286,2,-371.54714285714493,-367.10714285714494,91.77678571428571,stop,630,660,-1.0120945617278003,-1.0000000000000058,367.10714285714283,NQ
2022-05-05,-1,13101.5,12847.921428571428,2,1011.8742857142884,1016.3142857142884,105.86607142857143,target,600,710,2.389515054398252,2.400000000000006,423.4642857142857,NQ
2022-05-06,-1,12541.5,12656.19642857143,2,-461.2257142857174,-456.7857142857174,114.19642857142857,stop,590,605,-1.0097200938233062,-1.0000000000000069,456.7857142857143,NQ
2022-05-10,-1,12268.25,12389.066964285714,2,-485.70785714285506,-481.26785714285506,120.31696428571429,stop,655,810,-1.0092256317019732,-0.9999999999999957,481.26785714285717,NQ
2022-05-24,-1,11585.0,11704.160714285714,2,-479.08285714285506,-474.64285714285506,118.66071428571429,stop,615,705,-1.0093544018058647,-0.9999999999999956,474.64285714285717,NQ
2022-05-31,-1,12481.75,12582.11607142857,2,-403.9042857142826,-399.4642857142826,99.86607142857143,stop,605,620,-1.0111148860080386,-0.9999999999999922,399.4642857142857,NQ
2022-06-10,-1,11879.75,11966.34375,2,-348.815,-344.375,86.09375,stop,605,925,-1.0128929219600726,-1.0,344.375,NQ
2022-06-16,-1,11156.75,11126.5,2,118.56,123.0,90.09821428571429,time,640,950,0.32897433356456246,0.34129422257457137,360.39285714285717,NQ
2022-06-27,-1,12031.75,12118.566964285714,2,-349.70785714285506,-345.26785714285506,86.31696428571429,stop,585,600,-1.0128595810705912,-0.9999999999999939,345.26785714285717,NQ
2022-06-30,-1,11397.75,11484.107142857143,2,-347.86857142857247,-343.42857142857247,85.85714285714286,stop,595,655,-1.0129284525790379,-1.0000000000000029,343.42857142857144,NQ
2022-07-11,-1,11917.75,11988.14732142857,3,-426.0439285714239,-419.3839285714239,69.89732142857143,stop,575,810,-1.0158804368652887,-0.9999999999999889,279.5892857142857,NQ
2022-08-22,-1,12951.25,12901.5,3,294.84,301.5,64.49553571428571,time,655,950,0.7619131999723127,0.7791236935003808,257.98214285714283,NQ
2022-08-26,-1,13005.5,13067.919642857143,4,-504.23714285714493,-495.35714285714494,61.919642857142854,stop,600,605,-1.0179264599855846,-1.0000000000000042,247.67857142857142,NQ
2022-08-30,-1,12426.75,12268.539285714285,3,945.6042857142892,952.2642857142891,66.12946428571429,target,605,800,2.3832147438061244,2.4000000000000083,264.51785714285717,NQ
2022-09-01,-1,12052.75,12117.78125,3,-393.8475,-387.1875,64.53125,stop,655,805,-1.0172009685230026,-1.0,258.125,NQ
2022-09-02,-1,12284.25,12349.566964285714,3,-395.5617857142826,-388.9017857142826,64.81696428571429,stop,600,610,-1.017125146359934,-0.9999999999999918,259.26785714285717,NQ
2022-09-06,-1,11973.5,12040.50892857143,3,-405.71357142857613,-399.0535714285761,66.50892857142857,stop,600,640,-1.016689488521961,-1.0000000000000118,266.0357142857143,NQ
2022-09-13,-1,12243.75,12084.65,3,950.9400000000022,957.6000000000022,66.5,target,640,925,2.3833082706766975,2.4000000000000057,266.0,NQ
2022-09-29,-1,11210.25,11220.5,3,-65.16,-58.5,75.60267857142857,time,600,950,-0.14364570416297606,-0.12896368467670505,302.4107142857143,NQ
2022-10-10,-1,10954.25,11037.55357142857,3,-503.4814285714239,-496.8214285714239,82.80357142857143,stop,635,825,-1.0134052188915155,-0.9999999999999906,331.2142857142857,NQ
2022-10-14,-1,10994.25,10789.346428571429,2,817.174285714284,821.614285714284,85.58482142857143,target,600,735,2.3870304105158784,2.399999999999995,342.3392857142857,NQ
2022-10-18,-1,11220.25,11181.5,2,152.56,157.0,90.93303571428571,time,635,950,0.419429525258972,0.4316363100790417,363.73214285714283,NQ
2022-11-01,-1,11442.75,11343.0,3,594.84,601.5,82.59375,time,600,950,1.2003329549754067,1.2137722285281876,330.375,NQ
2022-11-04,-1,10740.5,10819.629464285714,3,-478.4367857142826,-471.7767857142826,78.62946428571429,stop,580,595,-1.0141168455118312,-0.9999999999999932,314.51785714285717,NQ
2022-11-18,-1,11689.0,11686.25,3,12.84,19.5,78.94196428571429,time,610,950,0.027108522309562854,0.041169484815924896,315.76785714285717,NQ
2022-12-06,-1,11694.75,11564.996428571429,4,1033.148571428571,1042.028571428571,54.27232142857143,target,590,785,2.3795475857530626,2.399999999999999,217.08928571428572,NQ
2022-12-13,-1,12017.0,11888.575,4,1022.5199999999942,1031.3999999999942,53.71875,target,620,705,2.379336823734716,2.3999999999999866,214.875,NQ
2022-12-15,-1,11530.0,11452.5,3,461.34,468.0,64.375,time,600,950,1.1944077669902913,1.2116504854368932,257.5,NQ
2022-12-22,-1,11068.5,10914.167857142857,3,922.3328571428609,928.9928571428609,64.51339285714286,target,600,755,2.382794270292723,2.4000000000000097,258.05357142857144,NQ
2022-12-27,-1,10928.5,10996.401785714286,3,-411.07071428571743,-404.4107142857174,67.40178571428571,stop,585,620,-1.016468406411453,-1.0000000000000078,269.60714285714283,NQ
2023-01-03,-1,10993.5,10953.0,3,239.34,246.0,68.53125,time,595,950,0.5820702234382125,0.5982672138622891,274.125,NQ
2023-01-04,-1,10897.75,10969.5,3,-434.16,-427.5,71.25,stop,605,660,-1.0155789473684211,-1.0,285.0,NQ
2023-01-12,-1,11356.75,11420.276785714286,3,-384.82071428571743,-378.1607142857174,63.026785714285715,stop,580,605,-1.0176115597110156,-1.0000000000000082,252.10714285714286,NQ
2023-01-23,1,11811.5,11948.560714285713,4,1091.605714285707,1100.4857142857072,57.316964285714285,target,600,675,2.3806340057636732,2.399999999999985,229.26785714285714,NQ
2023-01-27,1,12156.0,12101.25892857143,4,-442.8085714285652,-433.9285714285652,54.24107142857143,stop,600,655,-1.0204641975308497,-0.9999999999999856,216.96428571428572,NQ
2023-02-02,1,12790.75,12932.621428571429,4,1130.0914285714289,1138.971428571429,59.32142857142857,target,630,840,2.3812883804936793,2.400000000000001,237.28571428571428,NQ
2023-02-03,1,12727.5,12662.267857142857,3,-395.0528571428587,-388.3928571428587,64.73214285714286,stop,585,810,-1.0171475862069006,-1.000000000000004,258.92857142857144,NQ
2023-02-14,1,12631.0,12557.25,3,-446.16,-439.5,73.25,stop,600,635,-1.0151535836177474,-1.0,293.0,NQ
2023-02-16,1,12664.75,12591.767857142857,3,-441.5528571428587,-434.8928571428587,72.48214285714286,stop,645,915,-1.015314116777535,-1.0000000000000036,289.92857142857144,NQ
2023-03-09,1,12342.0,12292.99107142857,5,-496.18928571429353,-485.0892857142935,48.50892857142857,stop,600,615,-1.0228823854224347,-1.0000000000000162,194.03571428571428,NQ
2023-03-13,1,11888.0,12021.707142857143,4,1064.7771428571477,1073.6571428571478,55.919642857142854,target,595,670,2.380150087817351,2.4000000000000115,223.67857142857142,NQ
2023-03-14,1,12184.75,12126.464285714286,4,-471.1657142857101,-462.2857142857101,57.785714285714285,stop,630,795,-1.0192088998763815,-0.999999999999991,231.14285714285714,NQ
2023-03-16,1,12486.25,12631.30357142857,4,1155.548571428565,1164.4285714285652,60.64732142857143,target,645,700,2.3816974604342893,2.399999999999987,242.58928571428572,NQ
2023-04-13,1,13118.75,13202.75,4,667.12,676.0,50.348214285714285,time,610,950,1.656265295265118,1.6783117574037951,201.39285714285714,NQ
2023-04-14,1,13235.75,13186.017857142857,5,-503.4214285714312,-492.32142857143117,49.232142857142854,stop,590,605,-1.022546245919483,-1.0000000000000053,196.92857142857142,NQ
2023-04-20,1,13137.5,13090.669642857143,5,-474.40357142856885,-463.30357142856883,46.330357142857146,stop,605,875,-1.023958373482361,-0.9999999999999943,185.32142857142858,NQ
2023-05-05,1,13222.25,13331.389285714286,5,1085.2928571428552,1096.392857142855,45.683035714285715,target,605,880,2.3757021401348535,2.3999999999999955,182.73214285714286,NQ
2023-05-16,1,13519.75,13489.0,5,-313.6,-302.5,44.861607142857146,time,655,950,-0.6990387103194348,-0.6742959498457558,179.44642857142858,NQ
2023-05-18,1,13731.5,13827.482142857143,6,1144.4657142857175,1157.7857142857174,40.200892857142854,target,605,685,2.372388672959474,2.4000000000000066,160.80357142857142,NQ
2023-05-22,1,13927.75,13885.004464285714,5,-433.55535714286236,-422.45535714286234,42.245535714285715,stop,585,605,-1.026274965655724,-1.0000000000000122,168.98214285714286,NQ
2023-05-26,1,14096.5,14195.985714285714,6,1186.508571428574,1199.828571428574,41.660714285714285,target,585,625,2.373356193741968,2.400000000000005,166.64285714285714,NQ
2023-06-05,1,14665.25,14614.642857142857,4,-409.73714285714493,-400.85714285714494,50.107142857142854,stop,655,830,-1.022152530292236,-1.0000000000000053,200.42857142857142,NQ
2023-06-08,1,14433.25,14498.25,4,515.12,524.0,51.357142857142854,time,640,950,1.2537691237830322,1.2753824756606398,205.42857142857142,NQ
2023-06-09,1,14666.25,14612.950892857143,4,-431.27285714285506,-422.39285714285506,52.799107142857146,stop,590,640,-1.0210230827766924,-0.999999999999995,211.19642857142858,NQ
2023-06-15,1,15251.0,15380.517857142857,4,1031.262857142855,1040.142857142855,54.174107142857146,target,605,875,2.3795105067985114,2.399999999999995,216.69642857142858,NQ
2023-06-22,1,15083.25,15208.214285714286,4,994.8342857142899,1003.7142857142899,52.276785714285715,target,595,950,2.3787668659265684,2.4000000000000097,209.10714285714286,NQ
2023-06-26,1,15136.75,15080.910714285714,4,-451.59428571428987,-442.7142857142899,55.339285714285715,stop,595,630,-1.0200580832526716,-1.0000000000000093,221.35714285714286,NQ
2023-06-28,1,15142.25,15084.763392857143,4,-464.77285714285506,-455.89285714285506,56.986607142857146,stop,625,760,-1.0194782608695605,-0.9999999999999953,227.94642857142858,NQ
2023-06-30,1,15362.0,15305.888392857143,4,-453.77285714285506,-444.89285714285506,55.611607142857146,stop,615,700,-1.0199598619250174,-0.9999999999999952,222.44642857142858,NQ
2023-07-05,1,15384.75,15334.611607142857,5,-507.4839285714312,-496.38392857143117,49.638392857142854,stop,590,860,-1.02236172317655,-1.0000000000000053,198.55357142857142,NQ
2023-07-14,1,15812.5,15763.625,5,-494.85,-483.75,48.375,stop,605,645,-1.0229457364341086,-1.0,193.5,NQ
2023-08-10,1,15422.5,15366.0625,4,-456.38,-447.5,55.9375,stop,595,635,-1.0198435754189945,-1.0,223.75,NQ
2023-08-14,1,15178.75,15243.0,4,509.12,518.0,58.392857142857146,time,630,950,1.0898593272171253,1.108868501529052,233.57142857142858,NQ
2023-08-21,1,14913.75,14856.30357142857,4,-464.4514285714348,-455.5714285714348,56.94642857142857,stop,595,625,-1.019492003762949,-1.0000000000000138,227.78571428571428,NQ
2023-08-23,1,15123.75,15192.5,4,545.12,554.0,54.91517857142857,time,610,950,1.2408226973416796,1.2610356881554345,219.66071428571428,NQ
2023-08-29,1,15229.75,15375.692857142858,4,1162.6628571428637,1171.5428571428638,61.017857142857146,target,600,695,2.3818086040386435,2.4000000000000137,244.07142857142858,NQ
2023-08-31,1,15605.0,15543.70982142857,4,-495.2014285714348,-486.3214285714348,60.79017857142857,stop,635,685,-1.0182595285305263,-1.0000000000000129,243.16071428571428,NQ
2023-09-08,1,15375.0,15318.36607142857,4,-457.9514285714348,-449.0714285714348,56.13392857142857,stop,615,650,-1.0197741371083326,-1.000000000000014,224.53571428571428,NQ
2023-10-02,1,14982.75,14924.325892857143,4,-472.27285714285506,-463.39285714285506,57.924107142857146,stop,600,620,-1.0191630057803422,-0.9999999999999954,231.69642857142858,NQ
2023-10-06,1,14840.75,14978.335714285715,4,1095.8057142857188,1104.6857142857189,57.535714285714285,target,625,690,2.380707635009321,2.40000000000001,230.14285714285714,NQ
2023-10-16,1,15298.5,15232.950892857143,3,-396.9546428571413,-390.2946428571413,65.04910714285714,stop,625,800,-1.0170640312950343,-0.9999999999999961,260.19642857142856,NQ
2023-10-25,-1,14612.5,14677.17857142857,3,-391.7314285714239,-385.0714285714239,64.17857142857143,stop,585,645,-1.017295492487467,-0.9999999999999879,256.7142857142857,NQ
2023-10-26,-1,14296.0,14363.97767857143,3,-411.52607142857613,-404.8660714285761,67.47767857142857,stop,605,645,-1.0164498842209841,-1.0000000000000115,269.9107142857143,NQ
2023-11-01,1,14643.0,14576.92857142857,3,-400.08857142857613,-393.4285714285761,65.57142857142857,stop,640,690,-1.0169281045751752,-1.0000000000000118,262.2857142857143,NQ
2023-11-20,1,15996.5,15945.39732142857,4,-413.7014285714348,-404.8214285714348,50.60267857142857,stop,595,620,-1.0219355977062352,-1.0000000000000155,202.41071428571428,NQ
2023-12-05,1,15925.75,15886.53125,6,-477.945,-464.625,38.71875,stop,600,625,-1.0286682808716707,-1.0,154.875,NQ
2023-12-08,1,16044.75,16000.267857142857,5,-450.9214285714312,-439.82142857143117,43.982142857142854,stop,600,730,-1.025237515225341,-1.000000000000006,175.92857142857142,NQ
2023-12-11,1,16160.25,16229.75,5,688.9,700.0,43.080357142857146,time,595,950,1.599104663212435,1.6248704663212434,172.32142857142858,NQ
2024-01-05,1,16540.5,16495.678571428572,5,-454.31428571427534,-443.2142857142753,44.32142857142857,stop,600,705,-1.0250443190974787,-0.9999999999999767,177.28571428571428,NQ
2024-01-08,1,16592.75,16695.375,5,1020.15,1031.25,42.96875,target,590,725,2.3741672727272727,2.4,171.875,NQ
2024-01-16,1,17000.75,16954.36160714286,5,-469.983928571413,-458.883928571413,45.888392857142854,stop,630,660,-1.0241891234555551,-0.999999999999966,183.55357142857142,NQ
2024-02-02,1,17615.25,17562.79910714286,4,-424.4871428571304,-415.6071428571304,51.950892857142854,stop,620,630,-1.0213663315287145,-0.99999999999997,207.80357142857142,NQ
2024-02-13,1,17742.5,17689.160714285714,4,-431.59428571428987,-422.7142857142899,52.839285714285715,stop,625,745,-1.021007096992237,-1.0000000000000098,211.35714285714286,NQ
2024-03-08,1,18428.25,18368.11160714286,4,-485.9871428571304,-477.1071428571304,59.638392857142854,stop,625,635,-1.018612171569702,-0.9999999999999739,238.55357142857142,NQ
2024-03-12,1,18185.75,18122.446428571428,3,-383.48142857143483,-376.8214285714348,62.80357142857143,stop,645,755,-1.017674154108632,-1.0000000000000167,251.21428571428572,NQ
2024-04-05,1,18269.0,18407.4,4,1102.3200000000115,1111.2000000000116,57.875,target,645,780,2.3808207343412775,2.4000000000000252,231.5,NQ
2024-04-23,1,17596.5,17608.75,3,69.84,76.5,77.86160714285714,time,630,950,0.14949601513674676,0.1637520784358695,311.44642857142856,NQ
2024-04-26,1,17832.25,17857.25,3,146.34,153.0,75.01785714285714,time,615,950,0.3251225898595573,0.339919066888836,300.07142857142856,NQ
2024-05-08,1,18219.0,18145.89285714286,3,-442.3028571428478,-435.6428571428478,72.60714285714286,stop,640,780,-1.0152877520904853,-0.9999999999999785,290.42857142857144,NQ
2024-05-20,1,18742.75,18748.75,4,43.12,52.0,53.580357142857146,time,590,950,0.10059656723879352,0.12131311448091985,214.32142857142858,NQ
2024-05-24,1,18842.5,18868.25,5,251.4,262.5,42.308035714285715,time,645,950,0.5942133586578031,0.6204495093383982,169.23214285714286,NQ
2024-05-29,1,18842.75,18800.26339285714,5,-430.96607142858704,-419.866071428587,41.986607142857146,stop,590,950,-1.0264370015949336,-1.000000000000037,167.94642857142858,NQ
2024-06-12,1,19509.5,19452.053571428572,4,-464.45142857142025,-455.57142857142026,56.94642857142857,stop,610,840,-1.019492003762917,-0.9999999999999818,227.78571428571428,NQ
2024-06-27,1,20093.25,20037.70089285714,4,-449.2728571428696,-440.3928571428696,55.049107142857146,stop,575,590,-1.0201638147757965,-1.0000000000000282,220.19642857142858,NQ
2024-06-28,1,20219.75,20164.196428571428,4,-449.30857142857974,-440.42857142857974,55.05357142857143,stop,600,650,-1.020162179695121,-1.0000000000000189,220.21428571428572,NQ
2024-07-02,1,20090.75,20231.989285714284,4,1125.0342857142723,1133.9142857142724,59.058035714285715,target,635,885,2.381204928566001,2.399999999999972,236.23214285714286,NQ
2024-07-12,1,20557.0,20694.821428571428,4,1097.6914285714201,1106.5714285714203,57.63392857142857,target,600,815,2.3807405112315854,2.399999999999982,230.53571428571428,NQ
2024-07-15,1,20717.0,20657.78125,4,-478.63,-469.75,58.71875,stop,640,725,-1.0189036721660458,-1.0,234.875,NQ
2024-08-29,1,19644.0,19564.848214285714,3,-478.57071428571743,-471.9107142857174,78.65178571428571,stop,595,615,-1.0141128391417935,-1.0000000000000067,314.60714285714283,NQ
2024-09-04,1,19037.75,18955.375,3,-497.91,-491.25,81.875,stop,630,875,-1.013557251908397,-1.0,327.5,NQ
2024-09-05,1,19034.75,18956.29464285714,3,-474.39214285715224,-467.7321428571522,77.95535714285714,stop,590,660,-1.014238918795118,-1.00000000000002,311.82142857142856,NQ
2024-09-06,-1,18777.25,18585.932142857142,3,1144.2471428571478,1150.9071428571478,79.92410714285714,target,590,640,2.386111824833837,2.4000000000000106,319.69642857142856,NQ
2024-10-03,1,20091.25,20019.95535714286,3,-431.4278571428478,-424.7678571428478,70.79464285714286,stop,600,610,-1.0156791524782225,-0.9999999999999779,283.17857142857144,NQ
2024-10-08,1,20244.0,20171.098214285714,3,-441.07071428571743,-434.4107142857174,72.40178571428571,stop,640,785,-1.0153311135775138,-1.0000000000000073,289.60714285714283,NQ
2024-10-14,1,20671.0,20606.053571428572,3,-393.3385714285652,-386.6785714285652,64.44642857142857,stop,595,615,-1.0172236076475316,-0.9999999999999838,257.7857142857143,NQ
2024-10-21,1,20550.25,20484.651785714286,3,-397.2492857142826,-390.5892857142826,65.09821428571429,stop,615,630,-1.017051158963097,-0.9999999999999919,260.39285714285717,NQ
2024-10-22,1,20513.25,20451.98660714286,4,-494.9871428571304,-486.1071428571304,60.763392857142854,stop,610,645,-1.0182675776944863,-0.9999999999999744,243.05357142857142,NQ
2024-10-25,1,20615.0,20551.33035714286,3,-385.6778571428478,-379.0178571428478,63.169642857142854,stop,585,810,-1.0175717314487387,-0.9999999999999754,252.67857142857142,NQ
2024-11-01,1,20215.25,20147.08035714286,3,-412.6778571428478,-406.0178571428478,67.66964285714286,stop,610,845,-1.0164032194220642,-0.9999999999999769,270.67857142857144,NQ
2024-11-05,1,20270.5,20321.75,3,303.84,310.5,65.08035714285714,time,590,950,0.7781149677596378,0.7951708053230896,260.32142857142856,NQ
2024-11-07,1,21150.5,21211.75,3,363.84,370.5,73.55357142857143,time,645,950,0.8244331148336975,0.8395241563486283,294.2142857142857,NQ
2024-12-02,1,21165.5,21214.5,3,290.34,297.0,64.95982142857143,time,590,950,0.7449219984880764,0.7620094838842691,259.8392857142857,NQ
2024-12-06,1,21612.75,21651.75,4,307.12,316.0,57.566964285714285,time,590,950,0.6668755331523847,0.6861574253586662,230.26785714285714,NQ
2024-12-11,1,21692.25,21793.0,4,801.12,810.0,55.15625,time,590,950,1.8155694050991502,1.8356940509915014,220.625,NQ
2024-12-16,1,22016.5,22148.10714285714,4,1047.9771428571303,1056.8571428571304,55.044642857142854,target,630,905,2.379834549878317,2.399999999999972,220.17857142857142,NQ
2024-12-20,1,21387.25,21567.725,3,1079.1899999999912,1085.8499999999913,75.40625,target,620,660,2.3852797347699766,2.399999999999981,301.625,NQ
2025-01-27,1,21285.0,21199.51339285714,2,-344.3864285714348,-339.9464285714348,84.98660714285714,stop,575,685,-1.013060881441422,-1.0000000000000184,339.94642857142856,NQ
2025-01-31,1,21935.0,21846.254464285714,2,-357.42214285714493,-352.98214285714494,88.24553571428571,stop,635,795,-1.0125785399909,-1.000000000000006,352.98214285714283,NQ
2025-02-03,1,21440.0,21349.16964285714,2,-365.7614285714348,-361.3214285714348,90.33035714285714,stop,640,665,-1.012288227735512,-1.0000000000000173,361.32142857142856,NQ
2025-02-04,1,21603.0,21677.75,2,296.56,301.0,92.31696428571429,time,600,950,0.8031026645389041,0.8151264567919144,369.26785714285717,NQ
2025-02-11,1,21866.75,21777.21875,2,-360.565,-356.125,89.03125,stop,650,720,-1.0124675324675325,-1.0,356.125,NQ
2025-02-12,1,21718.75,21794.75,2,301.56,306.0,85.3125,time,620,950,0.8836923076923077,0.8967032967032967,341.25,NQ
2025-02-13,1,22032.0,21943.95535714286,2,-354.6185714285652,-350.1785714285652,87.54464285714286,stop,635,715,-1.012679245283001,-0.9999999999999821,350.17857142857144,NQ
2025-02-27,-1,21191.25,21018.264285714286,3,1034.2542857142869,1040.914285714287,72.28571428571429,target,580,595,2.384644268774706,2.4000000000000026,289.14285714285717,NQ
2025-02-28,1,20757.0,20677.64285714286,3,-479.8028571428478,-473.1428571428478,78.85714285714286,stop,625,640,-1.014076086956502,-0.9999999999999801,315.42857142857144,NQ
2025-03-03,-1,20907.5,20711.114285714284,3,1174.6542857142956,1181.3142857142957,82.03571428571429,target,590,790,2.386469307792793,2.40000000000002,328.14285714285717,NQ
2025-03-04,-1,20104.0,20197.848214285714,2,-377.83285714285506,-373.39285714285506,93.34821428571429,stop,615,630,-1.0118909612625482,-0.9999999999999943,373.39285714285717,NQ
2025-03-10,-1,19636.0,19347.15,2,1152.9599999999941,1157.3999999999942,120.5625,target,630,895,2.390793157076193,2.399999999999988,482.25,NQ
2025-04-04,-1,17915.75,18029.473214285714,2,-457.33285714285506,-452.89285714285506,113.22321428571429,stop,625,660,-1.0098036432457962,-0.9999999999999953,452.89285714285717,NQ
2025-05-13,1,21203.25,21281.0,2,308.56,313.0,109.57142857142857,time,610,950,0.7040156453715776,0.7141460234680573,438.2857142857143,NQ
2025-05-19,1,21389.75,21506.5,2,464.56,469.0,91.66964285714286,time,600,950,1.2669406837440342,1.2790493815135873,366.67857142857144,NQ
2025-05-21,1,21457.0,21370.709821428572,2,-347.6007142857101,-343.1607142857101,85.79017857142857,stop,655,795,-1.01293854399749,-0.9999999999999879,343.1607142857143,NQ
2025-06-02,1,21455.5,21379.258928571428,3,-461.10642857143483,-454.4464285714348,75.74107142857143,stop,575,585,-1.0146551927384317,-1.0000000000000138,302.9642857142857,NQ
2025-06-16,1,21927.5,21939.25,3,66.84,73.5,68.82589285714286,time,595,950,0.1618576895634689,0.17798534085749496,275.30357142857144,NQ
2025-06-23,1,21998.0,21926.165178571428,3,-434.66892857143483,-428.0089285714348,71.33482142857143,stop,615,700,-1.0155604230552746,-1.0000000000000147,285.3392857142857,NQ
2025-07-02,1,22790.75,22846.0,3,327.84,334.5,71.77678571428571,time,625,950,0.7612489115561638,0.7767135215822865,287.10714285714283,NQ
2025-07-17,1,23194.75,23261.0,4,525.12,534.0,51.700892857142854,time,655,950,1.2696105690354893,1.2910802175977896,206.80357142857142,NQ
2025-07-21,1,23378.5,23345.25,4,-270.88,-262.0,50.74107142857143,time,585,950,-0.667309519619919,-0.6454337497800458,202.96428571428572,NQ
2025-08-04,1,23217.0,23290.0,4,579.12,588.0,58.8125,time,585,950,1.2308607863974494,1.2497343251859723,235.25,NQ
2025-08-08,1,23667.75,23711.5,3,258.84,265.5,68.75446428571429,time,605,950,0.6274501655736638,0.6435945717810531,275.01785714285717,NQ
2025-08-14,1,23999.25,23926.3125,3,-441.285,-434.625,72.4375,stop,645,680,-1.015323554788611,-1.0,289.75,NQ
2025-08-22,1,23486.75,23649.514285714286,3,972.9257142857131,979.585714285713,68.02678571428571,target,600,660,2.38368289801811,2.3999999999999972,272.10714285714283,NQ
2025-09-02,1,23250.5,23191.01339285714,4,-480.7728571428696,-471.8928571428696,58.986607142857146,stop,590,615,-1.0188178309241163,-1.0000000000000264,235.94642857142858,NQ
2025-09-29,1,24969.5,24909.39285714286,4,-485.7371428571304,-476.8571428571304,59.607142857142854,stop,605,670,-1.0186219292989553,-0.9999999999999739,238.42857142857142,NQ
2025-10-01,1,24883.5,25028.714285714286,4,1156.8342857142898,1165.7142857142899,60.714285714285715,target,625,880,2.381717647058832,2.4000000000000083,242.85714285714286,NQ
2025-10-08,1,25203.25,25330.5,3,759.84,766.5,66.62053571428571,time,600,950,1.9009153655431217,1.9175768947262617,266.48214285714283,NQ
2025-10-17,1,24930.75,24836.285714285714,2,-380.29714285714493,-375.85714285714494,93.96428571428571,stop,610,635,-1.0118129988597548,-1.0000000000000056,375.85714285714283,NQ
2025-10-20,1,25297.0,25328.0,2,121.56,126.0,96.34375,time,640,950,0.3154330197859228,0.3269542653259812,385.375,NQ
2025-11-05,1,25720.0,25780.25,2,238.56,243.0,91.46428571428571,time,655,950,0.6520577899258103,0.6641936743459587,365.85714285714283,NQ
2025-11-14,1,24931.75,25181.042857142857,2,994.731428571426,999.1714285714261,104.08035714285714,target,590,680,2.3893351634211144,2.399999999999994,416.32142857142856,NQ
2025-11-17,1,25218.75,25110.678571428572,2,-434.7257142857101,-430.2857142857101,107.57142857142857,stop,585,600,-1.010318725099592,-0.9999999999999903,430.2857142857143,NQ
2025-11-19,1,24840.25,24723.491071428572,2,-469.4757142857101,-465.0357142857101,116.25892857142857,stop,590,665,-1.0095476537900225,-0.9999999999999911,465.0357142857143,NQ
2025-11-24,1,24792.5,24979.75,1,373.28,375.5,140.34821428571428,time,635,950,1.329835231248807,1.3377441313060627,561.3928571428571,NQ
2025-12-16,1,25147.25,25075.379464285714,3,-434.88321428571743,-428.2232142857174,71.37053571428571,stop,595,600,-1.0155526365171776,-1.0000000000000073,285.48214285714283,NQ
2025-12-19,1,25547.75,25461.16964285714,2,-348.7614285714348,-344.3214285714348,86.08035714285714,stop,580,660,-1.0128949279120605,-1.0000000000000182,344.32142857142856,NQ
2026-01-06,1,25772.5,25698.01785714286,3,-450.5528571428478,-443.8928571428478,73.98214285714286,stop,625,650,-1.015003620564787,-0.9999999999999789,295.92857142857144,NQ
2026-01-09,1,25854.25,25788.053571428572,3,-400.8385714285652,-394.1785714285652,65.69642857142857,stop,625,640,-1.016895895623795,-0.9999999999999841,262.7857142857143,NQ
2026-01-12,1,25882.75,25974.0,3,543.84,550.5,63.013392857142854,time,575,950,1.4384243712362736,1.4560396741055617,252.05357142857142,NQ
2026-01-20,1,25385.5,25306.258928571428,3,-479.10642857143483,-472.4464285714348,78.74107142857143,stop,630,750,-1.0140968363760197,-1.0000000000000133,314.9642857142857,NQ
2026-01-21,1,25348.25,25265.32589285714,3,-501.20464285715224,-494.5446428571522,82.42410714285714,stop,615,710,-1.0134669338677544,-1.0000000000000189,329.69642857142856,NQ
2026-01-23,1,25772.5,25689.571428571428,3,-501.23142857143483,-494.5714285714348,82.42857142857143,stop,630,770,-1.0134662045060785,-1.0000000000000127,329.7142857142857,NQ
2026-02-02,1,25720.25,25932.996428571427,2,848.5457142857072,852.9857142857072,88.85267857142857,target,580,775,2.387507410943054,2.3999999999999804,355.4107142857143,NQ
2026-02-05,-1,24559.5,24662.535714285714,2,-414.58285714285506,-410.14285714285506,102.53571428571429,stop,610,625,-1.0108254963427326,-0.9999999999999949,410.14285714285717,NQ
2026-02-09,1,25264.75,25353.25,2,351.56,356.0,107.66964285714286,time,640,950,0.8162932249771955,0.826602537523841,430.67857142857144,NQ
2026-02-12,-1,25133.75,24875.360714285714,2,1031.117142857142,1035.557142857142,107.87053571428571,target,635,680,2.3897098870173386,2.399999999999998,431.48214285714283,NQ
2026-02-18,1,25042.25,24922.276785714286,2,-482.33285714285506,-477.89285714285506,119.47321428571429,stop,610,875,-1.0092907854420403,-0.9999999999999956,477.89285714285717,NQ
2026-02-20,1,24926.25,25053.75,2,507.56,512.0,110.99107142857143,time,580,950,1.1432451130238919,1.1532459174644034,443.9642857142857,NQ
2026-02-23,-1,24775.25,24717.5,2,228.56,233.0,111.90625,time,650,950,0.510605975984362,0.5205249930187098,447.625,NQ
2026-02-24,1,25012.0,25052.75,2,160.56,165.0,106.07589285714286,time,625,950,0.3784083161483102,0.3888725222002441,424.30357142857144,NQ
2026-02-25,1,25343.5,25386.75,2,170.56,175.0,101.11607142857143,time,595,950,0.4216935982339956,0.4326710816777042,404.4642857142857,NQ
2026-02-27,1,24998.75,24899.73660714286,2,-398.4935714285652,-394.0535714285652,98.51339285714286,stop,640,795,-1.0112675035120158,-0.9999999999999841,394.05357142857144,NQ
2026-03-02,1,24838.5,25067.060714285715,2,911.8028571428608,916.2428571428609,95.44196428571429,target,580,735,2.3883698956920436,2.4000000000000097,381.76785714285717,NQ
2026-03-04,1,25091.25,25142.0,2,200.56,205.0,104.57142857142857,time,620,950,0.4794808743169399,0.4900956284153006,418.2857142857143,NQ
2026-03-05,1,25185.75,25084.4375,2,-407.69,-403.25,100.8125,stop,595,620,-1.0110105393676379,-1.0,403.25,NQ
2026-03-20,-1,24285.5,24022.439285714285,2,1049.8028571428608,1054.2428571428609,109.81696428571429,target,595,935,2.3898922720435873,2.4000000000000083,439.26785714285717,NQ
2026-03-27,-1,23456.75,23564.147321428572,2,-432.02928571428987,-427.5892857142899,106.89732142857143,stop,635,680,-1.0103837961996338,-1.0000000000000098,427.5892857142857,NQ
2026-03-30,-1,23301.75,23405.089285714286,2,-415.79714285714493,-411.35714285714494,102.83928571428571,stop,595,660,-1.0107935405452386,-1.000000000000005,411.35714285714283,NQ
2026-04-07,-1,24019.0,24134.558035714286,2,-464.67214285714493,-460.23214285714494,115.05803571428571,stop,605,630,-1.009647305319525,-1.0000000000000047,460.23214285714283,NQ
2026-05-01,1,27873.75,27779.339285714286,2,-380.08285714285506,-375.64285714285506,93.91071428571429,stop,595,635,-1.0118197375926927,-0.9999999999999944,375.64285714285717,NQ
2026-05-08,1,29066.5,29296.496428571427,2,917.5457142857072,921.9857142857072,96.04017857142857,target,585,795,2.388442337191447,2.3999999999999817,384.1607142857143,NQ
2026-05-14,1,29677.75,29708.75,2,121.56,126.0,105.87053571428571,time,635,950,0.2870487033523087,0.29753320683111956,423.48214285714283,NQ
2026-06-10,1,29144.25,29004.07589285714,1,-281.56821428571743,-279.3482142857174,139.67410714285714,stop,585,590,-1.00794707066834,-1.000000000000011,558.6964285714286,NQ
2026-06-11,1,29039.5,28893.433035714286,1,-293.35392857142756,-291.13392857142753,145.56696428571428,stop,600,610,-1.0076253565185356,-0.9999999999999964,582.2678571428571,NQ
2026-06-30,1,30367.0,30571.75,1,408.28,410.5,174.95982142857142,time,595,950,1.166782169375622,1.1731264831211248,699.8392857142857,NQ
2026-07-17,1,28866.25,28723.88839285714,1,-285.94321428571743,-283.7232142857174,141.86160714285714,stop,620,655,-1.0078245271737531,-1.000000000000011,567.4464285714286,NQ
2026-07-30,1,28152.0,28009.691964285714,1,-285.8360714285725,-283.61607142857247,141.80803571428572,stop,595,675,-1.007827483078864,-1.0000000000000036,567.2321428571429,NQ
2026-08-03,1,28716.25,28899.25,1,364.78,367.0,151.83928571428572,time,635,950,1.2012042808420555,1.2085146418910973,607.3571428571429,NQ
2026-08-04,1,29518.75,29892.178571428572,1,745.6371428571449,747.8571428571449,155.80357142857142,target,605,825,2.392875644699147,2.400000000000007,623.2142857142857,NQ
2026-08-06,1,29641.0,29478.741071428572,1,-325.7378571428551,-323.51785714285506,161.75892857142858,stop,615,720,-1.0068620632554994,-0.9999999999999934,647.0357142857143,NQ
2026-08-13,1,30176.25,30192.5,1,31.28,33.5,141.54017857142858,time,595,950,0.11049865951742627,0.11834095568522314,566.1607142857143,NQ
2026-08-26,1,29331.5,29244.321428571428,2,-351.15428571428987,-346.7142857142899,86.67857142857143,stop,595,610,-1.012805933250939,-1.000000000000012,346.7142857142857,NQ
2026-08-28,1,29796.75,29712.95089285714,3,-506.45464285715224,-499.7946428571522,83.29910714285714,stop,655,700,-1.0133254729621282,-1.0000000000000189,333.19642857142856,NQ
2026-09-10,1,29230.25,29156.397321428572,3,-446.7760714285652,-440.1160714285652,73.35267857142857,stop,620,750,-1.0151323717363379,-0.9999999999999858,293.4107142857143,NQ
2011-04-18,-1,1292.0,1297.267857142857,20,-551.185714285711,-476.78571428571104,4.767857142857143,stop,655,830,-1.1560449438202178,-0.9999999999999931,19.071428571428573,ES
2011-06-10,-1,1273.5,1278.9375,20,-568.15,-493.75,4.9375,stop,650,900,-1.1506835443037975,-1.0,19.75,ES
2011-07-18,-1,1296.5,1301.5,19,-498.18,-427.5,5.196428571428571,time,645,950,-1.009154639175258,-0.8659793814432991,20.785714285714285,ES
2011-08-01,-1,1292.25,1278.8428571428572,17,1118.8671428571417,1182.1071428571418,5.794642857142857,target,590,600,2.2716055469953753,2.3999999999999977,23.178571428571427,ES
2012-04-16,-1,1363.0,1368.3660714285713,20,-561.0071428571331,-486.6071428571331,4.866071428571429,stop,610,815,-1.1528954128440165,-0.9999999999999799,19.464285714285715,ES
2012-06-11,-1,1316.5,1302.5,14,962.92,1015.0,6.678571428571429,time,620,950,2.0597219251336893,2.171122994652406,26.714285714285715,ES
2012-09-06,1,1418.75,1425.267857142857,20,627.3857142857111,701.785714285711,2.924107142857143,target,575,635,2.145563358778615,2.399999999999989,11.696428571428571,ES
2012-09-14,1,1469.0,1465.4375,20,-380.65,-306.25,3.0625,stop,590,715,-1.242938775510204,-1.0,12.25,ES
2012-10-01,1,1449.75,1446.0089285714287,20,-398.5071428571331,-324.1071428571331,3.2410714285714284,stop,600,715,-1.2295537190082344,-0.99999999999997,12.964285714285714,ES
2012-11-01,1,1418.25,1422.0,20,350.6,425.0,4.044642857142857,time,600,950,0.8668256070640178,1.0507726269315674,16.178571428571427,ES
2012-11-09,1,1378.5,1377.5,20,-124.4,-50.0,4.415178571428571,time,605,950,-0.2817553083923155,-0.11324570273003035,17.660714285714285,ES
2012-12-18,1,1434.75,1442.0,20,700.6,775.0,3.642857142857143,time,645,950,1.9232156862745096,2.1274509803921564,14.571428571428571,ES
2012-12-21,1,1426.0,1421.9642857142858,20,-427.97142857142205,-353.5714285714221,3.5357142857142856,stop,610,665,-1.210424242424224,-0.9999999999999817,14.142857142857142,ES
2012-12-31,1,1401.25,1409.107142857143,20,761.314285714289,835.714285714289,3.482142857142857,target,595,765,2.186338461538471,2.4000000000000097,13.928571428571429,ES
2013-01-24,1,1495.75,1491.705357142857,20,-428.86428571428894,-354.46428571428896,3.544642857142857,stop,600,755,-1.2098942065491276,-1.0000000000000093,14.178571428571429,ES
2013-03-01,1,1514.5,1510.1830357142858,20,-456.09642857142205,-381.6964285714221,3.8169642857142856,stop,650,700,-1.194919298245597,-0.999999999999983,15.267857142857142,ES
2013-04-04,1,1557.5,1553.513392857143,20,-423.060714285711,-348.66071428571104,3.486607142857143,stop,600,620,-1.213387964148518,-0.9999999999999906,13.946428571428571,ES
2013-04-11,1,1590.25,1586.111607142857,20,-438.23928571428894,-363.83928571428896,3.638392857142857,stop,650,940,-1.2044858895705612,-1.000000000000009,14.553571428571429,ES
2013-05-14,1,1637.75,1644.5035714285714,20,650.9571428571377,725.3571428571377,3.0223214285714284,target,590,655,2.1538316100442962,2.399999999999983,12.089285714285714,ES
2013-05-22,1,1677.25,1684.625,20,713.1,787.5,3.28125,target,600,625,2.173257142857143,2.4,13.125,ES
2013-05-23,1,1643.5,1639.3035714285713,20,-444.04285714286686,-369.6428571428669,3.6964285714285716,stop,615,640,-1.2012753623188668,-1.0000000000000262,14.785714285714286,ES
2013-05-28,1,1672.75,1668.4375,20,-455.65,-381.25,3.8125,stop,620,640,-1.1951475409836065,-1.0,15.25,ES
2013-05-30,1,1657.0,1652.2544642857142,20,-498.9535714285779,-424.5535714285779,4.245535714285714,stop,585,675,-1.1752429022082171,-1.0000000000000153,16.982142857142858,ES
2013-07-01,1,1619.75,1613.3035714285713,16,-535.2342857142935,-475.7142857142935,5.946428571428571,stop,610,835,-1.1251171171171337,-1.0000000000000164,23.785714285714285,ES
2013-07-31,1,1691.75,1688.2410714285713,20,-375.29285714286686,-300.8928571428669,3.0089285714285716,stop,635,720,-1.2472640949555218,-1.0000000000000322,12.035714285714286,ES
2013-08-12,1,1686.75,1683.049107142857,20,-394.48928571428894,-320.08928571428896,3.200892857142857,stop,610,750,-1.2324351464435248,-1.0000000000000102,12.803571428571429,ES
2013-08-22,1,1651.25,1647.34375,20,-415.025,-340.625,3.40625,stop,615,775,-1.2184220183486238,-1.0,13.625,ES
2013-08-29,1,1637.75,1636.5,20,-149.4,-75.0,3.9419642857142856,time,590,950,-0.37899886749716877,-0.19026047565118914,15.767857142857142,ES
2013-09-04,1,1646.0,1651.0,20,475.6,550.0,4.15625,time,610,950,1.1443007518796993,1.3233082706766917,16.625,ES
2013-09-26,1,1696.75,1692.700892857143,20,-429.310714285711,-354.91071428571104,3.549107142857143,stop,600,640,-1.209630188679236,-0.9999999999999907,14.196428571428571,ES
2013-09-30,1,1676.75,1673.044642857143,20,-394.935714285711,-320.53571428571104,3.205357142857143,stop,635,910,-1.232111420612803,-0.9999999999999897,12.821428571428571,ES
2013-10-01,1,1685.0,1684.5,20,-74.4,0.0,3.299107142857143,time,620,950,-0.22551556156968874,0.0,13.196428571428571,ES
2013-10-04,1,1680.0,1675.71875,20,-452.525,-378.125,3.78125,stop,630,665,-1.1967603305785124,-1.0,15.125,ES
2013-10-07,1,1676.75,1672.4107142857142,20,-458.3285714285779,-383.9285714285779,3.8392857142857144,stop,610,940,-1.1937860465116448,-1.0000000000000169,15.357142857142858,ES
2013-10-10,1,1675.25,1670.767857142857,20,-472.61428571428894,-398.21428571428896,3.982142857142857,stop,635,660,-1.186834080717497,-1.0000000000000082,15.928571428571429,ES
2013-10-16,1,1712.0,1715.0,20,275.6,350.0,4.611607142857143,time,595,950,0.597622458857696,0.7589545014520812,18.446428571428573,ES
2013-10-22,1,1753.25,1747.9776785714287,20,-551.6321428571331,-477.2321428571331,4.772321428571429,stop,615,645,-1.1558989710009149,-0.9999999999999795,19.089285714285715,ES
2013-11-08,1,1749.75,1745.9285714285713,20,-406.54285714286686,-332.1428571428669,3.3214285714285716,stop,580,595,-1.2240000000000293,-1.0000000000000293,13.285714285714286,ES
2013-11-21,1,1790.75,1793.25,20,225.6,300.0,3.1875,time,640,950,0.707764705882353,0.9411764705882353,12.75,ES
2013-12-04,1,1793.25,1789.736607142857,20,-375.73928571428894,-301.33928571428896,3.013392857142857,stop,600,730,-1.2468977777777885,-1.0000000000000107,12.053571428571429,ES
2013-12-16,1,1784.5,1780.53125,20,-421.275,-346.875,3.46875,stop,585,640,-1.2144864864864864,-1.0,13.875,ES
2014-01-31,1,1775.0,1786.0714285714287,20,1082.7428571428668,1157.142857142867,4.821428571428571,target,650,840,2.245688888888909,2.4000000000000203,19.285714285714285,ES
2014-02-06,1,1761.75,1767.5,16,440.48,500.0,5.933035714285714,time,625,950,0.9280240782543265,1.0534236267870578,23.732142857142858,ES
2014-02-13,1,1815.5,1826.0,15,769.2,825.0,6.526785714285714,time,615,950,1.5713707250342,1.6853625170998632,26.107142857142858,ES
2014-02-24,1,1849.25,1848.75,16,-59.519999999999996,0.0,6.1875,time,630,950,-0.12024242424242423,0.0,24.75,ES
2014-03-14,1,1852.5,1847.267857142857,20,-547.6142857142889,-473.21428571428896,4.732142857142857,stop,605,630,-1.1572226415094409,-1.0000000000000069,18.928571428571427,ES
2014-03-17,1,1852.5,1847.450892857143,20,-529.310714285711,-454.91071428571104,4.549107142857143,stop,580,645,-1.1635485770363028,-0.9999999999999928,18.196428571428573,ES
2014-03-18,1,1863.5,1864.25,20,50.6,125.0,4.508928571428571,time,620,950,0.11222178217821784,0.27722772277227725,18.035714285714285,ES
2014-03-20,1,1859.0,1861.5,20,225.6,300.0,4.75,time,615,950,0.4749473684210526,0.631578947368421,19.0,ES
2014-03-28,1,1855.25,1849.924107142857,20,-556.9892857142889,-482.58928571428896,4.825892857142857,stop,595,845,-1.154168362627204,-1.0000000000000069,19.303571428571427,ES
2014-04-11,1,1826.5,1821.111607142857,20,-563.2392857142889,-488.83928571428896,4.888392857142857,stop,650,695,-1.1521972602739794,-1.0000000000000067,19.553571428571427,ES
2014-05-05,1,1875.75,1878.25,20,225.6,300.0,3.9598214285714284,time,640,950,0.5697226606538895,0.7576099210823,15.839285714285714,ES
2014-05-12,1,1889.75,1892.75,20,275.6,350.0,3.736607142857143,time,615,950,0.7375675029868578,0.9366786140979688,14.946428571428571,ES
2014-05-21,1,1882.5,1878.1964285714287,20,-454.7571428571331,-380.3571428571331,3.8035714285714284,stop,635,700,-1.1956056338027914,-0.9999999999999745,15.214285714285714,ES
2014-06-16,1,1930.25,1927.3705357142858,20,-312.34642857142205,-237.94642857142208,2.3794642857142856,stop,585,665,-1.3126754221388095,-0.9999999999999728,9.517857142857142,ES
2014-06-17,1,1933.25,1930.1607142857142,20,-333.3285714285779,-258.9285714285779,2.5892857142857144,stop,605,630,-1.2873379310345077,-1.000000000000025,10.357142857142858,ES
2014-06-24,1,1956.5,1953.21875,20,-352.525,-278.125,2.78125,stop,620,785,-1.267505617977528,-1.0,11.125,ES
2014-06-25,1,1944.0,1950.6035714285715,20,635.9571428571513,710.3571428571513,2.9598214285714284,target,580,860,2.1486334841629247,2.4000000000000288,11.839285714285714,ES
2014-07-01,1,1963.0,1969.6571428571428,20,641.3142857142844,715.7142857142844,2.982142857142857,target,610,785,2.150514970059876,2.3999999999999955,11.928571428571429,ES
2014-07-10,1,1954.5,1960.5035714285714,20,575.9571428571377,650.3571428571377,2.7098214285714284,target,620,800,2.1254431630971804,2.399999999999981,10.839285714285714,ES
2014-07-17,1,1974.0,1970.6160714285713,20,-362.79285714286686,-288.3928571428669,2.8839285714285716,stop,595,665,-1.2579814241486404,-1.0000000000000338,11.535714285714286,ES
2014-07-18,1,1964.5,1971.6392857142857,20,689.5285714285734,763.9285714285734,3.1830357142857144,target,655,865,2.1662608695652237,2.400000000000006,12.732142857142858,ES
2014-08-01,1,1928.0,1923.392857142857,20,-485.11428571428894,-410.71428571428896,4.107142857142857,stop,590,615,-1.1811478260869646,-1.000000000000008,16.428571428571427,ES
2014-08-06,1,1914.75,1915.25,20,25.6,100.0,4.65625,time,585,950,0.05497986577181208,0.21476510067114093,18.625,ES
2014-09-04,1,2007.75,2004.5714285714287,20,-342.2571428571331,-267.8571428571331,2.6785714285714284,stop,590,695,-1.2777599999999636,-0.9999999999999637,10.714285714285714,ES
2014-09-11,1,1993.0,1989.6607142857142,20,-358.3285714285779,-283.9285714285779,2.8392857142857144,stop,590,625,-1.2620377358490793,-1.0000000000000229,11.357142857142858,ES
2014-09-16,1,1978.75,1985.6535714285715,20,665.9571428571468,740.3571428571468,3.0848214285714284,target,590,705,2.1588191027496513,2.400000000000013,12.339285714285714,ES
2014-09-29,1,1966.0,1969.75,20,350.6,425.0,4.357142857142857,time,615,950,0.8046557377049182,0.9754098360655739,17.428571428571427,ES
2014-10-09,-1,1946.75,1953.2232142857142,16,-537.3771428571376,-477.85714285713766,5.973214285714286,stop,635,670,-1.1245560538116484,-0.9999999999999891,23.892857142857142,ES
2014-10-10,-1,1909.5,1916.2767857142858,15,-526.5589285714334,-470.75892857143344,6.276785714285714,stop,625,650,-1.1185320056899106,-1.0000000000000102,25.107142857142858,ES
2014-10-13,-1,1886.25,1893.236607142857,15,-542.2955357142832,-486.4955357142833,6.486607142857143,stop,625,655,-1.1146978664831333,-0.999999999999995,25.946428571428573,ES
2014-11-20,1,2048.5,2049.25,19,48.07,118.75,5.232142857142857,time,635,950,0.09670989761092151,0.23890784982935157,20.928571428571427,ES
2014-12-11,1,2042.5,2051.932142857143,20,918.8142857142935,993.2142857142935,4.138392857142857,target,575,625,2.220220064724938,2.400000000000019,16.553571428571427,ES
2014-12-12,1,2028.5,2023.7232142857142,20,-502.0785714285779,-427.6785714285779,4.276785714285714,stop,580,610,-1.173962421711915,-1.000000000000015,17.107142857142858,ES
2014-12-16,1,1984.25,1996.3607142857143,19,1127.3378571428552,1198.0178571428553,5.254464285714286,target,615,675,2.258406117247235,2.3999999999999964,21.017857142857142,ES
2015-01-16,1,1998.5,2013.0,12,855.36,900.0,7.799107142857143,time,655,950,1.8279015455065828,1.9232970807097882,31.196428571428573,ES
2015-01-21,1,2027.25,2020.1964285714287,15,-547.3178571428498,-491.51785714284983,6.553571428571429,stop,645,810,-1.1135258855585681,-0.9999999999999851,26.214285714285715,ES
2015-03-12,1,2056.75,2065.5,20,850.6,925.0,4.200892857142857,time,580,950,2.0248076514346445,2.2019128586609993,16.803571428571427,ES
2015-03-16,1,2063.75,2071.25,20,725.6,800.0,4.727678571428571,time,590,950,1.534791312559018,1.6921624173748822,18.910714285714285,ES
2015-04-06,1,2060.75,2074.2428571428572,17,1126.152857142866,1189.392857142866,5.830357142857143,target,585,700,2.2723920367534634,2.4000000000000177,23.321428571428573,ES
2015-04-20,1,2095.75,2093.75,20,-224.4,-150.0,4.839285714285714,time,655,950,-0.46370479704797046,-0.3099630996309963,19.357142857142858,ES
2015-05-27,1,2114.75,2110.4464285714284,20,-454.7571428571558,-380.35714285715585,3.8035714285714284,stop,590,605,-1.1956056338028511,-1.0000000000000342,15.214285714285714,ES
2015-06-10,1,2095.75,2104.5607142857143,20,856.6714285714312,931.0714285714312,3.8794642857142856,target,605,670,2.2082209436133557,2.400000000000007,15.517857142857142,ES
2015-06-18,1,2108.5,2112.25,20,350.6,425.0,4.691964285714286,time,605,950,0.7472350142721219,0.9058039961941009,18.767857142857142,ES
2015-06-30,-1,2055.5,2061.25,19,-569.43,-498.75,5.25,stop,595,830,-1.1417142857142857,-1.0,21.0,ES
2015-07-08,-1,2047.5,2053.3035714285716,18,-544.2814285714403,-477.32142857144026,5.303571428571429,stop,630,640,-1.1402828282828528,-1.0000000000000244,21.214285714285715,ES
2015-07-09,-1,2054.0,2060.0,18,-561.96,-495.0,5.5,stop,625,655,-1.1352727272727274,-1.0,22.0,ES
2015-07-24,-1,2087.25,2075.910714285714,20,1109.5285714285778,1183.928571428578,4.933035714285714,target,630,820,2.2491800904977506,2.4000000000000132,19.732142857142858,ES
2015-08-05,1,2106.25,2101.6651785714284,20,-482.8821428571558,-408.48214285715585,4.084821428571429,stop,625,710,-1.1821377049180644,-1.0000000000000318,16.339285714285715,ES
2015-08-06,-1,2089.0,2079.557142857143,20,919.8857142857065,994.2857142857065,4.142857142857143,target,580,685,2.2204137931034293,2.399999999999981,16.571428571428573,ES
2015-08-10,1,2095.0,2097.5,20,225.6,300.0,4.625,time,645,950,0.4877837837837838,0.6486486486486487,18.5,ES
2015-08-19,-1,2073.75,2079.34375,19,-554.58625,-483.90625,5.09375,stop,640,825,-1.1460613496932515,-1.0,20.375,ES
2015-08-25,-1,1927.25,1936.580357142857,11,-526.589642857141,-485.66964285714107,8.830357142857142,stop,580,615,-1.084254802831139,-0.9999999999999964,35.32142857142857,ES
2015-08-26,-1,1886.25,1896.732142857143,10,-536.3071428571445,-499.1071428571445,9.982142857142858,stop,615,625,-1.0745330948121679,-1.000000000000003,39.92857142857143,ES
2015-09-02,-1,1917.25,1929.46875,8,-498.51,-468.75,11.71875,stop,645,685,-1.063488,-1.0,46.875,ES
2015-09-28,-1,1895.25,1876.5285714285715,12,1108.6457142857118,1153.285714285712,8.008928571428571,target,605,835,2.307103678929761,2.3999999999999955,32.035714285714285,ES
2015-10-28,1,2072.5,2067.1428571428573,20,-560.1142857142662,-485.7142857142662,4.857142857142857,stop,645,840,-1.1531764705881953,-0.9999999999999599,19.428571428571427,ES
2015-12-03,-1,2069.25,2075.1875,18,-556.335,-489.375,5.4375,stop,600,670,-1.1368275862068966,-1.0,21.75,ES
2015-12-04,1,2067.75,2081.3607142857145,17,1136.170714285732,1199.410714285732,5.879464285714286,target,585,770,2.273457858769967,2.4000000000000354,23.517857142857142,ES
2015-12-10,1,2062.5,2056.03125,16,-537.02,-477.5,5.96875,stop,640,665,-1.1246492146596858,-1.0,23.875,ES
2015-12-17,-1,2051.5,2039.25,13,780.39,828.75,7.65625,time,615,950,1.568130612244898,1.6653061224489796,30.625,ES
2016-01-04,-1,1985.75,1993.0892857142858,14,-530.8300000000046,-478.75000000000455,6.839285714285714,stop,655,765,-1.108783289817242,-1.0000000000000095,27.357142857142858,ES
2016-01-11,-1,1910.75,1918.5535714285713,13,-523.0921428571365,-474.7321428571365,7.303571428571429,stop,650,710,-1.1018679706601333,-0.9999999999999866,29.214285714285715,ES
2016-01-13,-1,1924.75,1932.7767857142858,13,-537.6010714285757,-489.24107142857565,7.526785714285714,stop,630,675,-1.0988469750889767,-1.0000000000000087,30.107142857142858,ES
2016-01-14,-1,1874.0,1882.763392857143,12,-540.4435714285734,-495.8035714285734,8.263392857142858,stop,595,610,-1.0900356564019487,-1.0000000000000038,33.05357142857143,ES
2016-01-20,-1,1822.75,1833.0714285714287,10,-528.2714285714335,-491.07142857143344,9.821428571428571,stop,635,820,-1.0757527272727374,-1.00000000000001,39.285714285714285,ES
2016-02-03,-1,1887.25,1897.96875,9,-493.32375,-459.84375,10.21875,stop,600,865,-1.0728073394495414,-1.0,40.875,ES
2016-02-05,-1,1886.0,1868.0,10,887.8,925.0,9.410714285714286,time,625,950,1.8867855787476278,1.9658444022770396,37.642857142857146,ES
2016-04-01,1,2048.5,2058.9392857142857,20,1019.5285714285689,1093.9285714285688,4.558035714285714,target,610,820,2.2367717923604253,2.399999999999994,18.232142857142858,ES
2016-04-06,1,2047.5,2057.9714285714285,20,1022.7428571428533,1097.1428571428532,4.571428571428571,target,655,945,2.2372499999999915,2.3999999999999915,18.285714285714285,ES
2016-04-18,1,2077.25,2087.25,19,926.82,997.5,5.200892857142857,time,600,950,1.8758317596566527,2.018884120171674,20.803571428571427,ES
2016-04-28,1,2088.5,2083.816964285714,20,-492.7035714285779,-418.3035714285779,4.183035714285714,stop,635,885,-1.1778612593383293,-1.0000000000000155,16.732142857142858,ES
2016-05-06,1,2044.75,2039.6205357142858,20,-537.346428571422,-462.9464285714221,4.629464285714286,stop,580,620,-1.1607097396335444,-0.999999999999986,18.517857142857142,ES
2016-05-10,1,2072.25,2078.5,20,600.6,675.0,4.508928571428571,time,640,950,1.3320237623762379,1.497029702970297,18.035714285714285,ES
2016-05-16,1,2053.75,2065.4,19,1083.5700000000086,1154.2500000000086,5.0625,target,635,850,2.2530370370370547,2.400000000000018,20.25,ES
2016-05-18,1,2050.0,2044.03125,18,-559.1475,-492.1875,5.46875,stop,620,840,-1.1360457142857143,-1.0,21.875,ES
2016-05-20,1,2054.0,2048.1026785714284,18,-552.7189285714403,-485.75892857144026,5.397321428571429,stop,610,810,-1.137846153846178,-1.000000000000024,21.589285714285715,ES
2016-05-24,1,2066.25,2074.25,19,736.82,807.5,5.066964285714286,time,600,950,1.530699559471366,1.6775330396475772,20.267857142857142,ES
2016-05-25,1,2092.0,2086.1964285714284,18,-544.2814285714403,-477.32142857144026,5.303571428571429,stop,615,690,-1.1402828282828528,-1.0000000000000244,21.214285714285715,ES
2016-06-13,1,2086.5,2082.183035714286,20,-456.09642857142205,-381.6964285714221,3.8169642857142856,stop,590,690,-1.194919298245597,-0.999999999999983,15.267857142857142,ES
2016-06-24,1,2047.0,2057.9964285714286,20,1075.2428571428622,1149.6428571428623,4.790178571428571,target,575,600,2.244682199440831,2.400000000000011,19.160714285714285,ES
2016-06-27,-1,1999.0,1985.1107142857143,16,1091.6228571428587,1151.1428571428587,5.995535714285714,target,585,650,2.275907669396876,2.400000000000003,23.982142857142858,ES
2016-08-05,1,2175.0,2176.75,20,150.6,225.0,3.325892857142857,time,595,950,0.4528107382550336,0.676510067114094,13.303571428571429,ES
2016-08-26,1,2180.25,2176.995535714286,20,-349.84642857142205,-275.4464285714221,2.7544642857142856,stop,600,605,-1.2701069692058111,-0.9999999999999765,11.017857142857142,ES
2016-08-29,1,2175.75,2179.0,20,300.6,375.0,3.1339285714285716,time,575,950,0.9591794871794872,1.1965811965811965,12.535714285714286,ES
2016-09-12,1,2121.0,2116.3839285714284,20,-486.0071428571558,-411.60714285715585,4.116071428571429,stop,575,585,-1.1807548806941746,-1.0000000000000315,16.464285714285715,ES
2016-09-14,1,2131.75,2126.1116071428573,19,-558.8273214285529,-488.1473214285529,5.138392857142857,stop,620,650,-1.1447923544743321,-0.9999999999999621,20.553571428571427,ES
2016-09-15,1,2128.0,2140.3785714285714,18,1092.1114285714239,1159.071428571424,5.366071428571429,target,615,835,2.2613510815307722,2.39999999999999,21.464285714285715,ES
2016-10-26,1,2138.5,2133.7723214285716,20,-497.1678571428441,-422.76785714284415,4.227678571428571,stop,655,790,-1.175983104540624,-0.9999999999999694,16.910714285714285,ES
2016-11-01,-1,2117.0,2108.425,20,833.0999999999818,907.4999999999818,3.78125,target,610,730,2.2032396694214396,2.399999999999952,15.125,ES
2016-11-07,1,2118.75,2126.0,20,700.6,775.0,4.116071428571429,time,655,950,1.7021084598698482,1.8828633405639912,16.464285714285715,ES
2016-11-09,1,2129.0,2140.1892857142857,20,1094.5285714285687,1168.9285714285688,4.870535714285714,target,580,590,2.2472447296058604,2.3999999999999946,19.482142857142858,ES
2016-12-05,1,2207.5,2204.035714285714,20,-370.8285714285779,-296.4285714285779,2.9642857142857144,stop,600,640,-1.2509879518072506,-1.0000000000000218,11.857142857142858,ES
2016-12-13,1,2267.0,2263.035714285714,20,-420.8285714285779,-346.4285714285779,3.4642857142857144,stop,580,605,-1.2147628865979567,-1.0000000000000187,13.857142857142858,ES
2016-12-15,1,2261.0,2256.5,20,-474.4,-400.0,4.0,stop,595,825,-1.186,-1.0,16.0,ES
2016-12-27,1,2269.25,2265.0625,20,-443.15,-368.75,3.6875,stop,605,710,-1.2017627118644068,-1.0,14.75,ES
2017-02-02,1,2278.75,2274.8883928571427,20,-410.56071428573375,-336.1607142857338,3.361607142857143,stop,655,705,-1.2213227091634042,-1.0000000000000577,13.446428571428571,ES
2017-02-15,1,2339.25,2347.0,20,750.6,825.0,3.4375,target,645,910,2.1835636363636364,2.4,13.75,ES
2017-02-21,1,2359.25,2364.25,20,475.6,550.0,3.330357142857143,time,590,950,1.4280750670241285,1.651474530831099,13.321428571428571,ES
2017-03-01,1,2387.75,2394.9,20,690.6000000000091,765.0000000000091,3.1875,target,600,720,2.1665882352941463,2.4000000000000283,12.75,ES
2017-03-23,1,2349.75,2345.441964285714,20,-455.2035714285779,-380.8035714285779,3.8080357142857144,stop,640,805,-1.1953763188745774,-1.000000000000017,15.232142857142858,ES
2017-03-27,1,2330.0,2339.282142857143,20,903.8142857142844,978.2142857142844,4.075892857142857,target,640,780,2.217463307776558,2.3999999999999972,16.303571428571427,ES
2017-03-30,1,2364.5,2359.495535714286,20,-524.846428571422,-450.4464285714221,4.504464285714286,stop,635,755,-1.1651694747274386,-0.9999999999999856,18.017857142857142,ES
2017-04-05,1,2372.75,2367.933035714286,20,-506.09642857142205,-431.6964285714221,4.316964285714286,stop,600,680,-1.1723433298862311,-0.999999999999985,17.267857142857142,ES
2017-04-13,1,2344.75,2339.8928571428573,20,-510.1142857142662,-435.7142857142662,4.357142857142857,stop,600,725,-1.170754098360611,-0.9999999999999554,17.428571428571427,ES
2017-05-15,1,2398.25,2400.25,20,175.6,250.0,2.7455357142857144,time,590,950,0.6395837398373984,0.9105691056910569,10.982142857142858,ES
2017-05-18,1,2360.5,2356.745535714286,20,-399.84642857142205,-325.4464285714221,3.2544642857142856,stop,600,720,-1.2286090534979224,-0.9999999999999801,13.017857142857142,ES
2017-05-19,1,2377.25,2385.1392857142855,20,764.5285714285507,838.9285714285506,3.4955357142857144,target,590,750,2.1871570881225457,2.3999999999999404,13.982142857142858,ES
2017-06-09,1,2442.5,2439.4821428571427,20,-326.18571428573375,-251.78571428573377,2.517857142857143,stop,605,740,-1.295489361702205,-1.0000000000000775,10.071428571428571,ES
2017-06-19,1,2446.75,2450.25,20,325.6,400.0,3.4419642857142856,time,600,950,0.9459714656290533,1.1621271076523996,13.767857142857142,ES
2017-06-28,1,2435.5,2439.5,20,375.6,450.0,3.9151785714285716,time,640,950,0.9593432155074116,1.1493728620296464,15.660714285714286,ES
2017-08-08,1,2479.25,2484.8035714285716,20,530.9571428571559,605.3571428571558,2.5223214285714284,target,640,705,2.105033628318636,2.400000000000052,10.089285714285714,ES
2017-08-11,1,2445.5,2441.808035714286,20,-393.59642857142205,-319.1964285714221,3.1919642857142856,stop,640,675,-1.2330853146852943,-0.9999999999999797,12.767857142857142,ES
2017-08-14,1,2460.5,2465.0,20,425.6,500.0,3.2544642857142856,time,595,950,1.3077421124828534,1.5363511659807958,13.017857142857142,ES
2017-08-22,1,2441.0,2450.475,20,923.0999999999909,997.4999999999909,4.15625,target,575,870,2.2209924812029858,2.399999999999978,16.625,ES
2017-08-29,1,2439.5,2445.5,20,575.6,650.0,4.625,time,640,950,1.2445405405405405,1.4054054054054055,18.5,ES
2017-09-29,1,2512.0,2515.25,20,300.6,375.0,2.6205357142857144,time,635,950,1.1470936967632028,1.4310051107325383,10.482142857142858,ES
2017-10-02,1,2523.0,2520.125,20,-311.9,-237.5,2.375,stop,610,685,-1.3132631578947367,-1.0,9.5,ES
2017-10-27,1,2571.5,2577.2464285714286,20,550.2428571428624,624.6428571428623,2.6026785714285716,target,645,720,2.114140651801049,2.40000000000002,10.410714285714286,ES
2017-11-09,1,2583.75,2579.90625,20,-408.775,-334.375,3.34375,stop,655,675,-1.2225046728971962,-1.0,13.375,ES
2017-11-13,1,2580.0,2582.25,20,200.6,275.0,3.517857142857143,time,605,950,0.5702335025380709,0.781725888324873,14.071428571428571,ES
2017-11-16,1,2581.75,2585.25,20,325.6,400.0,3.705357142857143,time,635,950,0.8787277108433734,1.0795180722891564,14.821428571428571,ES
2017-11-21,1,2597.5,2596.5,20,-124.4,-50.0,3.674107142857143,time,615,950,-0.3385856622114216,-0.13608748481166463,14.696428571428571,ES
2017-11-30,1,2642.0,2649.45,20,720.5999999999818,794.9999999999818,3.3125,target,655,735,2.1753962264150397,2.3999999999999453,13.25,ES
2017-12-07,1,2636.0,2635.5,20,-74.4,0.0,4.191964285714286,time,635,950,-0.177482428115016,0.0,16.767857142857142,ES
2018-01-03,1,2705.5,2713.282142857143,20,753.8142857142844,828.2142857142844,3.450892857142857,target,600,945,2.184403622250967,2.3999999999999964,13.803571428571429,ES
2018-01-04,1,2726.0,2721.8928571428573,20,-435.1142857142662,-360.7142857142662,3.607142857142857,stop,610,695,-1.2062574257425203,-0.9999999999999462,14.428571428571429,ES
2018-01-12,1,2777.75,2785.5642857142857,20,757.0285714285689,831.4285714285688,3.4642857142857144,target,595,855,2.1852371134020543,2.3999999999999924,13.857142857142858,ES
2018-01-16,1,2807.75,2803.6160714285716,20,-437.7928571428441,-363.39285714284415,3.6339285714285716,stop,590,620,-1.2047371007370649,-0.9999999999999641,14.535714285714286,ES
2018-01-22,1,2819.0,2829.7285714285713,20,1048.4571428571285,1122.8571428571286,4.678571428571429,target,610,945,2.2409770992366105,2.3999999999999693,18.714285714285715,ES
2018-02-05,1,2754.75,2747.285714285714,14,-539.5800000000046,-487.50000000000455,6.964285714285714,stop,610,700,-1.1068307692307786,-1.0000000000000093,27.857142857142858,ES
2018-02-06,1,2641.25,2661.2464285714286,11,1086.3835714285742,1127.3035714285743,8.540178571428571,target,575,590,2.3128823836905443,2.400000000000006,34.160714285714285,ES
2018-02-07,1,2712.0,2701.5491071428573,10,-534.7446428571332,-497.5446428571331,9.950892857142858,stop,605,780,-1.0747671601614879,-0.9999999999999803,39.80357142857143,ES
2018-02-08,-1,2662.25,2637.410714285714,9,1106.78785714286,1140.26785714286,10.558035714285714,target,625,740,2.3295323467230507,2.400000000000006,42.232142857142854,ES
2018-02-14,1,2676.75,2699.0,6,660.18,682.5,14.464285714285714,time,635,950,1.5214024691358023,1.5728395061728395,57.857142857142854,ES
2018-03-07,1,2721.75,2710.9866071428573,9,-495.3326785714198,-461.8526785714198,10.263392857142858,stop,645,710,-1.072490648107854,-0.9999999999999809,41.05357142857143,ES
2018-04-02,-1,2607.5,2580.925,8,1053.2399999999927,1082.9999999999927,11.28125,target,630,695,2.3340498614958287,2.399999999999984,45.125,ES
2018-04-25,-1,2613.25,2623.3571428571427,10,-517.5571428571332,-480.3571428571331,9.607142857142858,stop,580,620,-1.077442379182136,-0.9999999999999797,38.42857142857143,ES
2018-05-03,-1,2606.25,2614.8883928571427,12,-532.9435714285597,-488.30357142855974,8.138392857142858,stop,620,760,-1.091418540866679,-0.9999999999999759,32.55357142857143,ES
2018-05-30,1,2714.0,2726.614285714286,18,1113.3257142857283,1180.2857142857283,5.464285714285714,target,640,795,2.26384313725493,2.4000000000000283,21.857142857142858,ES
2018-06-29,1,2741.0,2734.433035714286,16,-544.8771428571376,-485.35714285713766,6.066964285714286,stop,640,880,-1.1226313465783557,-0.9999999999999893,24.267857142857142,ES
2018-07-02,1,2715.25,2708.433035714286,15,-529.5723214285665,-473.77232142856656,6.316964285714286,stop,640,700,-1.1177780918727813,-0.9999999999999898,25.267857142857142,ES
2018-08-02,1,2806.5,2817.3678571428572,20,1062.3857142857246,1136.7857142857247,4.736607142857143,target,605,725,2.242925541941586,2.4000000000000217,18.946428571428573,ES
2018-08-14,1,2841.25,2840.5,19,-94.43,-23.75,5.236607142857143,time,650,950,-0.18981756180733161,-0.04774083546462063,20.946428571428573,ES
2018-08-23,1,2869.25,2863.9910714285716,20,-550.2928571428441,-475.89285714284415,4.758928571428571,stop,625,655,-1.156337711069391,-0.9999999999999728,19.035714285714285,ES
2018-08-31,1,2907.0,2901.5,20,-574.4,-500.0,5.0,stop,620,665,-1.1488,-1.0,20.0,ES
2018-09-07,1,2878.0,2873.2901785714284,20,-495.3821428571558,-420.98214285715585,4.209821428571429,stop,590,725,-1.1767295864263299,-1.0000000000000309,16.839285714285715,ES
2018-09-11,1,2879.5,2889.5,20,975.6,1050.0,4.375,target,605,715,2.229942857142857,2.4,17.5,ES
2018-09-18,1,2907.5,2910.25,20,250.6,325.0,4.558035714285714,time,615,950,0.549798237022527,0.713026444662096,18.232142857142858,ES
2018-09-27,1,2926.75,2921.7098214285716,20,-528.4178571428441,-454.01785714284415,4.540178571428571,stop,635,905,-1.163870206489647,-0.9999999999999715,18.160714285714285,ES
2018-09-28,1,2921.25,2916.2098214285716,20,-528.4178571428441,-454.01785714284415,4.540178571428571,stop,635,765,-1.163870206489647,-0.9999999999999715,18.160714285714285,ES
2018-10-08,1,2893.0,2887.1383928571427,18,-549.5046428571604,-482.5446428571604,5.361607142857143,stop,610,645,-1.138764363030844,-1.0000000000000362,21.446428571428573,ES
2018-10-09,1,2896.75,2890.7991071428573,18,-557.5403571428396,-490.5803571428396,5.450892857142857,stop,625,660,-1.1364914004913649,-0.9999999999999644,21.803571428571427,ES
2018-10-11,-1,2767.0,2750.9035714285715,14,1109.6699999999973,1161.7499999999973,6.915178571428571,target,655,670,2.2924105874757856,2.3999999999999946,27.660714285714285,ES
2018-10-12,-1,2759.25,2767.9598214285716,12,-537.2292857142935,-492.5892857142935,8.209821428571429,stop,625,635,-1.090623164763474,-1.0000000000000158,32.839285714285715,ES
2018-10-22,-1,2755.75,2767.21875,9,-527.07375,-493.59375,10.96875,stop,615,645,-1.0678290598290598,-1.0,43.875,ES
2018-10-26,-1,2636.5,2650.4241071428573,7,-495.88375000000684,-469.8437500000068,13.424107142857142,stop,640,680,-1.0554226804123858,-1.0000000000000147,53.69642857142857,ES
2018-11-12,-1,2748.75,2723.5,7,875.21,901.25,13.794642857142858,time,650,950,1.8127326860841422,1.8666666666666665,55.17857142857143,ES
2018-11-19,-1,2707.5,2719.2410714285716,8,-479.40285714286233,-449.64285714286234,11.241071428571429,stop,630,650,-1.066185861795087,-1.0000000000000115,44.964285714285715,ES
2018-12-03,-1,2780.0,2791.0089285714284,9,-506.3817857142799,-472.90178571427987,10.508928571428571,stop,655,915,-1.0707969413763685,-0.9999999999999878,42.035714285714285,ES
2018-12-07,-1,2670.75,2643.7571428571428,8,1069.9542857142899,1099.7142857142899,11.455357142857142,target,635,760,2.335052221356206,2.4000000000000092,45.82142857142857,ES
2018-12-10,-1,2607.5,2620.3660714285716,8,-524.4028571428623,-494.64285714286234,12.366071428571429,stop,635,765,-1.0601646209386386,-1.0000000000000104,49.464285714285715,ES
2019-01-03,-1,2458.25,2475.7991071428573,5,-444.82767857143347,-426.22767857143344,17.049107142857142,stop,610,695,-1.04363864886097,-1.0000000000000115,68.19642857142857,ES
2019-03-11,1,2765.75,2778.8785714285714,17,1095.188571428567,1158.428571428567,5.678571428571429,target,595,695,2.2689811320754623,2.3999999999999906,22.714285714285715,ES
2019-03-21,1,2833.25,2848.6285714285714,15,1135.0928571428533,1190.8928571428532,6.616071428571429,target,585,660,2.2875465587044457,2.399999999999992,26.464285714285715,ES
2019-04-23,1,2923.5,2932.782142857143,20,903.8142857142844,978.2142857142844,4.075892857142857,target,625,705,2.217463307776558,2.3999999999999972,16.303571428571427,ES
2019-05-02,1,2932.5,2927.2008928571427,20,-554.3107142857338,-479.9107142857338,4.799107142857143,stop,610,645,-1.1550288372093427,-1.0000000000000404,19.196428571428573,ES
2019-05-06,1,2911.25,2905.4821428571427,18,-541.0671428571604,-474.1071428571604,5.267857142857143,stop,575,590,-1.1412338983051218,-1.0000000000000369,21.071428571428573,ES
2019-05-15,1,2838.25,2855.5,10,850.3,887.5,9.910714285714286,time,610,950,1.7159207207207205,1.790990990990991,39.642857142857146,ES
2019-05-16,1,2879.25,2875.0,9,-202.23,-168.75,10.330357142857142,time,600,950,-0.435028522039758,-0.36300777873811585,41.32142857142857,ES
2019-05-17,1,2872.5,2861.348214285714,9,-512.8103571428601,-479.33035714286007,10.651785714285714,stop,640,910,-1.0698474434199559,-1.0000000000000062,42.607142857142854,ES
2019-06-07,1,2871.75,2873.25,12,75.36,120.0,7.875,time,625,950,0.1594920634920635,0.25396825396825395,31.5,ES
2019-06-18,1,2931.75,2923.84375,13,-529.76625,-481.40625,7.40625,stop,585,710,-1.1004556962025316,-1.0,29.625,ES
2019-07-09,1,2977.25,2985.0,18,675.54,742.5,5.464285714285714,time,635,950,1.3736470588235292,1.5098039215686272,21.857142857142858,ES
2019-07-10,1,3006.75,3000.8035714285716,18,-557.1385714285598,-490.17857142855974,5.446428571428571,stop,590,610,-1.136603278688501,-0.9999999999999762,21.785714285714285,ES
2019-07-24,1,3008.75,3019.692857142857,20,1069.8857142857064,1144.2857142857065,4.767857142857143,target,605,930,2.2439550561797583,2.3999999999999835,19.071428571428573,ES
2019-08-01,1,2992.25,3005.2285714285713,17,1082.4385714285593,1145.6785714285593,5.616071428571429,target,595,630,2.267523052464203,2.399999999999974,22.464285714285715,ES
2019-08-07,1,2867.5,2857.7901785714284,10,-497.6910714285779,-460.4910714285779,9.209821428571429,stop,650,660,-1.0807833252544978,-1.000000000000014,36.839285714285715,ES
2019-08-13,1,2924.25,2929.25,8,190.24,220.0,11.294642857142858,time,585,950,0.42108458498023715,0.4869565217391304,45.17857142857143,ES
2019-09-05,1,2986.5,2976.3035714285716,10,-522.0214285714221,-484.8214285714221,9.696428571428571,stop,615,655,-1.0767292817679426,-0.9999999999999867,38.785714285714285,ES
2019-10-02,-1,2909.0,2892.4857142857145,14,1138.9199999999855,1190.9999999999854,7.089285714285714,target,575,635,2.295052896725412,2.3999999999999706,28.357142857142858,ES
2019-10-08,-1,2899.0,2908.8571428571427,10,-505.0571428571331,-467.8571428571331,9.357142857142858,stop,605,675,-1.0795114503816585,-0.9999999999999791,37.42857142857143,ES
2019-10-10,1,2938.0,2927.5178571428573,10,-536.3071428571332,-499.1071428571331,9.982142857142858,stop,595,845,-1.074533094812145,-0.9999999999999805,39.92857142857143,ES
2019-10-25,1,3014.5,3019.75,14,350.42,402.5,6.678571428571429,time,620,950,0.7495614973262031,0.8609625668449197,26.714285714285715,ES
2019-11-01,1,3061.5,3055.8616071428573,19,-558.8273214285529,-488.1473214285529,5.138392857142857,stop,610,725,-1.1447923544743321,-0.9999999999999621,20.553571428571427,ES
2019-11-12,1,3098.5,3093.066964285714,20,-567.7035714285779,-493.3035714285779,4.933035714285714,stop,615,735,-1.1508199095022755,-1.000000000000013,19.732142857142858,ES
2019-11-13,1,3090.5,3092.25,19,143.07,213.75,5.008928571428571,time,635,950,0.3006631016042781,0.4491978609625669,20.035714285714285,ES
2019-11-25,1,3129.0,3132.5,20,325.6,400.0,4.455357142857143,time,605,950,0.7308056112224448,0.8977955911823646,17.821428571428573,ES
2019-12-04,1,3115.75,3112.75,20,-324.4,-250.0,4.857142857142857,time,590,950,-0.6678823529411765,-0.5147058823529412,19.428571428571427,ES
2019-12-12,1,3159.75,3171.260714285714,19,1070.3378571428423,1141.0178571428423,5.004464285714286,target,575,600,2.2513327386261954,2.399999999999969,20.017857142857142,ES
2019-12-13,1,3181.75,3175.8035714285716,18,-557.1385714285598,-490.17857142855974,5.446428571428571,stop,600,610,-1.136603278688501,-0.9999999999999762,21.785714285714285,ES
2019-12-31,1,3226.25,3221.3125,20,-518.15,-443.75,4.4375,stop,585,600,-1.167661971830986,-1.0,17.75,ES
2020-01-03,1,3234.25,3245.225,20,1073.0999999999908,1147.499999999991,4.78125,target,575,725,2.244392156862726,2.399999999999981,19.125,ES
2020-01-06,1,3223.5,3234.432142857143,20,1068.8142857142934,1143.2142857142935,4.763392857142857,target,580,650,2.2438088097469704,2.400000000000017,19.053571428571427,ES
2020-01-08,1,3248.0,3242.933035714286,20,-531.096428571422,-456.6964285714221,4.566964285714286,stop,600,630,-1.1629090909090767,-0.9999999999999858,18.267857142857142,ES
2020-01-15,1,3294.75,3288.5803571428573,17,-545.1596428571263,-481.9196428571263,5.669642857142857,stop,590,785,-1.1312251968503595,-0.9999999999999657,22.678571428571427,ES
2020-01-27,1,3248.75,3242.75,18,-561.96,-495.0,5.5,stop,580,615,-1.1352727272727274,-1.0,22.0,ES
2020-01-28,1,3270.5,3277.25,15,487.95,543.75,6.334821428571429,time,620,950,1.0270218463706835,1.1444679351656095,25.339285714285715,ES
2020-01-30,1,3263.0,3255.9598214285716,15,-546.3133928571331,-490.5133928571331,6.540178571428571,stop,575,615,-1.1137583617747242,-0.9999999999999802,26.160714285714285,ES
2020-02-03,1,3255.0,3246.7410714285716,12,-510.1757142857065,-465.5357142857065,7.758928571428571,stop,585,700,-1.095889528193309,-0.9999999999999833,31.035714285714285,ES
2020-02-10,1,3334.5,3348.0,10,662.8,700.0,9.5,time,605,950,1.3953684210526316,1.4736842105263157,38.0,ES
2020-02-24,1,3253.5,3245.5,13,-535.86,-487.5,7.5,stop,575,580,-1.0992,-1.0,30.0,ES
2020-02-26,1,3170.75,3159.9821428571427,9,-495.5335714285802,-462.0535714285802,10.267857142857142,stop,580,585,-1.0724591304348017,-1.000000000000019,41.07142857142857,ES
2020-02-27,-1,3032.0,3043.8526785714284,8,-483.86714285713765,-454.10714285713766,11.352678571428571,stop,620,650,-1.0655351946519744,-0.9999999999999886,45.410714285714285,ES
2020-02-28,-1,2853.5,2867.473214285714,7,-497.60249999999775,-471.5624999999977,13.473214285714286,stop,600,605,-1.0552206759443292,-0.9999999999999952,53.892857142857146,ES
2020-03-02,-1,2945.5,2960.9910714285716,6,-472.05214285714675,-449.73214285714675,14.991071428571429,stop,605,610,-1.0496295413936954,-1.0000000000000087,59.964285714285715,ES
2020-03-03,-1,3053.75,3071.4776785714284,5,-449.29196428571106,-430.69196428571104,17.227678571428573,stop,590,600,-1.043186317698878,-0.9999999999999923,68.91071428571429,ES
2020-03-10,-1,2781.5,2811.6071428571427,3,-455.26714285713996,-444.10714285713993,29.607142857142858,stop,650,880,-1.025129071170078,-0.9999999999999934,118.42857142857143,ES
2020-03-13,-1,2550.25,2589.0625,2,-390.565,-383.125,38.3125,stop,590,615,-1.0194192495921697,-1.0,153.25,ES
2020-03-16,-1,2424.5,2465.3303571428573,2,-410.7435714285734,-403.3035714285734,40.330357142857146,stop,600,625,-1.0184476422404298,-1.0000000000000049,161.32142857142858,ES
2020-04-28,-1,2871.25,2853.75,5,431.4,450.0,18.544642857142858,time,640,950,0.9305113143957631,0.9706307173808377,74.17857142857143,ES
2020-06-11,-1,3087.75,3060.714285714286,8,1071.6685714285688,1101.4285714285688,11.473214285714286,target,655,735,2.33515330739299,2.399999999999994,45.892857142857146,ES
2020-06-15,1,3005.5,2989.3616071428573,6,-491.47178571427986,-469.15178571427987,15.638392857142858,stop,605,640,-1.0475752212389253,-0.9999999999999875,62.55357142857143,ES
2020-06-26,-1,3026.5,2997.25,5,725.15,743.75,17.964285714285715,time,620,950,1.6146481113320077,1.6560636182902584,71.85714285714286,ES
2020-07-14,1,3158.0,3143.2366071428573,7,-525.2587499999931,-499.2187499999932,14.263392857142858,stop,650,660,-1.052161502347404,-0.9999999999999862,57.05357142857143,ES
2020-08-12,1,3370.75,3373.75,10,137.8,175.0,9.299107142857142,time,620,950,0.2963725396063371,0.3763802208353337,37.19642857142857,ES
2020-08-20,1,3367.5,3385.7714285714287,12,1081.6457142857228,1126.2857142857229,7.821428571428571,target,605,945,2.3048767123287854,2.4000000000000186,31.285714285714285,ES
2020-09-17,1,3357.25,3340.035714285714,5,-436.4571428571445,-417.8571428571445,16.714285714285715,stop,645,715,-1.0445128205128245,-1.0000000000000038,66.85714285714286,ES
2020-09-30,1,3363.5,3346.848214285714,6,-506.87357142857337,-484.5535714285734,16.151785714285715,stop,620,885,-1.0460630182421267,-1.0000000000000038,64.60714285714286,ES
2020-10-02,1,3346.75,3331.160714285714,6,-474.99857142857337,-452.6785714285734,15.089285714285714,stop,600,715,-1.0493065088757438,-1.0000000000000042,60.357142857142854,ES
2020-10-29,1,3295.75,3281.6339285714284,7,-502.60250000000457,-476.56250000000455,13.616071428571429,stop,635,705,-1.0546413114754194,-1.0000000000000095,54.464285714285715,ES
2020-11-03,1,3364.25,3348.808035714286,6,-470.5789285714266,-448.2589285714266,14.941964285714286,stop,610,835,-1.0497926501344443,-0.9999999999999957,59.767857142857146,ES
2020-11-04,1,3441.0,3477.7642857142855,6,1095.6085714285653,1117.9285714285652,15.526785714285714,target,605,740,2.3520828062104524,2.3999999999999866,62.107142857142854,ES
2020-12-01,1,3674.75,3664.28125,10,-535.6375,-498.4375,9.96875,stop,620,635,-1.0746332288401255,-1.0,39.875,ES
2020-12-04,1,3692.25,3694.75,10,112.8,150.0,9.352678571428571,time,640,950,0.2412143198090692,0.320763723150358,37.410714285714285,ES
2020-12-10,1,3672.0,3662.941964285714,11,-511.6119642857179,-470.69196428571786,8.558035714285714,stop,595,710,-1.086935837245704,-1.0000000000000075,34.232142857142854,ES
2021-01-05,1,3706.0,3695.5401785714284,10,-535.191071428578,-497.9910714285779,9.959821428571429,stop,575,630,-1.0747001344688611,-1.000000000000013,39.839285714285715,ES
2021-01-06,1,3723.5,3746.5071428571428,10,1138.1571428571376,1175.3571428571377,9.794642857142858,target,585,630,2.3240401093892324,2.3999999999999893,39.17857142857143,ES
2021-01-07,1,3792.75,3802.5,9,427.77,461.25,10.321428571428571,time,600,950,0.9209965397923876,0.9930795847750866,41.285714285714285,ES
2021-01-28,1,3790.0,3779.3125,9,-491.9175,-458.4375,10.1875,stop,580,585,-1.0730306748466258,-1.0,40.75,ES
2021-02-02,1,3828.5,3824.0,8,-189.76,-160.0,12.424107142857142,time,615,950,-0.38183830398850166,-0.32195472511678047,49.69642857142857,ES
2021-02-24,1,3886.75,3908.192857142857,10,1059.9428571428532,1097.1428571428532,9.142857142857142,target,655,730,2.3186249999999915,2.3999999999999915,36.57142857142857,ES
2021-03-01,1,3884.5,3898.5,8,550.24,580.0,11.991071428571429,time,615,950,1.147186895011169,1.2092330603127326,47.964285714285715,ES
2021-04-05,1,4060.25,4070.75,8,410.24,440.0,11.665178571428571,time,630,950,0.8791978568694987,0.942977420589361,46.660714285714285,ES
2021-04-21,1,4138.5,4157.285714285715,12,1112.5028571428804,1157.1428571428805,8.035714285714286,target,595,930,2.3074133333333817,2.4000000000000483,32.142857142857146,ES
2021-04-23,1,4154.25,4174.407142857143,11,1095.2228571428814,1136.1428571428814,8.607142857142858,target,630,765,2.3135601659751543,2.400000000000051,34.42857142857143,ES
2021-05-07,1,4224.0,4228.25,10,200.3,237.5,9.915178571428571,time,605,950,0.40402701485817205,0.4790634849167042,39.660714285714285,ES
2021-05-11,1,4152.75,4142.25,10,-537.2,-500.0,10.0,stop,595,610,-1.0744,-1.0,40.0,ES
2021-05-13,1,4100.5,4088.7633928571427,8,-479.2242857142935,-449.4642857142935,11.236607142857142,stop,590,810,-1.0662121573301724,-1.0000000000000175,44.94642857142857,ES
2021-05-14,1,4156.25,4176.75,8,810.24,840.0,11.40625,time,655,950,1.775868493150685,1.841095890410959,45.625,ES
2021-06-10,1,4246.0,4238.446428571428,14,-545.8300000000091,-493.7500000000091,7.053571428571429,stop,575,635,-1.1054784810126765,-1.0000000000000182,28.214285714285715,ES
2021-06-21,1,4189.75,4208.225,12,1093.8600000000217,1138.5000000000218,7.90625,target,600,700,2.3058972332016268,2.400000000000046,31.625,ES
2021-07-09,1,4346.25,4362.0,13,1007.89,1056.25,7.598214285714286,time,600,950,2.0407426556991775,2.1386603995299645,30.392857142857142,ES
2021-07-20,1,4279.25,4301.7642857142855,10,1113.5142857142753,1150.7142857142753,9.589285714285714,target,585,645,2.3224134078212075,2.3999999999999786,38.357142857142854,ES
2021-07-30,1,4404.0,4393.28125,9,-493.32375,-459.84375,10.21875,stop,605,625,-1.0728073394495414,-1.0,40.875,ES
2021-08-18,1,4447.25,4439.6875,14,-546.455,-494.375,7.0625,stop,610,655,-1.105345132743363,-1.0,28.25,ES
2021-08-19,1,4381.75,4399.378571428571,13,1129.9971428571396,1178.3571428571395,7.553571428571429,target,580,615,2.301503546099284,2.399999999999993,30.214285714285715,ES
2021-08-20,1,4420.25,4438.767857142857,12,1096.4314285714129,1141.071428571413,7.924107142857143,target,590,935,2.3061092957746148,2.3999999999999675,31.696428571428573,ES
2021-08-23,1,4471.5,4478.75,12,420.36,465.0,7.991071428571429,time,600,950,0.8767284916201117,0.9698324022346367,31.964285714285715,ES
2021-08-27,1,4492.75,4506.0,12,780.36,825.0,7.8125,time,600,950,1.664768,1.76,31.25,ES
2021-09-09,1,4524.0,4516.883928571428,15,-552.0053571428668,-496.2053571428669,6.616071428571429,stop,600,675,-1.112453441295566,-1.0000000000000195,26.464285714285715,ES
2021-09-23,1,4430.25,4441.25,8,430.24,460.0,12.111607142857142,time,585,950,0.8880737191301143,0.9495023958717288,48.44642857142857,ES
2021-09-24,1,4444.25,4430.745535714285,7,-481.19625000001366,-455.15625000001364,13.004464285714286,stop,600,645,-1.0572111225540979,-1.00000000000003,52.017857142857146,ES
2021-10-05,1,4342.5,4338.75,6,-119.82,-97.5,15.830357142857142,time,625,950,-0.25230005640157926,-0.2053017484489566,63.32142857142857,ES
2021-10-07,1,4418.75,4401.517857142857,5,-436.90357142857795,-418.3035714285779,16.732142857142858,stop,615,875,-1.044465314834594,-1.0000000000000155,66.92857142857143,ES
2021-10-11,1,4405.25,4389.4375,6,-481.695,-459.375,15.3125,stop,615,730,-1.0485877551020408,-1.0,61.25,ES
2021-10-28,1,4578.5,4585.25,10,325.3,362.5,9.584821428571429,time,630,950,0.6787815556590592,0.7564042850489054,38.339285714285715,ES
2021-11-04,1,4673.5,4664.540178571428,11,-506.21017857143573,-465.2901785714357,8.459821428571429,stop,630,675,-1.0879451187335245,-1.0000000000000153,33.839285714285715,ES
2021-11-10,1,4676.0,4667.392857142857,12,-531.068571428587,-486.428571428587,8.107142857142858,stop,595,700,-1.091770925110164,-1.000000000000032,32.42857142857143,ES
2021-11-16,1,4693.75,4698.5,12,270.36,315.0,8.276785714285714,time,585,950,0.5444142394822007,0.6343042071197411,33.107142857142854,ES
2021-11-22,1,4730.75,4722.517857142857,12,-508.568571428587,-463.928571428587,7.732142857142857,stop,585,705,-1.096221709006962,-1.0000000000000335,30.928571428571427,ES
2021-11-23,1,4693.0,4684.035714285715,11,-506.45571428569286,-465.53571428569285,8.464285714285714,stop,590,600,-1.087898734177169,-0.9999999999999539,33.857142857142854,ES
2021-12-02,1,4538.75,4523.9375,6,-451.695,-429.375,14.3125,stop,575,645,-1.0519825327510917,-1.0,57.25,ES
2021-12-07,1,4683.75,4676.75,5,-181.1,-162.5,17.450892857142858,time,610,950,-0.4151077001790739,-0.37247377845996416,69.80357142857143,ES
2021-12-27,1,4759.75,4779.75,6,592.68,615.0,16.495535714285715,time,655,950,1.1976573748308523,1.2427604871447901,65.98214285714286,ES
2022-01-14,1,4643.75,4629.540178571428,7,-505.88375000000457,-479.84375000000455,13.709821428571429,stop,590,635,-1.0542676652556267,-1.0000000000000095,54.839285714285715,ES
2022-01-21,-1,4425.5,4443.071428571428,5,-445.38571428571106,-426.78571428571104,17.071428571428573,stop,610,625,-1.0435815899581513,-0.9999999999999922,68.28571428571429,ES
2022-01-24,-1,4287.0,4305.678571428572,5,-473.064285714289,-454.46428571428896,18.178571428571427,stop,600,630,-1.0409273084479445,-1.0000000000000073,72.71428571428571,ES
2022-01-25,-1,4290.0,4311.419642857143,4,-433.27285714286234,-418.39285714286234,20.919642857142858,stop,590,615,-1.0355646606914337,-1.0000000000000124,83.67857142857143,ES
2022-02-23,-1,4286.5,4237.575,4,973.6200000000036,988.5000000000036,20.59375,target,625,880,2.3638725341426494,2.400000000000009,82.375,ES
2022-03-07,-1,4272.25,4217.55,4,1089.1199999999963,1103.9999999999964,23.0,target,610,890,2.367652173913035,2.399999999999992,92.0,ES
2022-04-22,-1,4345.75,4304.732142857143,5,1019.346428571422,1037.946428571422,17.299107142857142,target,615,800,2.356991999999985,2.3999999999999853,69.19642857142857,ES
2022-04-26,-1,4228.0,4181.142857142857,5,1165.328571428578,1183.928571428578,19.732142857142858,target,615,930,2.3622950226244477,2.4000000000000132,78.92857142857143,ES
2022-04-28,-1,4191.25,4212.325892857143,4,-426.39785714286234,-411.51785714286234,20.575892857142858,stop,625,665,-1.0361588197005984,-1.0000000000000127,82.30357142857143,ES
2022-05-05,-1,4199.75,4139.725,3,896.7149999999946,907.8749999999945,25.21875,target,605,710,2.3704981412639263,2.3999999999999857,100.875,ES
2022-05-10,-1,3994.0,4024.0714285714284,3,-454.73142857142665,-443.5714285714266,29.571428571428573,stop,655,825,-1.0251594202898509,-0.9999999999999957,118.28571428571429,ES
2022-05-24,-1,3874.25,3904.3526785714284,3,-455.20017857142665,-444.0401785714266,29.602678571428573,stop,645,705,-1.025132860805304,-0.9999999999999957,118.41071428571429,ES
2022-06-10,-1,3911.0,3931.901785714286,4,-422.9157142857156,-408.0357142857156,20.401785714285715,stop,605,895,-1.0364673960612723,-1.000000000000003,81.60714285714286,ES
2022-06-13,-1,3757.75,3779.2901785714284,4,-435.6835714285688,-420.80357142856883,21.040178571428573,stop,645,680,-1.0353609166136157,-0.9999999999999938,84.16071428571429,ES
2022-06-16,-1,3663.25,3686.3571428571427,4,-467.02285714285324,-452.14285714285325,22.607142857142858,stop,645,685,-1.0329099526066263,-0.9999999999999913,90.42857142857143,ES
2022-08-22,-1,4151.0,4165.120535714285,7,-502.7587499999864,-476.71874999998636,13.620535714285714,stop,655,715,-1.0546234021631966,-0.9999999999999714,54.482142857142854,ES
2022-08-25,1,4184.25,4170.004464285715,7,-507.1337499999864,-481.09374999998636,13.745535714285714,stop,645,670,-1.054126664501433,-0.9999999999999717,54.982142857142854,ES
2022-08-26,-1,4161.0,4175.477678571428,7,-515.2587499999954,-489.21874999999545,13.977678571428571,stop,600,605,-1.053227722772268,-0.9999999999999907,55.910714285714285,ES
2022-08-30,-1,4009.5,3971.8357142857144,6,1122.608571428568,1144.928571428568,15.901785714285714,target,605,645,2.353212801796736,2.3999999999999924,63.607142857142854,ES
2022-09-02,-1,3975.5,3991.8125,6,-496.695,-474.375,15.8125,stop,600,610,-1.0470513833992094,-1.0,63.25,ES
2022-09-06,-1,3898.25,3915.1428571428573,6,-514.1057142857202,-491.78571428572013,16.392857142857142,stop,600,635,-1.0453856209150447,-1.000000000000012,65.57142857142857,ES
2022-09-13,-1,3983.75,3942.85,5,1016.4000000000023,1035.0000000000023,17.25,target,645,925,2.3568695652173965,2.4000000000000052,69.0,ES
2022-09-29,-1,3645.0,3666.7991071428573,4,-440.86214285714675,-425.98214285714675,21.299107142857142,stop,600,710,-1.0349310417103426,-1.000000000000009,85.19642857142857,ES
2022-10-07,-1,3672.5,3650.25,4,440.12,455.0,22.508928571428573,time,600,950,0.9776564855216184,1.0107100357001189,90.03571428571429,ES
2022-10-14,-1,3663.25,3606.3964285714287,4,1132.1914285714256,1147.0714285714257,23.897321428571427,target,605,735,2.368866803661492,2.399999999999994,95.58928571428571,ES
2022-11-01,-1,3875.0,3870.5,4,85.12,100.0,21.638392857142858,time,605,950,0.1966874355271302,0.23107076542191043,86.55357142857143,ES
2022-11-04,-1,3744.25,3764.776785714286,4,-415.4157142857156,-400.5357142857156,20.026785714285715,stop,580,595,-1.0371502452073147,-1.000000000000003,80.10714285714286,ES
2022-12-02,1,4053.0,4084.417857142857,7,1091.0849999999941,1117.124999999994,13.299107142857142,target,630,915,2.344056394763331,2.3999999999999875,53.19642857142857,ES
2022-12-15,-1,3934.25,3924.75,5,231.4,250.0,16.910714285714285,time,600,950,0.5473453009503696,0.5913410770855333,67.64285714285714,ES
2022-12-22,-1,3840.25,3798.707142857143,5,1032.4714285714244,1051.0714285714243,17.517857142857142,target,610,780,2.357529051987758,2.3999999999999906,70.07142857142857,ES
2023-01-03,-1,3839.0,3857.8973214285716,5,-478.533035714289,-459.93303571428896,18.397321428571427,stop,615,655,-1.0404406697403614,-1.000000000000007,73.58928571428571,ES
2023-01-13,1,3998.25,4017.0,6,555.18,577.5,16.366071428571427,time,625,950,1.1307539552645935,1.176213857064921,65.46428571428571,ES
2023-01-23,1,4024.0,4036.0,6,352.68,375.0,14.830357142857142,time,630,950,0.792698374473209,0.8428657435279953,59.32142857142857,ES
2023-01-27,1,4089.5,4075.40625,7,-501.82125,-475.78125,13.59375,stop,605,645,-1.0547310344827587,-1.0,54.375,ES
2023-02-03,1,4170.25,4154.839285714285,6,-469.64142857144026,-447.32142857144026,14.910714285714286,stop,610,785,-1.0498970059880501,-1.0000000000000262,59.642857142857146,ES
2023-02-14,1,4162.0,4145.607142857143,6,-499.1057142857065,-476.7857142857065,15.892857142857142,stop,605,635,-1.0468134831460512,-0.9999999999999838,63.57142857142857,ES
2023-03-10,-1,3885.25,3899.223214285714,7,-497.60249999999775,-471.5624999999977,13.473214285714286,stop,585,595,-1.0552206759443292,-0.9999999999999952,53.892857142857146,ES
2023-03-16,1,3934.0,3971.6964285714284,6,1123.5728571428533,1145.8928571428532,15.915178571428571,target,645,710,2.3532521739130354,2.399999999999992,63.660714285714285,ES
2023-04-14,1,4186.25,4175.165178571428,9,-509.79696428572015,-476.31696428572013,10.584821428571429,stop,595,605,-1.0702893293968911,-1.0000000000000122,42.339285714285715,ES
2023-04-28,1,4168.75,4157.696428571428,9,-508.39071428572015,-474.91071428572013,10.553571428571429,stop,605,660,-1.0704974619289462,-1.0000000000000122,42.214285714285715,ES
2023-05-05,1,4135.25,4161.792857142857,8,1051.9542857142972,1081.7142857142971,11.267857142857142,target,615,895,2.3339714738510557,2.4000000000000257,45.07142857142857,ES
2023-05-26,1,4185.0,4208.307142857143,10,1153.1571428571467,1190.3571428571468,9.919642857142858,target,580,640,2.3249972997299806,2.400000000000008,39.67857142857143,ES
2023-06-02,1,4275.5,4291.75,9,720.27,753.75,10.620535714285714,time,645,950,1.5070802858343844,1.577133249264397,42.482142857142854,ES
2023-06-09,1,4325.0,4313.892857142857,9,-510.8014285714403,-477.32142857144026,10.607142857142858,stop,615,650,-1.0701414141414385,-1.0000000000000244,42.42857142857143,ES
2023-06-15,1,4432.0,4456.8607142857145,9,1107.7521428571522,1141.2321428571522,10.566964285714286,target,590,700,2.3295918884664326,2.4000000000000195,42.267857142857146,ES
2023-07-05,1,4488.5,4479.044642857143,11,-533.4646428571285,-492.54464285712857,8.955357142857142,stop,630,755,-1.0830787637088444,-0.9999999999999711,35.82142857142857,ES
2023-07-07,1,4450.75,4441.941964285715,12,-543.1221428571195,-498.48214285711947,8.308035714285714,stop,595,615,-1.0895518538419735,-0.9999999999999531,33.232142857142854,ES
2023-07-18,1,4568.5,4588.517857142857,11,1087.5621428571285,1128.4821428571286,8.549107142857142,target,645,860,2.312973368146184,2.39999999999997,34.19642857142857,ES
2023-08-10,1,4531.5,4520.116071428572,9,-523.2567857142799,-489.77678571427987,10.883928571428571,stop,585,645,-1.0683576702214812,-0.9999999999999881,43.535714285714285,ES
2023-08-11,1,4491.0,4478.705357142857,8,-501.54571428572467,-471.7857142857247,11.794642857142858,stop,620,650,-1.0630794852384777,-1.000000000000022,47.17857142857143,ES
2023-08-23,1,4437.0,4444.5,8,290.24,320.0,12.15625,time,645,950,0.5968946015424165,0.6580976863753213,48.625,ES
2023-08-29,1,4464.5,4494.878571428571,7,1054.7099999999982,1080.7499999999982,12.866071428571429,target,600,740,2.342173490631502,2.399999999999996,51.464285714285715,ES
2023-10-03,-1,4276.0,4261.0,7,516.46,542.5,13.160714285714286,time,620,950,1.1212157394843962,1.1777476255088195,52.642857142857146,ES
2023-10-05,-1,4265.5,4279.40625,7,-495.25875,-469.21875,13.40625,stop,635,750,-1.0554965034965036,-1.0,53.625,ES
2023-11-14,1,4512.0,4508.25,7,-139.79,-113.75,12.830357142857142,time,625,950,-0.31129297146833684,-0.25330549756437026,51.32142857142857,ES
2023-11-20,1,4545.75,4560.25,8,570.24,600.0,11.504464285714286,time,655,950,1.2391711292200231,1.3038416763678695,46.017857142857146,ES
2023-12-05,1,4578.25,4570.629464285715,14,-550.5174999999728,-498.4374999999727,7.120535714285714,stop,600,610,-1.104486520376121,-0.9999999999999453,28.482142857142858,ES
2023-12-08,1,4600.0,4591.65625,12,-515.265,-470.625,7.84375,stop,600,635,-1.0948525896414343,-1.0,31.375,ES
2024-01-05,1,4753.5,4743.388392857143,10,-517.7803571428442,-480.58035714284415,9.611607142857142,stop,600,705,-1.0774064096609113,-0.999999999999973,38.44642857142857,ES
2024-01-08,1,4759.5,4781.853571428572,10,1105.478571428587,1142.678571428587,9.522321428571429,target,630,855,2.321867791842508,2.4000000000000328,38.089285714285715,ES
2024-02-02,1,4958.5,4981.689285714286,10,1147.2642857142844,1184.4642857142844,9.870535714285714,target,640,750,2.324624151967433,2.3999999999999977,39.482142857142854,ES
2024-03-08,1,5185.5,5173.888392857143,8,-474.2242857142753,-444.4642857142753,11.111607142857142,stop,590,665,-1.0669570108477067,-0.9999999999999767,44.44642857142857,ES
2024-03-12,1,5167.25,5154.90625,8,-503.51,-473.75,11.84375,stop,640,755,-1.0628179419525066,-1.0,47.375,ES
2024-04-05,1,5237.5,5263.635714285714,9,1165.1271428571358,1198.6071428571358,11.098214285714286,target,645,715,2.3329621882542093,2.3999999999999857,44.392857142857146,ES
2024-04-10,1,5224.75,5213.0625,8,-477.26,-447.5,11.1875,stop,635,645,-1.0665027932960893,-1.0,44.75,ES
2024-04-23,1,5102.25,5106.25,5,93.9,112.5,17.647321428571427,time,630,950,0.21283683278522644,0.25499620541360996,70.58928571428571,ES
2024-06-07,1,5376.5,5364.209821428572,8,-501.36714285713765,-471.60714285713766,11.790178571428571,stop,640,660,-1.0631033699356194,-0.999999999999989,47.160714285714285,ES
2024-06-12,1,5453.5,5440.473214285715,7,-464.4774999999864,-438.43749999998636,12.526785714285714,stop,625,675,-1.059392729864545,-0.9999999999999689,50.107142857142854,ES
2024-06-24,1,5558.25,5546.294642857143,8,-487.9742857142753,-458.2142857142753,11.455357142857142,stop,605,625,-1.064947778643781,-0.9999999999999775,45.82142857142857,ES
2024-06-28,1,5576.75,5565.660714285715,9,-509.9978571428396,-476.5178571428396,10.589285714285714,stop,600,655,-1.070259696458648,-0.9999999999999633,42.357142857142854,ES
2024-07-02,1,5537.75,5562.75,9,1114.02,1147.5,11.013392857142858,time,650,950,2.247808674503445,2.3153627888123225,44.05357142857143,ES
2024-07-12,1,5665.5,5688.207142857143,10,1123.1571428571285,1160.3571428571286,9.669642857142858,target,605,700,2.3230581717451226,2.39999999999997,38.67857142857143,ES
2024-08-06,1,5283.75,5276.5,3,-112.41,-101.25,25.8125,time,620,950,-0.2903244552058111,-0.26150121065375304,103.25,ES
2024-09-04,1,5551.5,5535.392857142857,6,-490.5342857142935,-468.2142857142935,15.607142857142858,stop,630,690,-1.0476704805492156,-1.0000000000000164,62.42857142857143,ES
2024-10-11,1,5852.25,5863.25,8,430.24,460.0,12.272321428571429,time,605,950,0.8764437977446344,0.9370680247362677,49.089285714285715,ES
2024-10-14,1,5900.0,5910.25,7,350.21,376.25,12.65625,time,625,950,0.7905975308641975,0.8493827160493828,50.625,ES
2024-10-25,1,5895.5,5882.517857142857,8,-529.0457142857247,-499.2857142857247,12.482142857142858,stop,600,685,-1.0596051502146129,-1.0000000000000207,49.92857142857143,ES
2024-11-01,1,5785.75,5771.84375,7,-495.25875,-469.21875,13.40625,stop,605,785,-1.0554965034965036,-1.0,53.625,ES
2024-11-05,1,5780.25,5805.0,7,857.71,883.75,13.272321428571429,time,590,950,1.8463989236461487,1.9024554322233433,53.089285714285715,ES
2024-11-19,1,5914.75,5935.0,6,600.18,622.5,16.258928571428573,time,645,950,1.2304623833058757,1.2762218561230092,65.03571428571429,ES
2024-12-18,1,6140.5,6131.825892857143,12,-535.086428571413,-490.446428571413,8.174107142857142,stop,630,675,-1.0910191152375435,-0.9999999999999684,32.69642857142857,ES
2024-12-20,1,5931.0,5918.236607142857,8,-520.2957142857247,-490.5357142857247,12.263392857142858,stop,575,580,-1.060668365489646,-1.000000000000021,49.05357142857143,ES
2025-01-27,1,6035.0,6017.665178571428,5,-439.470535714289,-420.87053571428896,16.834821428571427,stop,575,615,-1.0441941129673906,-1.0000000000000078,67.33928571428571,ES
2025-02-03,1,6009.5,6028.5,5,468.9,487.5,16.78125,time,625,950,1.1176759776536311,1.1620111731843576,67.125,ES
2025-02-04,1,6056.5,6064.25,5,187.65,206.25,17.625,time,615,950,0.4258723404255319,0.46808510638297873,70.5,ES
2025-02-12,1,6066.75,6049.629464285715,6,-520.9360714285598,-498.61607142855974,16.620535714285715,stop,635,670,-1.0447639000805566,-0.9999999999999764,66.48214285714286,ES
2025-02-26,1,6014.25,6000.125,7,-502.915,-476.875,13.625,stop,610,755,-1.054605504587156,-1.0,54.5,ES
2025-02-28,1,5907.5,5891.732142857143,6,-480.3557142857065,-458.0357142857065,15.267857142857142,stop,625,675,-1.0487298245613865,-0.9999999999999831,61.07142857142857,ES
2025-03-03,-1,5951.25,5968.379464285715,6,-521.2039285714403,-498.88392857144026,16.629464285714285,stop,595,630,-1.0447398657718359,-1.0000000000000235,66.51785714285714,ES
2025-03-04,-1,5778.75,5798.388392857143,5,-497.05982142857795,-478.4598214285779,19.138392857142858,stop,595,740,-1.03887473757874,-1.0000000000000135,76.55357142857143,ES
2025-03-12,-1,5579.0,5608.883928571428,3,-451.91892857142665,-440.7589285714266,29.383928571428573,stop,640,725,-1.0253199635369146,-0.9999999999999957,117.53571428571429,ES
2025-03-28,-1,5674.5,5629.5,4,895.12,910.0,24.446428571428573,time,615,950,1.8307786705624542,1.8612125639152666,97.78571428571429,ES
2025-04-03,-1,5468.25,5492.888392857143,4,-497.64785714286234,-482.76785714286234,24.138392857142858,stop,645,695,-1.0308222674311185,-1.0000000000000107,96.55357142857143,ES
2025-04-04,-1,5238.75,5174.417857142857,3,961.3221428571386,972.4821428571386,27.013392857142858,target,610,645,2.372458106098155,2.3999999999999897,108.05357142857143,ES
2025-05-19,1,5951.5,5976.5,4,495.12,510.0,20.642857142857142,time,600,950,1.1992525951557094,1.2352941176470589,82.57142857142857,ES
2025-06-12,1,6043.0,6040.0,6,-97.32,-75.0,15.691964285714286,time,635,950,-0.20673001422475107,-0.1593172119487909,62.767857142857146,ES
2025-06-16,1,6045.5,6029.776785714285,6,-479.01642857144026,-456.69642857144026,15.223214285714286,stop,600,890,-1.048872727272753,-1.0000000000000255,60.892857142857146,ES
2025-06-18,1,6073.0,6057.133928571428,6,-483.30214285714675,-460.98214285714675,15.366071428571429,stop,630,720,-1.0484183614177889,-1.0000000000000084,61.464285714285715,ES
2025-06-23,1,6055.0,6038.825892857143,6,-492.5432142857065,-470.2232142857065,15.674107142857142,stop,615,685,-1.0474668185701914,-0.9999999999999836,62.69642857142857,ES
2025-07-21,1,6367.75,6355.995535714285,8,-479.938571428587,-450.178571428587,11.254464285714286,stop,600,905,-1.0661071003570357,-1.0000000000000346,45.017857142857146,ES
2025-08-04,1,6330.5,6354.25,7,822.71,848.75,13.160714285714286,time,585,950,1.7860732700135686,1.842605156037992,52.642857142857146,ES
2025-08-08,1,6410.25,6395.084821428572,6,-462.27535714285324,-439.95535714285325,14.665178571428571,stop,605,695,-1.0507324200913153,-0.9999999999999911,58.660714285714285,ES
2025-08-22,1,6460.0,6491.428571428572,7,1091.4600000000046,1117.5000000000045,13.303571428571429,target,600,655,2.344075167785245,2.4000000000000097,53.214285714285715,ES
2025-09-11,1,6582.25,6597.25,7,516.46,542.5,13.008928571428571,time,630,950,1.1342978723404256,1.1914893617021276,52.035714285714285,ES
2025-09-18,1,6710.0,6697.017857142857,8,-529.0457142857247,-499.2857142857247,12.482142857142858,stop,615,650,-1.0596051502146129,-1.0000000000000207,49.92857142857143,ES
2025-09-22,1,6729.75,6754.25,7,848.96,875.0,12.915178571428571,time,640,950,1.87810024196336,1.9357068786726581,51.660714285714285,ES
2025-09-26,1,6695.5,6683.366071428572,8,-495.11714285713765,-465.35714285713766,11.633928571428571,stop,585,605,-1.0639508825786534,-0.9999999999999889,46.535714285714285,ES
2025-10-01,1,6730.75,6759.35,8,1134.2400000000146,1164.0000000000146,12.125,target,625,840,2.3386391752577618,2.40000000000003,48.5,ES
2025-10-03,1,6795.75,6782.78125,8,-528.51,-498.75,12.46875,stop,650,780,-1.0596691729323309,-1.0,49.875,ES
2025-10-14,1,6663.75,6702.132142857143,6,1144.1442857142827,1166.4642857142826,16.200892857142858,target,645,740,2.354076605125372,2.3999999999999932,64.80357142857143,ES
2025-10-15,1,6764.25,6746.142857142857,5,-458.77857142857795,-440.1785714285779,17.607142857142858,stop,605,670,-1.0422555780933211,-1.0000000000000147,70.42857142857143,ES
2025-10-17,1,6691.25,6671.008928571428,5,-512.126785714289,-493.52678571428896,19.741071428571427,stop,610,630,-1.037687924016289,-1.0000000000000067,78.96428571428571,ES
2025-10-20,1,6773.75,6779.0,4,100.12,115.0,20.5,time,645,950,0.24419512195121953,0.2804878048780488,82.0,ES
2025-11-04,1,6844.5,6825.852678571428,5,-472.283035714289,-453.68303571428896,18.147321428571427,stop,630,655,-1.0409977859778672,-1.0000000000000073,72.58928571428571,ES
2025-11-14,1,6736.5,6781.953571428571,5,1130.23928571428,1148.8392857142799,19.147321428571427,target,625,685,2.361143390067603,2.399999999999988,76.58928571428571,ES
2025-11-17,1,6772.75,6752.379464285715,5,-515.3633928571331,-496.7633928571331,19.870535714285715,stop,590,600,-1.037442372500542,-0.9999999999999803,79.48214285714286,ES
2025-11-19,1,6692.0,6669.763392857143,4,-449.61214285713766,-434.73214285713766,21.736607142857142,stop,595,655,-1.0342279728896986,-0.9999999999999881,86.94642857142857,ES
2025-12-18,1,6867.25,6852.258928571428,6,-457.05214285714675,-434.73214285714675,14.491071428571429,stop,635,720,-1.0513419593345745,-1.000000000000009,57.964285714285715,ES
2025-12-19,1,6876.25,6888.0,6,345.18,367.5,15.549107142857142,time,580,950,0.7399781797301178,0.7878265862761988,62.19642857142857,ES
2026-01-06,1,6975.0,6960.392857142857,7,-519.7900000000091,-493.7500000000091,14.107142857142858,stop,610,650,-1.0527392405063474,-1.0000000000000182,56.42857142857143,ES
2026-01-09,1,6996.5,6983.625,8,-524.76,-495.0,12.375,stop,625,640,-1.060121212121212,-1.0,49.5,ES
2026-01-12,1,6991.0,7018.775,8,1101.2399999999855,1130.9999999999854,11.78125,target,580,870,2.336848806366017,2.3999999999999693,47.125,ES
2026-01-20,1,6902.5,6888.366071428572,7,-503.2274999999955,-477.18749999999545,13.633928571428571,stop,630,650,-1.05456974459724,-0.9999999999999905,54.535714285714285,ES
2026-01-21,1,6881.5,6866.111607142857,6,-468.9717857142935,-446.6517857142935,14.888392857142858,stop,595,705,-1.0499718140929708,-1.0000000000000173,59.55357142857143,ES
2026-01-26,1,6987.75,6983.25,6,-142.32,-120.0,15.15625,time,620,950,-0.3130061855670103,-0.2639175257731959,60.625,ES
2026-02-02,1,6973.75,7013.010714285714,6,1170.501428571424,1192.821428571424,16.566964285714285,target,580,730,2.3550913500404116,2.399999999999991,66.26785714285714,ES
2026-02-06,1,6897.5,6876.982142857143,4,-415.23714285713766,-400.35714285713766,20.017857142857142,stop,580,605,-1.0371668153434304,-0.9999999999999871,80.07142857142857,ES
2026-02-09,1,6974.25,6984.25,4,195.12,210.0,21.066964285714285,time,630,950,0.4630947234583599,0.4984106802288621,84.26785714285714,ES
2026-02-18,1,6917.25,6893.276785714285,4,-484.3442857142935,-469.4642857142935,23.473214285714285,stop,640,870,-1.0316957017877686,-1.0000000000000167,93.89285714285714,ES
2026-02-20,1,6900.5,6878.022321428572,4,-454.4335714285688,-439.55357142856883,21.977678571428573,stop,600,605,-1.0338525289457587,-0.999999999999994,87.91071428571429,ES
2026-02-24,1,6892.75,6907.75,4,295.12,310.0,21.540178571428573,time,625,950,0.6850453886010363,0.7195854922279793,86.16071428571429,ES
2026-03-02,1,6856.75,6903.242857142857,5,1156.2214285714313,1174.8214285714312,19.580357142857142,target,585,860,2.362002735978118,2.4000000000000052,78.32142857142857,ES
2026-03-04,1,6884.75,6862.075892857143,4,-458.36214285713766,-443.48214285713766,22.174107142857142,stop,625,645,-1.0335526474733123,-0.9999999999999883,88.69642857142857,ES
2026-03-20,-1,6592.5,6531.414285714286,3,912.6257142857093,923.7857142857092,25.660714285714285,target,610,935,2.371006263048004,2.399999999999987,102.64285714285714,ES
2026-03-30,-1,6417.25,6442.071428571428,4,-501.3085714285688,-486.42857142856883,24.321428571428573,stop,595,655,-1.0305903083700387,-0.9999999999999947,97.28571428571429,ES
2026-04-17,1,7170.25,7162.75,4,-154.88,-140.0,24.236607142857142,time,640,950,-0.31951666973659976,-0.2888193037391785,96.94642857142857,ES
2026-05-01,1,7296.75,7278.642857142857,5,-458.77857142857795,-440.1785714285779,17.607142857142858,stop,610,635,-1.0422555780933211,-1.0000000000000147,70.42857142857143,ES
2026-05-06,1,7362.25,7394.25,5,793.9,812.5,16.84375,time,635,950,1.8853283858998144,1.9294990723562153,67.375,ES
2026-05-11,1,7444.5,7435.25,5,-237.35,-218.75,17.651785714285715,time,650,950,-0.5378492665655032,-0.4957005563985837,70.60714285714286,ES
2026-05-14,1,7514.75,7526.0,6,330.18,352.5,16.629464285714285,time,640,950,0.6618373154362417,0.7065771812080538,66.51785714285714,ES
2026-05-20,1,7431.0,7448.75,5,437.65,456.25,19.089285714285715,time,655,950,0.9170589335827876,0.9560336763330215,76.35714285714286,ES
2026-06-10,1,7403.25,7382.142857142857,4,-427.02285714286234,-412.14285714286234,20.607142857142858,stop,620,630,-1.0361039861351946,-1.0000000000000127,82.42857142857143,ES
2026-06-23,1,7484.25,7455.75,3,-431.16,-420.0,28.0,stop,610,665,-1.0265714285714287,-1.0,112.0,ES
2026-07-17,1,7519.25,7500.888392857143,5,-465.1401785714221,-446.5401785714221,17.861607142857142,stop,600,855,-1.0416535866033347,-0.9999999999999855,71.44642857142857,ES
2026-08-03,1,7588.25,7628.75,4,805.12,820.0,21.245535714285715,time,595,950,1.8947980668207605,1.9298171884849755,84.98214285714286,ES
2026-08-04,1,7700.75,7754.260714285714,4,1065.3342857142825,1080.2142857142826,22.504464285714285,target,610,765,2.3669398928783902,2.3999999999999932,90.01785714285714,ES
2026-08-13,1,7835.25,7813.535714285715,4,-439.1657142857065,-424.2857142857065,21.214285714285715,stop,620,665,-1.0350707070706886,-0.9999999999999815,84.85714285714286,ES
2026-08-26,1,7701.5,7688.888392857143,8,-514.2242857142753,-484.4642857142753,12.111607142857142,stop,595,620,-1.061428676741593,-0.9999999999999787,48.44642857142857,ES
2026-08-28,1,7774.75,7762.098214285715,8,-515.831428571413,-486.071428571413,12.151785714285714,stop,650,700,-1.0612255694342074,-0.9999999999999679,48.607142857142854,ES
2026-09-01,1,7671.75,7658.553571428572,7,-470.4149999999955,-444.37499999999545,12.696428571428571,stop,630,660,-1.0585991561181334,-0.9999999999999898,50.785714285714285,ES
2026-09-02,1,7675.0,7678.5,7,113.96000000000001,140.0,13.272321428571429,time,615,950,0.24532256979482006,0.3013790783720148,53.089285714285715,ES
