day,dir,entry,exit,qty,pnl,pnl_gross,stop_dist,why,min_in,min_out,R,R_gross,atr,market
2011-03-07,-1,2347.5,2324.3,20,903.5999999999927,947.9999999999927,9.875,target,635,695,2.2875949367088424,2.3999999999999817,39.5,NQ
2011-03-15,1,2244.0,2264.5,20,795.6,840.0,10.986607142857142,time,640,950,1.8103860219423,1.911418122714344,43.94642857142857,NQ
2011-04-18,-1,2261.25,2271.9553571428573,20,-452.6142857142935,-408.2142857142935,10.205357142857142,stop,595,830,-1.1087664041994942,-1.0000000000000193,40.82142857142857,NQ
2011-06-27,1,2231.75,2252.4535714285716,20,803.742857142866,848.142857142866,8.834821428571429,target,615,845,2.2743607882769323,2.400000000000025,35.339285714285715,NQ
2011-08-01,-1,2343.0,2355.285714285714,20,-515.8285714285688,-471.42857142856883,11.785714285714286,stop,600,620,-1.0941818181818126,-0.9999999999999944,47.142857142857146,NQ
2011-08-08,1,2155.5,2142.1116071428573,19,-531.9389285714211,-489.75892857142117,12.888392857142858,stop,575,585,-1.0861240041565485,-0.9999999999999848,51.55357142857143,NQ
2012-04-16,-1,2671.75,2662.25,20,355.6,400.0,11.236607142857142,time,590,950,0.7911640842272548,0.8899483512117601,44.94642857142857,NQ
2012-05-21,1,2510.25,2542.332142857143,18,1132.997142857149,1172.957142857149,13.575892857142858,target,630,920,2.3182374219007027,2.4000000000000123,54.30357142857143,NQ
2012-08-31,-1,2746.5,2757.1741071428573,20,-451.3642857142935,-406.9642857142935,10.174107142857142,stop,605,610,-1.109100482667856,-1.0000000000000193,40.69642857142857,NQ
2012-09-06,1,2799.5,2818.7357142857145,20,745.0285714285798,789.4285714285797,8.223214285714286,target,595,660,2.2650162866449763,2.4000000000000252,32.892857142857146,NQ
2012-09-26,-1,2776.0,2783.941964285714,20,-342.0785714285688,-297.67857142856883,7.441964285714286,stop,620,805,-1.149154169166158,-0.9999999999999912,29.767857142857142,NQ
2012-09-28,-1,2791.5,2799.5491071428573,20,-346.3642857142935,-301.9642857142935,7.549107142857143,stop,625,665,-1.1470372560615278,-1.0000000000000258,30.196428571428573,NQ
2012-10-17,1,2774.0,2764.1473214285716,20,-418.50714285713764,-374.10714285713766,9.352678571428571,stop,600,825,-1.1186825775656186,-0.9999999999999861,37.410714285714285,NQ
2012-10-19,-1,2716.0,2693.239285714286,20,886.0285714285652,930.4285714285652,9.691964285714286,target,580,675,2.285472132657745,2.399999999999984,38.767857142857146,NQ
2012-11-07,-1,2625.75,2603.9,20,849.5999999999964,893.9999999999964,9.3125,target,615,690,2.280805369127507,2.39999999999999,37.25,NQ
2012-11-09,1,2590.0,2579.4821428571427,20,-445.1142857142935,-400.7142857142935,10.017857142857142,stop,640,820,-1.1108021390374527,-1.0000000000000195,40.07142857142857,NQ
2012-12-06,1,2649.0,2657.0,20,295.6,340.0,9.785714285714286,time,635,950,0.7551824817518249,0.8686131386861313,39.142857142857146,NQ
2012-12-10,1,2649.75,2639.6160714285716,20,-429.75714285713764,-385.35714285713766,9.633928571428571,stop,590,875,-1.1152177942539254,-0.9999999999999866,38.535714285714285,NQ
2013-01-24,1,2734.25,2725.401785714286,20,-378.3285714285688,-333.92857142856883,8.348214285714286,stop,595,775,-1.132962566844912,-0.9999999999999921,33.392857142857146,NQ
2013-02-21,-1,2716.75,2724.4508928571427,20,-332.43571428570647,-288.0357142857065,7.200892857142857,stop,590,640,-1.1541475511469041,-0.9999999999999729,28.803571428571427,NQ
2013-03-01,1,2744.5,2735.1428571428573,20,-398.68571428570647,-354.2857142857065,8.857142857142858,stop,655,700,-1.125322580645139,-0.9999999999999779,35.42857142857143,NQ
2013-03-18,1,2784.0,2784.25,20,-14.399999999999999,30.0,8.544642857142858,time,625,950,-0.04213166144200626,0.08777429467084638,34.17857142857143,NQ
2013-04-02,1,2817.5,2809.9553571428573,20,-326.18571428570647,-281.7857142857065,7.044642857142857,stop,605,875,-1.1575665399239266,-0.9999999999999724,28.178571428571427,NQ
2013-04-17,-1,2787.75,2767.475,20,786.6000000000037,831.0000000000036,8.65625,target,610,665,2.2717689530686025,2.4000000000000106,34.625,NQ
2013-04-18,-1,2765.0,2742.3785714285714,20,880.457142857145,924.8571428571449,9.633928571428571,target,575,600,2.2847822057460667,2.4000000000000057,38.535714285714285,NQ
2013-04-19,1,2762.75,2773.0,20,385.6,430.0,10.169642857142858,time,605,950,0.9479192273924495,1.0570676031606672,40.67857142857143,NQ
2013-05-23,1,2985.25,3001.217857142857,20,614.3142857142863,658.7142857142862,6.861607142857143,target,610,880,2.2382303188028647,2.4000000000000017,27.446428571428573,NQ
2013-05-29,-1,2982.75,2990.6741071428573,20,-341.3642857142935,-296.9642857142935,7.424107142857143,stop,645,690,-1.1495129284425998,-1.0000000000000262,29.696428571428573,NQ
2013-05-30,1,3013.25,3013.0,20,-34.4,10.0,7.580357142857143,time,585,950,-0.11345111896348645,0.03297997644287397,30.321428571428573,NQ
2013-06-03,-1,2969.75,2950.9,20,729.5999999999964,773.9999999999964,8.0625,target,635,700,2.262325581395338,2.399999999999989,32.25,NQ
2013-06-07,1,2979.0,2990.75,20,445.6,490.0,9.4375,time,645,950,1.1803973509933776,1.2980132450331126,37.75,NQ
2013-06-24,-1,2826.0,2837.4821428571427,20,-483.68571428570647,-439.2857142857065,10.982142857142858,stop,600,640,-1.1010731707316894,-0.9999999999999821,43.92857142857143,NQ
2013-07-24,-1,3040.25,3047.9866071428573,20,-333.8642857142935,-289.4642857142935,7.236607142857143,stop,595,685,-1.153386798272698,-1.0000000000000269,28.946428571428573,NQ
2013-08-07,-1,3095.75,3103.0758928571427,20,-317.43571428570647,-273.0357142857065,6.825892857142857,stop,610,755,-1.1626160889469956,-0.9999999999999715,27.303571428571427,NQ
2013-08-12,1,3118.25,3122.5,20,145.6,190.0,6.883928571428571,time,590,950,0.5287678339818418,0.6900129701686123,27.535714285714285,NQ
2013-08-13,-1,3111.5,3118.785714285714,20,-315.8285714285688,-271.42857142856883,6.785714285714286,stop,600,680,-1.1635789473684113,-0.9999999999999903,27.142857142857142,NQ
2013-08-15,-1,3078.25,3085.683035714286,20,-321.72142857143115,-277.32142857143117,6.933035714285714,stop,590,695,-1.1601030264005245,-1.0000000000000093,27.732142857142858,NQ
2013-08-19,1,3091.75,3083.816964285714,20,-341.72142857143115,-297.32142857143117,7.433035714285714,stop,595,870,-1.149333333333342,-1.0000000000000089,29.732142857142858,NQ
2013-08-28,1,3074.75,3072.75,20,-104.4,-60.0,8.647321428571429,time,655,950,-0.3018275684047496,-0.1734641197728446,34.589285714285715,NQ
2013-08-29,1,3087.25,3107.535714285714,20,787.0285714285689,831.4285714285688,8.660714285714286,target,585,690,2.2718350515463843,2.3999999999999924,34.642857142857146,NQ
2013-09-06,-1,3122.5,3102.6107142857145,20,771.1714285714203,815.5714285714203,8.495535714285714,target,580,600,2.269343142406702,2.3999999999999755,33.982142857142854,NQ
2013-09-27,1,3222.0,3214.5625,20,-321.9,-277.5,6.9375,stop,630,905,-1.16,-1.0,27.75,NQ
2013-09-30,1,3207.5,3222.932142857143,20,592.8857142857174,637.2857142857174,6.638392857142857,target,615,795,2.2327908540686066,2.400000000000012,26.553571428571427,NQ
2013-10-01,1,3231.25,3247.7428571428572,20,635.3142857142899,679.7142857142899,7.080357142857143,target,620,745,2.243228247162688,2.4000000000000146,28.321428571428573,NQ
2013-10-08,-1,3190.75,3171.7714285714287,20,734.7428571428514,779.1428571428514,8.116071428571429,target,635,660,2.2632343234323256,2.399999999999982,32.464285714285715,NQ
2013-10-09,-1,3132.0,3140.9776785714284,20,-383.50714285713764,-339.10714285713766,8.477678571428571,stop,585,625,-1.1309320695102532,-0.9999999999999848,33.910714285714285,NQ
2013-10-10,1,3186.25,3207.35,20,819.5999999999964,863.9999999999964,9.0,target,595,910,2.2766666666666566,2.3999999999999897,36.0,NQ
2013-11-08,1,3349.25,3340.65625,20,-368.15,-323.75,8.09375,stop,630,650,-1.137142857142857,-1.0,32.375,NQ
2013-12-16,1,3484.5,3475.7410714285716,20,-374.75714285713764,-330.35714285713766,8.258928571428571,stop,585,660,-1.1343999999999843,-0.9999999999999843,33.035714285714285,NQ
2014-01-02,-1,3554.75,3563.9821428571427,20,-393.68571428570647,-349.2857142857065,8.732142857142858,stop,600,640,-1.1271165644171555,-0.9999999999999776,34.92857142857143,NQ
2014-01-06,-1,3515.0,3524.1651785714284,20,-391.00714285713764,-346.60714285713766,8.665178571428571,stop,600,850,-1.128098918083447,-0.9999999999999851,34.660714285714285,NQ
2014-01-10,-1,3538.75,3548.9508928571427,20,-432.43571428570647,-388.0357142857065,9.700892857142858,stop,610,625,-1.114422457432101,-0.9999999999999798,38.80357142857143,NQ
2014-01-27,-1,3515.5,3489.9214285714284,20,998.742857142866,1043.142857142866,10.866071428571429,target,615,725,2.2978471651602503,2.4000000000000203,43.464285714285715,NQ
2014-02-03,-1,3486.75,3458.0964285714285,20,1121.7428571428586,1166.1428571428587,12.147321428571429,target,610,720,2.3086218302094847,2.400000000000003,48.589285714285715,NQ
2014-02-05,-1,3412.25,3426.3125,18,-528.21,-488.25,13.5625,stop,620,630,-1.0818433179723503,-1.0,54.25,NQ
2014-02-13,1,3629.5,3654.75,16,788.48,824.0,15.517857142857142,time,605,950,1.5878481012658228,1.659378596087457,62.07142857142857,NQ
2014-03-07,-1,3708.25,3700.25,19,280.82,323.0,12.642857142857142,time,585,950,0.5845197740112995,0.672316384180791,50.57142857142857,NQ
2014-03-21,-1,3685.25,3657.3892857142855,20,1090.0285714285797,1134.4285714285797,11.816964285714286,target,590,805,2.306067245938816,2.4000000000000177,47.267857142857146,NQ
2014-03-24,-1,3624.25,3594.782142857143,20,1154.3142857142861,1198.7142857142862,12.486607142857142,target,580,645,2.3111047550947457,2.4000000000000012,49.94642857142857,NQ
2014-03-27,-1,3544.75,3558.90625,18,-531.585,-491.625,13.65625,stop,575,595,-1.0812814645308926,-1.0,54.625,NQ
2014-03-28,1,3591.25,3577.1428571428573,18,-529.8171428571359,-489.85714285713584,13.607142857142858,stop,605,790,-1.081574803149592,-0.9999999999999856,54.42857142857143,NQ
2014-04-01,1,3631.0,3648.0,17,557.26,595.0,14.111607142857142,time,595,950,1.16145523568491,1.2401138880101235,56.44642857142857,NQ
2014-04-04,-1,3621.0,3588.114285714286,17,1097.3742857142804,1135.1142857142804,13.910714285714286,target,580,660,2.320205391527588,2.399999999999989,55.642857142857146,NQ
2014-04-07,1,3540.75,3524.75,16,-531.52,-496.0,15.5,stop,610,625,-1.0716129032258064,-1.0,62.0,NQ
2014-04-11,1,3480.75,3464.09375,15,-517.9875,-484.6875,16.15625,stop,590,600,-1.0687040618955512,-1.0,64.625,NQ
2014-04-24,-1,3571.25,3587.75,15,-513.3,-480.0,16.0,stop,580,680,-1.069375,-1.0,64.0,NQ
2014-06-25,1,3797.0,3789.4464285714284,20,-326.5428571428623,-282.14285714286234,7.053571428571429,stop,580,600,-1.1573670886076133,-1.0000000000000184,28.214285714285715,NQ
2014-06-26,-1,3803.5,3811.3883928571427,20,-339.93571428570647,-295.5357142857065,7.388392857142857,stop,580,805,-1.1502356495468014,-0.9999999999999737,29.553571428571427,NQ
2014-07-08,-1,3881.0,3865.5035714285714,20,595.457142857145,639.8571428571449,6.665178571428571,target,585,620,2.2334628265237857,2.400000000000008,26.660714285714285,NQ
2014-07-09,1,3880.75,3873.2901785714284,20,-322.7928571428623,-278.39285714286234,6.959821428571429,stop,640,670,-1.1594868505452398,-1.0000000000000187,27.839285714285715,NQ
2014-07-10,1,3850.5,3866.9607142857144,20,634.0285714285761,678.4285714285761,7.066964285714286,target,605,655,2.2429311433986268,2.4000000000000163,28.267857142857142,NQ
2014-07-31,-1,3914.0,3892.182142857143,20,848.3142857142826,892.7142857142826,9.299107142857142,target,630,720,2.280633701392215,2.399999999999992,37.19642857142857,NQ
2014-09-04,1,4094.5,4088.7410714285716,20,-254.75714285713767,-210.35714285713766,5.258928571428571,stop,590,685,-1.2110696095076154,-0.9999999999999755,21.035714285714285,NQ
2014-09-05,-1,4059.0,4065.1785714285716,20,-271.5428571428623,-227.14285714286234,5.678571428571429,stop,575,585,-1.1954716981132303,-1.0000000000000229,22.714285714285715,NQ
2014-09-09,-1,4082.25,4088.1428571428573,20,-260.1142857142935,-215.7142857142935,5.392857142857143,stop,575,585,-1.2058278145695724,-1.0000000000000362,21.571428571428573,NQ
2014-09-15,-1,4048.5,4032.1035714285713,20,631.4571428571486,675.8571428571486,7.040178571428571,target,575,585,2.242333544705157,2.4000000000000203,28.160714285714285,NQ
2014-09-16,1,4023.25,4041.0714285714284,20,688.4571428571377,732.8571428571377,7.633928571428571,target,585,710,2.2545964912280536,2.399999999999983,30.535714285714285,NQ
2014-09-29,1,4032.25,4038.5,20,225.6,270.0,11.013392857142858,time,615,950,0.512103769760843,0.6128901499797323,44.05357142857143,NQ
2014-09-30,-1,4025.0,4036.5803571428573,20,-487.6142857142935,-443.2142857142935,11.080357142857142,stop,600,605,-1.1001772763900257,-1.0000000000000178,44.32142857142857,NQ
2014-10-01,-1,4010.5,3984.2785714285715,20,1024.4571428571412,1068.8571428571413,11.133928571428571,target,585,800,2.300304731355249,2.399999999999997,44.535714285714285,NQ
2014-10-10,-1,3913.0,3927.71875,17,-521.1775,-483.4375,14.21875,stop,610,720,-1.078065934065934,-1.0,56.875,NQ
2014-10-13,-1,3829.25,3844.941964285714,16,-521.662857142855,-486.14285714285506,15.191964285714286,stop,615,660,-1.0730649426976153,-0.9999999999999957,60.767857142857146,NQ
2014-10-16,1,3736.0,3718.9241071428573,15,-530.5767857142798,-497.27678571427987,16.575892857142858,stop,575,585,-1.0669647185564115,-0.9999999999999882,66.30357142857143,NQ
2014-12-01,-1,4302.75,4313.232142857143,20,-443.68571428572466,-399.2857142857247,9.982142857142858,stop,585,620,-1.1111985688730133,-1.000000000000026,39.92857142857143,NQ
2014-12-10,-1,4263.0,4273.919642857143,20,-461.18571428572466,-416.7857142857247,10.419642857142858,stop,630,645,-1.10652956298203,-1.0000000000000249,41.67857142857143,NQ
2014-12-11,1,4263.25,4289.675,20,1032.6000000000072,1077.0000000000073,11.21875,target,580,630,2.301058495821743,2.4000000000000163,44.875,NQ
2015-01-12,-1,4174.25,4168.25,15,161.7,195.0,16.647321428571427,time,585,950,0.32377581120943955,0.39045320461249666,66.58928571428571,NQ
2015-01-13,1,4232.75,4215.8125,15,-526.425,-493.125,16.4375,stop,580,740,-1.067528517110266,-1.0,65.75,NQ
2015-01-14,1,4154.0,4136.165178571428,14,-516.4550000000037,-485.37500000000364,17.334821428571427,stop,605,630,-1.0640329642029436,-1.0000000000000075,69.33928571428571,NQ
2015-01-15,-1,4119.25,4137.183035714285,14,-519.2049999999891,-488.1249999999891,17.433035714285715,stop,580,630,-1.0636722151088125,-0.9999999999999777,69.73214285714286,NQ
2015-01-20,-1,4127.5,4143.5,16,-531.52,-496.0,15.5,stop,590,610,-1.0716129032258064,-1.0,62.0,NQ
2015-01-21,1,4191.0,4175.638392857143,16,-511.09142857142024,-475.57142857142026,14.861607142857142,stop,645,810,-1.0746890958245545,-0.9999999999999826,59.44642857142857,NQ
2015-01-22,-1,4172.5,4188.375,16,-527.52,-492.0,15.375,stop,585,600,-1.0721951219512196,-1.0,61.5,NQ
2015-03-04,-1,4423.75,4434.674107142857,20,-461.3642857142753,-416.9642857142753,10.424107142857142,stop,580,640,-1.1064839400428017,-0.9999999999999752,41.69642857142857,NQ
2015-03-11,-1,4318.0,4327.883928571428,20,-419.75714285713764,-375.35714285713766,9.383928571428571,stop,640,660,-1.1182873453853335,-0.9999999999999862,37.535714285714285,NQ
2015-03-12,1,4326.25,4316.017857142857,20,-433.68571428572466,-389.2857142857247,9.732142857142858,stop,585,605,-1.114055045871586,-1.0000000000000266,38.92857142857143,NQ
2015-03-25,-1,4403.25,4373.032142857143,19,1125.0985714285546,1167.2785714285546,12.799107142857142,target,585,695,2.3132752005580404,2.3999999999999657,51.19642857142857,NQ
2015-04-14,-1,4373.25,4386.1875,20,-541.9,-497.5,12.4375,stop,600,615,-1.089246231155779,-1.0,49.75,NQ
2015-04-17,-1,4345.25,4342.75,20,75.6,120.0,12.334821428571429,time,605,950,0.1532247557003257,0.24321389793702497,49.339285714285715,NQ
2015-04-20,1,4387.25,4415.175,20,1092.6000000000072,1137.0000000000073,11.84375,target,585,910,2.306279683377324,2.4000000000000155,47.375,NQ
2015-04-28,-1,4488.0,4500.517857142857,20,-525.1142857142753,-480.7142857142753,12.017857142857142,stop,600,630,-1.0923625557206322,-0.9999999999999785,48.07142857142857,NQ
2015-04-29,1,4508.5,4495.651785714285,20,-538.328571428587,-493.928571428587,12.348214285714286,stop,585,600,-1.0898915401301834,-1.0000000000000315,49.392857142857146,NQ
2015-05-06,-1,4380.25,4395.200892857143,17,-529.070357142866,-491.330357142866,14.450892857142858,stop,580,660,-1.076811862835977,-1.000000000000018,57.80357142857143,NQ
2015-05-12,-1,4380.75,4395.8125,17,-532.865,-495.125,14.5625,stop,580,590,-1.0762231759656653,-1.0,58.25,NQ
2015-06-02,-1,4485.75,4497.022321428572,20,-475.2928571428623,-430.89285714286234,10.772321428571429,stop,585,595,-1.103041856610041,-1.000000000000012,43.089285714285715,NQ
2015-06-04,1,4517.0,4506.3125,20,-451.9,-407.5,10.1875,stop,595,630,-1.1089570552147239,-1.0,40.75,NQ
2015-06-05,-1,4458.0,4469.111607142857,20,-468.8642857142753,-424.4642857142753,10.611607142857142,stop,575,600,-1.1046024400504595,-0.9999999999999756,42.44642857142857,NQ
2015-06-18,1,4501.25,4529.55,20,1107.6000000000072,1152.0000000000073,12.0,target,585,700,2.3075000000000148,2.400000000000015,48.0,NQ
2015-06-29,1,4450.25,4437.919642857143,20,-517.6142857142753,-473.2142857142753,11.830357142857142,stop,585,595,-1.0938264150943178,-0.9999999999999781,47.32142857142857,NQ
2015-06-30,-1,4379.25,4392.647321428572,19,-532.2782142857192,-490.0982142857192,12.897321428571429,stop,645,665,-1.0860643821391585,-1.00000000000001,51.589285714285715,NQ
2015-07-06,1,4421.5,4408.875,20,-529.4,-485.0,12.125,stop,630,690,-1.0915463917525772,-1.0,48.5,NQ
2015-07-09,-1,4378.75,4392.558035714285,18,-519.0492857142717,-479.0892857142717,13.308035714285714,stop,625,660,-1.0834082522643118,-0.9999999999999708,53.232142857142854,NQ
2015-07-13,1,4475.25,4488.5,17,429.76,467.5,14.0625,time,615,950,0.8988444444444444,0.9777777777777777,56.25,NQ
2015-07-22,1,4625.0,4610.59375,17,-510.5525,-472.8125,13.90625,stop,590,725,-1.079820224719101,-1.0,55.625,NQ
2015-07-28,-1,4506.0,4521.107142857143,17,-534.382857142866,-496.642857142866,14.607142857142858,stop,585,595,-1.0759902200489175,-1.0000000000000178,58.42857142857143,NQ
2015-08-05,1,4615.25,4601.642857142857,19,-540.2514285714384,-498.07142857143845,13.107142857142858,stop,590,750,-1.084686648501382,-1.0000000000000198,52.42857142857143,NQ
2015-08-12,-1,4447.75,4463.15625,16,-512.52,-477.0,14.90625,stop,610,685,-1.0744654088050314,-1.0,59.625,NQ
2015-08-20,-1,4433.25,4398.114285714286,16,1104.8228571428522,1140.3428571428522,14.848214285714286,target,615,880,2.3252435357787027,2.3999999999999893,59.392857142857146,NQ
2015-08-21,1,4356.0,4338.959821428572,15,-529.5053571428532,-496.20535714285325,16.540178571428573,stop,600,610,-1.0671093117408827,-0.9999999999999921,66.16071428571429,NQ
2015-08-24,1,4042.5,4023.1696428571427,13,-518.4492857142908,-489.5892857142908,18.830357142857142,stop,580,585,-1.058947368421063,-1.0000000000000104,75.32142857142857,NQ
2015-08-26,-1,4080.75,4106.90625,9,-481.7925,-461.8125,25.65625,stop,615,630,-1.04326431181486,-1.0,102.625,NQ
2015-09-01,1,4214.25,4185.620535714285,8,-467.8314285714348,-450.0714285714348,28.129464285714285,stop,585,605,-1.0394604031106311,-1.000000000000014,112.51785714285714,NQ
2015-10-22,1,4474.75,4486.0,16,340.48,376.0,14.910714285714286,time,645,950,0.7135808383233533,0.7880239520958083,59.642857142857146,NQ
2015-12-03,-1,4665.25,4680.401785714285,17,-535.900714285701,-498.16071428570103,14.651785714285714,stop,605,665,-1.0757586837294066,-0.9999999999999735,58.607142857142854,NQ
2015-12-04,1,4653.75,4691.821428571428,15,1123.8428571428533,1157.1428571428532,16.071428571428573,target,585,755,2.3309333333333253,2.399999999999992,64.28571428571429,NQ
2015-12-08,1,4679.0,4703.0,14,654.92,686.0,16.741071428571427,time,640,950,1.3971626666666668,1.463466666666667,66.96428571428571,NQ
2015-12-14,-1,4503.5,4520.477678571428,15,-527.6303571428532,-494.33035714285325,16.477678571428573,stop,625,635,-1.0673638580330453,-0.9999999999999921,65.91071428571429,NQ
2015-12-17,-1,4635.0,4606.75,13,718.64,747.5,19.178571428571427,time,645,950,1.4411918063314713,1.4990689013035383,76.71428571428571,NQ
2016-01-04,-1,4451.25,4468.276785714285,15,-529.1035714285597,-495.80357142855974,16.526785714285715,stop,600,775,-1.0671636952998143,-0.9999999999999764,66.10714285714286,NQ
2016-01-06,1,4436.0,4418.84375,15,-532.9875,-499.6875,16.65625,stop,615,880,-1.0666416510318948,-1.0,66.625,NQ
2016-01-07,1,4380.25,4362.964285714285,14,-501.0800000000109,-470.0000000000109,16.785714285714285,stop,630,710,-1.0661276595744913,-1.0000000000000233,67.14285714285714,NQ
2016-01-11,-1,4253.25,4271.517857142857,14,-528.5799999999928,-497.4999999999927,17.767857142857142,stop,650,710,-1.0624723618090306,-0.9999999999999853,71.07142857142857,NQ
2016-01-14,-1,4150.5,4172.151785714285,11,-489.75928571427715,-465.33928571427714,21.151785714285715,stop,590,615,-1.0524778387505092,-0.9999999999999816,84.60714285714286,NQ
2016-01-15,1,4162.75,4138.633928571428,10,-494.52142857143116,-472.32142857143117,23.616071428571427,stop,580,595,-1.0470018903591738,-1.0000000000000056,94.46428571428571,NQ
2016-01-20,-1,4018.75,4045.5714285714284,9,-493.76571428571197,-473.78571428571195,26.321428571428573,stop,635,695,-1.0421709633649883,-0.999999999999995,105.28571428571429,NQ
2016-02-09,1,3971.75,3943.8348214285716,9,-513.453214285712,-493.47321428571195,27.415178571428573,stop,585,640,-1.0404885197850464,-0.9999999999999951,109.66071428571429,NQ
2016-04-19,-1,4543.75,4512.0,18,1121.04,1161.0,13.4375,target,580,735,2.317395348837209,2.4,53.75,NQ
2016-04-22,-1,4450.25,4463.821428571428,19,-538.8942857142807,-496.7142857142808,13.071428571428571,stop,635,860,-1.0849180327868753,-0.99999999999999,52.285714285714285,NQ
2016-04-29,-1,4320.0,4334.473214285715,17,-512.829285714299,-475.08928571429897,13.973214285714286,stop,650,790,-1.079437699680539,-1.000000000000028,55.892857142857146,NQ
2016-05-20,1,4357.0,4360.0,18,86.03999999999999,126.0,13.375,time,590,950,0.1786915887850467,0.2616822429906542,53.5,NQ
2016-06-13,1,4448.5,4438.59375,20,-420.65,-376.25,9.40625,stop,590,605,-1.1180066445182724,-1.0,37.625,NQ
2016-06-14,1,4425.25,4416.165178571428,20,-387.7928571428623,-343.39285714286234,8.584821428571429,stop,575,615,-1.1292979719188918,-1.000000000000015,34.339285714285715,NQ
2016-06-17,-1,4382.0,4359.346428571429,20,881.7428571428405,926.1428571428405,9.647321428571429,target,575,630,2.2849421564090266,2.399999999999957,38.589285714285715,NQ
2016-06-24,1,4327.75,4354.817857142857,20,1058.3142857142825,1102.7142857142826,11.486607142857142,target,575,600,2.3033657209483027,2.3999999999999932,45.94642857142857,NQ
2016-06-27,-1,4214.0,4179.7642857142855,17,1143.2742857142928,1181.0142857142928,14.473214285714286,target,580,650,2.323306600863679,2.400000000000014,57.892857142857146,NQ
2016-06-28,1,4262.5,4245.982142857143,15,-513.8357142857064,-480.5357142857065,16.017857142857142,stop,590,665,-1.06929765886286,-0.9999999999999838,64.07142857142857,NQ
2016-07-08,1,4506.25,4520.0,14,367.92,399.0,17.316964285714285,time,655,950,0.7587935034802784,0.822892498066512,69.26785714285714,NQ
2016-08-02,-1,4725.75,4705.121428571429,20,800.7428571428551,845.1428571428551,8.803571428571429,target,600,645,2.273914807302225,2.399999999999994,35.214285714285715,NQ
2016-08-05,1,4786.25,4786.75,20,-4.399999999999999,40.0,9.241071428571429,time,590,950,-0.011903381642512072,0.10821256038647342,36.964285714285715,NQ
2016-09-12,1,4691.0,4680.325892857143,20,-451.3642857142753,-406.9642857142753,10.174107142857142,stop,575,585,-1.1091004826678112,-0.9999999999999746,40.69642857142857,NQ
2016-09-13,-1,4714.25,4726.522321428572,20,-515.2928571428623,-470.89285714286234,11.772321428571429,stop,655,810,-1.0942889647326617,-1.0000000000000109,47.089285714285715,NQ
2016-09-14,1,4747.5,4734.96875,20,-525.65,-481.25,12.03125,stop,605,850,-1.0922597402597403,-1.0,48.125,NQ
2016-09-15,1,4774.25,4803.642857142857,20,1151.3142857142752,1195.7142857142753,12.455357142857142,target,610,690,2.310881720430087,2.3999999999999795,49.82142857142857,NQ
2016-10-07,-1,4853.0,4864.575892857143,20,-487.43571428572466,-443.0357142857247,11.075892857142858,stop,585,605,-1.1002176541717283,-1.0000000000000233,44.30357142857143,NQ
2016-10-11,-1,4859.25,4833.05,20,1023.5999999999927,1067.9999999999927,11.125,target,590,675,2.300224719101107,2.3999999999999835,44.5,NQ
2016-10-13,-1,4758.5,4770.4375,20,-501.9,-457.5,11.4375,stop,590,630,-1.0970491803278688,-1.0,45.75,NQ
2016-10-20,-1,4801.5,4813.120535714285,20,-489.22142857141296,-444.821428571413,11.120535714285714,stop,635,675,-1.0998153352067093,-0.999999999999965,44.482142857142854,NQ
2016-10-28,1,4837.5,4825.522321428572,20,-503.50714285713764,-459.10714285713766,11.477678571428571,stop,630,780,-1.0967094515752511,-0.9999999999999888,45.910714285714285,NQ
2016-11-04,1,4687.0,4674.754464285715,20,-514.221428571413,-469.821428571413,11.745535714285714,stop,635,885,-1.09450399087796,-0.9999999999999668,46.982142857142854,NQ
2016-11-09,1,4789.75,4775.321428571428,17,-511.311428571433,-473.571428571433,13.928571428571429,stop,585,600,-1.079692307692317,-1.0000000000000093,55.714285714285715,NQ
2016-11-10,-1,4806.75,4771.560714285714,16,1106.537142857142,1142.057142857142,14.870535714285714,target,600,610,2.3253557490243155,2.3999999999999986,59.482142857142854,NQ
2016-11-14,-1,4710.5,4697.25,14,353.92,385.0,17.138392857142858,time,595,950,0.7375253972388643,0.8022922636103151,68.55357142857143,NQ
2016-12-13,1,4926.25,4953.2,20,1053.5999999999926,1097.9999999999927,11.4375,target,580,700,2.302950819672115,2.399999999999984,45.75,NQ
2016-12-27,1,4988.0,4976.553571428572,20,-482.25714285713764,-437.85714285713766,10.946428571428571,stop,585,710,-1.1014029363784548,-0.9999999999999882,43.785714285714285,NQ
2016-12-30,-1,4903.75,4878.117857142857,20,1000.8857142857102,1045.2857142857101,10.888392857142858,target,590,600,2.2980565805657958,2.39999999999999,43.55357142857143,NQ
2017-01-03,1,4924.75,4912.705357142857,20,-506.18571428572466,-461.7857142857247,11.544642857142858,stop,605,635,-1.0961484918793727,-1.0000000000000224,46.17857142857143,NQ
2017-01-06,1,4987.0,5012.203571428571,20,983.7428571428478,1028.1428571428478,10.709821428571429,target,650,760,2.296356815339703,2.399999999999978,42.839285714285715,NQ
2017-01-30,-1,5123.75,5104.653571428571,20,739.4571428571595,783.8571428571595,8.165178571428571,target,575,605,2.2640568616730965,2.400000000000051,32.660714285714285,NQ
2017-02-02,1,5155.25,5146.165178571428,20,-387.7928571428623,-343.39285714286234,8.584821428571429,stop,655,705,-1.1292979719188918,-1.000000000000015,34.339285714285715,NQ
2017-02-23,-1,5340.75,5324.653571428571,20,619.4571428571595,663.8571428571595,6.915178571428571,target,580,650,2.239483537766361,2.4000000000000603,27.660714285714285,NQ
2017-03-08,1,5368.5,5359.741071428572,20,-374.75714285713764,-330.35714285713766,8.258928571428571,stop,595,705,-1.1343999999999843,-0.9999999999999843,33.035714285714285,NQ
2017-03-22,1,5354.75,5370.0,20,585.6,630.0,9.098214285714286,time,655,950,1.6091069676153091,1.731108930323847,36.392857142857146,NQ
2017-03-24,1,5392.5,5382.633928571428,20,-419.0428571428623,-374.64285714286234,9.366071428571429,stop,585,730,-1.1185128693994417,-1.0000000000000138,37.464285714285715,NQ
2017-03-27,1,5349.0,5371.567857142857,20,878.3142857142826,922.7142857142826,9.611607142857142,target,620,725,2.284514630747786,2.3999999999999924,38.44642857142857,NQ
2017-04-11,-1,5391.25,5366.635714285714,20,960.1714285714348,1004.5714285714348,10.464285714285714,target,585,630,2.2939249146757827,2.400000000000015,41.857142857142854,NQ
2017-04-13,1,5394.0,5382.6875,20,-476.9,-432.5,10.8125,stop,600,725,-1.1026589595375722,-1.0,43.25,NQ
2017-05-11,-1,5646.75,5655.647321428572,20,-380.2928571428623,-335.89285714286234,8.397321428571429,stop,595,735,-1.132185007974497,-1.0000000000000153,33.589285714285715,NQ
2017-05-17,-1,5665.25,5648.339285714285,20,652.028571428587,696.428571428587,7.254464285714286,target,595,635,2.246990769230823,2.4000000000000536,29.017857142857142,NQ
2017-05-18,1,5599.25,5589.46875,20,-415.65,-371.25,9.28125,stop,575,580,-1.1195959595959595,-1.0,37.125,NQ
2017-05-19,1,5668.25,5657.553571428572,20,-452.25714285713764,-407.85714285713766,10.196428571428571,stop,625,905,-1.1088616462346632,-0.9999999999999873,40.785714285714285,NQ
2017-05-23,-1,5696.5,5707.580357142857,20,-467.6142857142753,-423.2142857142753,10.580357142857142,stop,585,620,-1.1049113924050389,-0.9999999999999756,42.32142857142857,NQ
2017-05-31,-1,5789.75,5764.664285714286,20,979.0285714285579,1023.4285714285579,10.660714285714286,target,590,600,2.2958793969848927,2.3999999999999684,42.642857142857146,NQ
2017-06-01,-1,5784.0,5795.352678571428,20,-478.50714285713764,-434.10714285713766,10.852678571428571,stop,620,675,-1.1022788975730033,-0.9999999999999881,43.410714285714285,NQ
2017-06-08,-1,5868.5,5878.370535714285,20,-419.22142857141296,-374.821428571413,9.370535714285714,stop,585,665,-1.1184564078132029,-0.9999999999999585,37.482142857142854,NQ
2017-06-12,-1,5664.5,5677.625,19,-521.93,-479.75,12.625,stop,575,580,-1.0879207920792078,-1.0,50.5,NQ
2017-06-15,-1,5642.5,5657.839285714285,16,-510.37714285713037,-474.8571428571304,14.839285714285714,stop,620,635,-1.0748014440432951,-0.9999999999999738,59.357142857142854,NQ
2017-06-16,-1,5677.25,5693.888392857143,15,-517.4517857142935,-484.1517857142935,16.138392857142858,stop,615,840,-1.0687800829875678,-1.000000000000016,64.55357142857143,NQ
2017-06-29,-1,5692.75,5641.542857142857,11,1113.1371428571365,1137.5571428571366,21.544642857142858,target,605,690,2.348479071694972,2.3999999999999866,86.17857142857143,NQ
2017-07-28,1,5903.75,5890.267857142857,19,-535.5014285714384,-493.32142857143845,12.982142857142858,stop,580,590,-1.0855020632737475,-1.00000000000002,51.92857142857143,NQ
2017-08-02,-1,5908.75,5880.278571428571,20,1114.4571428571594,1158.8571428571595,12.071428571428571,target,595,625,2.3080473372781407,2.4000000000000346,48.285714285714285,NQ
2017-08-09,1,5901.75,5888.46875,19,-527.8675,-485.6875,12.78125,stop,635,670,-1.086845965770171,-1.0,51.125,NQ
2017-08-10,-1,5844.75,5858.46875,18,-515.835,-475.875,13.21875,stop,600,630,-1.0839716312056737,-1.0,52.875,NQ
2017-08-11,1,5825.0,5809.482142857143,16,-516.0914285714202,-480.57142857142026,15.017857142857142,stop,605,680,-1.073912009512468,-0.9999999999999827,60.07142857142857,NQ
2017-08-18,-1,5772.5,5788.90625,15,-510.4875,-477.1875,15.90625,stop,595,605,-1.0697838899803536,-1.0,63.625,NQ
2017-08-22,1,5849.75,5880.25,15,896.7,930.0,16.419642857142858,time,615,950,1.8203806416530723,1.8879825992387167,65.67857142857143,NQ
2017-09-21,-1,5939.75,5952.924107142857,19,-523.7960714285615,-481.61607142856155,12.674107142857142,stop,590,685,-1.0875801338499267,-0.9999999999999796,50.69642857142857,NQ
2017-09-25,-1,5883.5,5852.682142857143,19,1147.8985714285684,1190.0785714285685,13.049107142857142,target,630,730,2.3149367088607535,2.399999999999994,52.19642857142857,NQ
2017-10-19,-1,6062.75,6072.0,20,-394.4,-350.0,8.75,stop,585,615,-1.1268571428571428,-1.0,35.0,NQ
2017-10-24,-1,6062.0,6071.772321428572,20,-415.2928571428623,-370.89285714286234,9.272321428571429,stop,580,605,-1.1197111218103173,-1.000000000000014,37.089285714285715,NQ
2017-10-27,1,6155.5,6178.025,20,876.5999999999855,920.9999999999854,9.59375,target,590,615,2.284299674267063,2.399999999999962,38.375,NQ
2017-10-30,1,6234.5,6221.580357142857,20,-541.1857142857247,-496.7857142857247,12.419642857142858,stop,590,690,-1.0893745506829826,-1.0000000000000209,49.67857142857143,NQ
2017-11-01,-1,6250.25,6247.25,20,95.6,140.0,12.450892857142858,time,635,950,0.19195410541412689,0.28110433847257077,49.80357142857143,NQ
2017-11-14,-1,6263.5,6278.566964285715,17,-533.016785714299,-495.27678571429897,14.566964285714286,stop,600,610,-1.0761998161201616,-1.0000000000000266,58.267857142857146,NQ
2017-11-15,-1,6234.75,6249.410714285715,17,-519.204285714299,-481.46428571429897,14.160714285714286,stop,575,585,-1.0783858764186909,-1.0000000000000275,56.642857142857146,NQ
2017-11-29,-1,6394.0,6366.803571428572,20,1063.4571428571376,1107.8571428571377,11.540178571428571,target,575,615,2.303814313346217,2.399999999999989,46.160714285714285,NQ
2017-12-01,1,6353.0,6339.607142857143,19,-532.1085714285615,-489.92857142856155,12.892857142857142,stop,605,665,-1.0860941828254647,-0.9999999999999799,51.57142857142857,NQ
2017-12-04,-1,6337.0,6303.0,17,1135.26,1173.0,14.375,target,600,645,2.3227826086956522,2.4,57.5,NQ
2017-12-05,1,6296.0,6333.15,15,1096.1999999999891,1129.499999999989,15.6875,target,580,670,2.329243027888423,2.399999999999977,62.75,NQ
2017-12-06,1,6279.25,6262.392857142857,15,-524.0142857142935,-490.7142857142935,16.357142857142858,stop,575,635,-1.0678602620087494,-1.0000000000000158,65.42857142857143,NQ
2017-12-20,-1,6483.5,6501.21875,14,-513.205,-482.125,17.21875,stop,580,800,-1.0644646098003632,-1.0,68.875,NQ
2018-01-02,1,6469.0,6496.989285714286,20,1095.1714285714347,1139.5714285714348,11.870535714285714,target,585,630,2.306491162091025,2.4000000000000132,47.482142857142854,NQ
2018-01-09,-1,6675.5,6688.977678571428,19,-535.3317857142807,-493.1517857142808,12.977678571428571,stop,590,615,-1.085531475748184,-0.99999999999999,51.910714285714285,NQ
2018-01-16,1,6837.25,6823.834821428572,19,-532.9567857142807,-490.7767857142808,12.915178571428571,stop,580,625,-1.0859453854130559,-0.9999999999999899,51.660714285714285,NQ
2018-01-23,1,6967.5,6952.433035714285,17,-533.016785714299,-495.27678571429897,14.566964285714286,stop,630,860,-1.0761998161201616,-1.0000000000000266,58.267857142857146,NQ
2018-01-25,-1,6924.5,6940.941964285715,15,-511.5589285714403,-478.25892857144026,15.941964285714286,stop,595,605,-1.0696275553066612,-1.0000000000000244,63.767857142857146,NQ
2018-02-01,1,6949.5,6930.616071428572,13,-506.8421428571395,-477.9821428571395,18.383928571428573,stop,595,850,-1.060378824672164,-0.9999999999999929,73.53571428571429,NQ
2018-02-02,-1,6839.75,6859.0625,13,-517.985,-489.125,18.8125,stop,590,640,-1.0590033222591362,-1.0,75.25,NQ
2018-02-05,1,6746.5,6796.614285714286,11,1089.094285714289,1113.5142857142891,21.089285714285715,target,595,620,2.3473666384420055,2.4000000000000075,84.35714285714286,NQ
2018-02-06,1,6511.75,6570.6392857142855,10,1165.58571428571,1187.7857142857101,24.745535714285715,target,575,590,2.3551434241385443,2.3999999999999915,98.98214285714286,NQ
2018-03-01,-1,6805.5,6836.924107142857,8,-512.5457142857101,-494.7857142857101,30.924107142857142,stop,590,600,-1.035894326548281,-0.9999999999999916,123.69642857142857,NQ
2018-03-19,-1,6910.0,6845.078571428571,9,1157.6057142857185,1177.5857142857185,27.258928571428573,target,650,715,2.3592793973141255,2.4000000000000083,109.03571428571429,NQ
2018-03-27,-1,6762.75,6794.129464285715,8,-511.8314285714348,-494.0714285714348,30.879464285714285,stop,630,640,-1.0359462194593159,-1.0000000000000127,123.51785714285714,NQ
2018-03-28,-1,6435.5,6471.21875,7,-508.6025,-493.0625,35.21875,stop,645,655,-1.0315173025732032,-1.0,140.875,NQ
2018-04-03,-1,6371.5,6413.723214285715,5,-428.3321428571468,-417.23214285714675,41.723214285714285,stop,610,645,-1.0266038947143257,-1.0000000000000093,166.89285714285714,NQ
2018-04-04,1,6426.25,6525.092857142857,6,1178.7942857142805,1192.1142857142804,41.392857142857146,target,655,870,2.37318377911992,2.399999999999989,165.57142857142858,NQ
2018-04-25,-1,6460.25,6492.540178571428,7,-460.6024999999982,-445.0624999999982,31.790178571428573,stop,580,635,-1.034916444319614,-0.9999999999999959,127.16071428571429,NQ
2018-04-27,-1,6692.0,6666.25,7,351.96,367.5,31.598214285714285,time,590,950,0.7956145803899406,0.8307431477818593,126.39285714285714,NQ
2018-05-15,-1,6863.5,6889.830357142857,9,-484.9264285714239,-464.9464285714239,25.830357142857142,stop,595,620,-1.042972692706523,-0.99999999999999,103.32142857142857,NQ
2018-05-23,1,6888.0,6866.3125,11,-490.545,-466.125,21.1875,stop,605,650,-1.0523893805309734,-1.0,84.75,NQ
2018-05-24,-1,6917.5,6938.834821428572,11,-482.7860714285743,-458.3660714285743,20.834821428571427,stop,620,720,-1.053276194557538,-1.0000000000000062,83.33928571428571,NQ
2018-06-14,1,7297.75,7280.28125,14,-506.205,-475.125,16.96875,stop,605,660,-1.065414364640884,-1.0,67.875,NQ
2018-06-18,1,7270.0,7276.25,13,146.64,175.5,18.285714285714285,time,645,950,0.3084375,0.36914062500000006,73.14285714285714,NQ
2018-06-19,1,7217.0,7198.75,14,-528.08,-497.0,17.75,stop,575,590,-1.0625352112676056,-1.0,71.0,NQ
2018-06-22,-1,7227.5,7246.866071428572,13,-519.3778571428605,-490.5178571428605,18.866071428571427,stop,580,805,-1.0588357785139682,-1.0000000000000069,75.46428571428571,NQ
2018-06-25,-1,7117.75,7072.767857142857,13,1153.6757142857211,1182.535714285721,18.950892857142858,target,585,660,2.34142756183747,2.4000000000000137,75.80357142857143,NQ
2018-07-02,1,7052.0,7109.614285714286,10,1140.0857142857174,1162.2857142857174,24.214285714285715,target,625,950,2.3541592920354044,2.400000000000006,96.85714285714286,NQ
2018-07-30,-1,7258.75,7207.210714285714,11,1120.444285714293,1144.8642857142931,21.683035714285715,target,575,670,2.348807906114901,2.4000000000000155,86.73214285714286,NQ
2018-08-02,1,7272.0,7326.571428571428,10,1079.2285714285688,1101.4285714285688,22.946428571428573,target,600,690,2.351626459143963,2.399999999999994,91.78571428571429,NQ
2018-08-15,-1,7351.75,7374.464285714285,11,-513.1342857142771,-488.71428571427714,22.214285714285715,stop,600,930,-1.0499678456591464,-0.9999999999999825,88.85714285714286,NQ
2018-09-04,-1,7599.0,7616.879464285715,14,-517.705000000011,-486.6250000000109,17.379464285714285,stop,575,600,-1.0638684818905952,-1.0000000000000224,69.51785714285714,NQ
2018-09-05,-1,7581.25,7541.989285714286,15,1159.521428571424,1192.821428571424,16.566964285714285,target,590,600,2.3329991915925534,2.3999999999999906,66.26785714285714,NQ
2018-09-06,-1,7489.75,7448.1,14,1149.11999999999,1180.1999999999898,17.5625,target,605,640,2.3367971530248903,2.3999999999999795,70.25,NQ
2018-09-07,1,7441.0,7484.621428571429,13,1118.2971428571443,1147.1571428571442,18.383928571428573,target,585,625,2.339621175327832,2.4000000000000026,73.53571428571429,NQ
2018-09-10,-1,7433.25,7452.794642857143,13,-524.020714285721,-495.16071428572104,19.044642857142858,stop,600,670,-1.0582841068917155,-1.0000000000000138,76.17857142857143,NQ
2018-09-11,1,7459.75,7504.582142857143,13,1149.775714285707,1178.6357142857069,18.888392857142858,target,595,715,2.3412337508863006,2.399999999999985,75.55357142857143,NQ
2018-09-12,-1,7461.0,7481.401785714285,12,-504.2828571428478,-477.6428571428478,19.901785714285715,stop,605,675,-1.0557738896365887,-0.9999999999999803,79.60714285714286,NQ
2018-09-13,1,7572.75,7551.9375,12,-514.14,-487.5,20.3125,stop,580,615,-1.0546461538461538,-1.0,81.25,NQ
2018-09-18,1,7513.75,7526.0,11,256.08,280.5,21.852678571428573,time,575,950,0.5326578140960163,0.5834525025536261,87.41071428571429,NQ
2018-09-19,-1,7480.5,7502.959821428572,11,-507.5360714285743,-483.1160714285743,21.959821428571427,stop,610,665,-1.050546859117713,-1.000000000000006,87.83928571428571,NQ
2018-10-09,1,7435.5,7410.053571428572,10,-521.1285714285689,-498.92857142856883,24.946428571428573,stop,625,665,-1.0444953471725074,-0.9999999999999948,99.78571428571429,NQ
2018-10-10,-1,7307.25,7247.075,9,1072.1700000000033,1092.1500000000033,25.28125,target,580,595,2.356093943139686,2.400000000000007,101.125,NQ
2018-10-11,1,7121.0,7090.9375,8,-490.76,-473.0,29.5625,stop,590,600,-1.0375475687103595,-1.0,118.25,NQ
2018-10-26,1,6893.75,6843.446428571428,5,-509.1357142857156,-498.0357142857156,49.80357142857143,stop,585,600,-1.0222875582646136,-1.0000000000000024,199.21428571428572,NQ
2018-11-20,1,6582.75,6540.455357142857,5,-429.0464285714312,-417.94642857143117,41.794642857142854,stop,640,800,-1.0265584276863982,-1.0000000000000062,167.17857142857142,NQ
2019-03-07,-1,7057.75,7074.651785714285,15,-525.3535714285597,-492.05357142855974,16.401785714285715,stop,585,770,-1.0676755579749353,-0.9999999999999762,65.60714285714286,NQ
2019-03-21,1,7438.25,7489.232142857143,11,1108.1871428571485,1132.6071428571486,21.450892857142858,target,585,720,2.3482539021852356,2.400000000000012,85.80357142857143,NQ
2019-03-22,-1,7448.75,7472.299107142857,10,-483.18214285713765,-460.98214285713766,23.049107142857142,stop,595,610,-1.0481580476467058,-0.9999999999999888,92.19642857142857,NQ
2019-04-17,-1,7698.75,7714.129464285715,16,-511.6628571428696,-476.1428571428696,14.879464285714286,stop,595,635,-1.0745994599460207,-1.0000000000000262,59.517857142857146,NQ
2019-04-25,-1,7808.75,7823.223214285715,17,-512.829285714299,-475.08928571429897,13.973214285714286,stop,610,635,-1.079437699680539,-1.000000000000028,55.892857142857146,NQ
2019-04-26,-1,7785.25,7799.665178571428,17,-510.856071428567,-473.116071428567,13.915178571428571,stop,575,650,-1.0797690086621659,-0.9999999999999907,55.660714285714285,NQ
2019-05-06,1,7743.5,7723.464285714285,12,-495.4971428571522,-468.8571428571522,19.535714285714285,stop,575,590,-1.056819012797095,-1.00000000000002,78.14285714285714,NQ
2019-05-07,-1,7666.75,7688.941964285715,11,-501.6432142857229,-477.22321428572286,21.691964285714285,stop,640,750,-1.0511710228442246,-1.000000000000018,86.76785714285714,NQ
2019-05-09,-1,7502.5,7528.633928571428,9,-481.39071428571197,-461.41071428571195,25.633928571428573,stop,590,595,-1.0433019853709458,-0.9999999999999948,102.53571428571429,NQ
2019-07-09,1,7812.0,7855.75,12,1035.36,1062.0,19.861607142857142,time,605,950,2.1720296695886714,2.2279163857046527,79.44642857142857,NQ
2019-07-10,1,7941.0,7920.46875,12,-507.39,-480.75,20.03125,stop,585,620,-1.0554134165366615,-1.0,80.125,NQ
2019-07-25,-1,7957.0,7977.040178571428,12,-495.6042857142826,-468.9642857142826,19.540178571428573,stop,585,635,-1.0568060315284373,-0.9999999999999932,78.16071428571429,NQ
2019-07-29,-1,7988.0,8007.892857142857,12,-492.0685714285652,-465.4285714285652,19.392857142857142,stop,580,940,-1.05723756906076,-0.9999999999999866,77.57142857142857,NQ
2019-08-01,1,7922.75,7973.089285714285,11,1094.044285714277,1118.4642857142771,21.183035714285715,target,575,630,2.3475995785036696,2.3999999999999817,84.73214285714286,NQ
2019-08-02,-1,7706.75,7687.25,10,377.8,400.0,24.580357142857142,time,605,950,0.7684998183799492,0.8136578278241918,98.32142857142857,NQ
2019-08-05,-1,7488.0,7423.828571428571,9,1144.1057142857185,1164.0857142857185,26.946428571428573,target,600,775,2.3588071570576625,2.4000000000000083,107.78571428571429,NQ
2019-08-07,1,7514.75,7481.084821428572,7,-479.8524999999982,-464.3124999999982,33.16517857142857,stop,635,690,-1.033468838336246,-0.9999999999999961,132.66071428571428,NQ
2019-08-08,1,7665.5,7723.75,7,806.96,822.5,35.004464285714285,time,655,950,1.6466471113378396,1.6783573523785231,140.01785714285714,NQ
2019-08-13,1,7726.75,7743.0,6,187.68,201.0,37.861607142857146,time,585,950,0.41308336281098923,0.44240066029949293,151.44642857142858,NQ
2019-10-02,-1,7604.25,7542.285714285715,9,1104.3771428571358,1124.3571428571358,26.026785714285715,target,590,735,2.3573516295025576,2.399999999999985,104.10714285714286,NQ
2019-10-10,1,7756.75,7723.290178571428,7,-476.97750000000184,-461.4375000000018,32.95982142857143,stop,595,845,-1.0336773669240187,-1.000000000000004,131.83928571428572,NQ
2019-10-31,-1,8067.5,8089.9375,11,-507.045,-482.625,21.9375,stop,610,665,-1.0505982905982907,-1.0,87.75,NQ
2019-12-02,-1,8368.75,8334.792857142857,17,1133.8028571428783,1171.5428571428783,14.357142857142858,target,575,600,2.3226865671642223,2.4000000000000434,57.42857142857143,NQ
2019-12-03,-1,8175.25,8191.691964285715,15,-511.5589285714403,-478.25892857144026,15.941964285714286,stop,585,590,-1.0696275553066612,-1.0000000000000244,63.767857142857146,NQ
2019-12-12,1,8455.75,8437.5625,14,-526.33,-495.25,17.6875,stop,575,580,-1.0627561837455832,-1.0,70.75,NQ
2019-12-27,-1,8781.25,8797.8125,15,-515.175,-481.875,16.0625,stop,595,610,-1.0691050583657586,-1.0,64.25,NQ
2019-12-30,-1,8738.75,8702.125,16,1152.48,1188.0,15.46875,target,575,610,2.3282424242424242,2.4,61.875,NQ
2020-01-03,1,8822.0,8819.0,14,-101.08,-70.0,17.799107142857142,time,575,950,-0.20281916227740154,-0.14045648357160773,71.19642857142857,NQ
2020-01-06,1,8774.75,8817.075,14,1168.0200000000204,1199.1000000000204,17.84375,target,580,620,2.3377933450087975,2.4000000000000408,71.375,NQ
2020-01-27,1,8989.0,8968.357142857143,12,-510.0685714285652,-483.4285714285652,20.142857142857142,stop,590,595,-1.0551063829787104,-0.999999999999987,80.57142857142857,NQ
2020-01-30,1,9111.75,9087.517857142857,10,-496.84285714286233,-474.64285714286234,23.732142857142858,stop,575,595,-1.0467720090293562,-1.0000000000000109,94.92857142857143,NQ
2020-01-31,-1,9127.75,9069.257142857143,10,1157.657142857145,1179.857142857145,24.580357142857142,target,580,625,2.354841990555762,2.4000000000000044,98.32142857142857,NQ
2020-02-05,-1,9397.75,9323.410714285714,8,1179.6685714285798,1197.4285714285797,31.183035714285715,target,575,640,2.3644037222620065,2.400000000000017,124.73214285714286,NQ
2020-02-21,-1,9483.0,9513.339285714286,8,-495.18857142857973,-477.42857142857974,29.839285714285715,stop,585,595,-1.0371992818671627,-1.0000000000000173,119.35714285714286,NQ
2020-02-24,1,9164.75,9133.30357142857,8,-512.9028571428696,-495.1428571428696,30.946428571428573,stop,575,630,-1.0358684362377633,-1.000000000000025,123.78571428571429,NQ
2020-02-25,-1,9068.25,8986.657142857142,7,1133.7600000000066,1149.3000000000065,34.205357142857146,target,620,650,2.3675489428347825,2.4000000000000132,136.82142857142858,NQ
2020-02-26,1,8963.5,8924.49107142857,6,-475.4271428571522,-462.1071428571522,38.50892857142857,stop,575,720,-1.0288244841178038,-1.0000000000000202,154.03571428571428,NQ
2020-02-27,-1,8584.25,8625.53125,6,-502.695,-489.375,40.78125,stop,625,645,-1.0272183908045978,-1.0,163.125,NQ
2020-02-28,1,8294.5,8246.59375,5,-485.1625,-474.0625,47.40625,stop,575,580,-1.0234146341463415,-1.0,189.625,NQ
2020-03-02,-1,8464.25,8516.160714285714,4,-420.1657142857101,-411.2857142857101,51.410714285714285,stop,605,615,-1.0215908301493473,-0.9999999999999899,205.64285714285714,NQ
2020-03-03,-1,8765.25,8823.026785714286,4,-467.09428571428987,-458.2142857142899,57.276785714285715,stop,590,600,-1.0193795791114666,-1.000000000000009,229.10714285714286,NQ
2020-04-21,-1,8511.5,8356.739285714286,3,924.9042857142848,931.5642857142848,64.69196428571429,target,630,675,2.3828417638534236,2.3999999999999972,258.76785714285717,NQ
2020-05-27,-1,9274.5,9321.825892857143,5,-479.3589285714312,-468.25892857143117,46.825892857142854,stop,600,610,-1.0237048336352426,-1.0000000000000056,187.30357142857142,NQ
2020-05-28,1,9472.75,9423.392857142857,5,-499.6714285714312,-488.57142857143117,48.857142857142854,stop,625,945,-1.0227192982456195,-1.0000000000000053,195.42857142857142,NQ
2020-06-05,1,9761.25,9810.25,6,580.68,594.0,40.89732142857143,time,580,950,1.1832070734635955,1.2103482152603426,163.58928571428572,NQ
2020-06-24,-1,10069.25,9940.332142857143,4,1026.462857142852,1035.3428571428522,53.924107142857146,target,635,700,2.3794155145293363,2.3999999999999884,215.69642857142858,NQ
2020-06-25,-1,9890.5,9947.138392857143,4,-457.98714285714493,-449.10714285714494,56.138392857142854,stop,585,595,-1.0197725646123308,-1.0000000000000047,224.55357142857142,NQ
2020-07-07,1,10669.5,10622.39732142857,5,-477.12678571429353,-466.0267857142935,46.60267857142857,stop,650,735,-1.0238183734074313,-1.0000000000000169,186.41071428571428,NQ
2020-07-09,-1,10640.0,10689.575892857143,5,-501.8589285714312,-490.75892857143117,49.075892857142854,stop,645,780,-1.0226180296552405,-1.0000000000000053,196.30357142857142,NQ
2020-07-10,-1,10637.25,10687.299107142857,5,-506.59107142856885,-495.49107142856883,49.549107142857146,stop,600,610,-1.0224020181998326,-0.9999999999999947,198.19642857142858,NQ
2020-07-14,1,10608.75,10551.995535714286,4,-458.9157142857101,-450.0357142857101,56.254464285714285,stop,580,585,-1.0197317673200448,-0.9999999999999908,225.01785714285714,NQ
2020-07-20,1,10765.0,10895.096428571429,4,1035.8914285714318,1044.771428571432,54.41517857142857,target,625,900,2.3796012798424884,2.400000000000008,217.66071428571428,NQ
2020-07-21,-1,10888.75,10804.5,4,669.12,678.0,56.745535714285715,time,635,950,1.473948548501298,1.4935095586499882,226.98214285714286,NQ
2020-07-31,-1,10773.5,10835.754464285714,4,-502.9157142857101,-494.0357142857101,61.754464285714285,stop,605,905,-1.0179744090218958,-0.9999999999999916,247.01785714285714,NQ
2020-08-24,-1,11605.75,11648.89732142857,5,-437.5732142857065,-426.4732142857065,42.64732142857143,stop,605,615,-1.026027425939477,-0.9999999999999816,170.58928571428572,NQ
2020-08-27,-1,11920.25,11967.674107142857,5,-480.34107142856885,-469.24107142856883,46.924107142857146,stop,575,580,-1.023655218342683,-0.9999999999999944,187.69642857142858,NQ
2020-09-02,-1,12334.75,12236.4,6,1172.8800000000044,1186.2000000000044,41.1875,target,590,695,2.373050075872543,2.400000000000009,164.75,NQ
2020-09-03,-1,12144.25,12188.205357142857,5,-445.65357142856885,-434.55357142856883,43.455357142857146,stop,590,600,-1.0255434559276702,-0.999999999999994,173.82142857142858,NQ
2020-09-04,-1,11609.75,11478.485714285714,4,1045.234285714284,1054.114285714284,54.901785714285715,target,585,610,2.3797820783867256,2.3999999999999964,219.60714285714286,NQ
2020-09-08,1,11294.25,11228.39732142857,3,-398.77607142857613,-392.1160714285761,65.35267857142857,stop,595,690,-1.0169847667190501,-1.000000000000012,261.4107142857143,NQ
2020-09-17,1,11113.75,11027.67857142857,2,-346.7257142857174,-342.2857142857174,85.57142857142857,stop,645,705,-1.0129716193656184,-1.000000000000009,342.2857142857143,NQ
2020-09-24,1,10899.25,10809.90625,2,-359.815,-355.375,88.84375,stop,600,630,-1.0124938445304257,-1.0,355.375,NQ
2020-10-02,1,11446.5,11378.08482142857,3,-414.15107142857613,-407.4910714285761,67.91517857142857,stop,605,665,-1.0163439163873118,-1.0000000000000115,271.6607142857143,NQ
2020-10-28,-1,11272.0,11156.0,4,923.12,932.0,56.232142857142854,time,590,950,2.0520292156240076,2.0717688154969833,224.92857142857142,NQ
2020-10-30,-1,11115.25,10959.021428571428,3,933.7114285714305,940.3714285714304,65.30357142857143,target,610,870,2.383002461033639,2.400000000000005,261.2142857142857,NQ
2020-11-04,1,11752.25,11796.25,3,260.34,267.0,65.81696428571429,time,615,950,0.6592525266228039,0.6761174794817879,263.26785714285717,NQ
2020-11-10,-1,11521.5,11598.82142857143,3,-467.58857142857613,-460.9285714285761,76.82142857142857,stop,635,660,-1.0144490934449195,-1.0000000000000102,307.2857142857143,NQ
2020-12-10,1,12340.75,12435.971428571429,6,1135.337142857148,1148.6571428571478,39.88392857142857,target,585,650,2.372169241101421,2.4000000000000106,159.53571428571428,NQ
2020-12-18,-1,12690.25,12690.0,6,-4.32,9.0,40.90625,time,600,950,-0.00880061115355233,0.01833460656990069,163.625,NQ
2020-12-21,-1,12502.75,12543.50892857143,6,-496.4271428571522,-483.1071428571522,40.25892857142857,stop,610,680,-1.0275715236194471,-1.0000000000000193,161.03571428571428,NQ
2021-01-04,-1,12869.75,12903.995535714286,7,-487.9775000000073,-472.4375000000073,33.745535714285715,stop,575,585,-1.032893239846556,-1.0000000000000153,134.98214285714286,NQ
2021-01-05,1,12724.0,12796.5,6,862.68,876.0,38.299107142857146,time,575,950,1.87706725725609,1.9060496561370786,153.19642857142858,NQ
2021-01-06,1,12677.0,12767.67857142857,6,1080.8228571428479,1094.1428571428478,37.99107142857143,target,610,650,2.370782608695632,2.3999999999999795,151.96428571428572,NQ
2021-01-07,1,12804.75,12899.864285714286,6,1134.0514285714305,1147.3714285714304,39.839285714285715,target,580,645,2.3721380546840023,2.400000000000004,159.35714285714286,NQ
2021-01-27,-1,13264.75,13312.504464285714,5,-483.6446428571377,-472.54464285713766,47.254464285714285,stop,575,600,-1.0234898441190254,-0.999999999999989,189.01785714285714,NQ
2021-02-23,-1,12878.5,12777.353571428572,5,1005.3642857142826,1016.4642857142826,42.35267857142857,target,575,585,2.3737915041635853,2.399999999999993,169.41071428571428,NQ
2021-02-24,-1,12976.25,13025.15625,5,-495.1625,-484.0625,48.40625,stop,600,615,-1.0229309231762427,-1.0,193.625,NQ
2021-02-26,-1,12814.0,12873.611607142857,4,-481.77285714285506,-472.89285714285506,59.111607142857146,stop,605,615,-1.01877803791254,-0.9999999999999956,236.44642857142858,NQ
2021-03-04,-1,12511.75,12585.95982142857,3,-448.9189285714239,-442.2589285714239,73.70982142857143,stop,615,620,-1.0150590515413862,-0.9999999999999895,294.8392857142857,NQ
2021-03-05,-1,12403.5,12483.535714285714,3,-483.8742857142826,-477.2142857142826,79.53571428571429,stop,590,605,-1.0139559946115784,-0.9999999999999933,318.14285714285717,NQ
2021-03-10,-1,12766.5,12760.25,2,22.56,27.0,98.04017857142857,time,635,950,0.05752743499840626,0.0688493238012841,392.1607142857143,NQ
2021-04-29,-1,13953.25,13848.310714285713,5,1043.292857142866,1054.392857142866,43.933035714285715,target,600,715,2.374734274972076,2.40000000000002,175.73214285714286,NQ
2021-05-04,-1,13594.25,13485.507142857143,5,1081.3285714285726,1092.4285714285725,45.517857142857146,target,580,645,2.375613966261281,2.400000000000002,182.07142857142858,NQ
2021-05-11,1,13216.75,13162.767857142857,4,-436.73714285714493,-427.85714285714494,53.482142857142854,stop,580,630,-1.0207545909849798,-1.0000000000000049,213.92857142857142,NQ
2021-06-03,-1,13466.5,13510.785714285714,5,-448.9571428571377,-437.85714285713766,43.785714285714285,stop,585,600,-1.0253507340946049,-0.9999999999999882,175.14285714285714,NQ
2021-06-10,1,13912.75,13876.575892857143,7,-514.9774999999963,-499.43749999999636,35.674107142857146,stop,575,645,-1.03111500437992,-0.9999999999999926,142.69642857142858,NQ
2021-06-17,1,14004.25,14091.467857142858,6,1039.2942857142914,1052.6142857142913,36.549107142857146,target,575,625,2.369629901062673,2.4000000000000123,146.19642857142858,NQ
2021-07-15,-1,14805.25,14838.754464285714,7,-477.60249999999274,-462.0624999999927,33.004464285714285,stop,575,585,-1.033631813877977,-0.9999999999999842,132.01785714285714,NQ
2021-07-28,-1,14908.5,14955.00892857143,5,-471.18928571429353,-460.0892857142935,46.00892857142857,stop,580,590,-1.0241257519891496,-1.000000000000017,184.03571428571428,NQ
2021-08-19,1,14847.0,14936.17857142857,6,1062.8228571428479,1076.1428571428478,37.36607142857143,target,605,680,2.370293906810015,2.399999999999979,149.46428571428572,NQ
2021-08-31,-1,15529.25,15570.857142857143,6,-506.6057142857174,-493.2857142857174,41.107142857142854,stop,590,675,-1.0270026064291984,-1.0000000000000064,164.42857142857142,NQ
2021-09-15,-1,15318.75,15354.49107142857,7,-508.9149999999891,-493.3749999999891,35.24107142857143,stop,610,630,-1.031497339751688,-0.9999999999999779,140.96428571428572,NQ
2021-09-20,-1,15003.5,15041.767857142857,6,-466.5342857142826,-453.2142857142826,37.767857142857146,stop,640,670,-1.0293900709219788,-0.999999999999993,151.07142857142858,NQ
2021-09-21,-1,14995.0,15040.82142857143,5,-464.31428571429353,-453.2142857142935,45.32142857142857,stop,645,665,-1.0244917257683388,-1.0000000000000173,181.28571428571428,NQ
2021-09-23,1,15318.75,15270.700892857143,5,-486.59107142856885,-475.49107142856883,47.549107142857146,stop,600,680,-1.0233442869214104,-0.9999999999999944,190.19642857142858,NQ
2021-11-09,-1,16225.75,16269.8125,5,-446.725,-435.625,43.5625,stop,595,630,-1.0254806312769011,-1.0,174.25,NQ
2021-11-23,-1,16216.75,16267.53125,4,-411.13,-402.25,50.28125,stop,640,685,-1.0220758234928526,-1.0,201.125,NQ
2021-12-02,1,15949.75,15881.17857142857,3,-415.08857142857613,-408.4285714285761,68.07142857142857,stop,575,615,-1.0163064008394658,-1.0000000000000113,272.2857142857143,NQ
2021-12-06,-1,15577.25,15654.25892857143,3,-465.71357142857613,-459.0535714285761,76.50892857142857,stop,575,580,-1.0145081106313558,-1.0000000000000102,306.0357142857143,NQ
2021-12-17,1,15907.25,15810.388392857143,2,-389.88642857142753,-385.44642857142753,96.36160714285714,stop,650,700,-1.0115191104933956,-0.9999999999999973,385.44642857142856,NQ
2022-01-06,1,15837.0,15766.107142857143,3,-429.0171428571413,-422.3571428571413,70.39285714285714,stop,580,585,-1.0157686453576829,-0.9999999999999963,281.57142857142856,NQ
2022-01-07,-1,15613.5,15597.25,3,93.84,100.5,65.89732142857143,time,635,950,0.23733893367658018,0.25418332091321727,263.5892857142857,NQ
2022-01-10,-1,15226.0,15292.629464285714,3,-403.4367857142826,-396.7767857142826,66.12946428571429,stop,600,675,-1.0167852561938757,-0.999999999999992,264.51785714285717,NQ
2022-01-14,1,15524.5,15449.66517857143,3,-452.6689285714239,-446.0089285714239,74.33482142857143,stop,580,665,-1.0149324364902905,-0.9999999999999896,297.3392857142857,NQ
2022-01-21,-1,14582.25,14668.88392857143,2,-348.9757142857174,-344.5357142857174,86.13392857142857,stop,615,630,-1.0128869078470082,-1.000000000000009,344.5357142857143,NQ
2022-01-24,-1,13979.75,14070.63392857143,2,-365.9757142857174,-361.5357142857174,90.38392857142857,stop,615,620,-1.0122809443840846,-1.0000000000000087,361.5357142857143,NQ
2022-02-24,1,13302.5,13208.901785714286,2,-376.83285714285506,-372.39285714285506,93.09821428571429,stop,575,580,-1.0119228924906436,-0.9999999999999943,372.39285714285717,NQ
2022-04-06,-1,14468.0,14541.379464285714,3,-443.9367857142826,-437.2767857142826,72.87946428571429,stop,600,820,-1.0152306278713557,-0.9999999999999927,291.51785714285717,NQ
2022-04-08,-1,14327.25,14401.013392857143,3,-446.2403571428587,-439.5803571428587,73.26339285714286,stop,590,625,-1.015150813478768,-1.0000000000000036,293.05357142857144,NQ
2022-04-27,1,13204.25,13109.97767857143,2,-379.5292857142826,-375.0892857142826,93.77232142857143,stop,580,600,-1.0118371816234146,-0.9999999999999917,375.0892857142857,NQ
2022-05-06,-1,12541.5,12656.19642857143,2,-461.2257142857174,-456.7857142857174,114.19642857142857,stop,590,605,-1.0097200938233062,-1.0000000000000069,456.7857142857143,NQ
2022-06-30,-1,11397.75,11484.107142857143,2,-347.86857142857247,-343.42857142857247,85.85714285714286,stop,595,655,-1.0129284525790379,-1.0000000000000029,343.42857142857144,NQ
2022-07-11,-1,11917.75,11988.14732142857,3,-426.0439285714239,-419.3839285714239,69.89732142857143,stop,575,810,-1.0158804368652887,-0.9999999999999889,279.5892857142857,NQ
2022-07-13,1,11696.5,11625.04017857143,3,-432.4189285714239,-425.7589285714239,70.95982142857143,stop,585,600,-1.015642654922921,-0.999999999999989,283.8392857142857,NQ
2022-09-08,1,12300.75,12231.544642857143,3,-418.8921428571413,-412.2321428571413,68.70535714285714,stop,635,725,-1.0161559454190996,-0.9999999999999962,274.82142857142856,NQ
2022-09-29,-1,11210.25,11220.5,3,-65.16,-58.5,75.60267857142857,time,600,950,-0.14364570416297606,-0.12896368467670505,302.4107142857143,NQ
2022-10-04,1,11654.25,11579.39732142857,3,-452.77607142857613,-446.1160714285761,74.35267857142857,stop,610,785,-1.014928850195147,-1.0000000000000104,297.4107142857143,NQ
2022-10-13,1,10692.75,10612.450892857143,3,-485.4546428571413,-478.7946428571413,79.79910714285714,stop,610,625,-1.013909930069927,-0.9999999999999968,319.19642857142856,NQ
2022-11-04,-1,10740.5,10819.629464285714,3,-478.4367857142826,-471.7767857142826,78.62946428571429,stop,580,595,-1.0141168455118312,-0.9999999999999932,314.51785714285717,NQ
2022-12-15,-1,11530.0,11452.5,3,461.34,468.0,64.375,time,600,950,1.1944077669902913,1.2116504854368932,257.5,NQ
2022-12-21,1,11339.5,11330.25,3,-59.16,-52.5,64.29017857142857,time,635,950,-0.15336712728282756,-0.13610165960697174,257.1607142857143,NQ
2023-01-03,-1,10993.5,10953.0,3,239.34,246.0,68.53125,time,595,950,0.5820702234382125,0.5982672138622891,274.125,NQ
2023-01-04,-1,10897.75,10969.5,3,-434.16,-427.5,71.25,stop,605,660,-1.0155789473684211,-1.0,285.0,NQ
2023-01-09,1,11323.25,11259.839285714286,3,-384.1242857142826,-377.4642857142826,62.910714285714285,stop,600,885,-1.0176440533636024,-0.9999999999999917,251.64285714285714,NQ
2023-02-02,1,12790.75,12932.621428571429,4,1130.0914285714289,1138.971428571429,59.32142857142857,target,630,840,2.3812883804936793,2.400000000000001,237.28571428571428,NQ
2023-02-03,1,12727.5,12662.267857142857,3,-395.0528571428587,-388.3928571428587,64.73214285714286,stop,585,810,-1.0171475862069006,-1.000000000000004,258.92857142857144,NQ
2023-02-14,1,12631.0,12557.25,3,-446.16,-439.5,73.25,stop,600,635,-1.0151535836177474,-1.0,293.0,NQ
2023-03-10,-1,11901.75,11953.620535714286,4,-419.84428571428987,-410.9642857142899,51.370535714285715,stop,580,600,-1.0216077170418107,-1.00000000000001,205.48214285714286,NQ
2023-04-12,-1,13044.75,13098.15625,4,-432.13,-423.25,52.90625,stop,635,790,-1.0209805079740106,-1.0,211.625,NQ
2023-05-22,1,13927.75,13885.004464285714,5,-433.55535714286236,-422.45535714286234,42.245535714285715,stop,585,605,-1.026274965655724,-1.0000000000000122,168.98214285714286,NQ
2023-05-25,-1,13872.0,13912.955357142857,6,-498.7842857142826,-485.4642857142826,40.455357142857146,stop,575,640,-1.0274376517325028,-0.9999999999999934,161.82142857142858,NQ
2023-05-30,-1,14420.5,14467.160714285714,5,-472.7071428571377,-461.60714285713766,46.160714285714285,stop,600,620,-1.0240464216634317,-0.9999999999999888,184.64285714285714,NQ
2023-08-24,-1,15217.25,15081.239285714286,4,1083.205714285713,1092.085714285713,56.879464285714285,target,580,625,2.380485048269364,2.3999999999999972,227.51785714285714,NQ
2023-10-06,1,14840.75,14978.335714285715,4,1095.8057142857188,1104.6857142857189,57.535714285714285,target,625,690,2.380707635009321,2.40000000000001,230.14285714285714,NQ
2023-10-20,-1,14741.25,14655.75,3,509.34,516.0,64.63392857142857,time,635,950,1.3133968780218261,1.3305705207901644,258.5357142857143,NQ
2023-10-25,-1,14612.5,14677.17857142857,3,-391.7314285714239,-385.0714285714239,64.17857142857143,stop,585,645,-1.017295492487467,-0.9999999999999879,256.7142857142857,NQ
2023-10-26,-1,14296.0,14363.97767857143,3,-411.52607142857613,-404.8660714285761,67.47767857142857,stop,605,645,-1.0164498842209841,-1.0000000000000115,269.9107142857143,NQ
2023-11-30,-1,15921.5,15963.638392857143,6,-512.9807142857175,-499.6607142857174,41.638392857142854,stop,600,610,-1.0266580894178257,-1.0000000000000064,166.55357142857142,NQ
2023-12-04,-1,15764.5,15804.919642857143,6,-492.3557142857174,-479.0357142857174,39.919642857142854,stop,620,710,-1.027805859986587,-1.0000000000000067,159.67857142857142,NQ
2023-12-06,-1,15942.25,15848.410714285714,6,1118.7514285714349,1132.0714285714348,39.308035714285715,target,575,785,2.3717614991482248,2.4000000000000132,157.23214285714286,NQ
2024-01-02,-1,16777.5,16669.185714285715,5,1077.0428571428479,1088.1428571428478,45.339285714285715,target,580,845,2.375517920441098,2.399999999999979,181.35714285714286,NQ
2024-01-08,1,16592.75,16695.375,5,1020.15,1031.25,42.96875,target,590,725,2.3741672727272727,2.4,171.875,NQ
2024-01-11,-1,16890.75,16772.621428571427,5,1175.185714285732,1186.285714285732,49.42857142857143,target,600,700,2.377543352601192,2.4000000000000354,197.71428571428572,NQ
2024-01-17,-1,16737.0,16784.241071428572,5,-478.5107142857247,-467.4107142857247,46.74107142857143,stop,580,640,-1.0237478510028875,-1.0000000000000222,186.96428571428572,NQ
2024-02-02,1,17615.25,17562.79910714286,4,-424.4871428571304,-415.6071428571304,51.950892857142854,stop,620,630,-1.0213663315287145,-0.99999999999997,207.80357142857142,NQ
2024-02-06,-1,17637.0,17635.0,4,11.120000000000001,20.0,57.39732142857143,time,600,950,0.024217157968421874,0.043556039511550126,229.58928571428572,NQ
2024-02-13,1,17742.5,17689.160714285714,4,-431.59428571428987,-422.7142857142899,52.839285714285715,stop,625,745,-1.021007096992237,-1.0000000000000098,211.35714285714286,NQ
2024-02-16,-1,17775.5,17831.910714285714,4,-456.1657142857101,-447.2857142857101,55.910714285714285,stop,590,660,-1.0198530820823926,-0.9999999999999907,223.64285714285714,NQ
2024-02-20,-1,17562.25,17587.0,4,-202.88,-194.0,54.433035714285715,time,590,950,-0.465893545476913,-0.44550151726400394,217.73214285714286,NQ
2024-03-05,-1,18038.5,17913.535714285714,4,994.8342857142899,1003.7142857142899,52.276785714285715,target,595,645,2.3787668659265684,2.4000000000000097,209.10714285714286,NQ
2024-03-14,-1,18231.5,18289.89285714286,4,-472.0228571428696,-463.1428571428696,57.892857142857146,stop,590,610,-1.0191733497841107,-1.0000000000000269,231.57142857142858,NQ
2024-04-23,1,17596.5,17608.75,3,69.84,76.5,77.86160714285714,time,630,950,0.14949601513674676,0.1637520784358695,311.44642857142856,NQ
2024-05-23,-1,18856.75,18900.290178571428,5,-441.50178571427534,-430.4017857142753,43.04017857142857,stop,590,610,-1.0257898558240606,-0.9999999999999759,172.16071428571428,NQ
2024-05-29,1,18842.75,18800.26339285714,5,-430.96607142858704,-419.866071428587,41.986607142857146,stop,590,950,-1.0264370015949336,-1.000000000000037,167.94642857142858,NQ
2024-06-12,1,19509.5,19452.053571428572,4,-464.45142857142025,-455.57142857142026,56.94642857142857,stop,610,840,-1.019492003762917,-0.9999999999999818,227.78571428571428,NQ
2024-06-20,-1,20123.0,20183.91964285714,4,-492.2371428571304,-483.3571428571304,60.419642857142854,stop,615,630,-1.0183715087926446,-0.9999999999999742,241.67857142857142,NQ
2024-06-27,1,20093.25,20037.70089285714,4,-449.2728571428696,-440.3928571428696,55.049107142857146,stop,575,590,-1.0201638147757965,-1.0000000000000282,220.19642857142858,NQ
2024-07-01,-1,19863.0,19922.39285714286,4,-480.0228571428696,-471.1428571428696,58.892857142857146,stop,585,600,-1.0188477865373218,-1.0000000000000264,235.57142857142858,NQ
2024-07-02,1,20090.75,20231.989285714284,4,1125.0342857142723,1133.9142857142724,59.058035714285715,target,635,885,2.381204928566001,2.399999999999972,236.23214285714286,NQ
2024-07-11,-1,20756.5,20634.385714285716,4,972.0342857142724,980.9142857142724,51.089285714285715,target,610,655,2.378273331003113,2.3999999999999675,204.35714285714286,NQ
2024-07-15,1,20717.0,20657.78125,4,-478.63,-469.75,58.71875,stop,640,725,-1.0189036721660458,-1.0,234.875,NQ
2024-07-17,-1,20115.75,20177.79464285714,4,-501.2371428571304,-492.3571428571304,61.544642857142854,stop,605,645,-1.01803568837949,-0.9999999999999747,246.17857142857142,NQ
2024-07-25,-1,19031.0,19115.383928571428,2,-339.9757142857101,-335.5357142857101,83.88392857142857,stop,595,635,-1.0132325705162197,-0.9999999999999877,335.5357142857143,NQ
2024-08-29,1,19644.0,19564.848214285714,3,-478.57071428571743,-471.9107142857174,78.65178571428571,stop,595,615,-1.0141128391417935,-1.0000000000000067,314.60714285714283,NQ
2024-09-03,-1,19341.25,19164.878571428573,3,1054.5685714285607,1061.2285714285608,73.69642857142857,target,590,650,2.3849382117760842,2.399999999999976,294.7857142857143,NQ
2024-09-06,-1,18777.25,18585.932142857142,3,1144.2471428571478,1150.9071428571478,79.92410714285714,target,590,640,2.386111824833837,2.4000000000000106,319.69642857142856,NQ
2024-10-01,-1,20104.0,19920.192857142858,3,1099.182857142852,1105.8428571428522,76.79464285714286,target,575,615,2.385545866759668,2.3999999999999893,307.17857142857144,NQ
2024-10-04,-1,20086.25,20158.540178571428,3,-437.4010714285652,-430.7410714285652,71.79017857142857,stop,595,665,-1.0154617250170865,-0.9999999999999855,287.1607142857143,NQ
2024-10-16,-1,20223.5,20292.70089285714,3,-418.8653571428478,-412.2053571428478,68.70089285714286,stop,595,610,-1.0161569952563292,-0.9999999999999772,274.80357142857144,NQ
2024-10-17,-1,20433.0,20499.40625,3,-402.0975,-395.4375,65.90625,stop,575,590,-1.016842105263158,-1.0,263.625,NQ
2024-10-25,1,20615.0,20551.33035714286,3,-385.6778571428478,-379.0178571428478,63.169642857142854,stop,585,810,-1.0175717314487387,-0.9999999999999754,252.67857142857142,NQ
2024-10-31,-1,20178.75,20031.660714285714,4,1171.8342857142898,1180.7142857142899,61.495535714285715,target,585,710,2.3819499092559067,2.4000000000000083,245.98214285714286,NQ
2024-11-15,-1,20630.25,20467.775,3,971.1899999999913,977.8499999999913,67.90625,target,610,770,2.3836539346525325,2.3999999999999786,271.625,NQ
2024-11-21,-1,20653.25,20726.004464285714,3,-440.1867857142826,-433.5267857142826,72.25446428571429,stop,575,585,-1.0153623725671845,-0.9999999999999927,289.01785714285717,NQ
2024-11-25,-1,20879.0,20952.803571428572,3,-446.48142857143483,-439.8214285714348,73.30357142857143,stop,630,690,-1.0151425091352153,-1.0000000000000142,293.2142857142857,NQ
2024-12-02,1,21165.5,21214.5,3,290.34,297.0,64.95982142857143,time,590,950,0.7449219984880764,0.7620094838842691,259.8392857142857,NQ
2024-12-11,1,21692.25,21793.0,4,801.12,810.0,55.15625,time,590,950,1.8155694050991502,1.8356940509915014,220.625,NQ
2024-12-13,-1,21688.0,21744.1875,4,-454.38,-445.5,55.6875,stop,655,690,-1.01993265993266,-1.0,222.75,NQ
2024-12-19,-1,21541.25,21612.28125,3,-429.8475,-423.1875,70.53125,stop,620,685,-1.015737704918033,-1.0,282.125,NQ
2024-12-20,1,21387.25,21567.725,3,1079.1899999999912,1085.8499999999913,75.40625,target,620,660,2.3852797347699766,2.399999999999981,301.625,NQ
2024-12-27,-1,21682.0,21676.75,2,18.56,23.0,87.01785714285714,time,580,950,0.0533223886722758,0.06607839113482454,348.07142857142856,NQ
2025-01-27,1,21285.0,21199.51339285714,2,-344.3864285714348,-339.9464285714348,84.98660714285714,stop,575,685,-1.013060881441422,-1.0000000000000184,339.94642857142856,NQ
2025-02-03,1,21440.0,21349.16964285714,2,-365.7614285714348,-361.3214285714348,90.33035714285714,stop,640,665,-1.012288227735512,-1.0000000000000173,361.32142857142856,NQ
2025-02-20,-1,22069.25,22135.51785714286,3,-401.26714285715224,-394.6071428571522,65.76785714285714,stop,590,950,-1.0168775454792527,-1.0000000000000238,263.07142857142856,NQ
2025-02-24,-1,21612.25,21458.175,3,920.7900000000044,927.4500000000044,64.40625,target,590,605,2.3827656477438253,2.4000000000000115,257.625,NQ
2025-02-25,-1,21236.25,21077.707142857143,3,947.5971428571391,954.2571428571391,66.26785714285714,target,590,615,2.3832497978981313,2.3999999999999906,265.07142857142856,NQ
2025-02-27,-1,21191.25,21018.264285714286,3,1034.2542857142869,1040.914285714287,72.28571428571429,target,580,595,2.384644268774706,2.4000000000000026,289.14285714285717,NQ
2025-02-28,1,20757.0,20677.64285714286,3,-479.8028571428478,-473.1428571428478,78.85714285714286,stop,625,640,-1.014076086956502,-0.9999999999999801,315.42857142857144,NQ
2025-03-03,-1,20907.5,20711.114285714284,3,1174.6542857142956,1181.3142857142957,82.03571428571429,target,590,790,2.386469307792793,2.40000000000002,328.14285714285717,NQ
2025-03-04,-1,20104.0,20197.848214285714,2,-377.83285714285506,-373.39285714285506,93.34821428571429,stop,615,630,-1.0118909612625482,-0.9999999999999943,373.39285714285717,NQ
2025-04-04,-1,17915.75,18029.473214285714,2,-457.33285714285506,-452.89285714285506,113.22321428571429,stop,625,660,-1.0098036432457962,-0.9999999999999953,452.89285714285717,NQ
2025-04-07,1,17273.75,17580.417857142857,1,612.115714285713,614.335714285713,127.98660714285714,target,595,610,2.391327217552055,2.399999999999995,511.94642857142856,NQ
2025-05-12,-1,20719.0,20825.03125,2,-426.565,-422.125,105.53125,stop,630,740,-1.0105182114302635,-1.0,422.125,NQ
2025-07-15,-1,23099.25,23150.334821428572,4,-413.55857142857974,-404.67857142857974,50.58482142857143,stop,655,680,-1.0219433412761656,-1.0000000000000204,202.33928571428572,NQ
2025-07-16,-1,22965.0,23016.598214285714,4,-417.6657142857101,-408.7857142857101,51.098214285714285,stop,590,630,-1.0217228726192455,-0.9999999999999899,204.39285714285714,NQ
2025-07-22,-1,23213.25,23232.0,5,-193.6,-182.5,49.08482142857143,time,585,950,-0.39441928149158706,-0.3718053660754888,196.33928571428572,NQ
2025-07-23,-1,23165.75,23216.03125,5,-508.9125,-497.8125,49.78125,stop,595,660,-1.0222975517890773,-1.0,199.125,NQ
2025-07-31,-1,23659.0,23545.907142857144,5,1124.828571428558,1135.928571428558,47.330357142857146,target,575,655,2.3765478211657896,2.3999999999999715,189.32142857142858,NQ
2025-08-01,-1,22992.5,22867.064285714285,4,998.6057142857218,1007.4857142857218,52.473214285714285,target,575,585,2.3788463501786805,2.4000000000000177,209.89285714285714,NQ
2025-08-04,1,23217.0,23290.0,4,579.12,588.0,58.8125,time,585,950,1.2308607863974494,1.2497343251859723,235.25,NQ
2025-08-19,-1,23627.0,23454.667857142857,3,1030.3328571428608,1036.9928571428609,72.01339285714286,target,625,785,2.3845862004835494,2.4000000000000083,288.05357142857144,NQ
2025-08-20,-1,23264.25,23086.003571428573,3,1065.8185714285607,1072.4785714285608,74.47767857142857,target,585,615,2.385096205718372,2.3999999999999764,297.9107142857143,NQ
2025-09-02,1,23250.5,23191.01339285714,4,-480.7728571428696,-471.8928571428696,58.986607142857146,stop,590,615,-1.0188178309241163,-1.0000000000000264,235.94642857142858,NQ
2025-09-05,-1,23695.25,23534.5,3,960.84,967.5,67.1875,target,615,660,2.383479069767442,2.4,268.75,NQ
2025-09-25,-1,24427.25,24488.428571428572,4,-494.30857142857974,-485.42857142857974,60.67857142857143,stop,580,585,-1.01829311359625,-1.000000000000017,242.71428571428572,NQ
2025-10-14,-1,24452.0,24533.821428571428,3,-494.5885714285652,-487.9285714285652,81.32142857142857,stop,580,590,-1.0136495388669173,-0.9999999999999872,325.2857142857143,NQ
2025-10-17,1,24930.75,24836.285714285714,2,-380.29714285714493,-375.85714285714494,93.96428571428571,stop,610,635,-1.0118129988597548,-1.0000000000000056,375.85714285714283,NQ
2025-11-06,-1,25512.75,25299.907142857144,2,848.9314285714231,853.3714285714232,88.89285714285714,target,595,655,2.387513057452777,2.399999999999985,355.57142857142856,NQ
2025-11-07,-1,24925.0,25017.25,2,-371.44,-367.0,91.75,stop,575,595,-1.0120980926430518,-1.0,367.0,NQ
2025-11-13,-1,25292.25,25391.383928571428,2,-398.9757142857101,-394.5357142857101,98.63392857142857,stop,580,595,-1.0112537340454317,-0.9999999999999895,394.5357142857143,NQ
2025-11-14,1,24931.75,25181.042857142857,2,994.731428571426,999.1714285714261,104.08035714285714,target,590,680,2.3893351634211144,2.399999999999994,416.32142857142856,NQ
2025-11-18,-1,24444.5,24557.066964285714,2,-452.70785714285506,-448.26785714285506,112.06696428571429,stop,600,605,-1.009904792255901,-0.9999999999999953,448.26785714285717,NQ
2025-12-11,-1,25486.75,25567.526785714286,3,-488.32071428571743,-481.6607142857174,80.27678571428571,stop,585,615,-1.0138271604938338,-1.0000000000000067,321.10714285714283,NQ
2025-12-17,-1,25287.0,25117.34642857143,3,1014.2614285714261,1020.9214285714261,70.89732142857143,target,590,645,2.384343555191733,2.399999999999994,283.5892857142857,NQ
2025-12-19,1,25547.75,25461.16964285714,2,-348.7614285714348,-344.3214285714348,86.08035714285714,stop,580,660,-1.0128949279120605,-1.0000000000000182,344.32142857142856,NQ
2026-01-06,1,25772.5,25698.01785714286,3,-450.5528571428478,-443.8928571428478,73.98214285714286,stop,625,650,-1.015003620564787,-0.9999999999999789,295.92857142857144,NQ
2026-01-08,-1,25621.0,25692.446428571428,3,-432.3385714285652,-425.6785714285652,70.94642857142857,stop,580,615,-1.0156456078529932,-0.9999999999999853,283.7857142857143,NQ
2026-01-14,-1,25584.75,25647.441964285714,4,-506.4157142857101,-497.5357142857101,62.191964285714285,stop,595,610,-1.017847964970202,-0.9999999999999917,248.76785714285714,NQ
2026-01-20,1,25385.5,25306.258928571428,3,-479.10642857143483,-472.4464285714348,78.74107142857143,stop,630,750,-1.0140968363760197,-1.0000000000000133,314.9642857142857,NQ
2026-01-29,-1,25950.5,25755.52857142857,3,1166.1685714285738,1172.828571428574,81.44642857142857,target,580,600,2.386371409778562,2.4000000000000052,325.7857142857143,NQ
2026-02-03,-1,25752.5,25532.457142857143,2,877.731428571426,882.1714285714261,91.89285714285714,target,580,610,2.3879207151185318,2.3999999999999932,367.57142857142856,NQ
2026-02-05,-1,24559.5,24662.535714285714,2,-414.58285714285506,-410.14285714285506,102.53571428571429,stop,610,625,-1.0108254963427326,-0.9999999999999949,410.14285714285717,NQ
2026-04-30,-1,27295.25,27384.51785714286,2,-359.5114285714348,-355.0714285714348,88.76785714285714,stop,575,660,-1.0125045262522807,-1.0000000000000175,355.07142857142856,NQ
2026-05-01,1,27873.75,27779.339285714286,2,-380.08285714285506,-375.64285714285506,93.91071428571429,stop,595,635,-1.0118197375926927,-0.9999999999999944,375.64285714285717,NQ
2026-05-12,-1,29014.0,28771.253571428573,2,968.5457142857072,972.9857142857072,101.35267857142857,target,655,760,2.389048143417152,2.3999999999999826,405.4107142857143,NQ
2026-05-14,1,29677.75,29708.75,2,121.56,126.0,105.87053571428571,time,635,950,0.2870487033523087,0.29753320683111956,423.48214285714283,NQ
2026-05-18,-1,29024.25,29108.0,2,-337.44,-333.0,109.94196428571429,time,630,950,-0.7673139237422341,-0.7572176879035205,439.76785714285717,NQ
2026-05-27,-1,29981.5,30094.879464285714,2,-455.95785714285506,-451.51785714285506,112.87946428571429,stop,580,600,-1.0098334981214112,-0.9999999999999953,451.51785714285717,NQ
2026-06-03,-1,30523.5,30623.35714285714,2,-401.8685714285652,-397.4285714285652,99.35714285714286,stop,585,590,-1.0111718188353545,-0.9999999999999842,397.42857142857144,NQ
2026-06-05,-1,29857.5,29624.85714285714,2,928.1314285714348,932.5714285714348,97.14285714285714,target,585,700,2.3885735294117807,2.4000000000000163,388.57142857142856,NQ
2026-06-25,-1,29768.0,29693.0,1,148.78,151.0,203.49553571428572,time,580,950,0.36556084505188335,0.37101551016826445,813.9821428571429,NQ
2026-07-07,-1,29292.75,29447.82589285714,1,-311.3717857142826,-309.1517857142826,154.57589285714286,stop,620,725,-1.0071809386281487,-0.9999999999999899,618.3035714285714,NQ
2026-07-17,1,28866.25,28723.88839285714,1,-285.94321428571743,-283.7232142857174,141.86160714285714,stop,620,655,-1.0078245271737531,-1.000000000000011,567.4464285714286,NQ
2026-07-28,-1,27695.75,27831.473214285714,1,-272.66642857142756,-270.44642857142753,135.22321428571428,stop,590,645,-1.0082086497193756,-0.9999999999999962,540.8928571428571,NQ
2026-07-30,1,28152.0,28009.691964285714,1,-285.8360714285725,-283.61607142857247,141.80803571428572,stop,595,675,-1.007827483078864,-1.0000000000000036,567.2321428571429,NQ
2026-07-31,-1,28242.25,28394.558035714286,1,-305.8360714285725,-303.61607142857247,151.80803571428572,stop,600,780,-1.0073118659020768,-1.0000000000000033,607.2321428571429,NQ
2026-08-03,1,28716.25,28899.25,1,364.78,367.0,151.83928571428572,time,635,950,1.2012042808420555,1.2085146418910973,607.3571428571429,NQ
2026-08-04,1,29518.75,29892.178571428572,1,745.6371428571449,747.8571428571449,155.80357142857142,target,605,825,2.392875644699147,2.400000000000007,623.2142857142857,NQ
2026-08-19,-1,29470.25,29594.51339285714,2,-499.4935714285652,-495.0535714285652,123.76339285714286,stop,585,650,-1.008968726328307,-0.9999999999999873,495.05357142857144,NQ
2011-03-07,-1,1316.25,1306.9892857142856,20,901.6714285714357,976.0714285714357,4.066964285714286,target,640,770,2.2170625686059453,2.4000000000000177,16.267857142857142,ES
2011-03-15,1,1264.75,1259.767857142857,20,-522.6142857142889,-448.21428571428896,4.482142857142857,stop,585,595,-1.1659920318725172,-1.0000000000000073,17.928571428571427,ES
2011-04-18,-1,1292.0,1297.267857142857,20,-551.185714285711,-476.78571428571104,4.767857142857143,stop,655,830,-1.1560449438202178,-0.9999999999999931,19.071428571428573,ES
2011-05-25,1,1317.5,1319.0,20,125.6,200.0,4.495535714285714,time,640,950,0.2793882820258192,0.4448857994041708,17.982142857142858,ES
2011-08-01,-1,1292.25,1278.8428571428572,17,1118.8671428571417,1182.1071428571418,5.794642857142857,target,590,600,2.2716055469953753,2.3999999999999977,23.178571428571427,ES
2011-08-08,1,1176.5,1169.3169642857142,14,-519.8925000000046,-467.81250000000455,6.683035714285714,stop,575,585,-1.111326653306623,-1.0000000000000098,26.732142857142858,ES
2012-04-16,-1,1363.0,1368.3660714285713,20,-561.0071428571331,-486.6071428571331,4.866071428571429,stop,610,815,-1.1528954128440165,-0.9999999999999799,19.464285714285715,ES
2012-05-21,1,1306.0,1313.25,18,630.54,697.5,5.352678571428571,time,630,950,1.3088773978315262,1.4478732276897415,21.410714285714285,ES
2012-06-11,-1,1316.5,1302.5,14,962.92,1015.0,6.678571428571429,time,620,950,2.0597219251336893,2.171122994652406,26.714285714285715,ES
2012-09-06,1,1418.75,1425.267857142857,20,627.3857142857111,701.785714285711,2.924107142857143,target,575,635,2.145563358778615,2.399999999999989,11.696428571428571,ES
2012-09-26,-1,1427.25,1431.0535714285713,20,-404.7571428571331,-330.3571428571331,3.3035714285714284,stop,625,725,-1.2252108108107813,-0.9999999999999706,13.214285714285714,ES
2012-10-19,-1,1443.0,1434.6607142857142,20,809.528571428578,883.9285714285779,3.6830357142857144,target,580,715,2.197992727272745,2.4000000000000177,14.732142857142858,ES
2012-10-23,-1,1404.5,1408.8348214285713,20,-457.8821428571331,-383.4821428571331,3.8348214285714284,stop,630,735,-1.1940116414435136,-0.9999999999999747,15.339285714285714,ES
2012-10-25,-1,1406.5,1406.5,20,-24.4,50.0,4.017857142857143,time,645,950,-0.06072888888888888,0.12444444444444443,16.071428571428573,ES
2012-11-02,-1,1422.5,1413.057142857143,20,919.8857142857065,994.2857142857065,4.142857142857143,target,610,875,2.2204137931034293,2.399999999999981,16.571428571428573,ES
2012-11-07,-1,1401.0,1391.5142857142857,20,924.1714285714266,998.5714285714266,4.160714285714286,target,610,655,2.221184549356219,2.3999999999999955,16.642857142857142,ES
2012-11-09,1,1378.5,1377.5,20,-124.4,-50.0,4.415178571428571,time,605,950,-0.2817553083923155,-0.11324570273003035,17.660714285714285,ES
2012-12-21,1,1426.0,1421.9642857142858,20,-427.97142857142205,-353.5714285714221,3.5357142857142856,stop,610,665,-1.210424242424224,-0.9999999999999817,14.142857142857142,ES
2013-01-24,1,1495.75,1491.705357142857,20,-428.86428571428894,-354.46428571428896,3.544642857142857,stop,600,755,-1.2098942065491276,-1.0000000000000093,14.178571428571429,ES
2013-02-21,-1,1499.5,1502.96875,20,-371.275,-296.875,2.96875,stop,590,625,-1.2506105263157894,-1.0,11.875,ES
2013-03-01,1,1514.5,1510.1830357142858,20,-456.09642857142205,-381.6964285714221,3.8169642857142856,stop,650,700,-1.194919298245597,-0.999999999999983,15.267857142857142,ES
2013-04-03,-1,1557.25,1549.9607142857142,20,704.5285714285825,778.9285714285825,3.2455357142857144,target,600,810,2.1707620357634454,2.400000000000034,12.982142857142858,ES
2013-04-04,1,1557.5,1553.513392857143,20,-423.060714285711,-348.66071428571104,3.486607142857143,stop,600,620,-1.213387964148518,-0.9999999999999906,13.946428571428571,ES
2013-04-17,-1,1549.75,1539.6964285714287,20,980.9571428571331,1055.357142857133,4.397321428571429,target,615,745,2.2308060913705363,2.3999999999999777,17.589285714285715,ES
2013-04-18,-1,1535.75,1540.986607142857,20,-548.060714285711,-473.66071428571104,4.736607142857143,stop,600,630,-1.1570744580584285,-0.999999999999993,18.946428571428573,ES
2013-05-14,1,1637.75,1644.5035714285714,20,650.9571428571377,725.3571428571377,3.0223214285714284,target,590,655,2.1538316100442962,2.399999999999983,12.089285714285714,ES
2013-05-23,1,1643.5,1639.3035714285713,20,-444.04285714286686,-369.6428571428669,3.6964285714285716,stop,615,640,-1.2012753623188668,-1.0000000000000262,14.785714285714286,ES
2013-05-30,1,1657.0,1652.2544642857142,20,-498.9535714285779,-424.5535714285779,4.245535714285714,stop,585,675,-1.1752429022082171,-1.0000000000000153,16.982142857142858,ES
2013-06-20,-1,1594.75,1600.8125,17,-536.0525,-472.8125,5.5625,stop,630,730,-1.133752808988764,-1.0,22.25,ES
2013-06-21,-1,1581.25,1587.6026785714287,17,-560.7176785714369,-497.47767857143685,5.852678571428571,stop,630,795,-1.1271212814645477,-1.0000000000000169,23.410714285714285,ES
2013-06-24,-1,1557.75,1564.1919642857142,16,-534.8771428571376,-475.35714285713766,5.941964285714286,stop,620,645,-1.1252111194590424,-0.9999999999999891,23.767857142857142,ES
2013-08-07,-1,1681.5,1685.03125,20,-377.525,-303.125,3.03125,stop,610,750,-1.245443298969072,-1.0,12.125,ES
2013-08-08,-1,1688.5,1692.0848214285713,20,-382.8821428571331,-308.4821428571331,3.0848214285714284,stop,610,730,-1.2411808972503302,-0.9999999999999685,12.339285714285714,ES
2013-08-12,1,1686.75,1683.049107142857,20,-394.48928571428894,-320.08928571428896,3.200892857142857,stop,610,750,-1.2324351464435248,-1.0000000000000102,12.803571428571429,ES
2013-08-13,-1,1682.5,1686.232142857143,20,-397.61428571428894,-323.21428571428896,3.232142857142857,stop,600,690,-1.2301878453038775,-1.0000000000000102,12.928571428571429,ES
2013-08-15,-1,1662.75,1659.75,20,275.6,350.0,3.1875,time,585,950,0.8646274509803922,1.0980392156862746,12.75,ES
2013-09-06,-1,1649.25,1640.267857142857,20,873.814285714289,948.214285714289,3.950892857142857,target,580,600,2.2116881355932287,2.4000000000000083,15.803571428571429,ES
2013-09-30,1,1676.75,1673.044642857143,20,-394.935714285711,-320.53571428571104,3.205357142857143,stop,635,910,-1.232111420612803,-0.9999999999999897,12.821428571428571,ES
2013-10-09,-1,1644.75,1649.1205357142858,20,-461.4535714285779,-387.0535714285779,3.8705357142857144,stop,655,755,-1.192221453287214,-1.0000000000000167,15.482142857142858,ES
2013-10-10,1,1675.25,1670.767857142857,20,-472.61428571428894,-398.21428571428896,3.982142857142857,stop,635,660,-1.186834080717497,-1.0000000000000082,15.928571428571429,ES
2013-10-16,1,1712.0,1715.0,20,275.6,350.0,4.611607142857143,time,595,950,0.597622458857696,0.7589545014520812,18.446428571428573,ES
2013-11-08,1,1749.75,1745.9285714285713,20,-406.54285714286686,-332.1428571428669,3.3214285714285716,stop,580,595,-1.2240000000000293,-1.0000000000000293,13.285714285714286,ES
2013-12-04,1,1793.25,1789.736607142857,20,-375.73928571428894,-301.33928571428896,3.013392857142857,stop,600,730,-1.2468977777777885,-1.0000000000000107,12.053571428571429,ES
2013-12-11,-1,1795.75,1788.4178571428572,20,708.8142857142799,783.2142857142799,3.263392857142857,target,600,735,2.1720164158686557,2.3999999999999826,13.053571428571429,ES
2013-12-16,1,1784.5,1780.53125,20,-421.275,-346.875,3.46875,stop,585,640,-1.2144864864864864,-1.0,13.875,ES
2014-01-02,-1,1830.25,1828.0,20,200.6,275.0,3.7455357142857144,time,600,950,0.5355709177592372,0.734207389749702,14.982142857142858,ES
2014-01-27,-1,1777.25,1782.09375,20,-508.775,-434.375,4.34375,stop,625,645,-1.1712805755395683,-1.0,17.375,ES
2014-01-31,1,1775.0,1786.0714285714287,20,1082.7428571428668,1157.142857142867,4.821428571428571,target,650,840,2.245688888888909,2.4000000000000203,19.285714285714285,ES
2014-02-03,-1,1761.75,1750.325,20,1118.0999999999954,1192.4999999999955,4.96875,target,610,705,2.2502641509433867,2.399999999999991,19.875,ES
2014-02-05,-1,1731.75,1737.9285714285713,17,-545.9185714285632,-482.67857142856315,5.678571428571429,stop,620,630,-1.131018867924511,-0.9999999999999827,22.714285714285715,ES
2014-02-06,1,1761.75,1767.5,16,440.48,500.0,5.933035714285714,time,625,950,0.9280240782543265,1.0534236267870578,23.732142857142858,ES
2014-02-24,1,1849.25,1848.75,16,-59.519999999999996,0.0,6.1875,time,630,950,-0.12024242424242423,0.0,24.75,ES
2014-03-28,1,1855.25,1849.924107142857,20,-556.9892857142889,-482.58928571428896,4.825892857142857,stop,595,845,-1.154168362627204,-1.0000000000000069,19.303571428571427,ES
2014-04-04,-1,1882.5,1887.450892857143,20,-519.4892857142889,-445.08928571428896,4.450892857142857,stop,590,605,-1.167157472417259,-1.0000000000000073,17.803571428571427,ES
2014-04-11,1,1826.5,1821.111607142857,20,-563.2392857142889,-488.83928571428896,4.888392857142857,stop,650,695,-1.1521972602739794,-1.0000000000000067,19.553571428571427,ES
2014-04-24,-1,1866.25,1871.9330357142858,19,-563.068392857149,-492.38839285714903,5.183035714285714,stop,585,625,-1.1435452196382552,-1.0000000000000124,20.732142857142858,ES
2014-05-09,-1,1862.75,1867.0044642857142,20,-449.84642857142205,-375.4464285714221,3.7544642857142856,stop,580,590,-1.1981640903685915,-0.9999999999999828,15.017857142857142,ES
2014-05-15,-1,1872.25,1863.4714285714285,20,853.4571428571468,927.8571428571468,3.8660714285714284,target,590,670,2.2075565819861533,2.40000000000001,15.464285714285714,ES
2014-06-05,-1,1922.5,1925.6651785714287,20,-340.91785714286686,-266.5178571428669,2.6651785714285716,stop,610,625,-1.2791557788945087,-1.0000000000000364,10.660714285714286,ES
2014-06-17,1,1933.25,1930.1607142857142,20,-333.3285714285779,-258.9285714285779,2.5892857142857144,stop,605,630,-1.2873379310345077,-1.000000000000025,10.357142857142858,ES
2014-06-25,1,1944.0,1950.6035714285715,20,635.9571428571513,710.3571428571513,2.9598214285714284,target,580,860,2.1486334841629247,2.4000000000000288,11.839285714285714,ES
2014-06-26,-1,1942.75,1946.3705357142858,20,-386.4535714285779,-312.0535714285779,3.1205357142857144,stop,580,800,-1.2384206008583898,-1.0000000000000209,12.482142857142858,ES
2014-07-08,-1,1961.25,1955.192857142857,20,581.3142857142935,655.7142857142935,2.732142857142857,target,585,685,2.1276862745098324,2.4000000000000283,10.928571428571429,ES
2014-07-10,1,1954.5,1960.5035714285714,20,575.9571428571377,650.3571428571377,2.7098214285714284,target,620,800,2.1254431630971804,2.399999999999981,10.839285714285714,ES
2014-07-18,1,1964.5,1971.6392857142857,20,689.5285714285734,763.9285714285734,3.1830357142857144,target,655,865,2.1662608695652237,2.400000000000006,12.732142857142858,ES
2014-07-31,-1,1942.5,1934.4285714285713,20,782.7428571428669,857.1428571428669,3.5714285714285716,target,630,715,2.1916800000000274,2.400000000000027,14.285714285714286,ES
2014-08-01,1,1928.0,1923.392857142857,20,-485.11428571428894,-410.71428571428896,4.107142857142857,stop,590,615,-1.1811478260869646,-1.000000000000008,16.428571428571427,ES
2014-08-06,1,1914.75,1915.25,20,25.6,100.0,4.65625,time,585,950,0.05497986577181208,0.21476510067114093,18.625,ES
2014-09-04,1,2007.75,2004.5714285714287,20,-342.2571428571331,-267.8571428571331,2.6785714285714284,stop,590,695,-1.2777599999999636,-0.9999999999999637,10.714285714285714,ES
2014-09-05,-1,1989.0,1992.3705357142858,20,-361.4535714285779,-287.0535714285779,2.8705357142857144,stop,635,650,-1.2591850699844704,-1.0000000000000226,11.482142857142858,ES
2014-09-09,-1,1992.75,1995.924107142857,20,-341.810714285711,-267.41071428571104,2.674107142857143,stop,590,670,-1.2782237061769495,-0.9999999999999879,10.696428571428571,ES
2014-09-10,-1,1982.5,1985.767857142857,20,-351.185714285711,-276.78571428571104,2.767857142857143,stop,600,605,-1.2687999999999882,-0.9999999999999883,11.071428571428571,ES
2014-09-11,1,1993.0,1989.6607142857142,20,-358.3285714285779,-283.9285714285779,2.8392857142857144,stop,590,625,-1.2620377358490793,-1.0000000000000229,11.357142857142858,ES
2014-09-15,-1,1970.75,1974.294642857143,20,-378.86428571428894,-304.46428571428896,3.044642857142857,stop,585,610,-1.244363636363647,-1.0000000000000107,12.178571428571429,ES
2014-09-16,1,1978.75,1985.6535714285715,20,665.9571428571468,740.3571428571468,3.0848214285714284,target,590,705,2.1588191027496513,2.400000000000013,12.339285714285714,ES
2014-09-29,1,1966.0,1969.75,20,350.6,425.0,4.357142857142857,time,615,950,0.8046557377049182,0.9754098360655739,17.428571428571427,ES
2014-09-30,-1,1962.75,1967.6026785714287,20,-509.66785714286686,-435.2678571428669,4.352678571428571,stop,600,610,-1.1709292307692531,-1.0000000000000224,17.410714285714285,ES
2014-10-01,-1,1953.0,1943.0857142857142,20,967.0285714285825,1041.4285714285825,4.339285714285714,target,575,795,2.2285432098765687,2.4000000000000252,17.357142857142858,ES
2014-10-09,-1,1946.75,1953.2232142857142,16,-537.3771428571376,-477.85714285713766,5.973214285714286,stop,635,670,-1.1245560538116484,-0.9999999999999891,23.892857142857142,ES
2014-10-10,-1,1909.5,1916.2767857142858,15,-526.5589285714334,-470.75892857143344,6.276785714285714,stop,625,650,-1.1185320056899106,-1.0000000000000102,25.107142857142858,ES
2014-10-13,-1,1886.25,1893.236607142857,15,-542.2955357142832,-486.4955357142833,6.486607142857143,stop,625,655,-1.1146978664831333,-0.999999999999995,25.946428571428573,ES
2014-10-16,1,1840.25,1832.5401785714287,13,-516.9983928571365,-468.6383928571365,7.209821428571429,stop,575,615,-1.1031925696594291,-0.9999999999999865,28.839285714285715,ES
2014-12-10,-1,2045.25,2049.4241071428573,20,-441.81071428573375,-367.4107142857338,3.674107142857143,stop,600,615,-1.2024981773998098,-1.0000000000000528,14.696428571428571,ES
2014-12-11,1,2042.5,2051.932142857143,20,918.8142857142935,993.2142857142935,4.138392857142857,target,575,625,2.220220064724938,2.400000000000019,16.553571428571427,ES
2014-12-15,-1,1997.25,1986.3607142857143,20,1064.5285714285733,1138.9285714285734,4.745535714285714,target,620,680,2.2432210724365045,2.400000000000004,18.982142857142858,ES
2014-12-16,1,1984.25,1996.3607142857143,19,1127.3378571428552,1198.0178571428553,5.254464285714286,target,615,675,2.258406117247235,2.3999999999999964,21.017857142857142,ES
2015-01-05,-1,2024.5,2018.75,13,357.89,406.25,7.473214285714286,time,635,950,0.7367646356033452,0.8363201911589008,29.892857142857142,ES
2015-01-12,-1,2021.5,2024.25,12,-179.64,-135.0,7.714285714285714,time,585,950,-0.38811111111111113,-0.2916666666666667,30.857142857142858,ES
2015-01-15,-1,1994.75,2003.1651785714287,12,-519.5507142857201,-474.91071428572013,7.915178571428571,stop,585,615,-1.0939966159052579,-1.0000000000000124,31.660714285714285,ES
2015-01-21,1,2027.25,2020.1964285714287,15,-547.3178571428498,-491.51785714284983,6.553571428571429,stop,645,810,-1.1135258855585681,-0.9999999999999851,26.214285714285715,ES
2015-01-22,-1,2022.75,2029.9598214285713,14,-521.7674999999932,-469.6874999999932,6.709821428571429,stop,585,605,-1.1108822355289276,-0.9999999999999853,26.839285714285715,ES
2015-01-29,-1,1984.0,1992.013392857143,13,-536.7305357142878,-488.3705357142878,7.513392857142857,stop,640,690,-1.0990231729055302,-1.0000000000000042,30.053571428571427,ES
2015-03-04,-1,2089.0,2094.035714285714,20,-527.971428571422,-453.5714285714221,4.535714285714286,stop,580,675,-1.1640314960629778,-0.9999999999999857,18.142857142857142,ES
2015-03-12,1,2056.75,2065.5,20,850.6,925.0,4.200892857142857,time,580,950,2.0248076514346445,2.2019128586609993,16.803571428571427,ES
2015-03-16,1,2063.75,2071.25,20,725.6,800.0,4.727678571428571,time,590,950,1.534791312559018,1.6921624173748822,18.910714285714285,ES
2015-04-17,-1,2074.0,2079.3928571428573,20,-563.6857142857338,-489.2857142857338,4.892857142857143,stop,605,645,-1.1520583941606237,-1.0000000000000397,19.571428571428573,ES
2015-04-20,1,2095.75,2093.75,20,-224.4,-150.0,4.839285714285714,time,655,950,-0.46370479704797046,-0.3099630996309963,19.357142857142858,ES
2015-04-30,-1,2084.75,2089.7901785714284,20,-528.4178571428441,-454.01785714284415,4.540178571428571,stop,600,610,-1.163870206489647,-0.9999999999999715,18.160714285714285,ES
2015-05-06,-1,2077.5,2083.1696428571427,19,-561.7960714285529,-491.1160714285529,5.169642857142857,stop,580,645,-1.1439170984455582,-0.9999999999999624,20.678571428571427,ES
2015-05-27,1,2114.75,2110.4464285714284,20,-454.7571428571558,-380.35714285715585,3.8035714285714284,stop,590,605,-1.1956056338028511,-1.0000000000000342,15.214285714285714,ES
2015-06-02,-1,2097.25,2101.2678571428573,20,-426.18571428573375,-351.7857142857338,3.517857142857143,stop,585,595,-1.2114923857868571,-1.0000000000000553,14.071428571428571,ES
2015-06-05,-1,2085.25,2089.4464285714284,20,-444.0428571428441,-369.64285714284415,3.6964285714285716,stop,575,590,-1.2012753623188053,-0.9999999999999648,14.785714285714286,ES
2015-07-08,-1,2047.5,2053.3035714285716,18,-544.2814285714403,-477.32142857144026,5.303571428571429,stop,630,640,-1.1402828282828528,-1.0000000000000244,21.214285714285715,ES
2015-07-09,-1,2054.0,2060.0,18,-561.96,-495.0,5.5,stop,625,655,-1.1352727272727274,-1.0,22.0,ES
2015-07-28,-1,2063.0,2068.125,20,-536.9,-462.5,4.625,stop,615,640,-1.1608648648648647,-1.0,18.5,ES
2015-08-10,1,2095.0,2097.5,20,225.6,300.0,4.625,time,645,950,0.4877837837837838,0.6486486486486487,18.5,ES
2015-08-12,-1,2054.0,2059.7366071428573,19,-568.157678571447,-497.4776785714471,5.236607142857143,stop,605,750,-1.142076726342748,-1.000000000000037,20.946428571428573,ES
2015-08-19,-1,2073.75,2079.34375,19,-554.58625,-483.90625,5.09375,stop,640,825,-1.1460613496932515,-1.0,20.375,ES
2015-08-24,1,1901.5,1894.3526785714287,15,-554.3491071428498,-498.54910714284983,6.647321428571429,stop,580,585,-1.1119247817326916,-0.9999999999999853,26.589285714285715,ES
2015-08-25,-1,1927.25,1936.580357142857,11,-526.589642857141,-485.66964285714107,8.830357142857142,stop,580,615,-1.084254802831139,-0.9999999999999964,35.32142857142857,ES
2015-08-26,-1,1886.25,1896.732142857143,10,-536.3071428571445,-499.1071428571445,9.982142857142858,stop,615,625,-1.0745330948121679,-1.000000000000003,39.92857142857143,ES
2015-10-22,1,2034.0,2047.4607142857142,17,1123.420714285705,1186.660714285705,5.816964285714286,target,610,760,2.2720982348426517,2.3999999999999813,23.267857142857142,ES
2015-11-06,-1,2080.5,2086.035714285714,19,-549.0728571428509,-478.39285714285097,5.035714285714286,stop,600,635,-1.147744680851051,-0.9999999999999871,20.142857142857142,ES
2015-11-09,-1,2076.5,2064.8928571428573,19,1079.4985714285529,1150.178571428553,5.044642857142857,target,605,705,2.2525168141592533,2.3999999999999617,20.178571428571427,ES
2015-11-16,1,2028.25,2022.7142857142858,19,-549.0728571428509,-478.39285714285097,5.035714285714286,stop,575,600,-1.147744680851051,-0.9999999999999871,20.142857142857142,ES
2015-12-03,-1,2069.25,2075.1875,18,-556.335,-489.375,5.4375,stop,600,670,-1.1368275862068966,-1.0,21.75,ES
2015-12-04,1,2067.75,2081.3607142857145,17,1136.170714285732,1199.410714285732,5.879464285714286,target,585,770,2.273457858769967,2.4000000000000354,23.517857142857142,ES
2015-12-07,-1,2071.5,2078.1116071428573,16,-548.448571428587,-488.928571428587,6.111607142857143,stop,630,950,-1.1217355734112808,-1.0000000000000318,24.446428571428573,ES
2015-12-09,1,2068.5,2062.223214285714,17,-554.2667857142912,-491.02678571429124,5.776785714285714,stop,585,700,-1.1287913446677083,-1.0000000000000113,23.107142857142858,ES
2016-01-04,-1,1985.75,1993.0892857142858,14,-530.8300000000046,-478.75000000000455,6.839285714285714,stop,655,765,-1.108783289817242,-1.0000000000000095,27.357142857142858,ES
2016-01-06,1,1991.25,1983.9375,14,-528.955,-476.875,6.8125,stop,625,640,-1.109211009174312,-1.0,27.25,ES
2016-01-07,1,1964.5,1957.0580357142858,14,-538.0174999999955,-485.93749999999545,6.941964285714286,stop,630,705,-1.1071742765273218,-0.9999999999999907,27.767857142857142,ES
2016-01-11,-1,1910.75,1918.5535714285713,13,-523.0921428571365,-474.7321428571365,7.303571428571429,stop,650,710,-1.1018679706601333,-0.9999999999999866,29.214285714285715,ES
2016-01-14,-1,1874.0,1882.763392857143,12,-540.4435714285734,-495.8035714285734,8.263392857142858,stop,595,610,-1.0900356564019487,-1.0000000000000038,33.05357142857143,ES
2016-01-15,1,1879.5,1870.205357142857,11,-524.6253571428589,-483.70535714285893,8.794642857142858,stop,585,595,-1.0845969543147242,-1.0000000000000036,35.17857142857143,ES
2016-01-20,-1,1822.75,1833.0714285714287,10,-528.2714285714335,-491.07142857143344,9.821428571428571,stop,635,820,-1.0757527272727374,-1.00000000000001,39.285714285714285,ES
2016-02-09,1,1850.25,1839.455357142857,9,-496.73892857143005,-463.25892857143003,10.294642857142858,stop,585,640,-1.0722705984388583,-1.000000000000003,41.17857142857143,ES
2016-04-01,1,2048.5,2058.9392857142857,20,1019.5285714285689,1093.9285714285688,4.558035714285714,target,610,820,2.2367717923604253,2.399999999999994,18.232142857142858,ES
2016-05-06,1,2044.75,2039.6205357142858,20,-537.346428571422,-462.9464285714221,4.629464285714286,stop,580,620,-1.1607097396335444,-0.999999999999986,18.517857142857142,ES
2016-05-19,-1,2024.75,2030.6964285714287,18,-557.1385714285802,-490.1785714285802,5.446428571428571,stop,610,630,-1.1366032786885427,-1.000000000000018,21.785714285714285,ES
2016-05-20,1,2054.0,2048.1026785714284,18,-552.7189285714403,-485.75892857144026,5.397321428571429,stop,610,810,-1.137846153846178,-1.000000000000024,21.589285714285715,ES
2016-05-24,1,2066.25,2074.25,19,736.82,807.5,5.066964285714286,time,600,950,1.530699559471366,1.6775330396475772,20.267857142857142,ES
2016-06-13,1,2086.5,2082.183035714286,20,-456.09642857142205,-381.6964285714221,3.8169642857142856,stop,590,690,-1.194919298245597,-0.999999999999983,15.267857142857142,ES
2016-06-14,-1,2057.75,2061.9821428571427,20,-447.6142857142662,-373.2142857142662,3.732142857142857,stop,650,740,-1.1993492822965985,-0.9999999999999479,14.928571428571429,ES
2016-06-16,-1,2044.0,2048.401785714286,20,-464.5785714285779,-390.1785714285779,3.9017857142857144,stop,595,665,-1.1906819221968128,-1.0000000000000167,15.607142857142858,ES
2016-06-17,-1,2058.25,2063.0401785714284,20,-503.4178571428441,-429.01785714284415,4.290178571428571,stop,630,830,-1.1734193548386793,-0.9999999999999698,17.160714285714285,ES
2016-06-24,1,2047.0,2057.9964285714286,20,1075.2428571428622,1149.6428571428623,4.790178571428571,target,575,600,2.244682199440831,2.400000000000011,19.160714285714285,ES
2016-06-27,-1,1999.0,1985.1107142857143,16,1091.6228571428587,1151.1428571428587,5.995535714285714,target,585,650,2.275907669396876,2.400000000000003,23.982142857142858,ES
2016-08-02,-1,2154.75,2147.2571428571428,20,724.8857142857247,799.2857142857247,3.330357142857143,target,605,650,2.1766005361930603,2.400000000000031,13.321428571428571,ES
2016-08-05,1,2175.0,2176.75,20,150.6,225.0,3.325892857142857,time,595,950,0.4528107382550336,0.676510067114094,13.303571428571429,ES
2016-08-17,-1,2168.75,2172.410714285714,20,-390.47142857142205,-316.0714285714221,3.1607142857142856,stop,595,765,-1.235389830508454,-0.9999999999999795,12.642857142857142,ES
2016-08-19,-1,2172.75,2176.3035714285716,20,-379.7571428571558,-305.35714285715585,3.0535714285714284,stop,585,620,-1.24364912280706,-1.0000000000000426,12.214285714285714,ES
2016-09-12,1,2121.0,2116.3839285714284,20,-486.0071428571558,-411.60714285715585,4.116071428571429,stop,575,585,-1.1807548806941746,-1.0000000000000315,16.464285714285715,ES
2016-09-13,-1,2126.25,2115.3928571428573,20,1061.3142857142661,1135.7142857142662,4.732142857142857,target,610,775,2.242777358490525,2.399999999999959,18.928571428571427,ES
2016-09-14,1,2131.75,2126.1116071428573,19,-558.8273214285529,-488.1473214285529,5.138392857142857,stop,620,650,-1.1447923544743321,-0.9999999999999621,20.553571428571427,ES
2016-09-15,1,2128.0,2140.3785714285714,18,1092.1114285714239,1159.071428571424,5.366071428571429,target,615,835,2.2613510815307722,2.39999999999999,21.464285714285715,ES
2016-10-07,-1,2147.0,2149.0,20,-224.4,-150.0,4.78125,time,585,950,-0.4693333333333333,-0.3137254901960784,19.125,ES
2016-10-11,-1,2142.25,2130.9964285714286,20,1100.9571428571376,1175.3571428571377,4.897321428571429,target,610,790,2.2480802187784756,2.3999999999999893,19.589285714285715,ES
2016-10-26,1,2138.5,2133.7723214285716,20,-497.1678571428441,-422.76785714284415,4.227678571428571,stop,655,790,-1.175983104540624,-0.9999999999999694,16.910714285714285,ES
2016-11-09,1,2129.0,2140.1892857142857,20,1094.5285714285687,1168.9285714285688,4.870535714285714,target,580,590,2.2472447296058604,2.3999999999999946,19.482142857142858,ES
2016-11-10,-1,2155.25,2161.2276785714284,18,-559.9510714285598,-492.99107142855974,5.477678571428571,stop,625,700,-1.1358239608801721,-0.9999999999999764,21.910714285714285,ES
2016-12-01,-1,2194.5,2198.058035714286,20,-380.2035714285779,-305.8035714285779,3.0580357142857144,stop,640,705,-1.2432934306569554,-1.000000000000021,12.232142857142858,ES
2016-12-13,1,2267.0,2263.035714285714,20,-420.8285714285779,-346.4285714285779,3.4642857142857144,stop,580,605,-1.2147628865979567,-1.0000000000000187,13.857142857142858,ES
2016-12-15,1,2261.0,2256.5,20,-474.4,-400.0,4.0,stop,595,825,-1.186,-1.0,16.0,ES
2016-12-30,-1,2242.25,2234.542857142857,20,746.3142857143026,820.7142857143026,3.419642857142857,target,575,845,2.182433420365585,2.4000000000000496,13.678571428571429,ES
2017-01-12,-1,2256.25,2260.2098214285716,20,-420.3821428571558,-345.98214285715585,3.4598214285714284,stop,600,755,-1.2150400000000376,-1.0000000000000375,13.839285714285714,ES
2017-01-30,-1,2273.0,2265.614285714286,20,714.171428571413,788.571428571413,3.2857142857142856,target,580,645,2.173565217391257,2.399999999999953,13.142857142857142,ES
2017-02-16,-1,2338.0,2342.129464285714,20,-437.34642857142205,-362.9464285714221,3.6294642857142856,stop,650,685,-1.204988929889281,-0.9999999999999821,14.517857142857142,ES
2017-03-27,1,2330.0,2339.282142857143,20,903.8142857142844,978.2142857142844,4.075892857142857,target,640,780,2.217463307776558,2.3999999999999972,16.303571428571427,ES
2017-04-05,1,2372.75,2367.933035714286,20,-506.09642857142205,-431.6964285714221,4.316964285714286,stop,600,680,-1.1723433298862311,-0.999999999999985,17.267857142857142,ES
2017-04-11,-1,2336.75,2341.6160714285716,20,-511.0071428571558,-436.60714285715585,4.366071428571429,stop,630,730,-1.1704049079754897,-1.0000000000000298,17.464285714285715,ES
2017-05-11,-1,2383.75,2387.285714285714,20,-377.97142857142205,-303.5714285714221,3.0357142857142856,stop,590,735,-1.245082352941155,-0.9999999999999787,12.142857142857142,ES
2017-05-17,-1,2373.25,2376.3973214285716,20,-339.1321428571558,-264.73214285715585,2.6473214285714284,stop,610,615,-1.2810387858347878,-1.000000000000049,10.589285714285714,ES
2017-05-18,1,2360.5,2356.745535714286,20,-399.84642857142205,-325.4464285714221,3.2544642857142856,stop,600,720,-1.2286090534979224,-0.9999999999999801,13.017857142857142,ES
2017-05-19,1,2377.25,2385.1392857142855,20,764.5285714285507,838.9285714285506,3.4955357142857144,target,590,750,2.1871570881225457,2.3999999999999404,13.982142857142858,ES
2017-05-31,-1,2405.75,2409.8258928571427,20,-431.9892857142662,-357.5892857142662,3.575892857142857,stop,595,650,-1.2080599250935786,-0.9999999999999456,14.303571428571429,ES
2017-06-12,-1,2418.75,2422.066964285714,20,-356.09642857142205,-281.6964285714221,2.8169642857142856,stop,590,615,-1.2641141045958564,-0.999999999999977,11.267857142857142,ES
2017-06-16,-1,2423.0,2426.78125,20,-402.525,-328.125,3.28125,stop,580,715,-1.2267428571428571,-1.0,13.125,ES
2017-06-28,1,2435.5,2439.5,20,375.6,450.0,3.9151785714285716,time,640,950,0.9593432155074116,1.1493728620296464,15.660714285714286,ES
2017-06-29,-1,2432.0,2422.6107142857145,20,914.5285714285507,988.9285714285506,4.120535714285714,target,580,680,2.2194409534127337,2.3999999999999493,16.482142857142858,ES
2017-07-06,-1,2412.0,2416.5223214285716,20,-476.6321428571558,-402.23214285715585,4.022321428571429,stop,605,660,-1.1849678135405426,-1.0000000000000322,16.089285714285715,ES
2017-08-01,-1,2468.5,2471.8883928571427,20,-363.2392857142662,-288.8392857142662,2.888392857142857,stop,620,645,-1.2575826893353266,-0.9999999999999325,11.553571428571429,ES
2017-08-04,-1,2469.0,2472.0758928571427,20,-331.9892857142662,-257.5892857142662,2.575892857142857,stop,605,615,-1.28883188908138,-0.9999999999999243,10.303571428571429,ES
2017-08-10,-1,2452.75,2455.96875,20,-346.275,-271.875,2.71875,stop,600,630,-1.273655172413793,-1.0,10.875,ES
2017-08-11,1,2445.5,2441.808035714286,20,-393.59642857142205,-319.1964285714221,3.1919642857142856,stop,640,675,-1.2330853146852943,-0.9999999999999797,12.767857142857142,ES
2017-08-14,1,2460.5,2465.0,20,425.6,500.0,3.2544642857142856,time,595,950,1.3077421124828534,1.5363511659807958,13.017857142857142,ES
2017-08-29,1,2439.5,2445.5,20,575.6,650.0,4.625,time,640,950,1.2445405405405405,1.4054054054054055,18.5,ES
2017-09-21,-1,2497.75,2501.0535714285716,20,-354.7571428571558,-280.35714285715585,2.8035714285714284,stop,590,650,-1.2653757961783902,-1.0000000000000464,11.214285714285714,ES
2017-10-19,-1,2545.5,2548.1696428571427,20,-291.3642857142662,-216.96428571426623,2.169642857142857,stop,605,610,-1.3429135802468235,-0.9999999999999102,8.678571428571429,ES
2017-10-25,-1,2558.75,2553.582142857143,20,492.3857142856974,566.7857142856974,2.361607142857143,target,610,640,2.0849603024573957,2.3999999999999284,9.446428571428571,ES
2017-10-27,1,2571.5,2577.2464285714286,20,550.2428571428624,624.6428571428623,2.6026785714285716,target,645,720,2.114140651801049,2.40000000000002,10.410714285714286,ES
2017-11-09,1,2583.75,2579.90625,20,-408.775,-334.375,3.34375,stop,655,675,-1.2225046728971962,-1.0,13.375,ES
2017-11-14,-1,2565.0,2569.1339285714284,20,-437.7928571428441,-363.39285714284415,3.6339285714285716,stop,600,610,-1.2047371007370649,-0.9999999999999641,14.535714285714286,ES
2017-11-15,-1,2556.5,2560.504464285714,20,-424.84642857142205,-350.4464285714221,3.5044642857142856,stop,575,605,-1.2123006369426566,-0.9999999999999815,14.017857142857142,ES
2017-11-16,1,2581.75,2585.25,20,325.6,400.0,3.705357142857143,time,635,950,0.8787277108433734,1.0795180722891564,14.821428571428571,ES
2017-11-30,1,2642.0,2649.45,20,720.5999999999818,794.9999999999818,3.3125,target,655,735,2.1753962264150397,2.3999999999999453,13.25,ES
2017-12-20,-1,2685.25,2684.25,20,75.6,150.0,4.959821428571429,time,580,950,0.1524248424842484,0.30243024302430244,19.839285714285715,ES
2018-01-03,1,2705.5,2713.282142857143,20,753.8142857142844,828.2142857142844,3.450892857142857,target,600,945,2.184403622250967,2.3999999999999964,13.803571428571429,ES
2018-01-04,1,2726.0,2721.8928571428573,20,-435.1142857142662,-360.7142857142662,3.607142857142857,stop,610,695,-1.2062574257425203,-0.9999999999999462,14.428571428571429,ES
2018-01-16,1,2807.75,2803.6160714285716,20,-437.7928571428441,-363.39285714284415,3.6339285714285716,stop,590,620,-1.2047371007370649,-0.9999999999999641,14.535714285714286,ES
2018-01-25,-1,2836.25,2841.7008928571427,20,-569.4892857142662,-495.0892857142662,4.950892857142857,stop,595,620,-1.1502759242560472,-0.9999999999999607,19.803571428571427,ES
2018-01-30,-1,2821.25,2827.2410714285716,18,-561.1564285714403,-494.19642857144026,5.491071428571429,stop,615,625,-1.135492682926853,-1.0000000000000235,21.964285714285715,ES
2018-02-02,-1,2791.25,2797.754464285714,16,-539.8771428571376,-480.35714285713766,6.004464285714286,stop,600,625,-1.123907806691439,-0.9999999999999892,24.017857142857142,ES
2018-02-05,1,2754.75,2747.285714285714,14,-539.5800000000046,-487.50000000000455,6.964285714285714,stop,610,700,-1.1068307692307786,-1.0000000000000093,27.857142857142858,ES
2018-02-06,1,2641.25,2661.2464285714286,11,1086.3835714285742,1127.3035714285743,8.540178571428571,target,575,590,2.3128823836905443,2.400000000000006,34.160714285714285,ES
2018-02-07,1,2712.0,2701.5491071428573,10,-534.7446428571332,-497.5446428571331,9.950892857142858,stop,605,780,-1.0747671601614879,-0.9999999999999803,39.80357142857143,ES
2018-02-08,-1,2662.25,2637.410714285714,9,1106.78785714286,1140.26785714286,10.558035714285714,target,625,740,2.3295323467230507,2.400000000000006,42.232142857142854,ES
2018-02-09,-1,2583.75,2596.4821428571427,8,-519.0457142857065,-489.2857142857065,12.232142857142858,stop,640,660,-1.0608233576642174,-0.999999999999984,48.92857142857143,ES
2018-04-04,1,2598.75,2628.442857142857,7,1030.7099999999973,1056.7499999999973,12.580357142857142,target,645,865,2.340860184528028,2.399999999999994,50.32142857142857,ES
2018-04-25,-1,2613.25,2623.3571428571427,10,-517.5571428571332,-480.3571428571331,9.607142857142858,stop,580,620,-1.077442379182136,-0.9999999999999797,38.42857142857143,ES
2018-05-24,-1,2715.5,2722.098214285714,16,-547.3771428571376,-487.85714285713766,6.098214285714286,stop,615,720,-1.122002928257676,-0.9999999999999893,24.392857142857142,ES
2018-05-31,-1,2708.5,2714.683035714286,17,-546.2980357142912,-483.05803571429124,5.683035714285714,stop,645,685,-1.1309159465828866,-1.0000000000000113,22.732142857142858,ES
2018-06-15,-1,2769.25,2775.0089285714284,19,-570.2782142857019,-499.59821428570194,5.258928571428571,stop,630,655,-1.1414736842105015,-0.9999999999999755,21.035714285714285,ES
2018-06-25,-1,2732.25,2721.6714285714284,20,1033.4571428571649,1107.857142857165,4.616071428571429,target,585,620,2.2388239845261597,2.400000000000048,18.464285714285715,ES
2018-06-27,1,2741.75,2735.973214285714,18,-541.8707142857202,-474.91071428572013,5.276785714285714,stop,590,665,-1.1409949238578803,-1.0000000000000122,21.107142857142858,ES
2018-07-30,-1,2811.0,2816.1383928571427,20,-538.2392857142662,-463.8392857142662,4.638392857142857,stop,610,625,-1.1604003849855211,-0.999999999999958,18.553571428571427,ES
2018-08-15,-1,2814.75,2820.2991071428573,19,-550.345178571447,-479.6651785714471,5.049107142857143,stop,595,930,-1.147352785145927,-1.0000000000000384,20.196428571428573,ES
2018-09-04,-1,2888.25,2893.401785714286,20,-539.5785714285779,-465.1785714285779,4.651785714285714,stop,580,600,-1.1599385796545245,-1.000000000000014,18.607142857142858,ES
2018-09-05,-1,2883.25,2888.1339285714284,20,-512.7928571428441,-438.39285714284415,4.383928571428571,stop,610,720,-1.1697107942973228,-0.9999999999999705,17.535714285714285,ES
2018-09-07,1,2878.0,2873.2901785714284,20,-495.3821428571558,-420.98214285715585,4.209821428571429,stop,590,725,-1.1767295864263299,-1.0000000000000309,16.839285714285715,ES
2018-09-11,1,2879.5,2889.5,20,975.6,1050.0,4.375,target,605,715,2.229942857142857,2.4,17.5,ES
2018-09-18,1,2907.5,2910.25,20,250.6,325.0,4.558035714285714,time,615,950,0.549798237022527,0.713026444662096,18.232142857142858,ES
2018-10-08,1,2893.0,2887.1383928571427,18,-549.5046428571604,-482.5446428571604,5.361607142857143,stop,610,645,-1.138764363030844,-1.0000000000000362,21.446428571428573,ES
2018-10-09,1,2896.75,2890.7991071428573,18,-557.5403571428396,-490.5803571428396,5.450892857142857,stop,625,660,-1.1364914004913649,-0.9999999999999644,21.803571428571427,ES
2018-10-10,-1,2868.75,2855.6428571428573,17,1093.3671428571263,1156.6071428571263,5.669642857142857,target,575,600,2.268774803149572,2.3999999999999657,22.678571428571427,ES
2018-10-11,1,2797.75,2790.3348214285716,14,-536.142499999991,-484.0624999999909,6.915178571428571,stop,595,600,-1.1075894125241905,-0.9999999999999813,27.660714285714285,ES
2018-10-12,-1,2759.25,2767.9598214285716,12,-537.2292857142935,-492.5892857142935,8.209821428571429,stop,625,635,-1.090623164763474,-1.0000000000000158,32.839285714285715,ES
2018-10-26,-1,2636.5,2650.4241071428573,7,-495.88375000000684,-469.8437500000068,13.424107142857142,stop,640,680,-1.0554226804123858,-1.0000000000000147,53.69642857142857,ES
2018-10-30,1,2672.0,2655.6696428571427,6,-497.2307142857201,-474.91071428572013,15.830357142857142,stop,595,635,-1.046998307952635,-1.0000000000000124,63.32142857142857,ES
2018-12-03,-1,2780.0,2791.0089285714284,9,-506.3817857142799,-472.90178571427987,10.508928571428571,stop,655,915,-1.0707969413763685,-0.9999999999999878,42.035714285714285,ES
2018-12-10,-1,2607.5,2620.3660714285716,8,-524.4028571428623,-494.64285714286234,12.366071428571429,stop,635,765,-1.0601646209386386,-1.0000000000000104,49.464285714285715,ES
2019-01-04,1,2517.5,2528.0,5,256.4,275.0,17.388392857142858,time,625,950,0.5898187419768933,0.6326059050064184,69.55357142857143,ES
2019-03-07,-1,2751.5,2757.21875,19,-566.46125,-495.78125,5.21875,stop,585,700,-1.1425628742514968,-1.0,20.875,ES
2019-03-21,1,2833.25,2848.6285714285714,15,1135.0928571428533,1190.8928571428532,6.616071428571429,target,585,660,2.2875465587044457,2.399999999999992,26.464285714285715,ES
2019-03-22,-1,2832.5,2840.026785714286,14,-543.9550000000046,-491.87500000000455,7.026785714285714,stop,595,615,-1.1058805590851428,-1.0000000000000093,28.107142857142858,ES
2019-04-17,-1,2914.0,2903.7535714285714,20,1000.2428571428624,1074.6428571428623,4.477678571428571,target,580,690,2.233842472582265,2.400000000000012,17.910714285714285,ES
2019-04-25,-1,2920.25,2924.9598214285716,20,-495.3821428571558,-420.98214285715585,4.209821428571429,stop,580,590,-1.1767295864263299,-1.0000000000000309,16.839285714285715,ES
2019-05-06,1,2911.25,2905.4821428571427,18,-541.0671428571604,-474.1071428571604,5.267857142857143,stop,575,590,-1.1412338983051218,-1.0000000000000369,21.071428571428573,ES
2019-05-07,-1,2894.25,2900.7098214285716,16,-536.3057142857247,-476.7857142857247,5.959821428571429,stop,600,625,-1.1248359550562015,-1.0000000000000218,23.839285714285715,ES
2019-05-09,-1,2842.75,2850.223214285714,14,-540.2049999999955,-488.12499999999545,6.973214285714286,stop,600,710,-1.1066939820742545,-0.9999999999999907,27.892857142857142,ES
2019-05-10,-1,2845.25,2827.8357142857144,13,1116.068571428564,1164.4285714285638,7.464285714285714,target,620,660,2.3003253588516595,2.3999999999999844,29.857142857142858,ES
2019-05-17,1,2872.5,2861.348214285714,9,-512.8103571428601,-479.33035714286007,10.651785714285714,stop,640,910,-1.0698474434199559,-1.0000000000000062,42.607142857142854,ES
2019-06-18,1,2931.75,2923.84375,13,-529.76625,-481.40625,7.40625,stop,585,710,-1.1004556962025316,-1.0,29.625,ES
2019-07-10,1,3006.75,3000.8035714285716,18,-557.1385714285598,-490.17857142855974,5.446428571428571,stop,590,610,-1.136603278688501,-0.9999999999999762,21.785714285714285,ES
2019-07-25,-1,3007.25,3012.8839285714284,19,-558.4032142857019,-487.72321428570194,5.133928571428571,stop,585,635,-1.1449182608695398,-0.9999999999999748,20.535714285714285,ES
2019-08-01,1,2992.25,3005.2285714285713,17,1082.4385714285593,1145.6785714285593,5.616071428571429,target,595,630,2.267523052464203,2.399999999999974,22.464285714285715,ES
2019-08-02,-1,2929.25,2913.9035714285715,15,1132.68214285714,1188.48214285714,6.602678571428571,target,605,660,2.287318458417844,2.399999999999994,26.410714285714285,ES
2019-08-05,-1,2870.5,2853.8035714285716,13,1069.4078571428488,1117.7678571428487,7.165178571428571,target,600,765,2.296164485981291,2.399999999999982,28.660714285714285,ES
2019-08-07,-1,2829.0,2838.7098214285716,10,-497.6910714285779,-460.4910714285779,9.209821428571429,stop,585,595,-1.0807833252544978,-1.000000000000014,36.839285714285715,ES
2019-08-09,-1,2908.0,2918.8928571428573,9,-501.1585714285802,-467.6785714285802,10.392857142857142,stop,630,770,-1.0715876288659982,-1.0000000000000189,41.57142857142857,ES
2019-08-13,1,2924.25,2929.25,8,190.24,220.0,11.294642857142858,time,585,950,0.42108458498023715,0.4869565217391304,45.17857142857143,ES
2019-10-02,-1,2909.0,2892.4857142857145,14,1138.9199999999855,1190.9999999999854,7.089285714285714,target,575,635,2.295052896725412,2.3999999999999706,28.357142857142858,ES
2019-10-08,-1,2899.0,2908.8571428571427,10,-505.0571428571331,-467.8571428571331,9.357142857142858,stop,605,675,-1.0795114503816585,-0.9999999999999791,37.42857142857143,ES
2019-10-10,1,2938.0,2927.5178571428573,10,-536.3071428571332,-499.1071428571331,9.982142857142858,stop,595,845,-1.074533094812145,-0.9999999999999805,39.92857142857143,ES
2019-12-02,-1,3134.5,3125.1428571428573,20,911.3142857142662,985.7142857142662,4.107142857142857,target,575,600,2.2188521739129965,2.399999999999953,16.428571428571427,ES
2019-12-03,-1,3071.0,3075.8928571428573,20,-513.6857142857338,-439.2857142857338,4.392857142857143,stop,585,590,-1.1693658536585807,-1.0000000000000442,17.571428571428573,ES
2019-12-04,1,3115.75,3112.75,20,-324.4,-250.0,4.857142857142857,time,590,950,-0.6678823529411765,-0.5147058823529412,19.428571428571427,ES
2019-12-12,1,3159.75,3171.260714285714,19,1070.3378571428423,1141.0178571428423,5.004464285714286,target,575,600,2.2513327386261954,2.399999999999969,20.017857142857142,ES
2019-12-30,-1,3230.25,3220.6035714285713,20,940.2428571428715,1014.6428571428714,4.227678571428571,target,575,610,2.2240168954593793,2.400000000000034,16.910714285714285,ES
2020-01-02,-1,3237.5,3242.473214285714,20,-521.721428571422,-447.3214285714221,4.473214285714286,stop,635,655,-1.1663233532933985,-0.9999999999999856,17.892857142857142,ES
2020-01-03,1,3234.25,3245.225,20,1073.0999999999908,1147.499999999991,4.78125,target,575,725,2.244392156862726,2.399999999999981,19.125,ES
2020-01-06,1,3223.5,3234.432142857143,20,1068.8142857142934,1143.2142857142935,4.763392857142857,target,580,650,2.2438088097469704,2.400000000000017,19.053571428571427,ES
2020-01-23,-1,3303.5,3309.3973214285716,18,-552.7189285714403,-485.75892857144026,5.397321428571429,stop,580,595,-1.137846153846178,-1.000000000000024,21.589285714285715,ES
2020-01-27,1,3248.75,3242.75,18,-561.96,-495.0,5.5,stop,580,615,-1.1352727272727274,-1.0,22.0,ES
2020-01-30,1,3263.0,3255.9598214285716,15,-546.3133928571331,-490.5133928571331,6.540178571428571,stop,575,615,-1.1137583617747242,-0.9999999999999802,26.160714285714285,ES
2020-01-31,-1,3261.5,3245.3928571428573,14,1110.4199999999864,1162.4999999999864,6.919642857142857,target,590,650,2.292479999999972,2.399999999999972,27.678571428571427,ES
2020-02-21,-1,3336.25,3344.2633928571427,13,-536.7305357142731,-488.37053571427305,7.513392857142857,stop,585,595,-1.0990231729055,-0.999999999999974,30.053571428571427,ES
2020-02-24,1,3253.5,3245.5,13,-535.86,-487.5,7.5,stop,575,580,-1.0992,-1.0,30.0,ES
2020-02-25,-1,3221.75,3201.464285714286,11,1102.294285714282,1143.2142857142821,8.660714285714286,target,615,625,2.314094845360817,2.3999999999999924,34.642857142857146,ES
2020-02-26,1,3170.75,3159.9821428571427,9,-495.5335714285802,-462.0535714285802,10.267857142857142,stop,580,585,-1.0724591304348017,-1.000000000000019,41.07142857142857,ES
2020-02-27,-1,3032.0,3043.8526785714284,8,-483.86714285713765,-454.10714285713766,11.352678571428571,stop,620,650,-1.0655351946519744,-0.9999999999999886,45.410714285714285,ES
2020-02-28,1,2921.5,2907.526785714286,7,-497.60249999999775,-471.5624999999977,13.473214285714286,stop,575,580,-1.0552206759443292,-0.9999999999999952,53.892857142857146,ES
2020-03-02,-1,2945.5,2960.9910714285716,6,-472.05214285714675,-449.73214285714675,14.991071428571429,stop,605,610,-1.0496295413936954,-1.0000000000000087,59.964285714285715,ES
2020-05-27,-1,2987.75,3002.4196428571427,7,-521.9774999999931,-495.9374999999932,14.169642857142858,stop,630,840,-1.0525066162570749,-0.9999999999999861,56.67857142857143,ES
2020-06-11,-1,3087.75,3060.714285714286,8,1071.6685714285688,1101.4285714285688,11.473214285714286,target,655,735,2.33515330739299,2.399999999999994,45.892857142857146,ES
2020-07-14,1,3158.0,3143.2366071428573,7,-525.2587499999931,-499.2187499999932,14.263392857142858,stop,650,660,-1.052161502347404,-0.9999999999999862,57.05357142857143,ES
2020-09-03,-1,3537.0,3519.5964285714285,13,1115.3721428571455,1163.7321428571454,7.459821428571429,target,615,635,2.300265709156199,2.4000000000000052,29.839285714285715,ES
2020-09-04,-1,3436.25,3446.6116071428573,10,-530.2803571428669,-493.0803571428669,9.861607142857142,stop,590,600,-1.0754440923494992,-1.0000000000000198,39.44642857142857,ES
2020-09-08,-1,3343.5,3355.816964285714,8,-502.4385714285688,-472.67857142856883,11.816964285714286,stop,580,595,-1.0629603324518266,-0.9999999999999944,47.267857142857146,ES
2020-09-17,1,3357.25,3340.035714285714,5,-436.4571428571445,-417.8571428571445,16.714285714285715,stop,645,715,-1.0445128205128245,-1.0000000000000038,66.85714285714286,ES
2020-09-21,-1,3220.25,3239.0133928571427,5,-475.1848214285666,-456.58482142856656,18.263392857142858,stop,635,670,-1.040737228061588,-0.9999999999999893,73.05357142857143,ES
2020-10-28,-1,3292.75,3269.0,8,940.24,970.0,11.995535714285714,time,615,950,1.95956233717901,2.0215854112393004,47.982142857142854,ES
2020-10-29,1,3295.75,3281.6339285714284,7,-502.60250000000457,-476.56250000000455,13.616071428571429,stop,635,705,-1.0546413114754194,-1.0000000000000095,54.464285714285715,ES
2020-10-30,-1,3251.25,3266.2053571428573,6,-455.9807142857201,-433.66071428572013,14.455357142857142,stop,625,745,-1.0514688079061285,-1.0000000000000135,57.82142857142857,ES
2020-11-04,1,3441.0,3477.7642857142855,6,1095.6085714285653,1117.9285714285652,15.526785714285714,target,605,740,2.3520828062104524,2.3999999999999866,62.107142857142854,ES
2020-11-09,-1,3606.25,3623.6785714285716,5,-441.814285714289,-423.21428571428896,16.928571428571427,stop,595,600,-1.0439493670886155,-1.0000000000000078,67.71428571428571,ES
2020-12-10,1,3672.0,3662.941964285714,11,-511.6119642857179,-470.69196428571786,8.558035714285714,stop,595,710,-1.086935837245704,-1.0000000000000075,34.232142857142854,ES
2020-12-18,-1,3698.5,3703.25,10,-249.7,-212.5,9.111607142857142,time,590,950,-0.5480921117099461,-0.466438020578148,36.44642857142857,ES
2020-12-21,-1,3639.0,3648.5491071428573,11,-538.6208928571535,-497.7008928571536,9.049107142857142,stop,605,665,-1.0822180562407715,-1.0000000000000218,36.19642857142857,ES
2021-01-04,-1,3741.25,3720.9535714285716,11,1102.8835714285592,1143.8035714285593,8.665178571428571,target,590,645,2.3141391035548433,2.3999999999999746,34.660714285714285,ES
2021-01-05,1,3706.0,3695.5401785714284,10,-535.191071428578,-497.9910714285779,9.959821428571429,stop,575,630,-1.0747001344688611,-1.000000000000013,39.839285714285715,ES
2021-01-06,1,3723.5,3746.5071428571428,10,1138.1571428571376,1175.3571428571377,9.794642857142858,target,585,630,2.3240401093892324,2.3999999999999893,39.17857142857143,ES
2021-01-15,-1,3748.5,3759.870535714286,9,-522.6541071428601,-489.17410714286007,10.870535714285714,stop,615,640,-1.0684418891170493,-1.000000000000006,43.482142857142854,ES
2021-01-27,-1,3784.25,3762.6892857142857,10,1065.8357142857155,1103.0357142857156,9.191964285714286,target,575,590,2.319059737736768,2.4000000000000026,36.767857142857146,ES
2021-01-28,1,3790.0,3779.3125,9,-491.9175,-458.4375,10.1875,stop,580,585,-1.0730306748466258,-1.0,40.75,ES
2021-02-23,-1,3832.25,3813.175,12,1129.859999999989,1174.499999999989,8.15625,target,575,585,2.3087816091953797,2.3999999999999777,32.625,ES
2021-02-24,1,3886.75,3908.192857142857,10,1059.9428571428532,1097.1428571428532,9.142857142857142,target,655,730,2.3186249999999915,2.3999999999999915,36.57142857142857,ES
2021-02-26,-1,3823.25,3796.8785714285714,8,1045.097142857145,1074.857142857145,11.196428571428571,target,595,625,2.3335502392344547,2.400000000000005,44.785714285714285,ES
2021-03-01,1,3884.5,3898.5,8,550.24,580.0,11.991071428571429,time,615,950,1.147186895011169,1.2092330603127326,47.964285714285715,ES
2021-03-04,-1,3788.75,3803.0,7,-507.29,-481.25,13.75,stop,615,620,-1.0541090909090909,-1.0,55.0,ES
2021-03-05,-1,3777.0,3792.8571428571427,6,-483.03428571427986,-460.71428571427987,15.357142857142858,stop,585,605,-1.048446511627894,-0.9999999999999871,61.42857142857143,ES
2021-04-21,1,4138.5,4157.285714285715,12,1112.5028571428804,1157.1428571428805,8.035714285714286,target,595,930,2.3074133333333817,2.4000000000000483,32.142857142857146,ES
2021-04-29,-1,4191.5,4171.492857142857,11,1086.9728571428514,1127.8928571428514,8.544642857142858,target,615,725,2.3129278996865077,2.3999999999999875,34.17857142857143,ES
2021-05-04,-1,4148.0,4126.792857142857,11,1152.9728571428413,1193.8928571428414,9.044642857142858,target,585,670,2.317741362290195,2.399999999999968,36.17857142857143,ES
2021-05-05,-1,4158.75,4168.915178571428,10,-520.4589285714221,-483.2589285714221,9.665178571428571,stop,600,655,-1.0769773672055294,-0.9999999999999866,38.660714285714285,ES
2021-05-06,-1,4145.0,4154.816964285715,10,-503.04821428573376,-465.8482142857338,9.316964285714286,stop,605,635,-1.079854336368034,-1.0000000000000417,37.267857142857146,ES
2021-05-07,1,4224.0,4228.25,10,200.3,237.5,9.915178571428571,time,605,950,0.40402701485817205,0.4790634849167042,39.660714285714285,ES
2021-05-11,1,4152.75,4142.25,10,-537.2,-500.0,10.0,stop,595,610,-1.0744,-1.0,40.0,ES
2021-05-12,-1,4095.5,4070.692857142857,9,1105.341428571432,1138.821428571432,10.544642857142858,target,645,735,2.329442845046578,2.400000000000007,42.17857142857143,ES
2021-05-13,1,4100.5,4088.7633928571427,8,-479.2242857142935,-449.4642857142935,11.236607142857142,stop,590,810,-1.0662121573301724,-1.0000000000000175,44.94642857142857,ES
2021-06-21,1,4189.75,4208.225,12,1093.8600000000217,1138.5000000000218,7.90625,target,600,700,2.3058972332016268,2.400000000000046,31.625,ES
2021-07-09,1,4346.25,4362.0,13,1007.89,1056.25,7.598214285714286,time,600,950,2.0407426556991775,2.1386603995299645,30.392857142857142,ES
2021-07-16,-1,4346.25,4328.653571428571,13,1127.9078571428843,1176.2678571428842,7.540178571428571,target,610,870,2.3013285968028976,2.4000000000000554,30.160714285714285,ES
2021-07-19,-1,4249.5,4258.142857142857,12,-533.211428571413,-488.571428571413,8.142857142857142,stop,590,705,-1.0913684210525998,-0.9999999999999682,32.57142857142857,ES
2021-07-20,1,4279.25,4301.7642857142855,10,1113.5142857142753,1150.7142857142753,9.589285714285714,target,585,645,2.3224134078212075,2.3999999999999786,38.357142857142854,ES
2021-08-19,1,4381.75,4399.378571428571,13,1129.9971428571396,1178.3571428571395,7.553571428571429,target,580,615,2.301503546099284,2.399999999999993,30.214285714285715,ES
2021-08-20,1,4420.25,4438.767857142857,12,1096.4314285714129,1141.071428571413,7.924107142857143,target,590,935,2.3061092957746148,2.3999999999999675,31.696428571428573,ES
2021-09-07,-1,4516.25,4524.178571428572,13,-531.2171428571513,-482.8571428571513,7.428571428571429,stop,605,765,-1.1001538461538636,-1.0000000000000173,29.714285714285715,ES
2021-09-13,-1,4465.25,4472.5625,14,-528.955,-476.875,6.8125,stop,580,590,-1.109211009174312,-1.0,27.25,ES
2021-09-14,-1,4458.25,4440.835714285714,13,1116.0685714285935,1164.4285714285934,7.464285714285714,target,590,640,2.3003253588517203,2.4000000000000457,29.857142857142858,ES
2021-09-16,-1,4445.75,4454.741071428572,11,-507.92892857143573,-467.0089285714357,8.491071428571429,stop,600,760,-1.0876214511041162,-1.0000000000000153,33.964285714285715,ES
2021-09-17,-1,4439.5,4419.653571428571,11,1078.1335714285942,1119.0535714285943,8.477678571428571,target,590,825,2.3122401263823558,2.400000000000049,33.910714285714285,ES
2021-09-21,-1,4341.25,4352.53125,9,-518.63625,-485.15625,10.78125,stop,645,665,-1.069008695652174,-1.0,43.125,ES
2021-09-23,1,4430.25,4441.25,8,430.24,460.0,12.111607142857142,time,585,950,0.8880737191301143,0.9495023958717288,48.44642857142857,ES
2021-09-28,-1,4376.25,4345.132142857143,7,1080.5850000000037,1106.6250000000036,13.174107142857142,target,600,675,2.3435255845476193,2.4000000000000083,52.69642857142857,ES
2021-10-01,-1,4285.0,4300.129464285715,6,-461.20392857144026,-438.88392857144026,14.629464285714286,stop,615,660,-1.0508562709795812,-1.0000000000000266,58.517857142857146,ES
2021-11-22,1,4730.75,4722.517857142857,12,-508.568571428587,-463.928571428587,7.732142857142857,stop,585,705,-1.096221709006962,-1.0000000000000335,30.928571428571427,ES
2021-11-23,1,4693.0,4684.035714285715,11,-506.45571428569286,-465.53571428569285,8.464285714285714,stop,590,600,-1.087898734177169,-0.9999999999999539,33.857142857142854,ES
2021-11-26,-1,4612.5,4621.410714285715,11,-503.50928571430717,-462.58928571430715,8.410714285714286,stop,585,595,-1.088458598726161,-1.0000000000000464,33.642857142857146,ES
2021-11-29,-1,4626.0,4636.839285714285,9,-498.7478571428396,-465.2678571428396,10.339285714285714,stop,635,665,-1.0719585492227603,-0.9999999999999624,41.357142857142854,ES
2021-11-30,-1,4596.0,4569.392857142857,8,1054.5257142857247,1084.2857142857247,11.294642857142858,target,650,705,2.3341280632411294,2.4000000000000226,45.17857142857143,ES
2021-12-02,1,4538.75,4523.9375,6,-451.695,-429.375,14.3125,stop,575,645,-1.0519825327510917,-1.0,57.25,ES
2021-12-03,-1,4554.5,4518.646428571428,6,1068.2871428571523,1090.6071428571522,15.147321428571429,target,590,665,2.3508824049513914,2.400000000000021,60.589285714285715,ES
2021-12-07,1,4683.75,4676.75,5,-181.1,-162.5,17.450892857142858,time,610,950,-0.4151077001790739,-0.37247377845996416,69.80357142857143,ES
2022-01-10,-1,4608.5,4577.95,7,1060.7100000000064,1086.7500000000064,12.9375,target,585,640,2.3424927536232025,2.400000000000014,51.75,ES
2022-01-11,-1,4635.75,4649.325892857143,7,-483.6962500000091,-457.6562500000091,13.075892857142858,stop,580,605,-1.056898600204868,-1.0000000000000198,52.30357142857143,ES
2022-01-14,1,4643.75,4629.540178571428,7,-505.88375000000457,-479.84375000000455,13.709821428571429,stop,590,635,-1.0542676652556267,-1.0000000000000095,54.839285714285715,ES
2022-01-20,1,4574.0,4558.285714285715,6,-478.7485714285597,-456.42857142855974,15.214285714285714,stop,595,835,-1.0489014084506785,-0.9999999999999744,60.857142857142854,ES
2022-01-21,-1,4425.5,4443.071428571428,5,-445.38571428571106,-426.78571428571104,17.071428571428573,stop,610,625,-1.0435815899581513,-0.9999999999999922,68.28571428571429,ES
2022-01-24,-1,4287.0,4305.678571428572,5,-473.064285714289,-454.46428571428896,18.178571428571427,stop,600,630,-1.0409273084479445,-1.0000000000000073,72.71428571428571,ES
2022-01-25,-1,4290.0,4311.419642857143,4,-433.27285714286234,-418.39285714286234,20.919642857142858,stop,590,615,-1.0355646606914337,-1.0000000000000124,83.67857142857143,ES
2022-02-24,1,4152.25,4201.357142857143,4,977.2628571428623,992.1428571428623,20.669642857142858,target,585,825,2.3640051835853257,2.4000000000000123,82.67857142857143,ES
2022-04-19,1,4423.0,4461.2,6,1138.6799999999946,1160.9999999999945,16.125,target,595,915,2.353860465116268,2.399999999999989,64.5,ES
2022-04-22,-1,4345.75,4304.732142857143,5,1019.346428571422,1037.946428571422,17.299107142857142,target,615,800,2.356991999999985,2.3999999999999853,69.19642857142857,ES
2022-04-27,1,4221.0,4199.96875,4,-425.505,-410.625,20.53125,stop,585,600,-1.0362374429223744,-1.0,82.125,ES
2022-05-11,1,4042.5,4011.1473214285716,3,-473.95017857142665,-462.7901785714266,30.852678571428573,stop,640,660,-1.0241145999131778,-0.9999999999999958,123.41071428571429,ES
2022-06-16,-1,3663.25,3686.3571428571427,4,-467.02285714285324,-452.14285714285325,22.607142857142858,stop,645,685,-1.0329099526066263,-0.9999999999999913,90.42857142857143,ES
2022-07-13,1,3809.75,3810.0,5,0.15000000000000036,18.75,17.209821428571427,time,640,950,0.00034863813229572073,0.043579766536964985,68.83928571428571,ES
2022-08-19,-1,4233.0,4232.25,7,17.71,43.75,13.308035714285714,time,655,950,0.03802214022140222,0.09392821200939282,53.232142857142854,ES
2022-08-30,-1,4009.5,3971.8357142857144,6,1122.608571428568,1144.928571428568,15.901785714285714,target,605,645,2.353212801796736,2.3999999999999924,63.607142857142854,ES
2022-09-08,1,3992.75,3974.8125,5,-454.5375,-435.9375,17.4375,stop,635,720,-1.0426666666666666,-1.0,69.75,ES
2022-09-29,-1,3645.0,3666.7991071428573,4,-440.86214285714675,-425.98214285714675,21.299107142857142,stop,600,710,-1.0349310417103426,-1.000000000000009,85.19642857142857,ES
2022-10-13,1,3559.0,3612.2214285714285,4,1059.5485714285705,1074.4285714285706,22.383928571428573,target,610,675,2.3667618667730332,2.399999999999998,89.53571428571429,ES
2022-10-14,-1,3663.25,3606.3964285714287,4,1132.1914285714256,1147.0714285714257,23.897321428571427,target,605,735,2.368866803661492,2.399999999999994,95.58928571428571,ES
2022-10-21,1,3721.25,3696.816964285714,4,-493.5407142857156,-478.6607142857156,23.933035714285715,stop,605,625,-1.0310867375489674,-1.0000000000000027,95.73214285714286,ES
2022-12-02,1,4053.0,4084.417857142857,7,1091.0849999999941,1117.124999999994,13.299107142857142,target,630,915,2.344056394763331,2.3999999999999875,53.19642857142857,ES
2022-12-15,-1,3934.25,3924.75,5,231.4,250.0,16.910714285714285,time,600,950,0.5473453009503696,0.5913410770855333,67.64285714285714,ES
2022-12-22,-1,3840.25,3798.707142857143,5,1032.4714285714244,1051.0714285714243,17.517857142857142,target,610,780,2.357529051987758,2.3999999999999906,70.07142857142857,ES
2023-01-03,-1,3839.0,3857.8973214285716,5,-478.533035714289,-459.93303571428896,18.397321428571427,stop,615,655,-1.0404406697403614,-1.000000000000007,73.58928571428571,ES
2023-01-12,-1,3966.5,3983.5133928571427,6,-517.7217857142799,-495.40178571427987,16.513392857142858,stop,580,605,-1.0450543390105316,-0.9999999999999881,66.05357142857143,ES
2023-02-03,1,4170.25,4154.839285714285,6,-469.64142857144026,-447.32142857144026,14.910714285714286,stop,610,785,-1.0498970059880501,-1.0000000000000262,59.642857142857146,ES
2023-02-14,1,4162.0,4145.607142857143,6,-499.1057142857065,-476.7857142857065,15.892857142857142,stop,605,635,-1.0468134831460512,-0.9999999999999838,63.57142857142857,ES
2023-02-16,1,4132.5,4116.28125,6,-493.8825,-471.5625,15.71875,stop,645,920,-1.0473320079522863,-1.0,62.875,ES
2023-02-23,-1,4002.25,4016.4464285714284,7,-505.4149999999955,-479.37499999999545,13.696428571428571,stop,645,870,-1.0543207301173307,-0.9999999999999906,54.785714285714285,ES
2023-03-10,-1,3885.25,3899.223214285714,7,-497.60249999999775,-471.5624999999977,13.473214285714286,stop,585,595,-1.0552206759443292,-0.9999999999999952,53.892857142857146,ES
2023-04-12,-1,4130.5,4143.25,8,-519.76,-490.0,12.25,stop,655,715,-1.060734693877551,-1.0,49.0,ES
2023-04-14,1,4186.25,4175.165178571428,9,-509.79696428572015,-476.31696428572013,10.584821428571429,stop,595,605,-1.0702893293968911,-1.0000000000000122,42.339285714285715,ES
2023-05-04,-1,4071.75,4083.620535714286,8,-484.58142857143116,-454.82142857143117,11.370535714285714,stop,620,665,-1.0654322732626678,-1.0000000000000058,45.482142857142854,ES
2023-05-05,1,4135.25,4161.792857142857,8,1051.9542857142972,1081.7142857142971,11.267857142857142,target,615,895,2.3339714738510557,2.4000000000000257,45.07142857142857,ES
2023-05-10,-1,4140.5,4152.955357142857,8,-507.9742857142753,-478.2142857142753,11.955357142857142,stop,585,600,-1.062231516056737,-0.9999999999999784,47.82142857142857,ES
2023-05-24,-1,4119.0,4130.107142857143,9,-510.8014285714403,-477.32142857144026,10.607142857142858,stop,620,680,-1.0701414141414385,-1.0000000000000244,42.42857142857143,ES
2023-05-25,-1,4140.25,4151.334821428572,9,-509.79696428572015,-476.31696428572013,10.584821428571429,stop,575,585,-1.0702893293968911,-1.0000000000000122,42.339285714285715,ES
2023-05-26,1,4185.0,4208.307142857143,10,1153.1571428571467,1190.3571428571468,9.919642857142858,target,580,640,2.3249972997299806,2.400000000000008,39.67857142857143,ES
2023-06-02,1,4275.5,4291.75,9,720.27,753.75,10.620535714285714,time,645,950,1.5070802858343844,1.577133249264397,42.482142857142854,ES
2023-06-16,-1,4471.0,4482.370535714285,9,-522.6541071428396,-489.1741071428396,10.870535714285714,stop,590,610,-1.0684418891170073,-0.9999999999999643,43.482142857142854,ES
2023-07-06,-1,4427.25,4435.669642857143,12,-519.818571428587,-475.178571428587,7.919642857142857,stop,600,725,-1.093943630214238,-1.0000000000000329,31.678571428571427,ES
2023-07-07,1,4450.75,4441.941964285715,12,-543.1221428571195,-498.48214285711947,8.308035714285714,stop,595,615,-1.0895518538419735,-0.9999999999999531,33.232142857142854,ES
2023-08-08,-1,4492.0,4502.683035714285,9,-491.7166071428396,-458.2366071428396,10.183035714285714,stop,585,795,-1.0730626918018031,-0.9999999999999618,40.732142857142854,ES
2023-08-10,1,4531.5,4520.116071428572,9,-523.2567857142799,-489.77678571427987,10.883928571428571,stop,585,645,-1.0683576702214812,-0.9999999999999881,43.535714285714285,ES
2023-09-01,-1,4520.0,4522.25,8,-99.76,-70.0,12.486607142857142,time,655,950,-0.19973400071505187,-0.1401501608866643,49.94642857142857,ES
2023-09-15,-1,4514.25,4497.75,10,812.8,850.0,9.392857142857142,time,650,950,1.7306768060836502,1.8098859315589355,37.57142857142857,ES
2023-10-03,-1,4276.0,4261.0,7,516.46,542.5,13.160714285714286,time,620,950,1.1212157394843962,1.1777476255088195,52.642857142857146,ES
2023-10-20,-1,4266.75,4282.330357142857,6,-474.7307142857065,-452.4107142857065,15.080357142857142,stop,635,795,-1.049335701598562,-0.9999999999999829,60.32142857142857,ES
2023-11-14,1,4512.0,4508.25,7,-139.79,-113.75,12.830357142857142,time,625,950,-0.31129297146833684,-0.25330549756437026,51.32142857142857,ES
2023-12-06,-1,4578.25,4561.607142857143,14,1147.9199999999819,1199.9999999999818,7.142857142857143,target,620,920,2.2958399999999637,2.3999999999999635,28.571428571428573,ES
2024-01-05,1,4753.5,4743.388392857143,10,-517.7803571428442,-480.58035714284415,9.611607142857142,stop,600,705,-1.0774064096609113,-0.999999999999973,38.44642857142857,ES
2024-01-11,-1,4800.5,4775.832142857143,9,1099.0735714285843,1132.5535714285843,10.486607142857142,target,600,675,2.3290523627075626,2.4000000000000274,41.94642857142857,ES
2024-01-12,-1,4809.75,4820.321428571428,9,-486.6942857142799,-453.21428571427987,10.071428571428571,stop,615,835,-1.0738723404255193,-0.9999999999999872,40.285714285714285,ES
2024-02-02,1,4958.5,4981.689285714286,10,1147.2642857142844,1184.4642857142844,9.870535714285714,target,640,750,2.324624151967433,2.3999999999999977,39.482142857142854,ES
2024-03-05,-1,5096.0,5072.275,9,1056.6450000000164,1090.1250000000164,10.09375,target,620,885,2.3262910216718624,2.400000000000036,40.375,ES
2024-03-08,1,5185.5,5173.888392857143,8,-474.2242857142753,-444.4642857142753,11.111607142857142,stop,590,665,-1.0669570108477067,-0.9999999999999767,44.44642857142857,ES
2024-03-14,-1,5210.5,5222.535714285715,8,-491.188571428587,-461.428571428587,11.535714285714286,stop,590,615,-1.0644953560371855,-1.0000000000000338,46.142857142857146,ES
2024-04-05,1,5237.5,5263.635714285714,9,1165.1271428571358,1198.6071428571358,11.098214285714286,target,645,715,2.3329621882542093,2.3999999999999857,44.392857142857146,ES
2024-04-10,1,5224.75,5213.0625,8,-477.26,-447.5,11.1875,stop,635,645,-1.0665027932960893,-1.0,44.75,ES
2024-04-11,-1,5193.25,5205.267857142857,8,-490.4742857142753,-460.7142857142753,11.517857142857142,stop,605,700,-1.0645953488371869,-0.9999999999999776,46.07142857142857,ES
2024-05-23,-1,5337.25,5315.625,10,1069.05,1106.25,9.21875,target,585,800,2.319294915254237,2.4,36.875,ES
2024-05-31,-1,5238.0,5214.885714285714,10,1143.5142857142935,1180.7142857142935,9.839285714285714,target,615,720,2.3243847549909415,2.400000000000016,39.357142857142854,ES
2024-06-03,-1,5285.5,5259.642857142857,9,1152.5914285714402,1186.0714285714403,10.982142857142858,target,645,740,2.332253658536609,2.4000000000000234,43.92857142857143,ES
2024-06-12,1,5453.5,5440.473214285715,7,-464.4774999999864,-438.43749999998636,12.526785714285714,stop,625,675,-1.059392729864545,-0.9999999999999689,50.107142857142854,ES
2024-07-02,1,5537.75,5562.75,9,1114.02,1147.5,11.013392857142858,time,650,950,2.247808674503445,2.3153627888123225,44.05357142857143,ES
2024-07-11,-1,5665.5,5674.973214285715,11,-534.4467857143071,-493.52678571430715,8.973214285714286,stop,620,630,-1.0829134328358643,-1.0000000000000435,35.892857142857146,ES
2024-07-12,1,5665.5,5688.207142857143,10,1123.1571428571285,1160.3571428571286,9.669642857142858,target,605,700,2.3230581717451226,2.39999999999997,38.67857142857143,ES
2024-07-18,-1,5629.0,5641.232142857143,8,-499.04571428572467,-469.2857142857247,11.732142857142858,stop,640,650,-1.0634155251141773,-1.000000000000022,46.92857142857143,ES
2024-07-24,-1,5522.0,5491.953571428571,7,1043.0850000000082,1069.1250000000082,12.727678571428571,target,600,860,2.341544721150492,2.4000000000000186,50.910714285714285,ES
2024-07-25,-1,5444.0,5459.486607142857,6,-471.9182142857065,-449.5982142857065,14.986607142857142,stop,600,620,-1.0496443252904206,-0.9999999999999828,59.94642857142857,ES
2024-08-02,-1,5362.75,5366.5,4,-79.88,-65.0,20.620535714285715,time,605,950,-0.19369040917947605,-0.15760987226672438,82.48214285714286,ES
2024-08-05,1,5201.75,5178.910714285715,4,-461.6657142857065,-446.7857142857065,22.339285714285715,stop,575,580,-1.0333045563548986,-0.9999999999999825,89.35714285714286,ES
2024-09-03,-1,5595.0,5562.296428571429,7,1136.0849999999919,1162.1249999999918,13.834821428571429,target,600,840,2.3462226524685215,2.399999999999983,55.339285714285715,ES
2024-09-04,1,5551.5,5535.392857142857,6,-490.5342857142935,-468.2142857142935,15.607142857142858,stop,630,690,-1.0476704805492156,-1.0000000000000164,62.42857142857143,ES
2024-09-06,-1,5486.0,5449.814285714286,6,1078.2514285714294,1100.5714285714294,15.285714285714286,target,615,640,2.35132710280374,2.4000000000000017,61.142857142857146,ES
2024-09-11,-1,5467.0,5425.8,5,1023.8999999999954,1042.4999999999955,17.375,target,585,620,2.3571798561150974,2.3999999999999897,69.5,ES
2024-10-01,-1,5777.5,5740.564285714286,6,1100.7514285714294,1123.0714285714294,15.598214285714286,target,575,630,2.352302232398399,2.4000000000000017,62.392857142857146,ES
2024-10-04,-1,5762.5,5777.084821428572,7,-519.0087500000045,-492.96875000000455,14.084821428571429,stop,605,615,-1.052822820919185,-1.0000000000000093,56.339285714285715,ES
2024-10-17,-1,5895.25,5909.178571428572,7,-496.04000000000457,-470.00000000000455,13.428571428571429,stop,600,715,-1.0554042553191587,-1.0000000000000098,53.714285714285715,ES
2024-10-31,-1,5783.75,5755.225,8,1131.2399999999855,1160.9999999999854,12.09375,target,585,660,2.338480620155009,2.3999999999999697,48.375,ES
2024-11-01,1,5785.75,5771.84375,7,-495.25875,-469.21875,13.40625,stop,605,785,-1.0554965034965036,-1.0,53.625,ES
2024-11-06,-1,5911.5,5925.803571428572,7,-509.16500000000457,-483.12500000000455,13.803571428571429,stop,585,615,-1.0538990944372668,-1.0000000000000093,55.214285714285715,ES
2024-11-15,-1,5907.0,5899.5,6,217.68,240.0,15.174107142857142,time,620,950,0.47818299499852907,0.5272138864371875,60.69642857142857,ES
2024-11-19,1,5914.75,5935.0,6,600.18,622.5,16.258928571428573,time,645,950,1.2304623833058757,1.2762218561230092,65.03571428571429,ES
2024-11-21,-1,5923.5,5939.799107142857,6,-496.2932142857065,-473.9732142857065,15.799107142857142,stop,575,585,-1.0470912687199612,-0.9999999999999837,63.19642857142857,ES
2024-12-19,-1,5965.75,5977.933035714285,8,-497.08142857141297,-467.321428571413,11.683035714285714,stop,620,650,-1.0636820787160537,-0.9999999999999667,46.732142857142854,ES
2024-12-20,1,5931.0,5918.236607142857,8,-520.2957142857247,-490.5357142857247,12.263392857142858,stop,575,580,-1.060668365489646,-1.000000000000021,49.05357142857143,ES
2024-12-23,-1,5971.0,5986.151785714285,6,-461.8735714285597,-439.55357142855974,14.651785714285714,stop,605,620,-1.0507787934186206,-0.9999999999999734,58.607142857142854,ES
2024-12-27,-1,6016.25,6033.28125,6,-518.2575,-495.9375,16.53125,stop,610,895,-1.0450056710775049,-1.0,66.125,ES
2024-12-30,-1,5918.5,5937.133928571428,5,-471.94821428571106,-453.34821428571104,18.133928571428573,stop,620,635,-1.0410280649926071,-0.9999999999999927,72.53571428571429,ES
2025-01-10,-1,5862.0,5886.513392857143,4,-495.14785714286234,-480.26785714286234,24.013392857142858,stop,600,635,-1.0309827105410034,-1.0000000000000109,96.05357142857143,ES
2025-01-27,1,6035.0,6017.665178571428,5,-439.470535714289,-420.87053571428896,16.834821428571427,stop,575,615,-1.0441941129673906,-1.0000000000000078,67.33928571428571,ES
2025-02-03,1,6009.5,6028.5,5,468.9,487.5,16.78125,time,625,950,1.1176759776536311,1.1620111731843576,67.125,ES
2025-02-12,1,6066.75,6049.629464285715,6,-520.9360714285598,-498.61607142855974,16.620535714285715,stop,635,670,-1.0447639000805566,-0.9999999999999764,66.48214285714286,ES
2025-02-20,-1,6116.5,6130.482142857143,7,-497.9150000000091,-471.8750000000091,13.482142857142858,stop,595,885,-1.055184105960284,-1.000000000000019,53.92857142857143,ES
2025-02-21,-1,6102.75,6072.167857142857,7,1061.83499999999,1087.87499999999,12.950892857142858,target,620,775,2.342552223371229,2.3999999999999777,51.80357142857143,ES
2025-02-24,-1,6025.5,5994.992857142857,7,1059.2099999999964,1085.2499999999964,12.919642857142858,target,590,605,2.342413268832058,2.3999999999999915,51.67857142857143,ES
2025-02-25,-1,5973.25,5986.933035714285,7,-487.4462499999864,-461.40624999998636,13.183035714285714,stop,590,595,-1.0564361666101973,-0.9999999999999705,52.732142857142854,ES
2025-02-26,1,6014.25,6000.125,7,-502.915,-476.875,13.625,stop,610,755,-1.054605504587156,-1.0,54.5,ES
2025-02-27,-1,5964.25,5979.084821428572,6,-452.36464285714675,-430.04464285714675,14.334821428571429,stop,590,620,-1.0519015882902614,-1.000000000000009,57.339285714285715,ES
2025-02-28,1,5907.5,5891.732142857143,6,-480.3557142857065,-458.0357142857065,15.267857142857142,stop,625,675,-1.0487298245613865,-0.9999999999999831,61.07142857142857,ES
2025-03-03,-1,5951.25,5968.379464285715,6,-521.2039285714403,-498.88392857144026,16.629464285714285,stop,595,630,-1.0447398657718359,-1.0000000000000235,66.51785714285714,ES
2025-03-04,-1,5778.75,5798.388392857143,5,-497.05982142857795,-478.4598214285779,19.138392857142858,stop,595,740,-1.03887473757874,-1.0000000000000135,76.55357142857143,ES
2025-03-06,1,5815.5,5793.825892857143,4,-438.36214285713766,-423.48214285713766,21.174107142857142,stop,635,655,-1.0351372549019486,-0.9999999999999878,84.69642857142857,ES
2025-03-07,1,5771.25,5747.589285714285,4,-478.0942857142935,-463.2142857142935,23.160714285714285,stop,585,600,-1.0321233616037178,-1.0000000000000169,92.64285714285714,ES
2025-03-12,-1,5579.0,5608.883928571428,3,-451.91892857142665,-440.7589285714266,29.383928571428573,stop,640,725,-1.0253199635369146,-0.9999999999999957,117.53571428571429,ES
2025-04-03,-1,5468.25,5492.888392857143,4,-497.64785714286234,-482.76785714286234,24.138392857142858,stop,645,695,-1.0308222674311185,-1.0000000000000107,96.55357142857143,ES
2025-04-04,-1,5238.75,5174.417857142857,3,961.3221428571386,972.4821428571386,27.013392857142858,target,610,645,2.372458106098155,2.3999999999999897,108.05357142857143,ES
2025-04-07,1,5007.75,5083.15,3,1127.3399999999945,1138.4999999999945,31.625,target,595,610,2.3764743083003834,2.3999999999999884,126.5,ES
2025-06-20,-1,6028.25,6017.25,6,322.68,345.0,15.419642857142858,time,640,950,0.697551823972206,0.745801968731905,61.67857142857143,ES
2025-07-15,-1,6316.75,6293.25,9,1046.52,1080.0,10.875,time,600,950,2.1384827586206896,2.206896551724138,43.5,ES
2025-07-22,-1,6322.0,6333.848214285715,8,-483.688571428587,-453.928571428587,11.348214285714286,stop,590,635,-1.0655609756097904,-1.0000000000000344,45.392857142857146,ES
2025-07-31,-1,6424.0,6435.09375,9,-510.19875,-476.71875,10.59375,stop,650,750,-1.0702300884955753,-1.0,42.375,ES
2025-08-01,-1,6284.75,6257.821428571428,8,1067.3828571428623,1097.1428571428623,11.428571428571429,target,575,600,2.3349000000000113,2.4000000000000115,45.714285714285715,ES
2025-08-04,1,6330.5,6354.25,7,822.71,848.75,13.160714285714286,time,585,950,1.7860732700135686,1.842605156037992,52.642857142857146,ES
2025-08-20,-1,6388.5,6404.28125,6,-480.7575,-458.4375,15.28125,stop,590,740,-1.0486871165644172,-1.0,61.125,ES
2025-08-29,-1,6470.25,6463.5,8,260.24,290.0,11.758928571428571,time,600,950,0.5532817008352316,0.6165527714502658,47.035714285714285,ES
2025-09-05,-1,6508.5,6478.025,7,1058.0850000000128,1084.1250000000127,12.90625,target,610,630,2.342353510895912,2.4000000000000283,51.625,ES
2025-09-18,1,6710.0,6697.017857142857,8,-529.0457142857247,-499.2857142857247,12.482142857142858,stop,615,650,-1.0596051502146129,-1.0000000000000207,49.92857142857143,ES
2025-09-25,-1,6633.0,6645.526785714285,8,-510.83142857141297,-481.071428571413,12.026785714285714,stop,580,590,-1.061861915367451,-0.9999999999999676,48.107142857142854,ES
2025-10-01,1,6730.75,6759.35,8,1134.2400000000146,1164.0000000000146,12.125,target,625,840,2.3386391752577618,2.40000000000003,48.5,ES
2025-10-10,-1,6757.5,6728.782142857143,8,1138.954285714268,1168.714285714268,12.174107142857142,target,655,665,2.338886688668831,2.399999999999964,48.69642857142857,ES
2025-10-14,-1,6599.5,6616.200892857143,6,-508.3467857142935,-486.0267857142935,16.200892857142858,stop,580,590,-1.045923394874637,-1.000000000000016,64.80357142857143,ES
2025-10-15,1,6764.25,6746.142857142857,5,-458.77857142857795,-440.1785714285779,17.607142857142858,stop,605,670,-1.0422555780933211,-1.0000000000000147,70.42857142857143,ES
2025-10-17,1,6691.25,6671.008928571428,5,-512.126785714289,-493.52678571428896,19.741071428571427,stop,610,630,-1.037687924016289,-1.0000000000000067,78.96428571428571,ES
2025-11-04,1,6844.5,6825.852678571428,5,-472.283035714289,-453.68303571428896,18.147321428571427,stop,630,655,-1.0409977859778672,-1.0000000000000073,72.58928571428571,ES
2025-11-06,-1,6772.5,6789.803571428572,5,-438.689285714289,-420.08928571428896,16.803571428571427,stop,600,610,-1.0442763018065966,-1.0000000000000078,67.21428571428571,ES
2025-11-07,-1,6688.5,6706.040178571428,5,-444.60446428571106,-426.00446428571104,17.040178571428573,stop,575,590,-1.0436615142782213,-0.9999999999999922,68.16071428571429,ES
2025-11-13,-1,6813.5,6770.767857142857,5,1062.203571428578,1080.803571428578,18.013392857142858,target,640,805,2.3586973977695314,2.400000000000014,72.05357142857143,ES
2025-11-14,1,6736.5,6781.953571428571,5,1130.23928571428,1148.8392857142799,19.147321428571427,target,625,685,2.361143390067603,2.399999999999988,76.58928571428571,ES
2025-11-18,-1,6605.5,6627.200892857143,4,-438.89785714286234,-424.01785714286234,21.200892857142858,stop,600,605,-1.0350928616550974,-1.0000000000000122,84.80357142857143,ES
2025-11-19,1,6692.0,6669.763392857143,4,-449.61214285713766,-434.73214285713766,21.736607142857142,stop,595,655,-1.0342279728896986,-0.9999999999999881,86.94642857142857,ES
2025-12-17,-1,6834.0,6803.535714285715,7,1057.7099999999864,1083.7499999999864,12.901785714285714,target,635,670,2.3423335640138108,2.3999999999999697,51.607142857142854,ES
2025-12-18,1,6867.25,6852.258928571428,6,-457.05214285714675,-434.73214285714675,14.491071428571429,stop,635,720,-1.0513419593345745,-1.000000000000009,57.964285714285715,ES
2025-12-19,1,6876.25,6888.0,6,345.18,367.5,15.549107142857142,time,580,950,0.7399781797301178,0.7878265862761988,62.19642857142857,ES
2026-01-02,-1,6890.25,6905.535714285715,6,-465.89142857144026,-443.57142857144026,14.785714285714286,stop,620,630,-1.0503188405797366,-1.0000000000000264,59.142857142857146,ES
2026-01-14,-1,6949.0,6961.120535714285,8,-494.58142857141297,-464.821428571413,11.620535714285714,stop,595,610,-1.0640245870149492,-0.9999999999999665,46.482142857142854,ES
2026-01-20,1,6902.5,6888.366071428572,7,-503.2274999999955,-477.18749999999545,13.633928571428571,stop,630,650,-1.05456974459724,-0.9999999999999905,54.535714285714285,ES
2026-01-29,-1,6982.75,6946.810714285714,6,1070.8585714285707,1093.1785714285706,15.183035714285714,target,580,610,2.350997941781827,2.399999999999998,60.732142857142854,ES
2026-02-02,1,6973.75,7013.010714285714,6,1170.501428571424,1192.821428571424,16.566964285714285,target,580,730,2.3550913500404116,2.399999999999991,66.26785714285714,ES
2026-02-05,-1,6812.0,6831.392857142857,5,-490.9214285714221,-472.3214285714221,18.892857142857142,stop,610,680,-1.039379962192803,-0.9999999999999862,75.57142857142857,ES
2026-02-06,1,6897.5,6876.982142857143,4,-415.23714285713766,-400.35714285713766,20.017857142857142,stop,580,605,-1.0371668153434304,-0.9999999999999871,80.07142857142857,ES
2026-03-02,1,6856.75,6903.242857142857,5,1156.2214285714313,1174.8214285714312,19.580357142857142,target,585,860,2.362002735978118,2.4000000000000052,78.32142857142857,ES
2026-03-03,-1,6732.5,6753.602678571428,4,-426.9335714285688,-412.05357142856883,20.602678571428573,stop,615,660,-1.0361118093174368,-0.9999999999999937,82.41071428571429,ES
2026-04-17,1,7170.25,7162.75,4,-154.88,-140.0,24.236607142857142,time,640,950,-0.31951666973659976,-0.2888193037391785,96.94642857142857,ES
2026-04-30,-1,7167.0,7184.075892857143,6,-519.5967857142936,-497.2767857142935,16.575892857142858,stop,590,645,-1.0448844600054021,-1.0000000000000155,66.30357142857143,ES
2026-05-15,-1,7427.25,7444.607142857143,5,-440.02857142857795,-421.4285714285779,16.857142857142858,stop,580,590,-1.0441355932203544,-1.0000000000000153,67.42857142857143,ES
2026-06-03,-1,7578.0,7594.473214285715,6,-501.51642857144026,-479.19642857144026,15.973214285714286,stop,585,610,-1.0465779765232217,-1.0000000000000244,63.892857142857146,ES
2026-06-05,-1,7518.25,7482.407142857143,6,1067.965714285701,1090.285714285701,15.142857142857142,target,585,725,2.350867924528273,2.399999999999971,60.57142857142857,ES
2026-06-23,1,7484.25,7455.75,3,-431.16,-420.0,28.0,stop,610,665,-1.0265714285714287,-1.0,112.0,ES
2026-06-25,-1,7424.25,7454.294642857143,3,-454.3296428571468,-443.16964285714675,29.544642857142858,stop,585,610,-1.0251822302810605,-1.0000000000000089,118.17857142857143,ES
2026-07-17,1,7519.25,7500.888392857143,5,-465.1401785714221,-446.5401785714221,17.861607142857142,stop,600,855,-1.0416535866033347,-0.9999999999999855,71.44642857142857,ES
2026-07-31,-1,7454.25,7475.214285714285,4,-424.1657142857065,-409.2857142857065,20.464285714285715,stop,600,645,-1.0363560209423892,-0.9999999999999808,81.85714285714286,ES
2026-08-03,1,7588.25,7628.75,4,805.12,820.0,21.245535714285715,time,595,950,1.8947980668207605,1.9298171884849755,84.98214285714286,ES
