date,symbol,close
2015-01-01,BTC,314.25
2015-01-02,BTC,315.03
2015-01-02,GLD,114.08
2015-01-02,QQQ,94.56
2015-01-03,BTC,281.08
2015-01-04,BTC,264.20
2015-01-05,BTC,274.47
2015-01-05,GLD,115.80
2015-01-05,QQQ,93.17
2015-01-06,BTC,286.19
2015-01-06,GLD,117.12
2015-01-06,QQQ,91.92
2015-01-07,BTC,294.34
2015-01-07,GLD,116.43
2015-01-07,QQQ,93.11
2015-01-08,BTC,283.35
2015-01-08,GLD,115.94
2015-01-08,QQQ,94.89
2015-01-09,BTC,290.41
2015-01-09,GLD,117.26
2015-01-09,QQQ,94.27
2015-01-10,BTC,274.80
2015-01-11,BTC,265.66
2015-01-12,BTC,267.80
2015-01-12,GLD,118.56
2015-01-12,QQQ,93.28
2015-01-13,BTC,225.86
2015-01-13,GLD,118.16
2015-01-13,QQQ,93.26
2015-01-14,BTC,178.10
2015-01-14,GLD,117.97
2015-01-14,QQQ,92.74
2015-01-15,BTC,209.84
2015-01-15,GLD,120.94
2015-01-15,QQQ,91.54
2015-01-16,BTC,208.10
2015-01-16,GLD,122.52
2015-01-16,QQQ,92.61
2015-01-17,BTC,199.26
2015-01-18,BTC,210.34
2015-01-19,BTC,214.86
2015-01-20,BTC,211.32
2015-01-20,GLD,124.20
2015-01-20,QQQ,93.35
2015-01-21,BTC,226.90
2015-01-21,GLD,124.23
2015-01-21,QQQ,93.83
2015-01-22,BTC,233.41
2015-01-22,GLD,125.23
2015-01-22,QQQ,95.56
2015-01-23,BTC,232.88
2015-01-23,GLD,124.23
2015-01-23,QQQ,95.77
2015-01-24,BTC,247.85
2015-01-25,BTC,253.72
2015-01-26,BTC,273.47
2015-01-26,GLD,122.99
2015-01-26,QQQ,95.66
2015-01-27,BTC,263.48
2015-01-27,GLD,124.40
2015-01-27,QQQ,93.18
2015-01-28,BTC,233.91
2015-01-28,GLD,123.42
2015-01-28,QQQ,92.71
2015-01-29,BTC,233.51
2015-01-29,GLD,120.76
2015-01-29,QQQ,93.60
2015-01-30,BTC,226.43
2015-01-30,GLD,123.45
2015-01-30,QQQ,92.87
2015-01-31,BTC,217.46
2015-02-01,BTC,226.97
2015-02-02,BTC,238.23
2015-02-02,GLD,122.42
2015-02-02,QQQ,93.68
2015-02-03,BTC,227.27
2015-02-03,GLD,121.05
2015-02-03,QQQ,94.58
2015-02-04,BTC,226.85
2015-02-04,GLD,121.58
2015-02-04,QQQ,94.50
2015-02-05,BTC,217.11
2015-02-05,GLD,121.79
2015-02-05,QQQ,95.31
2015-02-06,BTC,222.27
2015-02-06,GLD,118.64
2015-02-06,QQQ,94.74
2015-02-07,BTC,227.75
2015-02-08,BTC,223.41
2015-02-09,BTC,220.11
2015-02-09,GLD,119.17
2015-02-09,QQQ,94.43
2015-02-10,BTC,219.84
2015-02-10,GLD,118.47
2015-02-10,QQQ,95.90
2015-02-11,BTC,219.18
2015-02-11,GLD,117.07
2015-02-11,QQQ,96.25
2015-02-12,BTC,221.76
2015-02-12,GLD,117.34
2015-02-12,QQQ,97.37
2015-02-13,BTC,235.43
2015-02-13,GLD,117.98
2015-02-13,QQQ,98.21
2015-02-14,BTC,257.32
2015-02-15,BTC,234.82
2015-02-16,BTC,233.84
2015-02-17,BTC,243.61
2015-02-17,GLD,116.01
2015-02-17,QQQ,98.30
2015-02-18,BTC,236.33
2015-02-18,GLD,116.34
2015-02-18,QQQ,98.44
2015-02-19,BTC,240.28
2015-02-19,GLD,115.94
2015-02-19,QQQ,98.92
2015-02-20,BTC,243.78
2015-02-20,GLD,115.28
2015-02-20,QQQ,99.59
2015-02-21,BTC,244.53
2015-02-22,BTC,235.98
2015-02-23,BTC,238.89
2015-02-23,GLD,115.43
2015-02-23,QQQ,99.69
2015-02-24,BTC,238.74
2015-02-24,GLD,115.26
2015-02-24,QQQ,99.76
2015-02-25,BTC,237.47
2015-02-25,GLD,115.70
2015-02-25,QQQ,99.51
2015-02-26,BTC,236.43
2015-02-26,GLD,116.07
2015-02-26,QQQ,100.02
2015-02-27,BTC,253.83
2015-02-27,GLD,116.16
2015-02-27,QQQ,99.58
2015-02-28,BTC,254.26
2015-03-01,BTC,260.20
2015-03-02,BTC,275.67
2015-03-02,GLD,115.68
2015-03-02,QQQ,100.48
2015-03-03,BTC,281.70
2015-03-03,GLD,115.47
2015-03-03,QQQ,100.01
2015-03-04,BTC,273.09
2015-03-04,GLD,115.11
2015-03-04,QQQ,99.62
2015-03-05,BTC,276.18
2015-03-05,GLD,115.00
2015-03-05,QQQ,99.80
2015-03-06,BTC,272.72
2015-03-06,GLD,111.86
2015-03-06,QQQ,98.67
2015-03-07,BTC,276.26
2015-03-08,BTC,274.35
2015-03-09,BTC,289.61
2015-03-09,GLD,111.97
2015-03-09,QQQ,98.95
2015-03-10,BTC,291.76
2015-03-10,GLD,111.42
2015-03-10,QQQ,97.11
2015-03-11,BTC,296.38
2015-03-11,GLD,110.75
2015-03-11,QQQ,96.55
2015-03-12,BTC,294.35
2015-03-12,GLD,110.72
2015-03-12,QQQ,97.19
2015-03-13,BTC,285.34
2015-03-13,GLD,110.88
2015-03-13,QQQ,96.77
2015-03-14,BTC,281.89
2015-03-15,BTC,286.39
2015-03-16,BTC,290.59
2015-03-16,GLD,110.81
2015-03-16,QQQ,98.02
2015-03-17,BTC,285.51
2015-03-17,GLD,110.21
2015-03-17,QQQ,98.17
2015-03-18,BTC,256.30
2015-03-18,GLD,112.37
2015-03-18,QQQ,99.14
2015-03-19,BTC,260.93
2015-03-19,GLD,112.29
2015-03-19,QQQ,99.28
2015-03-20,BTC,261.75
2015-03-20,GLD,113.57
2015-03-20,QQQ,99.93
2015-03-21,BTC,260.02
2015-03-22,BTC,267.96
2015-03-23,BTC,266.74
2015-03-23,GLD,114.29
2015-03-23,QQQ,99.73
2015-03-24,BTC,245.60
2015-03-24,GLD,114.57
2015-03-24,QQQ,99.37
2015-03-25,BTC,246.20
2015-03-25,GLD,114.73
2015-03-25,QQQ,97.10
2015-03-26,BTC,248.53
2015-03-26,GLD,115.48
2015-03-26,QQQ,96.77
2015-03-27,BTC,247.03
2015-03-27,GLD,115.06
2015-03-27,QQQ,97.15
2015-03-28,BTC,252.80
2015-03-29,BTC,242.71
2015-03-30,BTC,247.53
2015-03-30,GLD,113.75
2015-03-30,QQQ,98.27
2015-03-31,BTC,244.22
2015-03-31,GLD,113.66
2015-03-31,QQQ,97.23
2015-04-01,BTC,247.27
2015-04-01,GLD,115.60
2015-04-01,QQQ,96.72
2015-04-02,BTC,253.01
2015-04-02,GLD,115.28
2015-04-02,QQQ,96.79
2015-04-03,BTC,254.32
2015-04-04,BTC,253.70
2015-04-05,BTC,260.60
2015-04-06,BTC,255.49
2015-04-06,GLD,116.69
2015-04-06,QQQ,97.58
2015-04-07,BTC,253.18
2015-04-07,GLD,116.11
2015-04-07,QQQ,97.41
2015-04-08,BTC,245.02
2015-04-08,GLD,115.47
2015-04-08,QQQ,98.19
2015-04-09,BTC,243.68
2015-04-09,GLD,114.67
2015-04-09,QQQ,98.80
2015-04-10,BTC,236.07
2015-04-10,GLD,115.97
2015-04-10,QQQ,99.21
2015-04-11,BTC,236.55
2015-04-12,BTC,236.15
2015-04-13,BTC,224.59
2015-04-13,GLD,115.14
2015-04-13,QQQ,98.96
2015-04-14,BTC,219.16
2015-04-14,GLD,114.44
2015-04-14,QQQ,98.67
2015-04-15,BTC,223.83
2015-04-15,GLD,115.43
2015-04-15,QQQ,99.29
2015-04-16,BTC,228.57
2015-04-16,GLD,115.03
2015-04-16,QQQ,99.15
2015-04-17,BTC,222.88
2015-04-17,GLD,115.60
2015-04-17,QQQ,97.61
2015-04-18,BTC,223.36
2015-04-19,BTC,222.60
2015-04-20,BTC,224.63
2015-04-20,GLD,114.72
2015-04-20,QQQ,99.07
2015-04-21,BTC,235.27
2015-04-21,GLD,115.38
2015-04-21,QQQ,99.49
2015-04-22,BTC,234.18
2015-04-22,GLD,113.83
2015-04-22,QQQ,100.04
2015-04-23,BTC,236.46
2015-04-23,GLD,114.66
2015-04-23,QQQ,100.41
2015-04-24,BTC,231.27
2015-04-24,GLD,113.05
2015-04-24,QQQ,101.78
2015-04-25,BTC,226.39
2015-04-26,BTC,219.43
2015-04-27,BTC,229.29
2015-04-27,GLD,115.33
2015-04-27,QQQ,101.52
2015-04-28,BTC,225.85
2015-04-28,GLD,116.33
2015-04-28,QQQ,101.32
2015-04-29,BTC,225.81
2015-04-29,GLD,115.51
2015-04-29,QQQ,100.68
2015-04-30,BTC,236.15
2015-04-30,GLD,113.47
2015-04-30,QQQ,99.10
2015-05-01,BTC,232.08
2015-05-01,GLD,113.08
2015-05-01,QQQ,100.40
2015-05-02,BTC,234.93
2015-05-03,BTC,240.36
2015-05-04,BTC,239.02
2015-05-04,GLD,114.10
2015-05-04,QQQ,100.57
2015-05-05,BTC,236.12
2015-05-05,GLD,114.42
2015-05-05,QQQ,98.93
2015-05-06,BTC,229.78
2015-05-06,GLD,114.36
2015-05-06,QQQ,98.25
2015-05-07,BTC,237.33
2015-05-07,GLD,113.42
2015-05-07,QQQ,98.84
2015-05-08,BTC,243.86
2015-05-08,GLD,113.97
2015-05-08,QQQ,100.07
2015-05-09,BTC,241.83
2015-05-10,BTC,240.30
2015-05-11,BTC,242.16
2015-05-11,GLD,113.53
2015-05-11,QQQ,99.69
2015-05-12,BTC,241.11
2015-05-12,GLD,114.50
2015-05-12,QQQ,99.23
2015-05-13,BTC,236.38
2015-05-13,GLD,116.55
2015-05-13,QQQ,99.44
2015-05-14,BTC,236.93
2015-05-14,GLD,117.18
2015-05-14,QQQ,100.89
2015-05-15,BTC,237.60
2015-05-15,GLD,117.53
2015-05-15,QQQ,100.89
2015-05-16,BTC,236.15
2015-05-17,BTC,236.80
2015-05-18,BTC,233.13
2015-05-18,GLD,117.52
2015-05-18,QQQ,101.33
2015-05-19,BTC,231.95
2015-05-19,GLD,115.89
2015-05-19,QQQ,101.22
2015-05-20,BTC,234.02
2015-05-20,GLD,116.08
2015-05-20,QQQ,101.29
2015-05-21,BTC,235.34
2015-05-21,GLD,115.69
2015-05-21,QQQ,101.81
2015-05-22,BTC,240.35
2015-05-22,GLD,115.60
2015-05-22,QQQ,101.71
2015-05-23,BTC,238.87
2015-05-24,BTC,240.95
2015-05-25,BTC,237.11
2015-05-26,BTC,237.12
2015-05-26,GLD,113.91
2015-05-26,QQQ,100.54
2015-05-27,BTC,237.28
2015-05-27,GLD,113.89
2015-05-27,QQQ,102.16
2015-05-28,BTC,237.41
2015-05-28,GLD,114.02
2015-05-28,QQQ,101.93
2015-05-29,BTC,237.10
2015-05-29,GLD,114.10
2015-05-29,QQQ,101.32
2015-05-30,BTC,233.35
2015-05-31,BTC,230.19
2015-06-01,BTC,222.93
2015-06-01,GLD,114.00
2015-06-01,QQQ,101.67
2015-06-02,BTC,225.80
2015-06-02,GLD,114.46
2015-06-02,QQQ,101.34
2015-06-03,BTC,225.87
2015-06-03,GLD,113.64
2015-06-03,QQQ,101.65
2015-06-04,BTC,224.32
2015-06-04,GLD,112.84
2015-06-04,QQQ,100.87
2015-06-05,BTC,224.95
2015-06-05,GLD,112.24
2015-06-05,QQQ,100.63
2015-06-06,BTC,225.62
2015-06-07,BTC,222.88
2015-06-08,BTC,228.49
2015-06-08,GLD,112.57
2015-06-08,QQQ,99.61
2015-06-09,BTC,229.05
2015-06-09,GLD,112.82
2015-06-09,QQQ,99.45
2015-06-10,BTC,228.80
2015-06-10,GLD,113.78
2015-06-10,QQQ,100.81
2015-06-11,BTC,229.71
2015-06-11,GLD,113.26
2015-06-11,QQQ,100.96
2015-06-12,BTC,229.98
2015-06-12,GLD,113.23
2015-06-12,QQQ,100.13
2015-06-13,BTC,232.40
2015-06-14,BTC,233.54
2015-06-15,BTC,236.82
2015-06-15,GLD,113.73
2015-06-15,QQQ,99.63
2015-06-16,BTC,250.90
2015-06-16,GLD,113.32
2015-06-16,QQQ,100.17
2015-06-17,BTC,249.28
2015-06-17,GLD,113.85
2015-06-17,QQQ,100.45
2015-06-18,BTC,249.01
2015-06-18,GLD,115.32
2015-06-18,QQQ,101.91
2015-06-19,BTC,244.61
2015-06-19,GLD,115.12
2015-06-19,QQQ,101.41
2015-06-20,BTC,245.21
2015-06-21,BTC,243.94
2015-06-22,BTC,246.99
2015-06-22,GLD,113.64
2015-06-22,QQQ,102.16
2015-06-23,BTC,244.30
2015-06-23,GLD,112.89
2015-06-23,QQQ,102.24
2015-06-24,BTC,240.51
2015-06-24,GLD,112.59
2015-06-24,QQQ,101.71
2015-06-25,BTC,242.80
2015-06-25,GLD,112.44
2015-06-25,QQQ,101.51
2015-06-26,BTC,243.59
2015-06-26,GLD,112.56
2015-06-26,QQQ,100.84
2015-06-27,BTC,250.99
2015-06-28,BTC,249.01
2015-06-29,BTC,257.06
2015-06-29,GLD,113.07
2015-06-29,QQQ,98.46
2015-06-30,BTC,263.07
2015-06-30,GLD,112.37
2015-06-30,QQQ,98.81
2015-07-01,BTC,258.62
2015-07-01,GLD,111.98
2015-07-01,QQQ,99.59
2015-07-02,BTC,255.41
2015-07-02,GLD,111.76
2015-07-02,QQQ,99.62
2015-07-03,BTC,256.34
2015-07-04,BTC,260.89
2015-07-05,BTC,271.91
2015-07-06,BTC,269.03
2015-07-06,GLD,112.06
2015-07-06,QQQ,99.39
2015-07-07,BTC,266.21
2015-07-07,GLD,110.76
2015-07-07,QQQ,99.64
2015-07-08,BTC,270.79
2015-07-08,GLD,111.09
2015-07-08,QQQ,97.90
2015-07-09,BTC,269.23
2015-07-09,GLD,111.36
2015-07-09,QQQ,97.85
2015-07-10,BTC,284.89
2015-07-10,GLD,111.49
2015-07-10,QQQ,99.34
2015-07-11,BTC,293.11
2015-07-12,BTC,310.87
2015-07-13,BTC,292.05
2015-07-13,GLD,110.99
2015-07-13,QQQ,101.09
2015-07-14,BTC,287.46
2015-07-14,GLD,110.74
2015-07-14,QQQ,101.75
2015-07-15,BTC,285.83
2015-07-15,GLD,110.16
2015-07-15,QQQ,101.86
2015-07-16,BTC,278.09
2015-07-16,GLD,109.76
2015-07-16,QQQ,103.30
2015-07-17,BTC,279.47
2015-07-17,GLD,108.65
2015-07-17,QQQ,104.82
2015-07-18,BTC,274.90
2015-07-19,BTC,273.61
2015-07-20,BTC,278.98
2015-07-20,GLD,105.70
2015-07-20,QQQ,105.18
2015-07-21,BTC,275.83
2015-07-21,GLD,105.37
2015-07-21,QQQ,105.12
2015-07-22,BTC,277.22
2015-07-22,GLD,104.80
2015-07-22,QQQ,103.93
2015-07-23,BTC,276.05
2015-07-23,GLD,104.33
2015-07-23,QQQ,103.54
2015-07-24,BTC,288.28
2015-07-24,GLD,105.35
2015-07-24,QQQ,102.53
2015-07-25,BTC,288.70
2015-07-26,BTC,292.69
2015-07-27,BTC,293.62
2015-07-27,GLD,104.86
2015-07-27,QQQ,101.68
2015-07-28,BTC,294.43
2015-07-28,GLD,105.02
2015-07-28,QQQ,102.55
2015-07-29,BTC,289.59
2015-07-29,GLD,105.17
2015-07-29,QQQ,102.94
2015-07-30,BTC,287.72
2015-07-30,GLD,104.27
2015-07-30,QQQ,103.43
2015-07-31,BTC,284.65
2015-07-31,GLD,104.93
2015-07-31,QQQ,103.31
2015-08-01,BTC,281.60
2015-08-02,BTC,282.61
2015-08-03,BTC,281.23
2015-08-03,GLD,104.10
2015-08-03,QQQ,102.99
2015-08-04,BTC,285.22
2015-08-04,GLD,104.31
2015-08-04,QQQ,102.79
2015-08-05,BTC,281.88
2015-08-05,GLD,103.93
2015-08-05,QQQ,103.59
2015-08-06,BTC,278.58
2015-08-06,GLD,104.39
2015-08-06,QQQ,101.93
2015-08-07,BTC,279.58
2015-08-07,GLD,104.65
2015-08-07,QQQ,101.80
2015-08-08,BTC,261.00
2015-08-09,BTC,265.08
2015-08-10,BTC,264.47
2015-08-10,GLD,105.72
2015-08-10,QQQ,102.96
2015-08-11,BTC,270.39
2015-08-11,GLD,106.26
2015-08-11,QQQ,101.64
2015-08-12,BTC,266.38
2015-08-12,GLD,107.75
2015-08-12,QQQ,101.99
2015-08-13,BTC,264.08
2015-08-13,GLD,106.86
2015-08-13,QQQ,101.83
2015-08-14,BTC,265.68
2015-08-14,GLD,106.85
2015-08-14,QQQ,101.98
2015-08-15,BTC,261.55
2015-08-16,BTC,258.51
2015-08-17,BTC,257.98
2015-08-17,GLD,107.13
2015-08-17,QQQ,102.83
2015-08-18,BTC,211.08
2015-08-18,GLD,107.11
2015-08-18,QQQ,102.31
2015-08-19,BTC,226.68
2015-08-19,GLD,108.55
2015-08-19,QQQ,101.63
2015-08-20,BTC,235.35
2015-08-20,GLD,110.44
2015-08-20,QQQ,98.82
2015-08-21,BTC,232.57
2015-08-21,GLD,111.13
2015-08-21,QQQ,94.50
2015-08-22,BTC,230.39
2015-08-23,BTC,228.17
2015-08-24,BTC,210.49
2015-08-24,GLD,110.53
2015-08-24,QQQ,90.86
2015-08-25,BTC,221.61
2015-08-25,GLD,109.16
2015-08-25,QQQ,90.52
2015-08-26,BTC,225.83
2015-08-26,GLD,107.67
2015-08-26,QQQ,95.08
2015-08-27,BTC,224.77
2015-08-27,GLD,107.73
2015-08-27,QQQ,97.49
2015-08-28,BTC,231.40
2015-08-28,GLD,108.70
2015-08-28,QQQ,97.47
2015-08-29,BTC,229.78
2015-08-30,BTC,228.76
2015-08-31,BTC,230.06
2015-08-31,GLD,108.82
2015-08-31,QQQ,96.26
2015-09-01,BTC,228.12
2015-09-01,GLD,109.20
2015-09-01,QQQ,93.25
2015-09-02,BTC,229.28
2015-09-02,GLD,108.62
2015-09-02,QQQ,95.88
2015-09-03,BTC,227.18
2015-09-03,GLD,107.84
2015-09-03,QQQ,95.41
2015-09-04,BTC,230.30
2015-09-04,GLD,107.49
2015-09-04,QQQ,94.28
2015-09-05,BTC,235.02
2015-09-06,BTC,239.84
2015-09-07,BTC,239.85
2015-09-08,BTC,243.61
2015-09-08,GLD,107.52
2015-09-08,QQQ,96.93
2015-09-09,BTC,238.17
2015-09-09,GLD,106.13
2015-09-09,QQQ,95.85
2015-09-10,BTC,238.48
2015-09-10,GLD,106.38
2015-09-10,QQQ,96.89
2015-09-11,BTC,240.11
2015-09-11,GLD,106.16
2015-09-11,QQQ,97.42
2015-09-12,BTC,235.23
2015-09-13,BTC,230.51
2015-09-14,BTC,230.64
2015-09-14,GLD,106.22
2015-09-14,QQQ,97.13
2015-09-15,BTC,230.30
2015-09-15,GLD,105.90
2015-09-15,QQQ,98.27
2015-09-16,BTC,229.09
2015-09-16,GLD,107.31
2015-09-16,QQQ,98.83
2015-09-17,BTC,229.81
2015-09-17,GLD,108.41
2015-09-17,QQQ,98.86
2015-09-18,BTC,232.98
2015-09-18,GLD,109.21
2015-09-18,QQQ,97.46
2015-09-19,BTC,231.49
2015-09-20,BTC,231.21
2015-09-21,BTC,227.09
2015-09-21,GLD,108.53
2015-09-21,QQQ,97.76
2015-09-22,BTC,230.62
2015-09-22,GLD,107.79
2015-09-22,QQQ,96.30
2015-09-23,BTC,230.28
2015-09-23,GLD,108.22
2015-09-23,QQQ,96.37
2015-09-24,BTC,234.53
2015-09-24,GLD,110.49
2015-09-24,QQQ,96.02
2015-09-25,BTC,235.14
2015-09-25,GLD,109.81
2015-09-25,QQQ,95.21
2015-09-26,BTC,234.34
2015-09-27,BTC,232.76
2015-09-28,BTC,239.14
2015-09-28,GLD,108.42
2015-09-28,QQQ,92.50
2015-09-29,BTC,236.69
2015-09-29,GLD,107.98
2015-09-29,QQQ,92.02
2015-09-30,BTC,236.06
2015-09-30,GLD,106.86
2015-09-30,QQQ,94.14
2015-10-01,BTC,237.55
2015-10-01,GLD,106.73
2015-10-01,QQQ,94.56
2015-10-02,BTC,237.29
2015-10-02,GLD,108.99
2015-10-02,QQQ,96.22
2015-10-03,BTC,238.73
2015-10-04,BTC,238.26
2015-10-05,BTC,240.38
2015-10-05,GLD,108.77
2015-10-05,QQQ,97.60
2015-10-06,BTC,246.06
2015-10-06,GLD,109.86
2015-10-06,QQQ,97.13
2015-10-07,BTC,242.97
2015-10-07,GLD,109.70
2015-10-07,QQQ,97.72
2015-10-08,BTC,242.30
2015-10-08,GLD,109.14
2015-10-08,QQQ,98.10
2015-10-09,BTC,243.93
2015-10-09,GLD,110.87
2015-10-09,QQQ,98.55
2015-10-10,BTC,244.94
2015-10-11,BTC,247.05
2015-10-12,BTC,245.31
2015-10-12,GLD,111.31
2015-10-12,QQQ,98.79
2015-10-13,BTC,249.51
2015-10-13,GLD,111.86
2015-10-13,QQQ,98.15
2015-10-14,BTC,251.99
2015-10-14,GLD,113.81
2015-10-14,QQQ,97.99
2015-10-15,BTC,254.32
2015-10-15,GLD,113.29
2015-10-15,QQQ,99.60
2015-10-16,BTC,262.87
2015-10-16,GLD,112.49
2015-10-16,QQQ,100.02
2015-10-17,BTC,270.64
2015-10-18,BTC,261.64
2015-10-19,BTC,263.44
2015-10-19,GLD,112.02
2015-10-19,QQQ,100.59
2015-10-20,BTC,269.46
2015-10-20,GLD,112.73
2015-10-20,QQQ,100.08
2015-10-21,BTC,266.27
2015-10-21,GLD,111.73
2015-10-21,QQQ,99.46
2015-10-22,BTC,274.02
2015-10-22,GLD,111.69
2015-10-22,QQQ,101.49
2015-10-23,BTC,276.50
2015-10-23,GLD,111.50
2015-10-23,QQQ,104.33
2015-10-24,BTC,281.65
2015-10-25,BTC,283.68
2015-10-26,BTC,285.30
2015-10-26,GLD,111.43
2015-10-26,QQQ,104.40
2015-10-27,BTC,293.79
2015-10-27,GLD,111.68
2015-10-27,QQQ,104.61
2015-10-28,BTC,304.62
2015-10-28,GLD,110.78
2015-10-28,QQQ,105.48
2015-10-29,BTC,313.86
2015-10-29,GLD,109.72
2015-10-29,QQQ,105.31
2015-10-30,BTC,328.02
2015-10-30,GLD,109.30
2015-10-30,QQQ,104.84
2015-10-31,BTC,314.17
2015-11-01,BTC,325.43
2015-11-02,BTC,361.19
2015-11-02,GLD,108.59
2015-11-02,QQQ,106.02
2015-11-03,BTC,403.42
2015-11-03,GLD,106.98
2015-11-03,QQQ,106.39
2015-11-04,BTC,411.56
2015-11-04,GLD,105.97
2015-11-04,QQQ,106.40
2015-11-05,BTC,386.35
2015-11-05,GLD,105.64
2015-11-05,QQQ,106.12
2015-11-06,BTC,374.47
2015-11-06,GLD,104.10
2015-11-06,QQQ,106.19
2015-11-07,BTC,386.48
2015-11-08,BTC,373.37
2015-11-09,BTC,380.26
2015-11-09,GLD,104.40
2015-11-09,QQQ,105.06
2015-11-10,BTC,336.82
2015-11-10,GLD,104.18
2015-11-10,QQQ,104.79
2015-11-11,BTC,311.08
2015-11-11,GLD,103.83
2015-11-11,QQQ,104.66
2015-11-12,BTC,338.15
2015-11-12,GLD,103.85
2015-11-12,QQQ,103.65
2015-11-13,BTC,336.75
2015-11-13,GLD,103.56
2015-11-13,QQQ,101.61
2015-11-14,BTC,332.91
2015-11-15,BTC,320.17
2015-11-16,BTC,330.75
2015-11-16,GLD,103.71
2015-11-16,QQQ,103.07
2015-11-17,BTC,335.09
2015-11-17,GLD,102.34
2015-11-17,QQQ,103.14
2015-11-18,BTC,334.59
2015-11-18,GLD,102.43
2015-11-18,QQQ,105.12
2015-11-19,BTC,326.15
2015-11-19,GLD,103.56
2015-11-19,QQQ,105.19
2015-11-20,BTC,322.02
2015-11-20,GLD,103.09
2015-11-20,QQQ,105.90
2015-11-21,BTC,326.93
2015-11-22,BTC,324.54
2015-11-23,BTC,323.05
2015-11-23,GLD,102.26
2015-11-23,QQQ,105.60
2015-11-24,BTC,320.05
2015-11-24,GLD,102.94
2015-11-24,QQQ,105.51
2015-11-25,BTC,328.21
2015-11-25,GLD,102.46
2015-11-25,QQQ,105.60
2015-11-26,BTC,352.68
2015-11-27,BTC,358.04
2015-11-27,GLD,101.25
2015-11-27,QQQ,105.75
2015-11-28,BTC,357.38
2015-11-29,BTC,371.29
2015-11-30,BTC,377.32
2015-11-30,GLD,101.92
2015-11-30,QQQ,105.48
2015-12-01,BTC,362.49
2015-12-01,GLD,102.28
2015-12-01,QQQ,106.53
2015-12-02,BTC,359.19
2015-12-02,GLD,100.69
2015-12-02,QQQ,105.88
2015-12-03,BTC,361.05
2015-12-03,GLD,101.76
2015-12-03,QQQ,104.08
2015-12-04,BTC,363.18
2015-12-04,GLD,104.02
2015-12-04,QQQ,106.51
2015-12-05,BTC,388.95
2015-12-06,BTC,388.78
2015-12-07,BTC,395.54
2015-12-07,GLD,102.67
2015-12-07,QQQ,106.03
2015-12-08,BTC,415.56
2015-12-08,GLD,102.84
2015-12-08,QQQ,106.04
2015-12-09,BTC,417.56
2015-12-09,GLD,102.64
2015-12-09,QQQ,104.43
2015-12-10,BTC,415.48
2015-12-10,GLD,102.55
2015-12-10,QQQ,104.90
2015-12-11,BTC,451.94
2015-12-11,GLD,103.11
2015-12-11,QQQ,102.49
2015-12-12,BTC,435.00
2015-12-13,BTC,433.76
2015-12-14,BTC,444.18
2015-12-14,GLD,101.79
2015-12-14,QQQ,103.27
2015-12-15,BTC,465.32
2015-12-15,GLD,101.52
2015-12-15,QQQ,103.90
2015-12-16,BTC,454.93
2015-12-16,GLD,102.75
2015-12-16,QQQ,105.44
2015-12-17,BTC,456.08
2015-12-17,GLD,100.50
2015-12-17,QQQ,103.90
2015-12-18,BTC,463.62
2015-12-18,GLD,102.04
2015-12-18,QQQ,101.91
2015-12-19,BTC,462.32
2015-12-20,BTC,442.68
2015-12-21,BTC,438.64
2015-12-21,GLD,103.15
2015-12-21,QQQ,103.04
2015-12-22,BTC,436.57
2015-12-22,GLD,102.61
2015-12-22,QQQ,103.72
2015-12-23,BTC,442.40
2015-12-23,GLD,102.31
2015-12-23,QQQ,104.49
2015-12-24,BTC,454.98
2015-12-24,GLD,103.05
2015-12-24,QQQ,104.47
2015-12-25,BTC,455.65
2015-12-26,BTC,417.27
2015-12-27,BTC,422.82
2015-12-28,BTC,422.28
2015-12-28,GLD,102.27
2015-12-28,QQQ,104.42
2015-12-29,BTC,432.98
2015-12-29,GLD,102.20
2015-12-29,QQQ,106.06
2015-12-30,BTC,426.62
2015-12-30,GLD,101.42
2015-12-30,QQQ,105.10
2015-12-31,BTC,430.57
2015-12-31,GLD,101.46
2015-12-31,QQQ,103.80
2016-01-01,BTC,434.33
2016-01-02,BTC,433.44
2016-01-03,BTC,430.01
2016-01-04,BTC,433.09
2016-01-04,GLD,102.89
2016-01-04,QQQ,101.61
2016-01-05,BTC,431.96
2016-01-05,GLD,103.18
2016-01-05,QQQ,101.43
2016-01-06,BTC,429.11
2016-01-06,GLD,104.67
2016-01-06,QQQ,100.46
2016-01-07,BTC,458.05
2016-01-07,GLD,106.15
2016-01-07,QQQ,97.31
2016-01-08,BTC,453.23
2016-01-08,GLD,105.68
2016-01-08,QQQ,96.51
2016-01-09,BTC,447.61
2016-01-10,BTC,447.99
2016-01-11,BTC,448.43
2016-01-11,GLD,104.74
2016-01-11,QQQ,96.81
2016-01-12,BTC,435.69
2016-01-12,GLD,104.21
2016-01-12,QQQ,97.93
2016-01-13,BTC,432.37
2016-01-13,GLD,104.72
2016-01-13,QQQ,94.55
2016-01-14,BTC,430.31
2016-01-14,GLD,103.02
2016-01-14,QQQ,96.57
2016-01-15,BTC,364.33
2016-01-15,GLD,104.08
2016-01-15,QQQ,93.57
2016-01-16,BTC,387.54
2016-01-17,BTC,382.30
2016-01-18,BTC,387.17
2016-01-19,BTC,380.15
2016-01-19,GLD,103.98
2016-01-19,QQQ,93.77
2016-01-20,BTC,420.23
2016-01-20,GLD,105.37
2016-01-20,QQQ,93.49
2016-01-21,BTC,410.26
2016-01-21,GLD,105.49
2016-01-21,QQQ,93.58
2016-01-22,BTC,382.49
2016-01-22,GLD,105.00
2016-01-22,QQQ,96.29
2016-01-23,BTC,387.49
2016-01-24,BTC,402.97
2016-01-25,BTC,391.73
2016-01-25,GLD,106.08
2016-01-25,QQQ,94.86
2016-01-26,BTC,392.15
2016-01-26,GLD,107.29
2016-01-26,QQQ,95.71
2016-01-27,BTC,394.97
2016-01-27,GLD,107.69
2016-01-27,QQQ,93.33
2016-01-28,BTC,380.29
2016-01-28,GLD,106.54
2016-01-28,QQQ,94.65
2016-01-29,BTC,379.47
2016-01-29,GLD,106.95
2016-01-29,QQQ,96.62
2016-01-30,BTC,378.26
2016-01-31,BTC,368.77
2016-02-01,BTC,373.06
2016-02-01,GLD,108.05
2016-02-01,QQQ,96.88
2016-02-02,BTC,374.45
2016-02-02,GLD,108.09
2016-02-02,QQQ,94.79
2016-02-03,BTC,369.95
2016-02-03,GLD,109.25
2016-02-03,QQQ,94.33
2016-02-04,BTC,389.59
2016-02-04,GLD,110.57
2016-02-04,QQQ,94.32
2016-02-05,BTC,386.55
2016-02-05,GLD,112.32
2016-02-05,QQQ,91.05
2016-02-06,BTC,376.52
2016-02-07,BTC,376.62
2016-02-08,BTC,373.45
2016-02-08,GLD,113.83
2016-02-08,QQQ,89.65
2016-02-09,BTC,376.03
2016-02-09,GLD,113.58
2016-02-09,QQQ,89.38
2016-02-10,BTC,381.65
2016-02-10,GLD,114.46
2016-02-10,QQQ,89.72
2016-02-11,BTC,379.65
2016-02-11,GLD,119.06
2016-02-11,QQQ,89.59
2016-02-12,BTC,384.26
2016-02-12,GLD,118.36
2016-02-12,QQQ,90.95
2016-02-13,BTC,391.86
2016-02-14,BTC,407.23
2016-02-15,BTC,400.18
2016-02-16,BTC,407.49
2016-02-16,GLD,114.77
2016-02-16,QQQ,93.00
2016-02-17,BTC,416.32
2016-02-17,GLD,115.48
2016-02-17,QQQ,95.11
2016-02-18,BTC,422.37
2016-02-18,GLD,118.29
2016-02-18,QQQ,94.02
2016-02-19,BTC,420.79
2016-02-19,GLD,117.58
2016-02-19,QQQ,94.30
2016-02-20,BTC,437.16
2016-02-21,BTC,438.80
2016-02-22,BTC,437.75
2016-02-22,GLD,115.49
2016-02-22,QQQ,95.83
2016-02-23,BTC,420.74
2016-02-23,GLD,117.22
2016-02-23,QQQ,94.26
2016-02-24,BTC,424.95
2016-02-24,GLD,117.61
2016-02-24,QQQ,95.16
2016-02-25,BTC,424.54
2016-02-25,GLD,117.92
2016-02-25,QQQ,96.09
2016-02-26,BTC,432.15
2016-02-26,GLD,117.11
2016-02-26,QQQ,95.97
2016-02-27,BTC,432.52
2016-02-28,BTC,433.50
2016-02-29,BTC,437.70
2016-02-29,GLD,118.64
2016-02-29,QQQ,95.11
2016-03-01,BTC,435.12
2016-03-01,GLD,117.77
2016-03-01,QQQ,98.16
2016-03-02,BTC,423.99
2016-03-02,GLD,118.68
2016-03-02,QQQ,98.20
2016-03-03,BTC,421.65
2016-03-03,GLD,120.73
2016-03-03,QQQ,98.01
2016-03-04,BTC,410.94
2016-03-04,GLD,120.54
2016-03-04,QQQ,98.05
2016-03-05,BTC,400.57
2016-03-06,BTC,407.71
2016-03-07,BTC,414.32
2016-03-07,GLD,121.14
2016-03-07,QQQ,97.45
2016-03-08,BTC,413.97
2016-03-08,GLD,120.58
2016-03-08,QQQ,96.64
2016-03-09,BTC,414.86
2016-03-09,GLD,119.58
2016-03-09,QQQ,97.26
2016-03-10,BTC,417.13
2016-03-10,GLD,121.50
2016-03-10,QQQ,97.11
2016-03-11,BTC,421.69
2016-03-11,GLD,119.41
2016-03-11,QQQ,98.81
2016-03-12,BTC,411.62
2016-03-13,BTC,414.07
2016-03-14,BTC,416.44
2016-03-14,GLD,117.87
2016-03-14,QQQ,98.98
2016-03-15,BTC,416.83
2016-03-15,GLD,117.96
2016-03-15,QQQ,98.94
2016-03-16,BTC,417.01
2016-03-16,GLD,120.59
2016-03-16,QQQ,99.82
2016-03-17,BTC,420.62
2016-03-17,GLD,120.13
2016-03-17,QQQ,99.77
2016-03-18,BTC,409.55
2016-03-18,GLD,119.80
2016-03-18,QQQ,99.92
2016-03-19,BTC,410.44
2016-03-20,BTC,413.76
2016-03-21,BTC,413.31
2016-03-21,GLD,118.96
2016-03-21,QQQ,100.32
2016-03-22,BTC,418.09
2016-03-22,GLD,119.31
2016-03-22,QQQ,100.62
2016-03-23,BTC,418.04
2016-03-23,GLD,116.61
2016-03-23,QQQ,99.79
2016-03-24,BTC,416.39
2016-03-24,GLD,116.33
2016-03-24,QQQ,99.82
2016-03-25,BTC,417.18
2016-03-26,BTC,417.95
2016-03-27,BTC,426.77
2016-03-28,BTC,424.23
2016-03-28,GLD,116.60
2016-03-28,QQQ,99.68
2016-03-29,BTC,416.52
2016-03-29,GLD,118.76
2016-03-29,QQQ,101.28
2016-03-30,BTC,414.82
2016-03-30,GLD,117.10
2016-03-30,QQQ,101.78
2016-03-31,BTC,416.73
2016-03-31,GLD,117.64
2016-03-31,QQQ,101.63
2016-04-01,BTC,417.96
2016-04-01,GLD,116.93
2016-04-01,QQQ,102.71
2016-04-02,BTC,420.87
2016-04-03,BTC,420.90
2016-04-04,BTC,421.44
2016-04-04,GLD,116.15
2016-04-04,QQQ,102.32
2016-04-05,BTC,424.03
2016-04-05,GLD,117.66
2016-04-05,QQQ,101.33
2016-04-06,BTC,423.41
2016-04-06,GLD,116.94
2016-04-06,QQQ,103.00
2016-04-07,BTC,422.74
2016-04-07,GLD,118.61
2016-04-07,QQQ,101.52
2016-04-08,BTC,420.35
2016-04-08,GLD,118.43
2016-04-08,QQQ,101.44
2016-04-09,BTC,419.41
2016-04-10,BTC,421.56
2016-04-11,BTC,422.48
2016-04-11,GLD,120.03
2016-04-11,QQQ,101.07
2016-04-12,BTC,425.19
2016-04-12,GLD,120.05
2016-04-12,QQQ,101.92
2016-04-13,BTC,423.73
2016-04-13,GLD,118.77
2016-04-13,QQQ,103.22
2016-04-14,BTC,424.28
2016-04-14,GLD,117.11
2016-04-14,QQQ,103.23
2016-04-15,BTC,429.71
2016-04-15,GLD,117.92
2016-04-15,QQQ,102.97
2016-04-16,BTC,430.57
2016-04-17,BTC,427.40
2016-04-18,BTC,428.59
2016-04-18,GLD,117.74
2016-04-18,QQQ,103.52
2016-04-19,BTC,435.51
2016-04-19,GLD,119.58
2016-04-19,QQQ,102.88
2016-04-20,BTC,441.39
2016-04-20,GLD,118.97
2016-04-20,QQQ,102.97
2016-04-21,BTC,449.42
2016-04-21,GLD,119.42
2016-04-21,QQQ,102.98
2016-04-22,BTC,445.74
2016-04-22,GLD,117.89
2016-04-22,QQQ,101.42
2016-04-23,BTC,450.28
2016-04-24,BTC,458.55
2016-04-25,BTC,461.43
2016-04-25,GLD,118.23
2016-04-25,QQQ,101.42
2016-04-26,BTC,466.09
2016-04-26,GLD,118.70
2016-04-26,QQQ,100.93
2016-04-27,BTC,444.69
2016-04-27,GLD,119.04
2016-04-27,QQQ,100.12
2016-04-28,BTC,449.01
2016-04-28,GLD,121.29
2016-04-28,QQQ,98.91
2016-04-29,BTC,455.10
2016-04-29,GLD,123.65
2016-04-29,QQQ,98.39
2016-04-30,BTC,448.32
2016-05-01,BTC,451.88
2016-05-02,BTC,444.67
2016-05-02,GLD,123.24
2016-05-02,QQQ,99.32
2016-05-03,BTC,450.30
2016-05-03,GLD,122.96
2016-05-03,QQQ,98.40
2016-05-04,BTC,446.72
2016-05-04,GLD,122.21
2016-05-04,QQQ,97.77
2016-05-05,BTC,447.98
2016-05-05,GLD,122.07
2016-05-05,QQQ,97.74
2016-05-06,BTC,459.60
2016-05-06,GLD,123.18
2016-05-06,QQQ,98.26
2016-05-07,BTC,458.54
2016-05-08,BTC,458.55
2016-05-09,BTC,460.48
2016-05-09,GLD,120.65
2016-05-09,QQQ,98.54
2016-05-10,BTC,450.89
2016-05-10,GLD,120.98
2016-05-10,QQQ,99.89
2016-05-11,BTC,452.73
2016-05-11,GLD,122.12
2016-05-11,QQQ,98.98
2016-05-12,BTC,454.77
2016-05-12,GLD,121.16
2016-05-12,QQQ,98.55
2016-05-13,BTC,455.67
2016-05-13,GLD,121.71
2016-05-13,QQQ,98.18
2016-05-14,BTC,455.67
2016-05-15,BTC,457.57
2016-05-16,BTC,454.16
2016-05-16,GLD,121.80
2016-05-16,QQQ,99.41
2016-05-17,BTC,453.78
2016-05-17,GLD,122.22
2016-05-17,QQQ,98.17
2016-05-18,BTC,454.62
2016-05-18,GLD,120.10
2016-05-18,QQQ,98.52
2016-05-19,BTC,438.71
2016-05-19,GLD,119.87
2016-05-19,QQQ,98.01
2016-05-20,BTC,442.68
2016-05-20,GLD,119.71
2016-05-20,QQQ,99.09
2016-05-21,BTC,443.19
2016-05-22,BTC,439.32
2016-05-23,BTC,444.15
2016-05-23,GLD,119.37
2016-05-23,QQQ,98.96
2016-05-24,BTC,445.98
2016-05-24,GLD,117.30
2016-05-24,QQQ,100.94
2016-05-25,BTC,449.60
2016-05-25,GLD,116.98
2016-05-25,QQQ,101.67
2016-05-26,BTC,453.38
2016-05-26,GLD,116.58
2016-05-26,QQQ,101.96
2016-05-27,BTC,473.46
2016-05-27,GLD,115.62
2016-05-27,QQQ,102.49
2016-05-28,BTC,530.04
2016-05-29,BTC,526.23
2016-05-30,BTC,533.86
2016-05-31,BTC,531.39
2016-05-31,GLD,116.06
2016-05-31,QQQ,102.69
2016-06-01,BTC,536.92
2016-06-01,GLD,115.94
2016-06-01,QQQ,102.70
2016-06-02,BTC,537.97
2016-06-02,GLD,115.67
2016-06-02,QQQ,102.91
2016-06-03,BTC,569.19
2016-06-03,GLD,118.88
2016-06-03,QQQ,102.43
2016-06-04,BTC,572.73
2016-06-05,BTC,574.98
2016-06-06,BTC,585.54
2016-06-06,GLD,118.92
2016-06-06,QQQ,102.80
2016-06-07,BTC,576.60
2016-06-07,GLD,118.82
2016-06-07,QQQ,102.54
2016-06-08,BTC,581.65
2016-06-08,GLD,120.58
2016-06-08,QQQ,102.72
2016-06-09,BTC,574.63
2016-06-09,GLD,121.25
2016-06-09,QQQ,102.55
2016-06-10,BTC,577.47
2016-06-10,GLD,121.74
2016-06-10,QQQ,101.39
2016-06-11,BTC,606.73
2016-06-12,BTC,672.78
2016-06-13,BTC,704.38
2016-06-13,GLD,122.64
2016-06-13,QQQ,100.54
2016-06-14,BTC,685.56
2016-06-14,GLD,122.77
2016-06-14,QQQ,100.54
2016-06-15,BTC,694.47
2016-06-15,GLD,123.68
2016-06-15,QQQ,100.25
2016-06-16,BTC,766.31
2016-06-16,GLD,122.38
2016-06-16,QQQ,100.55
2016-06-17,BTC,748.91
2016-06-17,GLD,123.95
2016-06-17,QQQ,99.37
2016-06-18,BTC,756.23
2016-06-19,BTC,763.78
2016-06-20,BTC,737.23
2016-06-20,GLD,123.21
2016-06-20,QQQ,99.99
2016-06-21,BTC,666.65
2016-06-21,GLD,120.84
2016-06-21,QQQ,100.31
2016-06-22,BTC,596.12
2016-06-22,GLD,120.90
2016-06-22,QQQ,100.07
2016-06-23,BTC,623.98
2016-06-23,GLD,120.11
2016-06-23,QQQ,101.50
2016-06-24,BTC,665.30
2016-06-24,GLD,126.00
2016-06-24,QQQ,97.32
2016-06-25,BTC,665.12
2016-06-26,BTC,629.37
2016-06-27,BTC,655.28
2016-06-27,GLD,126.68
2016-06-27,QQQ,95.39
2016-06-28,BTC,647.00
2016-06-28,GLD,125.32
2016-06-28,QQQ,97.48
2016-06-29,BTC,639.89
2016-06-29,GLD,125.84
2016-06-29,QQQ,99.20
2016-06-30,BTC,673.34
2016-06-30,GLD,126.47
2016-06-30,QQQ,100.35
2016-07-01,BTC,676.30
2016-07-01,GLD,128.41
2016-07-01,QQQ,100.85
2016-07-02,BTC,703.70
2016-07-03,BTC,658.66
2016-07-04,BTC,683.66
2016-07-05,BTC,670.63
2016-07-05,GLD,129.47
2016-07-05,QQQ,100.24
2016-07-06,BTC,677.33
2016-07-06,GLD,130.23
2016-07-06,QQQ,101.06
2016-07-07,BTC,640.56
2016-07-07,GLD,129.74
2016-07-07,QQQ,101.36
2016-07-08,BTC,666.52
2016-07-08,GLD,130.52
2016-07-08,QQQ,102.92
2016-07-09,BTC,650.96
2016-07-10,BTC,649.36
2016-07-11,BTC,647.66
2016-07-11,GLD,129.29
2016-07-11,QQQ,103.51
2016-07-12,BTC,664.55
2016-07-12,GLD,127.15
2016-07-12,QQQ,104.04
2016-07-13,BTC,654.47
2016-07-13,GLD,128.32
2016-07-13,QQQ,103.78
2016-07-14,BTC,658.08
2016-07-14,GLD,127.33
2016-07-14,QQQ,104.49
2016-07-15,BTC,663.26
2016-07-15,GLD,126.84
2016-07-15,QQQ,104.32
2016-07-16,BTC,660.77
2016-07-17,BTC,679.46
2016-07-18,BTC,673.11
2016-07-18,GLD,127.04
2016-07-18,QQQ,105.02
2016-07-19,BTC,672.86
2016-07-19,GLD,127.21
2016-07-19,QQQ,104.63
2016-07-20,BTC,665.68
2016-07-20,GLD,125.39
2016-07-20,QQQ,105.86
2016-07-21,BTC,665.01
2016-07-21,GLD,127.30
2016-07-21,QQQ,105.61
2016-07-22,BTC,650.62
2016-07-22,GLD,126.35
2016-07-22,QQQ,106.05
2016-07-23,BTC,655.56
2016-07-24,BTC,661.28
2016-07-25,BTC,654.10
2016-07-25,GLD,125.47
2016-07-25,QQQ,106.06
2016-07-26,BTC,651.78
2016-07-26,GLD,126.00
2016-07-26,QQQ,106.18
2016-07-27,BTC,654.35
2016-07-27,GLD,128.03
2016-07-27,QQQ,106.92
2016-07-28,BTC,655.03
2016-07-28,GLD,127.66
2016-07-28,QQQ,107.29
2016-07-29,BTC,656.99
2016-07-29,GLD,128.98
2016-07-29,QQQ,107.53
2016-07-30,BTC,655.05
2016-07-31,BTC,624.68
2016-08-01,BTC,606.27
2016-08-01,GLD,129.22
2016-08-01,QQQ,108.09
2016-08-02,BTC,547.47
2016-08-02,GLD,130.27
2016-08-02,QQQ,107.27
2016-08-03,BTC,566.35
2016-08-03,GLD,129.65
2016-08-03,QQQ,107.63
2016-08-04,BTC,578.29
2016-08-04,GLD,129.87
2016-08-04,QQQ,107.94
2016-08-05,BTC,575.04
2016-08-05,GLD,127.55
2016-08-05,QQQ,108.97
2016-08-06,BTC,587.78
2016-08-07,BTC,592.69
2016-08-08,BTC,591.05
2016-08-08,GLD,127.44
2016-08-08,QQQ,108.85
2016-08-09,BTC,587.80
2016-08-09,GLD,127.96
2016-08-09,QQQ,109.10
2016-08-10,BTC,592.10
2016-08-10,GLD,128.56
2016-08-10,QQQ,108.82
2016-08-11,BTC,589.12
2016-08-11,GLD,127.67
2016-08-11,QQQ,109.29
2016-08-12,BTC,587.56
2016-08-12,GLD,127.40
2016-08-12,QQQ,109.36
2016-08-13,BTC,585.59
2016-08-14,BTC,570.47
2016-08-15,BTC,567.24
2016-08-15,GLD,127.84
2016-08-15,QQQ,109.83
2016-08-16,BTC,577.44
2016-08-16,GLD,128.47
2016-08-16,QQQ,109.22
2016-08-17,BTC,573.22
2016-08-17,GLD,128.50
2016-08-17,QQQ,109.42
2016-08-18,BTC,574.32
2016-08-18,GLD,129.11
2016-08-18,QQQ,109.45
2016-08-19,BTC,575.63
2016-08-19,GLD,127.97
2016-08-19,QQQ,109.42
2016-08-20,BTC,581.70
2016-08-21,BTC,581.31
2016-08-22,BTC,586.75
2016-08-22,GLD,127.78
2016-08-22,QQQ,109.50
2016-08-23,BTC,583.41
2016-08-23,GLD,127.76
2016-08-23,QQQ,109.70
2016-08-24,BTC,580.18
2016-08-24,GLD,126.34
2016-08-24,QQQ,108.99
2016-08-25,BTC,577.76
2016-08-25,GLD,126.23
2016-08-25,QQQ,108.81
2016-08-26,BTC,579.65
2016-08-26,GLD,126.05
2016-08-26,QQQ,108.97
2016-08-27,BTC,569.95
2016-08-28,BTC,573.91
2016-08-29,BTC,574.11
2016-08-29,GLD,126.30
2016-08-29,QQQ,109.12
2016-08-30,BTC,577.50
2016-08-30,GLD,125.03
2016-08-30,QQQ,108.77
2016-08-31,BTC,575.47
2016-08-31,GLD,124.78
2016-08-31,QQQ,108.65
2016-09-01,BTC,572.30
2016-09-01,GLD,125.29
2016-09-01,QQQ,108.93
2016-09-02,BTC,575.54
2016-09-02,GLD,126.57
2016-09-02,QQQ,109.29
2016-09-03,BTC,598.21
2016-09-04,BTC,608.63
2016-09-05,BTC,606.59
2016-09-06,BTC,610.44
2016-09-06,GLD,128.71
2016-09-06,QQQ,109.97
2016-09-07,BTC,614.54
2016-09-07,GLD,128.27
2016-09-07,QQQ,110.04
2016-09-08,BTC,626.32
2016-09-08,GLD,127.59
2016-09-08,QQQ,109.39
2016-09-09,BTC,622.86
2016-09-09,GLD,126.75
2016-09-09,QQQ,106.64
2016-09-10,BTC,623.51
2016-09-11,BTC,606.72
2016-09-12,BTC,608.24
2016-09-12,GLD,126.59
2016-09-12,QQQ,108.55
2016-09-13,BTC,609.24
2016-09-13,GLD,125.75
2016-09-13,QQQ,107.58
2016-09-14,BTC,610.68
2016-09-14,GLD,126.18
2016-09-14,QQQ,108.09
2016-09-15,BTC,607.16
2016-09-15,GLD,125.37
2016-09-15,QQQ,109.77
2016-09-16,BTC,606.97
2016-09-16,GLD,125.06
2016-09-16,QQQ,109.72
2016-09-17,BTC,605.98
2016-09-18,BTC,609.87
2016-09-19,BTC,609.23
2016-09-19,GLD,125.32
2016-09-19,QQQ,109.24
2016-09-20,BTC,608.31
2016-09-20,GLD,125.44
2016-09-20,QQQ,109.45
2016-09-21,BTC,597.15
2016-09-21,GLD,127.27
2016-09-21,QQQ,110.53
2016-09-22,BTC,596.30
2016-09-22,GLD,127.57
2016-09-22,QQQ,111.41
2016-09-23,BTC,602.84
2016-09-23,GLD,127.65
2016-09-23,QQQ,110.69
2016-09-24,BTC,602.62
2016-09-25,BTC,600.83
2016-09-26,BTC,608.04
2016-09-26,GLD,127.55
2016-09-26,QQQ,109.77
2016-09-27,BTC,606.17
2016-09-27,GLD,126.62
2016-09-27,QQQ,110.85
2016-09-28,BTC,604.73
2016-09-28,GLD,126.22
2016-09-28,QQQ,111.04
2016-09-29,BTC,605.69
2016-09-29,GLD,126.07
2016-09-29,QQQ,110.24
2016-09-30,BTC,609.73
2016-09-30,GLD,125.64
2016-09-30,QQQ,111.06
2016-10-01,BTC,613.98
2016-10-02,BTC,610.89
2016-10-03,BTC,612.13
2016-10-03,GLD,125.32
2016-10-03,QQQ,110.90
2016-10-04,BTC,610.20
2016-10-04,GLD,120.97
2016-10-04,QQQ,110.73
2016-10-05,BTC,612.51
2016-10-05,GLD,120.78
2016-10-05,QQQ,111.13
2016-10-06,BTC,613.02
2016-10-06,GLD,119.66
2016-10-06,QQQ,111.07
2016-10-07,BTC,617.12
2016-10-07,GLD,119.74
2016-10-07,QQQ,110.83
2016-10-08,BTC,619.11
2016-10-09,BTC,616.75
2016-10-10,BTC,618.99
2016-10-10,GLD,120.16
2016-10-10,QQQ,111.53
2016-10-11,BTC,641.07
2016-10-11,GLD,119.55
2016-10-11,QQQ,109.94
2016-10-12,BTC,636.19
2016-10-12,GLD,119.74
2016-10-12,QQQ,109.84
2016-10-13,BTC,636.79
2016-10-13,GLD,120.03
2016-10-13,QQQ,109.45
2016-10-14,BTC,640.38
2016-10-14,GLD,119.36
2016-10-14,QQQ,109.58
2016-10-15,BTC,638.65
2016-10-16,BTC,641.63
2016-10-17,BTC,639.19
2016-10-17,GLD,119.68
2016-10-17,QQQ,109.28
2016-10-18,BTC,637.96
2016-10-18,GLD,120.42
2016-10-18,QQQ,110.26
2016-10-19,BTC,630.52
2016-10-19,GLD,121.11
2016-10-19,QQQ,110.25
2016-10-20,BTC,630.86
2016-10-20,GLD,120.74
2016-10-20,QQQ,110.11
2016-10-21,BTC,632.83
2016-10-21,GLD,120.83
2016-10-21,QQQ,110.53
2016-10-22,BTC,657.29
2016-10-23,BTC,657.07
2016-10-24,BTC,653.76
2016-10-24,GLD,120.56
2016-10-24,QQQ,111.85
2016-10-25,BTC,657.59
2016-10-25,GLD,121.47
2016-10-25,QQQ,111.50
2016-10-26,BTC,678.30
2016-10-26,GLD,120.79
2016-10-26,QQQ,110.74
2016-10-27,BTC,688.31
2016-10-27,GLD,121.01
2016-10-27,QQQ,110.24
2016-10-28,BTC,689.65
2016-10-28,GLD,121.58
2016-10-28,QQQ,109.54
2016-10-29,BTC,714.48
2016-10-30,BTC,701.86
2016-10-31,BTC,700.97
2016-10-31,GLD,121.94
2016-10-31,QQQ,109.44
2016-11-01,BTC,729.79
2016-11-01,GLD,122.73
2016-11-01,QQQ,108.62
2016-11-02,BTC,740.83
2016-11-02,GLD,123.64
2016-11-02,QQQ,107.75
2016-11-03,BTC,688.70
2016-11-03,GLD,124.30
2016-11-03,QQQ,106.69
2016-11-04,BTC,703.23
2016-11-04,GLD,124.39
2016-11-04,QQQ,106.32
2016-11-05,BTC,703.42
2016-11-06,BTC,711.52
2016-11-07,BTC,703.13
2016-11-07,GLD,122.15
2016-11-07,QQQ,108.84
2016-11-08,BTC,709.85
2016-11-08,GLD,121.64
2016-11-08,QQQ,109.55
2016-11-09,BTC,723.27
2016-11-09,GLD,121.56
2016-11-09,QQQ,110.06
2016-11-10,BTC,715.53
2016-11-10,GLD,119.75
2016-11-10,QQQ,108.28
2016-11-11,BTC,716.41
2016-11-11,GLD,117.10
2016-11-11,QQQ,108.33
2016-11-12,BTC,705.05
2016-11-13,BTC,702.03
2016-11-14,BTC,705.02
2016-11-14,GLD,116.11
2016-11-14,QQQ,107.23
2016-11-15,BTC,711.62
2016-11-15,GLD,117.12
2016-11-15,QQQ,108.72
2016-11-16,BTC,744.20
2016-11-16,GLD,116.77
2016-11-16,QQQ,109.37
2016-11-17,BTC,740.98
2016-11-17,GLD,116.17
2016-11-17,QQQ,110.16
2016-11-18,BTC,751.59
2016-11-18,GLD,115.15
2016-11-18,QQQ,109.75
2016-11-19,BTC,751.62
2016-11-20,BTC,731.03
2016-11-21,BTC,739.25
2016-11-21,GLD,115.58
2016-11-21,QQQ,110.89
2016-11-22,BTC,751.35
2016-11-22,GLD,115.54
2016-11-22,QQQ,111.23
2016-11-23,BTC,744.59
2016-11-23,GLD,113.25
2016-11-23,QQQ,110.78
2016-11-24,BTC,740.29
2016-11-25,BTC,741.65
2016-11-25,GLD,112.61
2016-11-25,QQQ,111.13
2016-11-26,BTC,735.38
2016-11-27,BTC,732.03
2016-11-28,BTC,735.81
2016-11-28,GLD,113.80
2016-11-28,QQQ,110.88
2016-11-29,BTC,735.60
2016-11-29,GLD,113.27
2016-11-29,QQQ,111.27
2016-11-30,BTC,745.69
2016-11-30,GLD,111.75
2016-11-30,QQQ,109.92
2016-12-01,BTC,756.77
2016-12-01,GLD,111.54
2016-12-01,QQQ,108.02
2016-12-02,BTC,777.94
2016-12-02,GLD,112.14
2016-12-02,QQQ,108.23
2016-12-03,BTC,771.16
2016-12-04,BTC,773.87
2016-12-05,BTC,758.70
2016-12-05,GLD,111.54
2016-12-05,QQQ,109.08
2016-12-06,BTC,764.22
2016-12-06,GLD,111.43
2016-12-06,QQQ,109.34
2016-12-07,BTC,768.13
2016-12-07,GLD,111.83
2016-12-07,QQQ,110.72
2016-12-08,BTC,770.81
2016-12-08,GLD,111.57
2016-12-08,QQQ,110.92
2016-12-09,BTC,772.79
2016-12-09,GLD,110.40
2016-12-09,QQQ,111.79
2016-12-10,BTC,774.65
2016-12-11,BTC,769.73
2016-12-12,BTC,780.09
2016-12-12,GLD,110.82
2016-12-12,QQQ,111.28
2016-12-13,BTC,780.56
2016-12-13,GLD,110.45
2016-12-13,QQQ,112.69
2016-12-14,BTC,781.48
2016-12-14,GLD,108.83
2016-12-14,QQQ,112.45
2016-12-15,BTC,778.09
2016-12-15,GLD,107.34
2016-12-15,QQQ,112.63
2016-12-16,BTC,784.91
2016-12-16,GLD,108.05
2016-12-16,QQQ,112.21
2016-12-17,BTC,790.83
2016-12-18,BTC,790.53
2016-12-19,BTC,792.71
2016-12-19,GLD,108.59
2016-12-19,QQQ,112.67
2016-12-20,BTC,800.88
2016-12-20,GLD,107.79
2016-12-20,QQQ,113.10
2016-12-21,BTC,834.28
2016-12-21,GLD,107.85
2016-12-21,QQQ,113.02
2016-12-22,BTC,864.54
2016-12-22,GLD,107.59
2016-12-22,QQQ,112.70
2016-12-23,BTC,921.98
2016-12-23,GLD,107.93
2016-12-23,QQQ,112.78
2016-12-24,BTC,898.82
2016-12-25,BTC,896.18
2016-12-26,BTC,907.61
2016-12-27,BTC,933.20
2016-12-27,GLD,108.56
2016-12-27,QQQ,113.36
2016-12-28,BTC,975.92
2016-12-28,GLD,108.86
2016-12-28,QQQ,112.48
2016-12-29,BTC,973.50
2016-12-29,GLD,110.29
2016-12-29,QQQ,112.32
2016-12-30,BTC,961.24
2016-12-30,GLD,109.61
2016-12-30,QQQ,111.16
2016-12-31,BTC,963.74
2017-01-01,BTC,998.33
2017-01-02,BTC,1021.75
2017-01-03,BTC,1043.84
2017-01-03,GLD,110.47
2017-01-03,QQQ,112.16
2017-01-04,BTC,1154.73
2017-01-04,GLD,110.86
2017-01-04,QQQ,112.77
2017-01-05,BTC,1013.38
2017-01-05,GLD,112.58
2017-01-05,QQQ,113.41
2017-01-06,BTC,902.20
2017-01-06,GLD,111.75
2017-01-06,QQQ,114.40
2017-01-07,BTC,908.59
2017-01-08,BTC,911.20
2017-01-09,BTC,902.83
2017-01-09,GLD,112.67
2017-01-09,QQQ,114.78
2017-01-10,BTC,907.68
2017-01-10,GLD,113.15
2017-01-10,QQQ,115.03
2017-01-11,BTC,777.76
2017-01-11,GLD,113.50
2017-01-11,QQQ,115.34
2017-01-12,BTC,804.83
2017-01-12,GLD,113.91
2017-01-12,QQQ,115.16
2017-01-13,BTC,823.98
2017-01-13,GLD,114.21
2017-01-13,QQQ,115.55
2017-01-14,BTC,818.41
2017-01-15,BTC,821.80
2017-01-16,BTC,831.53
2017-01-17,BTC,907.94
2017-01-17,GLD,115.85
2017-01-17,QQQ,115.21
2017-01-18,BTC,886.62
2017-01-18,GLD,114.87
2017-01-18,QQQ,115.44
2017-01-19,BTC,899.07
2017-01-19,GLD,114.77
2017-01-19,QQQ,115.38
2017-01-20,BTC,895.03
2017-01-20,GLD,115.05
2017-01-20,QQQ,115.64
2017-01-21,BTC,921.79
2017-01-22,BTC,924.67
2017-01-23,BTC,921.01
2017-01-23,GLD,115.79
2017-01-23,QQQ,115.73
2017-01-24,BTC,892.69
2017-01-24,GLD,115.27
2017-01-24,QQQ,116.51
2017-01-25,BTC,901.54
2017-01-25,GLD,114.32
2017-01-25,QQQ,117.68
2017-01-26,BTC,917.59
2017-01-26,GLD,113.26
2017-01-26,QQQ,117.81
2017-01-27,BTC,919.75
2017-01-27,GLD,113.49
2017-01-27,QQQ,118.03
2017-01-28,BTC,921.59
2017-01-29,BTC,919.50
2017-01-30,BTC,920.38
2017-01-30,GLD,113.97
2017-01-30,QQQ,117.11
2017-01-31,BTC,970.40
2017-01-31,GLD,115.55
2017-01-31,QQQ,116.88
2017-02-01,BTC,989.02
2017-02-01,GLD,115.20
2017-02-01,QQQ,117.68
2017-02-02,BTC,1011.80
2017-02-02,GLD,115.84
2017-02-02,QQQ,117.58
2017-02-03,BTC,1029.91
2017-02-03,GLD,116.13
2017-02-03,QQQ,117.92
2017-02-04,BTC,1042.90
2017-02-05,BTC,1027.34
2017-02-06,BTC,1038.15
2017-02-06,GLD,117.70
2017-02-06,QQQ,118.06
2017-02-07,BTC,1061.35
2017-02-07,GLD,117.46
2017-02-07,QQQ,118.49
2017-02-08,BTC,1063.07
2017-02-08,GLD,118.19
2017-02-08,QQQ,118.69
2017-02-09,BTC,994.38
2017-02-09,GLD,117.29
2017-02-09,QQQ,119.12
2017-02-10,BTC,988.67
2017-02-10,GLD,117.60
2017-02-10,QQQ,119.51
2017-02-11,BTC,1004.45
2017-02-12,BTC,999.18
2017-02-13,BTC,990.64
2017-02-13,GLD,116.80
2017-02-13,QQQ,120.19
2017-02-14,BTC,1004.55
2017-02-14,GLD,116.93
2017-02-14,QQQ,120.59
2017-02-15,BTC,1007.48
2017-02-15,GLD,117.45
2017-02-15,QQQ,121.31
2017-02-16,BTC,1027.44
2017-02-16,GLD,118.08
2017-02-16,QQQ,121.27
2017-02-17,BTC,1046.21
2017-02-17,GLD,117.68
2017-02-17,QQQ,121.79
2017-02-18,BTC,1054.42
2017-02-19,BTC,1047.87
2017-02-20,BTC,1079.98
2017-02-21,BTC,1115.30
2017-02-21,GLD,117.75
2017-02-21,QQQ,122.39
2017-02-22,BTC,1117.44
2017-02-22,GLD,117.91
2017-02-22,QQQ,122.44
2017-02-23,BTC,1166.72
2017-02-23,GLD,118.94
2017-02-23,QQQ,121.98
2017-02-24,BTC,1173.68
2017-02-24,GLD,119.70
2017-02-24,QQQ,122.22
2017-02-25,BTC,1143.84
2017-02-26,BTC,1165.20
2017-02-27,BTC,1179.97
2017-02-27,GLD,119.12
2017-02-27,QQQ,122.37
2017-02-28,BTC,1179.97
2017-02-28,GLD,119.23
2017-02-28,QQQ,121.99
2017-03-01,BTC,1222.50
2017-03-01,GLD,119.06
2017-03-01,QQQ,123.32
2017-03-02,BTC,1251.01
2017-03-02,GLD,117.58
2017-03-02,QQQ,122.70
2017-03-03,BTC,1274.99
2017-03-03,GLD,117.51
2017-03-03,QQQ,122.93
2017-03-04,BTC,1255.15
2017-03-05,BTC,1267.12
2017-03-06,BTC,1272.83
2017-03-06,GLD,116.72
2017-03-06,QQQ,122.66
2017-03-07,BTC,1223.54
2017-03-07,GLD,115.78
2017-03-07,QQQ,122.45
2017-03-08,BTC,1150.00
2017-03-08,GLD,115.06
2017-03-08,QQQ,122.67
2017-03-09,BTC,1188.49
2017-03-09,GLD,114.47
2017-03-09,QQQ,122.76
2017-03-10,BTC,1116.72
2017-03-10,GLD,114.72
2017-03-10,QQQ,123.28
2017-03-11,BTC,1175.83
2017-03-12,BTC,1221.38
2017-03-13,BTC,1231.92
2017-03-13,GLD,114.74
2017-03-13,QQQ,123.48
2017-03-14,BTC,1240.00
2017-03-14,GLD,114.12
2017-03-14,QQQ,123.18
2017-03-15,BTC,1249.61
2017-03-15,GLD,116.25
2017-03-15,QQQ,123.94
2017-03-16,BTC,1187.81
2017-03-16,GLD,116.73
2017-03-16,QQQ,123.86
2017-03-17,BTC,1100.23
2017-03-17,GLD,116.99
2017-03-17,QQQ,123.81
2017-03-18,BTC,973.82
2017-03-19,BTC,1036.74
2017-03-20,BTC,1054.23
2017-03-20,GLD,117.51
2017-03-20,QQQ,123.93
2017-03-21,BTC,1120.54
2017-03-21,GLD,118.54
2017-03-21,QQQ,122.05
2017-03-22,BTC,1049.14
2017-03-22,GLD,118.83
2017-03-22,QQQ,122.87
2017-03-23,BTC,1038.59
2017-03-23,GLD,118.67
2017-03-23,QQQ,122.56
2017-03-24,BTC,937.52
2017-03-24,GLD,118.86
2017-03-24,QQQ,122.82
2017-03-25,BTC,972.78
2017-03-26,BTC,966.72
2017-03-27,BTC,1045.77
2017-03-27,GLD,119.53
2017-03-27,QQQ,123.01
2017-03-28,BTC,1047.15
2017-03-28,GLD,119.04
2017-03-28,QQQ,123.77
2017-03-29,BTC,1039.97
2017-03-29,GLD,119.33
2017-03-29,QQQ,124.34
2017-03-30,BTC,1026.43
2017-03-30,GLD,118.47
2017-03-30,QQQ,124.55
2017-03-31,BTC,1071.79
2017-03-31,GLD,118.72
2017-03-31,QQQ,124.46
2017-04-01,BTC,1080.50
2017-04-02,BTC,1102.17
2017-04-03,BTC,1143.81
2017-04-03,GLD,119.35
2017-04-03,QQQ,124.39
2017-04-04,BTC,1133.25
2017-04-04,GLD,119.62
2017-04-04,QQQ,124.58
2017-04-05,BTC,1124.78
2017-04-05,GLD,119.62
2017-04-05,QQQ,124.08
2017-04-06,BTC,1182.68
2017-04-06,GLD,119.18
2017-04-06,QQQ,124.14
2017-04-07,BTC,1176.90
2017-04-07,GLD,119.46
2017-04-07,QQQ,124.08
2017-04-08,BTC,1175.95
2017-04-09,BTC,1187.87
2017-04-10,BTC,1187.13
2017-04-10,GLD,119.46
2017-04-10,QQQ,124.12
2017-04-11,BTC,1205.01
2017-04-11,GLD,121.19
2017-04-11,QQQ,123.59
2017-04-12,BTC,1200.37
2017-04-12,GLD,122.02
2017-04-12,QQQ,123.09
2017-04-13,BTC,1169.28
2017-04-13,GLD,122.60
2017-04-13,QQQ,122.60
2017-04-14,BTC,1167.54
2017-04-15,BTC,1172.52
2017-04-16,BTC,1182.94
2017-04-17,BTC,1193.91
2017-04-17,GLD,122.24
2017-04-17,QQQ,123.62
2017-04-18,BTC,1211.67
2017-04-18,GLD,122.82
2017-04-18,QQQ,123.43
2017-04-19,BTC,1210.29
2017-04-19,GLD,121.73
2017-04-19,QQQ,123.63
2017-04-20,BTC,1229.08
2017-04-20,GLD,121.96
2017-04-20,QQQ,124.66
2017-04-21,BTC,1222.05
2017-04-21,GLD,122.31
2017-04-21,QQQ,124.63
2017-04-22,BTC,1231.71
2017-04-23,BTC,1207.21
2017-04-24,BTC,1250.15
2017-04-24,GLD,121.48
2017-04-24,QQQ,126.14
2017-04-25,BTC,1265.49
2017-04-25,GLD,120.25
2017-04-25,QQQ,127.05
2017-04-26,BTC,1281.08
2017-04-26,GLD,120.84
2017-04-26,QQQ,126.87
2017-04-27,BTC,1317.73
2017-04-27,GLD,120.39
2017-04-27,QQQ,127.63
2017-04-28,BTC,1316.48
2017-04-28,GLD,120.77
2017-04-28,QQQ,127.86
2017-04-29,BTC,1321.79
2017-04-30,BTC,1347.89
2017-05-01,BTC,1421.60
2017-05-01,GLD,119.67
2017-05-01,QQQ,128.99
2017-05-02,BTC,1452.82
2017-05-02,GLD,119.65
2017-05-02,QQQ,129.21
2017-05-03,BTC,1490.09
2017-05-03,GLD,117.98
2017-05-03,QQQ,128.80
2017-05-04,BTC,1537.67
2017-05-04,GLD,116.79
2017-05-04,QQQ,128.84
2017-05-05,BTC,1555.45
2017-05-05,GLD,117.01
2017-05-05,QQQ,129.31
2017-05-06,BTC,1578.80
2017-05-07,BTC,1596.71
2017-05-08,BTC,1723.35
2017-05-08,GLD,116.75
2017-05-08,QQQ,129.60
2017-05-09,BTC,1755.36
2017-05-09,GLD,116.05
2017-05-09,QQQ,130.05
2017-05-10,BTC,1787.13
2017-05-10,GLD,116.04
2017-05-10,QQQ,130.12
2017-05-11,BTC,1848.57
2017-05-11,GLD,116.50
2017-05-11,QQQ,130.02
2017-05-12,BTC,1724.24
2017-05-12,GLD,116.83
2017-05-12,QQQ,130.31
2017-05-13,BTC,1804.91
2017-05-14,BTC,1808.91
2017-05-15,BTC,1738.43
2017-05-15,GLD,117.14
2017-05-15,QQQ,130.72
2017-05-16,BTC,1734.45
2017-05-16,GLD,117.65
2017-05-16,QQQ,131.27
2017-05-17,BTC,1839.09
2017-05-17,GLD,119.79
2017-05-17,QQQ,127.93
2017-05-18,BTC,1888.65
2017-05-18,GLD,118.81
2017-05-18,QQQ,129.05
2017-05-19,BTC,1987.71
2017-05-19,GLD,119.40
2017-05-19,QQQ,129.60
2017-05-20,BTC,2084.73
2017-05-21,BTC,2041.20
2017-05-22,BTC,2173.40
2017-05-22,GLD,119.90
2017-05-22,QQQ,130.69
2017-05-23,BTC,2320.42
2017-05-23,GLD,119.14
2017-05-23,QQQ,130.82
2017-05-24,BTC,2443.64
2017-05-24,GLD,119.61
2017-05-24,QQQ,131.42
2017-05-25,BTC,2304.98
2017-05-25,GLD,119.48
2017-05-25,QQQ,132.54
2017-05-26,BTC,2202.42
2017-05-26,GLD,120.54
2017-05-26,QQQ,132.77
2017-05-27,BTC,2038.87
2017-05-28,BTC,2155.80
2017-05-29,BTC,2255.61
2017-05-30,BTC,2175.47
2017-05-30,GLD,120.14
2017-05-30,QQQ,132.89
2017-05-31,BTC,2286.41
2017-05-31,GLD,120.62
2017-05-31,QQQ,132.84
2017-06-01,BTC,2407.88
2017-06-01,GLD,120.72
2017-06-01,QQQ,133.36
2017-06-02,BTC,2488.55
2017-06-02,GLD,121.61
2017-06-02,QQQ,134.88
2017-06-03,BTC,2515.35
2017-06-04,BTC,2511.81
2017-06-05,BTC,2686.81
2017-06-05,GLD,121.73
2017-06-05,QQQ,134.85
2017-06-06,BTC,2863.20
2017-06-06,GLD,123.10
2017-06-06,QQQ,134.32
2017-06-07,BTC,2732.16
2017-06-07,GLD,122.45
2017-06-07,QQQ,134.84
2017-06-08,BTC,2805.62
2017-06-08,GLD,121.65
2017-06-08,QQQ,134.98
2017-06-09,BTC,2823.81
2017-06-09,GLD,120.54
2017-06-09,QQQ,131.61
2017-06-10,BTC,2947.71
2017-06-11,BTC,2958.11
2017-06-12,BTC,2659.63
2017-06-12,GLD,120.36
2017-06-12,QQQ,130.90
2017-06-13,BTC,2717.02
2017-06-13,GLD,120.48
2017-06-13,QQQ,131.97
2017-06-14,BTC,2506.37
2017-06-14,GLD,119.82
2017-06-14,QQQ,131.39
2017-06-15,BTC,2464.58
2017-06-15,GLD,119.32
2017-06-15,QQQ,130.81
2017-06-16,BTC,2518.56
2017-06-16,GLD,119.34
2017-06-16,QQQ,130.24
2017-06-17,BTC,2655.88
2017-06-18,BTC,2548.29
2017-06-19,BTC,2589.60
2017-06-19,GLD,118.43
2017-06-19,QQQ,132.42
2017-06-20,BTC,2721.79
2017-06-20,GLD,118.18
2017-06-20,QQQ,131.38
2017-06-21,BTC,2689.10
2017-06-21,GLD,118.52
2017-06-21,QQQ,132.68
2017-06-22,BTC,2705.41
2017-06-22,GLD,118.92
2017-06-22,QQQ,132.65
2017-06-23,BTC,2744.91
2017-06-23,GLD,119.43
2017-06-23,QQQ,133.15
2017-06-24,BTC,2608.72
2017-06-25,BTC,2589.41
2017-06-26,BTC,2478.45
2017-06-26,GLD,118.36
2017-06-26,QQQ,132.53
2017-06-27,BTC,2552.45
2017-06-27,GLD,118.81
2017-06-27,QQQ,130.13
2017-06-28,BTC,2574.79
2017-06-28,GLD,118.90
2017-06-28,QQQ,132.00
2017-06-29,BTC,2539.32
2017-06-29,GLD,118.32
2017-06-29,QQQ,129.71
2017-06-30,BTC,2480.84
2017-06-30,GLD,118.02
2017-06-30,QQQ,129.76
2017-07-01,BTC,2434.55
2017-07-02,BTC,2506.47
2017-07-03,BTC,2564.06
2017-07-03,GLD,116.09
2017-07-03,QQQ,128.39
2017-07-04,BTC,2601.64
2017-07-05,BTC,2601.99
2017-07-05,GLD,116.52
2017-07-05,QQQ,129.66
2017-07-06,BTC,2608.56
2017-07-06,GLD,116.47
2017-07-06,QQQ,128.49
2017-07-07,BTC,2518.66
2017-07-07,GLD,115.28
2017-07-07,QQQ,129.87
2017-07-08,BTC,2571.34
2017-07-09,BTC,2518.44
2017-07-10,BTC,2372.56
2017-07-10,GLD,115.47
2017-07-10,QQQ,130.72
2017-07-11,BTC,2337.79
2017-07-11,GLD,115.62
2017-07-11,QQQ,131.09
2017-07-12,BTC,2398.84
2017-07-12,GLD,116.03
2017-07-12,QQQ,132.65
2017-07-13,BTC,2357.90
2017-07-13,GLD,115.82
2017-07-13,QQQ,132.94
2017-07-14,BTC,2233.34
2017-07-14,GLD,116.77
2017-07-14,QQQ,133.98
2017-07-15,BTC,1998.86
2017-07-16,BTC,1929.82
2017-07-17,BTC,2228.41
2017-07-17,GLD,117.29
2017-07-17,QQQ,134.05
2017-07-18,BTC,2318.88
2017-07-18,GLD,118.11
2017-07-18,QQQ,134.95
2017-07-19,BTC,2273.43
2017-07-19,GLD,118.08
2017-07-19,QQQ,135.74
2017-07-20,BTC,2817.60
2017-07-20,GLD,118.24
2017-07-20,QQQ,135.92
2017-07-21,BTC,2667.76
2017-07-21,GLD,119.26
2017-07-21,QQQ,135.86
2017-07-22,BTC,2810.12
2017-07-23,BTC,2730.40
2017-07-24,BTC,2754.86
2017-07-24,GLD,119.31
2017-07-24,QQQ,136.48
2017-07-25,BTC,2576.48
2017-07-25,GLD,118.92
2017-07-25,QQQ,136.13
2017-07-26,BTC,2529.45
2017-07-26,GLD,119.88
2017-07-26,QQQ,136.58
2017-07-27,BTC,2671.78
2017-07-27,GLD,119.79
2017-07-27,QQQ,135.72
2017-07-28,BTC,2809.01
2017-07-28,GLD,120.69
2017-07-28,QQQ,135.61
2017-07-29,BTC,2726.45
2017-07-30,BTC,2757.18
2017-07-31,BTC,2875.34
2017-07-31,GLD,120.75
2017-07-31,QQQ,135.03
2017-08-01,BTC,2718.26
2017-08-01,GLD,120.65
2017-08-01,QQQ,135.34
2017-08-02,BTC,2710.67
2017-08-02,GLD,120.40
2017-08-02,QQQ,135.71
2017-08-03,BTC,2804.73
2017-08-03,GLD,120.59
2017-08-03,QQQ,135.18
2017-08-04,BTC,2895.89
2017-08-04,GLD,119.65
2017-08-04,QQQ,135.43
2017-08-05,BTC,3252.91
2017-08-06,BTC,3213.94
2017-08-07,BTC,3378.94
2017-08-07,GLD,119.51
2017-08-07,QQQ,136.28
2017-08-08,BTC,3419.94
2017-08-08,GLD,119.86
2017-08-08,QQQ,136.05
2017-08-09,BTC,3342.47
2017-08-09,GLD,121.31
2017-08-09,QQQ,135.87
2017-08-10,BTC,3381.28
2017-08-10,GLD,122.21
2017-08-10,QQQ,132.96
2017-08-11,BTC,3650.62
2017-08-11,GLD,122.79
2017-08-11,QQQ,133.97
2017-08-12,BTC,3884.71
2017-08-13,BTC,4073.26
2017-08-14,BTC,4325.13
2017-08-14,GLD,121.92
2017-08-14,QQQ,135.69
2017-08-15,BTC,4181.93
2017-08-15,GLD,120.98
2017-08-15,QQQ,135.78
2017-08-16,BTC,4376.63
2017-08-16,GLD,121.87
2017-08-16,QQQ,136.02
2017-08-17,BTC,4331.69
2017-08-17,GLD,122.49
2017-08-17,QQQ,133.24
2017-08-18,BTC,4160.62
2017-08-18,GLD,122.30
2017-08-18,QQQ,133.15
2017-08-19,BTC,4193.70
2017-08-20,BTC,4087.66
2017-08-21,BTC,4001.74
2017-08-21,GLD,122.76
2017-08-21,QQQ,132.98
2017-08-22,BTC,4100.52
2017-08-22,GLD,122.21
2017-08-22,QQQ,135.00
2017-08-23,BTC,4151.52
2017-08-23,GLD,122.67
2017-08-23,QQQ,134.52
2017-08-24,BTC,4334.68
2017-08-24,GLD,122.29
2017-08-24,QQQ,134.13
2017-08-25,BTC,4371.60
2017-08-25,GLD,122.74
2017-08-25,QQQ,133.84
2017-08-26,BTC,4352.40
2017-08-27,BTC,4382.88
2017-08-28,BTC,4382.66
2017-08-28,GLD,124.69
2017-08-28,QQQ,134.26
2017-08-29,BTC,4579.02
2017-08-29,GLD,124.42
2017-08-29,QQQ,134.79
2017-08-30,BTC,4565.30
2017-08-30,GLD,124.36
2017-08-30,QQQ,136.37
2017-08-31,BTC,4703.39
2017-08-31,GLD,125.82
2017-08-31,QQQ,137.83
2017-09-01,BTC,4892.01
2017-09-01,GLD,126.06
2017-09-01,QQQ,137.64
2017-09-02,BTC,4578.77
2017-09-03,BTC,4582.96
2017-09-04,BTC,4236.31
2017-09-05,BTC,4376.53
2017-09-05,GLD,127.46
2017-09-05,QQQ,136.41
2017-09-06,BTC,4597.12
2017-09-06,GLD,126.81
2017-09-06,QQQ,136.82
2017-09-07,BTC,4599.88
2017-09-07,GLD,128.13
2017-09-07,QQQ,137.14
2017-09-08,BTC,4228.75
2017-09-08,GLD,127.97
2017-09-08,QQQ,135.95
2017-09-09,BTC,4226.06
2017-09-10,BTC,4122.94
2017-09-11,BTC,4161.27
2017-09-11,GLD,126.19
2017-09-11,QQQ,137.52
2017-09-12,BTC,4130.81
2017-09-12,GLD,126.56
2017-09-12,QQQ,137.85
2017-09-13,BTC,3882.59
2017-09-13,GLD,125.61
2017-09-13,QQQ,138.04
2017-09-14,BTC,3154.95
2017-09-14,GLD,126.16
2017-09-14,QQQ,137.23
2017-09-15,BTC,3637.52
2017-09-15,GLD,125.53
2017-09-15,QQQ,137.70
2017-09-16,BTC,3625.04
2017-09-17,BTC,3582.88
2017-09-18,BTC,4065.20
2017-09-18,GLD,124.36
2017-09-18,QQQ,137.52
2017-09-19,BTC,3924.97
2017-09-19,GLD,124.62
2017-09-19,QQQ,137.75
2017-09-20,BTC,3905.95
2017-09-20,GLD,123.62
2017-09-20,QQQ,137.33
2017-09-21,BTC,3631.04
2017-09-21,GLD,122.68
2017-09-21,QQQ,136.49
2017-09-22,BTC,3630.70
2017-09-22,GLD,123.24
2017-09-22,QQQ,136.36
2017-09-23,BTC,3792.40
2017-09-24,BTC,3682.84
2017-09-25,BTC,3926.07
2017-09-25,GLD,124.53
2017-09-25,QQQ,134.92
2017-09-26,BTC,3892.35
2017-09-26,GLD,123.14
2017-09-26,QQQ,135.27
2017-09-27,BTC,4200.67
2017-09-27,GLD,121.98
2017-09-27,QQQ,136.49
2017-09-28,BTC,4174.73
2017-09-28,GLD,122.21
2017-09-28,QQQ,136.44
2017-09-29,BTC,4163.07
2017-09-29,GLD,121.58
2017-09-29,QQQ,137.42
2017-09-30,BTC,4338.71
2017-10-01,BTC,4403.74
2017-10-02,BTC,4409.32
2017-10-02,GLD,120.77
2017-10-02,QQQ,137.55
2017-10-03,BTC,4317.48
2017-10-03,GLD,120.83
2017-10-03,QQQ,137.84
2017-10-04,BTC,4229.36
2017-10-04,GLD,121.17
2017-10-04,QQQ,137.97
2017-10-05,BTC,4328.41
2017-10-05,GLD,120.52
2017-10-05,QQQ,139.32
2017-10-06,BTC,4370.81
2017-10-06,GLD,121.09
2017-10-06,QQQ,139.51
2017-10-07,BTC,4426.89
2017-10-08,BTC,4610.48
2017-10-09,BTC,4772.02
2017-10-09,GLD,122.08
2017-10-09,QQQ,139.35
2017-10-10,BTC,4781.99
2017-10-10,GLD,122.40
2017-10-10,QQQ,139.46
2017-10-11,BTC,4826.48
2017-10-11,GLD,122.79
2017-10-11,QQQ,139.87
2017-10-12,BTC,5446.91
2017-10-12,GLD,122.89
2017-10-12,QQQ,139.62
2017-10-13,BTC,5647.21
2017-10-13,GLD,123.82
2017-10-13,QQQ,140.15
2017-10-14,BTC,5831.79
2017-10-15,BTC,5678.19
2017-10-16,BTC,5725.59
2017-10-16,GLD,122.97
2017-10-16,QQQ,140.64
2017-10-17,BTC,5605.51
2017-10-17,GLD,122.13
2017-10-17,QQQ,140.82
2017-10-18,BTC,5590.69
2017-10-18,GLD,121.67
2017-10-18,QQQ,140.65
2017-10-19,BTC,5708.52
2017-10-19,GLD,122.39
2017-10-19,QQQ,140.13
2017-10-20,BTC,6011.45
2017-10-20,GLD,121.61
2017-10-20,QQQ,140.50
2017-10-21,BTC,6031.60
2017-10-22,BTC,6008.42
2017-10-23,BTC,5930.32
2017-10-23,GLD,121.80
2017-10-23,QQQ,139.59
2017-10-24,BTC,5526.64
2017-10-24,GLD,121.33
2017-10-24,QQQ,139.82
2017-10-25,BTC,5750.80
2017-10-25,GLD,121.35
2017-10-25,QQQ,139.29
2017-10-26,BTC,5904.83
2017-10-26,GLD,120.33
2017-10-26,QQQ,138.85
2017-10-27,BTC,5780.90
2017-10-27,GLD,120.90
2017-10-27,QQQ,142.89
2017-10-28,BTC,5753.09
2017-10-29,BTC,6153.85
2017-10-30,BTC,6130.53
2017-10-30,GLD,121.13
2017-10-30,QQQ,143.22
2017-10-31,BTC,6468.40
2017-10-31,GLD,120.67
2017-10-31,QQQ,143.75
2017-11-01,BTC,6767.31
2017-11-01,GLD,121.11
2017-11-01,QQQ,143.71
2017-11-02,BTC,7078.50
2017-11-02,GLD,121.19
2017-11-02,QQQ,143.43
2017-11-03,BTC,7207.76
2017-11-03,GLD,120.62
2017-11-03,QQQ,144.81
2017-11-04,BTC,7379.95
2017-11-05,BTC,7407.41
2017-11-06,BTC,7022.76
2017-11-06,GLD,121.65
2017-11-06,QQQ,145.30
2017-11-07,BTC,7144.38
2017-11-07,GLD,121.21
2017-11-07,QQQ,145.39
2017-11-08,BTC,7459.69
2017-11-08,GLD,121.63
2017-11-08,QQQ,145.97
2017-11-09,BTC,7143.58
2017-11-09,GLD,122.13
2017-11-09,QQQ,145.21
2017-11-10,BTC,6618.14
2017-11-10,GLD,121.13
2017-11-10,QQQ,145.20
2017-11-11,BTC,6357.60
2017-11-12,BTC,5950.07
2017-11-13,BTC,6559.49
2017-11-13,GLD,121.31
2017-11-13,QQQ,145.38
2017-11-14,BTC,6635.75
2017-11-14,GLD,121.56
2017-11-14,QQQ,144.85
2017-11-15,BTC,7315.54
2017-11-15,GLD,121.41
2017-11-15,QQQ,144.17
2017-11-16,BTC,7871.69
2017-11-16,GLD,121.40
2017-11-16,QQQ,146.01
2017-11-17,BTC,7708.99
2017-11-17,GLD,122.86
2017-11-17,QQQ,145.45
2017-11-18,BTC,7790.15
2017-11-19,BTC,8036.49
2017-11-20,BTC,8200.64
2017-11-20,GLD,121.31
2017-11-20,QQQ,145.34
2017-11-21,BTC,8071.26
2017-11-21,GLD,121.51
2017-11-21,QQQ,146.92
2017-11-22,BTC,8253.55
2017-11-22,GLD,122.63
2017-11-22,QQQ,147.10
2017-11-23,BTC,8038.77
2017-11-24,BTC,8253.69
2017-11-24,GLD,122.32
2017-11-24,QQQ,147.64
2017-11-25,BTC,8790.92
2017-11-26,BTC,9330.55
2017-11-27,BTC,9818.35
2017-11-27,GLD,122.83
2017-11-27,QQQ,147.57
2017-11-28,BTC,10058.80
2017-11-28,GLD,122.81
2017-11-28,QQQ,147.95
2017-11-29,BTC,9888.61
2017-11-29,GLD,122.04
2017-11-29,QQQ,145.37
2017-11-30,BTC,10233.60
2017-11-30,GLD,121.10
2017-11-30,QQQ,146.59
2017-12-01,BTC,10975.60
2017-12-01,GLD,121.59
2017-12-01,QQQ,145.96
2017-12-02,BTC,11074.60
2017-12-03,BTC,11323.20
2017-12-04,BTC,11657.20
2017-12-04,GLD,121.18
2017-12-04,QQQ,144.28
2017-12-05,BTC,11916.70
2017-12-05,GLD,120.32
2017-12-05,QQQ,144.38
2017-12-06,BTC,14291.50
2017-12-06,GLD,120.07
2017-12-06,QQQ,145.03
2017-12-07,BTC,17899.70
2017-12-07,GLD,118.49
2017-12-07,QQQ,145.52
2017-12-08,BTC,16569.40
2017-12-08,GLD,118.48
2017-12-08,QQQ,146.16
2017-12-09,BTC,15178.20
2017-12-10,BTC,15455.40
2017-12-11,BTC,16936.80
2017-12-11,GLD,118.01
2017-12-11,QQQ,147.30
2017-12-12,BTC,17415.40
2017-12-12,GLD,118.15
2017-12-12,QQQ,147.10
2017-12-13,BTC,16408.20
2017-12-13,GLD,119.17
2017-12-13,QQQ,147.38
2017-12-14,BTC,16564.00
2017-12-14,GLD,118.93
2017-12-14,QQQ,147.28
2017-12-15,BTC,17706.90
2017-12-15,GLD,119.18
2017-12-15,QQQ,148.95
2017-12-16,BTC,19497.40
2017-12-17,BTC,19140.80
2017-12-18,BTC,19114.20
2017-12-18,GLD,119.73
2017-12-18,QQQ,150.20
2017-12-19,BTC,17776.70
2017-12-19,GLD,119.82
2017-12-19,QQQ,149.31
2017-12-20,BTC,16624.60
2017-12-20,GLD,120.14
2017-12-20,QQQ,149.15
2017-12-21,BTC,15802.90
2017-12-21,GLD,120.31
2017-12-21,QQQ,149.17
2017-12-22,BTC,13831.80
2017-12-22,GLD,120.94
2017-12-22,QQQ,149.00
2017-12-23,BTC,14699.20
2017-12-24,BTC,13925.80
2017-12-25,BTC,14026.60
2017-12-26,BTC,16099.80
2017-12-26,GLD,121.77
2017-12-26,QQQ,148.19
2017-12-27,BTC,15838.50
2017-12-27,GLD,122.23
2017-12-27,QQQ,148.21
2017-12-28,BTC,14606.50
2017-12-28,GLD,122.85
2017-12-28,QQQ,148.39
2017-12-29,BTC,14656.20
2017-12-29,GLD,123.65
2017-12-29,QQQ,147.47
2017-12-30,BTC,12952.20
2017-12-31,BTC,14156.40
2018-01-01,BTC,13657.20
2018-01-02,BTC,14982.10
2018-01-02,GLD,125.15
2018-01-02,QQQ,150.06
2018-01-03,BTC,15201.00
2018-01-03,GLD,124.82
2018-01-03,QQQ,151.52
2018-01-04,BTC,15599.20
2018-01-04,GLD,125.46
2018-01-04,QQQ,151.78
2018-01-05,BTC,17429.50
2018-01-05,GLD,125.33
2018-01-05,QQQ,153.30
2018-01-06,BTC,17527.00
2018-01-07,BTC,16477.60
2018-01-08,BTC,15170.10
2018-01-08,GLD,125.31
2018-01-08,QQQ,153.90
2018-01-09,BTC,14595.40
2018-01-09,GLD,124.73
2018-01-09,QQQ,153.91
2018-01-10,BTC,14973.30
2018-01-10,GLD,125.03
2018-01-10,QQQ,153.55
2018-01-11,BTC,13405.80
2018-01-11,GLD,125.44
2018-01-11,QQQ,154.60
2018-01-12,BTC,13980.60
2018-01-12,GLD,126.96
2018-01-12,QQQ,155.74
2018-01-13,BTC,14360.20
2018-01-14,BTC,13772.00
2018-01-15,BTC,13819.80
2018-01-16,BTC,11490.50
2018-01-16,GLD,127.17
2018-01-16,QQQ,155.29
2018-01-17,BTC,11188.60
2018-01-17,GLD,126.14
2018-01-17,QQQ,156.97
2018-01-18,BTC,11474.90
2018-01-18,GLD,125.86
2018-01-18,QQQ,157.00
2018-01-19,BTC,11607.40
2018-01-19,GLD,126.42
2018-01-19,QQQ,157.49
2018-01-20,BTC,12899.20
2018-01-21,BTC,11600.10
2018-01-22,BTC,10931.40
2018-01-22,GLD,126.65
2018-01-22,QQQ,159.17
2018-01-23,BTC,10868.40
2018-01-23,GLD,127.28
2018-01-23,QQQ,160.49
2018-01-24,BTC,11359.40
2018-01-24,GLD,128.83
2018-01-24,QQQ,159.45
2018-01-25,BTC,11259.40
2018-01-25,GLD,127.97
2018-01-25,QQQ,159.39
2018-01-26,BTC,11171.40
2018-01-26,GLD,128.07
2018-01-26,QQQ,161.84
2018-01-27,BTC,11440.70
2018-01-28,BTC,11786.30
2018-01-29,BTC,11296.40
2018-01-29,GLD,127.35
2018-01-29,QQQ,161.05
2018-01-30,BTC,10106.30
2018-01-30,GLD,126.80
2018-01-30,QQQ,159.72
2018-01-31,BTC,10221.10
2018-01-31,GLD,127.65
2018-01-31,QQQ,160.39
2018-02-01,BTC,9170.54
2018-02-01,GLD,128.07
2018-02-01,QQQ,159.02
2018-02-02,BTC,8830.75
2018-02-02,GLD,126.39
2018-02-02,QQQ,155.85
2018-02-03,BTC,9174.91
2018-02-04,BTC,8277.01
2018-02-05,BTC,6955.27
2018-02-05,GLD,126.71
2018-02-05,QQQ,149.71
2018-02-06,BTC,7754.00
2018-02-06,GLD,125.38
2018-02-06,QQQ,153.67
2018-02-07,BTC,7621.30
2018-02-07,GLD,124.79
2018-02-07,QQQ,151.69
2018-02-08,BTC,8265.59
2018-02-08,GLD,124.98
2018-02-08,QQQ,145.29
2018-02-09,BTC,8736.98
2018-02-09,GLD,124.77
2018-02-09,QQQ,147.79
2018-02-10,BTC,8621.90
2018-02-11,BTC,8129.97
2018-02-12,BTC,8926.57
2018-02-12,GLD,125.37
2018-02-12,QQQ,150.42
2018-02-13,BTC,8598.31
2018-02-13,GLD,126.08
2018-02-13,QQQ,151.19
2018-02-14,BTC,9494.63
2018-02-14,GLD,128.23
2018-02-14,QQQ,154.02
2018-02-15,BTC,10166.40
2018-02-15,GLD,128.38
2018-02-15,QQQ,156.88
2018-02-16,BTC,10233.90
2018-02-16,GLD,127.96
2018-02-16,QQQ,156.18
2018-02-17,BTC,11112.70
2018-02-18,BTC,10551.80
2018-02-19,BTC,11225.30
2018-02-20,BTC,11403.70
2018-02-20,GLD,126.24
2018-02-20,QQQ,156.50
2018-02-21,BTC,10690.40
2018-02-21,GLD,125.66
2018-02-21,QQQ,156.05
2018-02-22,BTC,10005.00
2018-02-22,GLD,126.30
2018-02-22,QQQ,156.03
2018-02-23,BTC,10301.10
2018-02-23,GLD,126.14
2018-02-23,QQQ,159.22
2018-02-24,BTC,9813.07
2018-02-25,BTC,9664.73
2018-02-26,BTC,10366.70
2018-02-26,GLD,126.45
2018-02-26,QQQ,161.33
2018-02-27,BTC,10725.60
2018-02-27,GLD,125.13
2018-02-27,QQQ,159.34
2018-02-28,BTC,10397.90
2018-02-28,GLD,125.00
2018-02-28,QQQ,158.31
2018-03-01,BTC,10951.00
2018-03-01,GLD,124.72
2018-03-01,QQQ,155.73
2018-03-02,BTC,11086.40
2018-03-02,GLD,125.39
2018-03-02,QQQ,157.16
2018-03-03,BTC,11489.70
2018-03-04,BTC,11512.60
2018-03-05,BTC,11573.30
2018-03-05,GLD,125.18
2018-03-05,QQQ,158.90
2018-03-06,BTC,10779.90
2018-03-06,GLD,126.53
2018-03-06,QQQ,159.57
2018-03-07,BTC,9965.57
2018-03-07,GLD,125.72
2018-03-07,QQQ,159.94
2018-03-08,BTC,9395.01
2018-03-08,GLD,125.42
2018-03-08,QQQ,160.82
2018-03-09,BTC,9337.55
2018-03-09,GLD,125.54
2018-03-09,QQQ,163.95
2018-03-10,BTC,8866.00
2018-03-11,BTC,9578.63
2018-03-12,BTC,9205.12
2018-03-12,GLD,125.54
2018-03-12,QQQ,164.82
2018-03-13,BTC,9194.85
2018-03-13,GLD,125.78
2018-03-13,QQQ,162.57
2018-03-14,BTC,8269.81
2018-03-14,GLD,125.70
2018-03-14,QQQ,162.55
2018-03-15,BTC,8300.86
2018-03-15,GLD,124.90
2018-03-15,QQQ,162.40
2018-03-16,BTC,8338.35
2018-03-16,GLD,124.60
2018-03-16,QQQ,161.92
2018-03-17,BTC,7916.88
2018-03-18,BTC,8223.68
2018-03-19,BTC,8630.65
2018-03-19,GLD,124.87
2018-03-19,QQQ,158.47
2018-03-20,BTC,8913.47
2018-03-20,GLD,124.31
2018-03-20,QQQ,158.99
2018-03-21,BTC,8929.28
2018-03-21,GLD,126.48
2018-03-21,QQQ,158.30
2018-03-22,BTC,8728.47
2018-03-22,GLD,125.98
2018-03-22,QQQ,154.39
2018-03-23,BTC,8879.62
2018-03-23,GLD,127.61
2018-03-23,QQQ,150.32
2018-03-24,BTC,8668.12
2018-03-25,BTC,8495.78
2018-03-26,BTC,8209.40
2018-03-26,GLD,128.28
2018-03-26,QQQ,155.91
2018-03-27,BTC,7833.04
2018-03-27,GLD,127.49
2018-03-27,QQQ,150.86
2018-03-28,BTC,7954.48
2018-03-28,GLD,125.73
2018-03-28,QQQ,149.12
2018-03-29,BTC,7165.70
2018-03-29,GLD,125.79
2018-03-29,QQQ,151.86
2018-03-30,BTC,6890.52
2018-03-31,BTC,6973.53
2018-04-01,BTC,6844.23
2018-04-02,BTC,7083.80
2018-04-02,GLD,127.26
2018-04-02,QQQ,147.47
2018-04-03,BTC,7456.11
2018-04-03,GLD,126.30
2018-04-03,QQQ,149.13
2018-04-04,BTC,6853.84
2018-04-04,GLD,126.45
2018-04-04,QQQ,151.49
2018-04-05,BTC,6811.47
2018-04-05,GLD,125.80
2018-04-05,QQQ,152.35
2018-04-06,BTC,6636.32
2018-04-06,GLD,126.39
2018-04-06,QQQ,148.54
2018-04-07,BTC,6911.09
2018-04-08,BTC,7023.52
2018-04-09,BTC,6770.73
2018-04-09,GLD,126.82
2018-04-09,QQQ,149.58
2018-04-10,BTC,6834.76
2018-04-10,GLD,127.12
2018-04-10,QQQ,152.88
2018-04-11,BTC,6968.32
2018-04-11,GLD,128.11
2018-04-11,QQQ,152.00
2018-04-12,BTC,7889.25
2018-04-12,GLD,126.62
2018-04-12,QQQ,153.83
2018-04-13,BTC,7895.96
2018-04-13,GLD,127.45
2018-04-13,QQQ,153.03
2018-04-14,BTC,7986.24
2018-04-15,BTC,8329.11
2018-04-16,BTC,8058.67
2018-04-16,GLD,127.63
2018-04-16,QQQ,154.20
2018-04-17,BTC,7902.09
2018-04-17,GLD,127.75
2018-04-17,QQQ,157.52
2018-04-18,BTC,8163.42
2018-04-18,GLD,127.85
2018-04-18,QQQ,157.84
2018-04-19,BTC,8294.31
2018-04-19,GLD,127.60
2018-04-19,QQQ,156.39
2018-04-20,BTC,8845.83
2018-04-20,GLD,126.63
2018-04-20,QQQ,153.91
2018-04-21,BTC,8895.58
2018-04-22,BTC,8802.46
2018-04-23,BTC,8930.88
2018-04-23,GLD,125.62
2018-04-23,QQQ,153.52
2018-04-24,BTC,9697.50
2018-04-24,GLD,126.23
2018-04-24,QQQ,150.27
2018-04-25,BTC,8845.74
2018-04-25,GLD,125.41
2018-04-25,QQQ,150.45
2018-04-26,BTC,9281.51
2018-04-26,GLD,124.97
2018-04-26,QQQ,153.62
2018-04-27,BTC,8987.05
2018-04-27,GLD,125.50
2018-04-27,QQQ,153.71
2018-04-28,BTC,9348.48
2018-04-29,BTC,9419.08
2018-04-30,BTC,9240.55
2018-04-30,GLD,124.59
2018-04-30,QQQ,152.62
2018-05-01,BTC,9119.01
2018-05-01,GLD,123.71
2018-05-01,QQQ,154.37
2018-05-02,BTC,9235.92
2018-05-02,GLD,123.65
2018-05-02,QQQ,153.46
2018-05-03,BTC,9743.86
2018-05-03,GLD,124.28
2018-05-03,QQQ,153.44
2018-05-04,BTC,9700.76
2018-05-04,GLD,124.54
2018-05-04,QQQ,156.35
2018-05-05,BTC,9858.15
2018-05-06,BTC,9654.80
2018-05-07,BTC,9373.01
2018-05-07,GLD,124.57
2018-05-07,QQQ,157.65
2018-05-08,BTC,9234.82
2018-05-08,GLD,124.59
2018-05-08,QQQ,157.49
2018-05-09,BTC,9325.18
2018-05-09,GLD,124.33
2018-05-09,QQQ,159.21
2018-05-10,BTC,9043.94
2018-05-10,GLD,125.18
2018-05-10,QQQ,160.86
2018-05-11,BTC,8441.49
2018-05-11,GLD,125.00
2018-05-11,QQQ,160.70
2018-05-12,BTC,8504.89
2018-05-13,BTC,8723.94
2018-05-14,BTC,8716.79
2018-05-14,GLD,124.49
2018-05-14,QQQ,160.98
2018-05-15,BTC,8510.38
2018-05-15,GLD,122.48
2018-05-15,QQQ,159.20
2018-05-16,BTC,8368.83
2018-05-16,GLD,122.29
2018-05-16,QQQ,160.25
2018-05-17,BTC,8094.32
2018-05-17,GLD,122.36
2018-05-17,QQQ,159.63
2018-05-18,BTC,8250.97
2018-05-18,GLD,122.41
2018-05-18,QQQ,158.81
2018-05-19,BTC,8247.18
2018-05-20,BTC,8513.25
2018-05-21,BTC,8418.99
2018-05-21,GLD,122.48
2018-05-21,QQQ,159.70
2018-05-22,BTC,8041.78
2018-05-22,GLD,122.41
2018-05-22,QQQ,159.49
2018-05-23,BTC,7557.82
2018-05-23,GLD,122.54
2018-05-23,QQQ,160.84
2018-05-24,BTC,7587.34
2018-05-24,GLD,123.59
2018-05-24,QQQ,160.79
2018-05-25,BTC,7480.14
2018-05-25,GLD,123.21
2018-05-25,QQQ,160.95
2018-05-26,BTC,7355.88
2018-05-27,BTC,7368.22
2018-05-28,BTC,7135.99
2018-05-29,BTC,7472.59
2018-05-29,GLD,123.19
2018-05-29,QQQ,160.24
2018-05-30,BTC,7406.52
2018-05-30,GLD,123.37
2018-05-30,QQQ,161.39
2018-05-31,BTC,7494.17
2018-05-31,GLD,123.10
2018-05-31,QQQ,161.28
2018-06-01,BTC,7541.45
2018-06-01,GLD,122.49
2018-06-01,QQQ,163.81
2018-06-02,BTC,7643.45
2018-06-03,BTC,7720.25
2018-06-04,BTC,7514.47
2018-06-04,GLD,122.37
2018-06-04,QQQ,165.29
2018-06-05,BTC,7633.76
2018-06-05,GLD,122.85
2018-06-05,QQQ,165.81
2018-06-06,BTC,7653.98
2018-06-06,GLD,122.92
2018-06-06,QQQ,166.77
2018-06-07,BTC,7678.24
2018-06-07,GLD,122.86
2018-06-07,QQQ,165.42
2018-06-08,BTC,7624.92
2018-06-08,GLD,123.01
2018-06-08,QQQ,165.43
2018-06-09,BTC,7531.98
2018-06-10,BTC,6786.02
2018-06-11,BTC,6906.92
2018-06-11,GLD,123.23
2018-06-11,QQQ,165.87
2018-06-12,BTC,6582.36
2018-06-12,GLD,122.82
2018-06-12,QQQ,166.74
2018-06-13,BTC,6349.90
2018-06-13,GLD,123.19
2018-06-13,QQQ,166.74
2018-06-14,BTC,6675.35
2018-06-14,GLD,123.38
2018-06-14,QQQ,168.42
2018-06-15,BTC,6456.58
2018-06-15,GLD,121.34
2018-06-15,QQQ,167.84
2018-06-16,BTC,6550.16
2018-06-17,BTC,6499.27
2018-06-18,BTC,6734.82
2018-06-18,GLD,121.11
2018-06-18,QQQ,167.74
2018-06-19,BTC,6769.94
2018-06-19,GLD,120.80
2018-06-19,QQQ,167.26
2018-06-20,BTC,6776.55
2018-06-20,GLD,120.26
2018-06-20,QQQ,168.45
2018-06-21,BTC,6729.74
2018-06-21,GLD,120.05
2018-06-21,QQQ,166.99
2018-06-22,BTC,6083.69
2018-06-22,GLD,120.34
2018-06-22,QQQ,166.62
2018-06-23,BTC,6162.48
2018-06-24,BTC,6173.23
2018-06-25,BTC,6249.18
2018-06-25,GLD,119.89
2018-06-25,QQQ,162.86
2018-06-26,BTC,6093.67
2018-06-26,GLD,119.26
2018-06-26,QQQ,163.53
2018-06-27,BTC,6157.13
2018-06-27,GLD,118.58
2018-06-27,QQQ,161.30
2018-06-28,BTC,5903.44
2018-06-28,GLD,118.22
2018-06-28,QQQ,162.69
2018-06-29,BTC,6218.30
2018-06-29,GLD,118.65
2018-06-29,QQQ,163.13
2018-06-30,BTC,6404.00
2018-07-01,BTC,6385.82
2018-07-02,BTC,6614.18
2018-07-02,GLD,117.46
2018-07-02,QQQ,164.22
2018-07-03,BTC,6529.59
2018-07-03,GLD,118.65
2018-07-03,QQQ,162.32
2018-07-04,BTC,6597.55
2018-07-05,BTC,6639.14
2018-07-05,GLD,119.05
2018-07-05,QQQ,164.34
2018-07-06,BTC,6673.50
2018-07-06,GLD,118.86
2018-07-06,QQQ,166.89
2018-07-07,BTC,6856.93
2018-07-08,BTC,6773.88
2018-07-09,BTC,6741.75
2018-07-09,GLD,119.15
2018-07-09,QQQ,168.39
2018-07-10,BTC,6329.95
2018-07-10,GLD,118.93
2018-07-10,QQQ,168.52
2018-07-11,BTC,6394.71
2018-07-11,GLD,117.64
2018-07-11,QQQ,167.66
2018-07-12,BTC,6228.81
2018-07-12,GLD,118.13
2018-07-12,QQQ,170.55
2018-07-13,BTC,6238.05
2018-07-13,GLD,117.61
2018-07-13,QQQ,170.69
2018-07-14,BTC,6276.12
2018-07-15,BTC,6359.64
2018-07-16,BTC,6741.75
2018-07-16,GLD,117.55
2018-07-16,QQQ,170.29
2018-07-17,BTC,7321.04
2018-07-17,GLD,116.28
2018-07-17,QQQ,171.32
2018-07-18,BTC,7370.78
2018-07-18,GLD,116.31
2018-07-18,QQQ,171.00
2018-07-19,BTC,7466.86
2018-07-19,GLD,115.81
2018-07-19,QQQ,170.14
2018-07-20,BTC,7354.13
2018-07-20,GLD,116.56
2018-07-20,QQQ,170.10
2018-07-21,BTC,7419.29
2018-07-22,BTC,7418.49
2018-07-23,BTC,7711.11
2018-07-23,GLD,116.00
2018-07-23,QQQ,170.65
2018-07-24,BTC,8424.27
2018-07-24,GLD,116.04
2018-07-24,QQQ,171.35
2018-07-25,BTC,8181.39
2018-07-25,GLD,116.68
2018-07-25,QQQ,173.74
2018-07-26,BTC,7951.58
2018-07-26,GLD,115.77
2018-07-26,QQQ,171.11
2018-07-27,BTC,8165.01
2018-07-27,GLD,115.83
2018-07-27,QQQ,168.80
2018-07-28,BTC,8192.15
2018-07-29,BTC,8218.46
2018-07-30,BTC,8180.48
2018-07-30,GLD,115.65
2018-07-30,QQQ,166.42
2018-07-31,BTC,7780.44
2018-07-31,GLD,115.99
2018-07-31,QQQ,167.69
2018-08-01,BTC,7624.91
2018-08-01,GLD,115.14
2018-08-01,QQQ,168.33
2018-08-02,BTC,7567.15
2018-08-02,GLD,114.52
2018-08-02,QQQ,170.62
2018-08-03,BTC,7434.39
2018-08-03,GLD,114.92
2018-08-03,QQQ,171.14
2018-08-04,BTC,7032.85
2018-08-05,BTC,7068.48
2018-08-06,BTC,6951.80
2018-08-06,GLD,114.33
2018-08-06,QQQ,172.15
2018-08-07,BTC,6753.12
2018-08-07,GLD,114.59
2018-08-07,QQQ,172.78
2018-08-08,BTC,6305.80
2018-08-08,GLD,114.91
2018-08-08,QQQ,172.98
2018-08-09,BTC,6568.23
2018-08-09,GLD,114.74
2018-08-09,QQQ,172.88
2018-08-10,BTC,6184.71
2018-08-10,GLD,114.69
2018-08-10,QQQ,171.56
2018-08-11,BTC,6295.73
2018-08-12,BTC,6322.69
2018-08-13,BTC,6297.57
2018-08-13,GLD,112.96
2018-08-13,QQQ,171.37
2018-08-14,BTC,6199.71
2018-08-14,GLD,113.07
2018-08-14,QQQ,172.44
2018-08-15,BTC,6308.52
2018-08-15,GLD,111.19
2018-08-15,QQQ,170.33
2018-08-16,BTC,6334.73
2018-08-16,GLD,111.10
2018-08-16,QQQ,170.89
2018-08-17,BTC,6580.63
2018-08-17,GLD,112.13
2018-08-17,QQQ,170.93
2018-08-18,BTC,6423.76
2018-08-19,BTC,6506.07
2018-08-20,BTC,6308.53
2018-08-20,GLD,112.69
2018-08-20,QQQ,170.78
2018-08-21,BTC,6488.76
2018-08-21,GLD,113.02
2018-08-21,QQQ,171.41
2018-08-22,BTC,6376.71
2018-08-22,GLD,113.27
2018-08-22,QQQ,172.07
2018-08-23,BTC,6534.88
2018-08-23,GLD,112.20
2018-08-23,QQQ,171.82
2018-08-24,BTC,6719.96
2018-08-24,GLD,114.16
2018-08-24,QQQ,173.42
2018-08-25,BTC,6763.19
2018-08-26,BTC,6707.26
2018-08-27,BTC,6884.64
2018-08-27,GLD,114.59
2018-08-27,QQQ,175.19
2018-08-28,BTC,7096.28
2018-08-28,GLD,113.68
2018-08-28,QQQ,175.45
2018-08-29,BTC,7047.16
2018-08-29,GLD,114.20
2018-08-29,QQQ,177.47
2018-08-30,BTC,6978.23
2018-08-30,GLD,113.64
2018-08-30,QQQ,177.16
2018-08-31,BTC,7037.58
2018-08-31,GLD,113.51
2018-08-31,QQQ,177.38
2018-09-01,BTC,7193.25
2018-09-02,BTC,7272.72
2018-09-03,BTC,7260.06
2018-09-04,BTC,7361.66
2018-09-04,GLD,112.93
2018-09-04,QQQ,176.62
2018-09-05,BTC,6792.83
2018-09-05,GLD,113.32
2018-09-05,QQQ,174.34
2018-09-06,BTC,6529.17
2018-09-06,GLD,113.54
2018-09-06,QQQ,172.78
2018-09-07,BTC,6467.07
2018-09-07,GLD,113.23
2018-09-07,QQQ,172.12
2018-09-08,BTC,6225.98
2018-09-09,BTC,6300.86
2018-09-10,BTC,6329.70
2018-09-10,GLD,113.15
2018-09-10,QQQ,172.70
2018-09-11,BTC,6321.20
2018-09-11,GLD,113.22
2018-09-11,QQQ,174.03
2018-09-12,BTC,6351.80
2018-09-12,GLD,114.17
2018-09-12,QQQ,173.52
2018-09-13,BTC,6517.31
2018-09-13,GLD,113.76
2018-09-13,QQQ,175.37
2018-09-14,BTC,6512.71
2018-09-14,GLD,113.02
2018-09-14,QQQ,174.86
2018-09-15,BTC,6543.20
2018-09-16,BTC,6517.18
2018-09-17,BTC,6281.20
2018-09-17,GLD,113.61
2018-09-17,QQQ,172.34
2018-09-18,BTC,6371.30
2018-09-18,GLD,113.44
2018-09-18,QQQ,173.76
2018-09-19,BTC,6398.54
2018-09-19,GLD,113.88
2018-09-19,QQQ,173.63
2018-09-20,BTC,6519.67
2018-09-20,GLD,114.27
2018-09-20,QQQ,175.55
2018-09-21,BTC,6734.95
2018-09-21,GLD,113.49
2018-09-21,QQQ,174.59
2018-09-22,BTC,6721.98
2018-09-23,BTC,6710.63
2018-09-24,BTC,6595.41
2018-09-24,GLD,113.47
2018-09-24,QQQ,175.08
2018-09-25,BTC,6446.47
2018-09-25,GLD,113.65
2018-09-25,QQQ,175.31
2018-09-26,BTC,6495.00
2018-09-26,GLD,113.05
2018-09-26,QQQ,175.44
2018-09-27,BTC,6676.75
2018-09-27,GLD,112.05
2018-09-27,QQQ,176.92
2018-09-28,BTC,6644.13
2018-09-28,GLD,112.76
2018-09-28,QQQ,176.88
2018-09-29,BTC,6601.96
2018-09-30,BTC,6625.56
2018-10-01,BTC,6589.62
2018-10-01,GLD,112.57
2018-10-01,QQQ,177.25
2018-10-02,BTC,6556.10
2018-10-02,GLD,113.87
2018-10-02,QQQ,176.85
2018-10-03,BTC,6502.59
2018-10-03,GLD,113.42
2018-10-03,QQQ,177.04
2018-10-04,BTC,6576.69
2018-10-04,GLD,113.48
2018-10-04,QQQ,173.64
2018-10-05,BTC,6622.48
2018-10-05,GLD,113.80
2018-10-05,QQQ,171.52
2018-10-06,BTC,6588.31
2018-10-07,BTC,6602.95
2018-10-08,BTC,6652.23
2018-10-08,GLD,112.54
2018-10-08,QQQ,170.47
2018-10-09,BTC,6642.64
2018-10-09,GLD,112.60
2018-10-09,QQQ,171.02
2018-10-10,BTC,6585.53
2018-10-10,GLD,112.88
2018-10-10,QQQ,163.50
2018-10-11,BTC,6256.24
2018-10-11,GLD,115.78
2018-10-11,QQQ,161.47
2018-10-12,BTC,6274.58
2018-10-12,GLD,115.23
2018-10-12,QQQ,165.96
2018-10-13,BTC,6285.99
2018-10-14,BTC,6290.93
2018-10-15,BTC,6596.54
2018-10-15,GLD,116.00
2018-10-15,QQQ,163.96
2018-10-16,BTC,6596.11
2018-10-16,GLD,115.80
2018-10-16,QQQ,168.73
2018-10-17,BTC,6544.43
2018-10-17,GLD,115.79
2018-10-17,QQQ,168.79
2018-10-18,BTC,6476.71
2018-10-18,GLD,115.92
2018-10-18,QQQ,164.88
2018-10-19,BTC,6465.41
2018-10-19,GLD,116.01
2018-10-19,QQQ,164.73
2018-10-20,BTC,6489.19
2018-10-21,BTC,6482.35
2018-10-22,BTC,6487.16
2018-10-22,GLD,115.71
2018-10-22,QQQ,165.57
2018-10-23,BTC,6475.74
2018-10-23,GLD,116.39
2018-10-23,QQQ,164.96
2018-10-24,BTC,6495.84
2018-10-24,GLD,116.66
2018-10-24,QQQ,157.42
2018-10-25,BTC,6476.29
2018-10-25,GLD,116.40
2018-10-25,QQQ,162.86
2018-10-26,BTC,6474.75
2018-10-26,GLD,116.77
2018-10-26,QQQ,158.67
2018-10-27,BTC,6480.38
2018-10-28,BTC,6486.39
2018-10-29,BTC,6332.63
2018-10-29,GLD,116.31
2018-10-29,QQQ,155.41
2018-10-30,BTC,6334.27
2018-10-30,GLD,115.80
2018-10-30,QQQ,157.97
2018-10-31,BTC,6317.61
2018-10-31,GLD,115.15
2018-10-31,QQQ,161.68
2018-11-01,BTC,6377.78
2018-11-01,GLD,116.63
2018-11-01,QQQ,163.81
2018-11-02,BTC,6388.44
2018-11-02,GLD,116.65
2018-11-02,QQQ,161.26
2018-11-03,BTC,6361.26
2018-11-04,BTC,6376.13
2018-11-05,BTC,6419.66
2018-11-05,GLD,116.37
2018-11-05,QQQ,160.86
2018-11-06,BTC,6461.01
2018-11-06,GLD,116.04
2018-11-06,QQQ,162.08
2018-11-07,BTC,6530.14
2018-11-07,GLD,116.03
2018-11-07,QQQ,167.16
2018-11-08,BTC,6453.72
2018-11-08,GLD,115.78
2018-11-08,QQQ,166.10
2018-11-09,BTC,6385.62
2018-11-09,GLD,114.48
2018-11-09,QQQ,163.30
2018-11-10,BTC,6409.22
2018-11-11,BTC,6411.27
2018-11-12,BTC,6371.27
2018-11-12,GLD,113.66
2018-11-12,QQQ,158.36
2018-11-13,BTC,6359.49
2018-11-13,GLD,113.70
2018-11-13,QQQ,158.49
2018-11-14,BTC,5738.35
2018-11-14,GLD,114.64
2018-11-14,QQQ,157.28
2018-11-15,BTC,5648.03
2018-11-15,GLD,114.77
2018-11-15,QQQ,160.03
2018-11-16,BTC,5575.55
2018-11-16,GLD,115.62
2018-11-16,QQQ,159.47
2018-11-17,BTC,5554.33
2018-11-18,BTC,5623.54
2018-11-19,BTC,4871.49
2018-11-19,GLD,115.67
2018-11-19,QQQ,154.29
2018-11-20,BTC,4451.87
2018-11-20,GLD,115.67
2018-11-20,QQQ,151.53
2018-11-21,BTC,4602.17
2018-11-21,GLD,115.86
2018-11-21,QQQ,152.68
2018-11-22,BTC,4365.94
2018-11-23,BTC,4347.11
2018-11-23,GLD,115.77
2018-11-23,QQQ,151.58
2018-11-24,BTC,3880.76
2018-11-25,BTC,4009.97
2018-11-26,BTC,3779.13
2018-11-26,GLD,115.64
2018-11-26,QQQ,155.08
2018-11-27,BTC,3820.72
2018-11-27,GLD,114.95
2018-11-27,QQQ,155.61
2018-11-28,BTC,4257.42
2018-11-28,GLD,115.38
2018-11-28,QQQ,160.61
2018-11-29,BTC,4278.85
2018-11-29,GLD,115.74
2018-11-29,QQQ,160.09
2018-11-30,BTC,4017.27
2018-11-30,GLD,115.54
2018-11-30,QQQ,161.25
2018-12-01,BTC,4214.67
2018-12-02,BTC,4139.88
2018-12-03,BTC,3894.13
2018-12-03,GLD,116.41
2018-12-03,QQQ,164.07
2018-12-04,BTC,3956.89
2018-12-04,GLD,117.12
2018-12-04,QQQ,157.78
2018-12-05,BTC,3753.99
2018-12-06,BTC,3521.10
2018-12-06,GLD,117.14
2018-12-06,QQQ,158.89
2018-12-07,BTC,3419.94
2018-12-07,GLD,118.09
2018-12-07,QQQ,153.64
2018-12-08,BTC,3476.11
2018-12-09,BTC,3614.23
2018-12-10,BTC,3502.66
2018-12-10,GLD,117.68
2018-12-10,QQQ,155.25
2018-12-11,BTC,3424.59
2018-12-11,GLD,117.54
2018-12-11,QQQ,155.77
2018-12-12,BTC,3486.95
2018-12-12,GLD,117.79
2018-12-12,QQQ,157.14
2018-12-13,BTC,3313.68
2018-12-13,GLD,117.53
2018-12-13,QQQ,157.19
2018-12-14,BTC,3242.48
2018-12-14,GLD,117.06
2018-12-14,QQQ,153.36
2018-12-15,BTC,3236.76
2018-12-16,BTC,3252.84
2018-12-17,BTC,3545.86
2018-12-17,GLD,117.87
2018-12-17,QQQ,149.88
2018-12-18,BTC,3696.06
2018-12-18,GLD,118.15
2018-12-18,QQQ,150.83
2018-12-19,BTC,3745.95
2018-12-19,GLD,117.43
2018-12-19,QQQ,147.12
2018-12-20,BTC,4134.44
2018-12-20,GLD,119.24
2018-12-20,QQQ,144.99
2018-12-21,BTC,3896.54
2018-12-21,GLD,118.72
2018-12-21,QQQ,140.50
2018-12-22,BTC,4014.18
2018-12-23,BTC,3998.98
2018-12-24,BTC,4078.60
2018-12-24,GLD,120.02
2018-12-24,QQQ,137.01
2018-12-25,BTC,3815.49
2018-12-26,BTC,3857.30
2018-12-26,GLD,119.66
2018-12-26,QQQ,145.57
2018-12-27,BTC,3654.83
2018-12-27,GLD,120.57
2018-12-27,QQQ,146.13
2018-12-28,BTC,3923.92
2018-12-28,GLD,121.06
2018-12-28,QQQ,146.05
2018-12-29,BTC,3820.41
2018-12-30,BTC,3865.95
2018-12-31,BTC,3742.70
2018-12-31,GLD,121.25
2018-12-31,QQQ,147.29
2019-01-01,BTC,3843.52
2019-01-02,BTC,3943.41
2019-01-02,GLD,121.33
2019-01-02,QQQ,147.88
2019-01-03,BTC,3836.74
2019-01-03,GLD,122.43
2019-01-03,QQQ,143.05
2019-01-04,BTC,3857.72
2019-01-04,GLD,121.44
2019-01-04,QQQ,149.17
2019-01-05,BTC,3845.19
2019-01-06,BTC,4076.63
2019-01-07,BTC,4025.25
2019-01-07,GLD,121.86
2019-01-07,QQQ,150.94
2019-01-08,BTC,4030.85
2019-01-08,GLD,121.53
2019-01-08,QQQ,152.31
2019-01-09,BTC,4035.30
2019-01-09,GLD,122.31
2019-01-09,QQQ,153.55
2019-01-10,BTC,3678.92
2019-01-10,GLD,121.59
2019-01-10,QQQ,153.99
2019-01-11,BTC,3687.37
2019-01-11,GLD,121.80
2019-01-11,QQQ,153.43
2019-01-12,BTC,3661.30
2019-01-13,BTC,3552.95
2019-01-14,BTC,3706.05
2019-01-14,GLD,122.09
2019-01-14,QQQ,152.07
2019-01-15,BTC,3630.68
2019-01-15,GLD,121.88
2019-01-15,QQQ,155.04
2019-01-16,BTC,3655.01
2019-01-16,GLD,122.27
2019-01-16,QQQ,155.01
2019-01-17,BTC,3678.56
2019-01-17,GLD,122.11
2019-01-17,QQQ,156.23
2019-01-18,BTC,3657.84
2019-01-18,GLD,121.02
2019-01-18,QQQ,157.78
2019-01-19,BTC,3728.57
2019-01-20,BTC,3601.01
2019-01-21,BTC,3576.03
2019-01-22,BTC,3604.58
2019-01-22,GLD,121.45
2019-01-22,QQQ,154.62
2019-01-23,BTC,3585.12
2019-01-23,GLD,121.28
2019-01-23,QQQ,154.82
2019-01-24,BTC,3600.87
2019-01-24,GLD,121.09
2019-01-24,QQQ,155.82
2019-01-25,BTC,3599.77
2019-01-25,GLD,122.86
2019-01-25,QQQ,157.68
2019-01-26,BTC,3602.46
2019-01-27,BTC,3583.97
2019-01-28,BTC,3470.45
2019-01-28,GLD,123.29
2019-01-28,QQQ,155.74
2019-01-29,BTC,3448.12
2019-01-29,GLD,123.98
2019-01-29,QQQ,154.27
2019-01-30,BTC,3486.18
2019-01-30,GLD,124.69
2019-01-30,QQQ,158.19
2019-01-31,BTC,3457.79
2019-01-31,GLD,124.75
2019-01-31,QQQ,160.56
2019-02-01,BTC,3487.95
2019-02-01,GLD,124.50
2019-02-01,QQQ,159.88
2019-02-02,BTC,3521.06
2019-02-03,BTC,3464.01
2019-02-04,BTC,3459.15
2019-02-04,GLD,123.96
2019-02-04,QQQ,161.87
2019-02-05,BTC,3466.36
2019-02-05,GLD,124.28
2019-02-05,QQQ,163.30
2019-02-06,BTC,3413.77
2019-02-06,GLD,123.44
2019-02-06,QQQ,162.81
2019-02-07,BTC,3399.47
2019-02-07,GLD,123.74
2019-02-07,QQQ,160.62
2019-02-08,BTC,3666.78
2019-02-08,GLD,124.21
2019-02-08,QQQ,160.94
2019-02-09,BTC,3671.20
2019-02-10,BTC,3690.19
2019-02-11,BTC,3648.43
2019-02-11,GLD,123.60
2019-02-11,QQQ,160.79
2019-02-12,BTC,3653.53
2019-02-12,GLD,123.86
2019-02-12,QQQ,163.16
2019-02-13,BTC,3632.07
2019-02-13,GLD,123.37
2019-02-13,QQQ,163.28
2019-02-14,BTC,3616.88
2019-02-14,GLD,124.06
2019-02-14,QQQ,163.48
2019-02-15,BTC,3620.81
2019-02-15,GLD,124.80
2019-02-15,QQQ,164.17
2019-02-16,BTC,3629.79
2019-02-17,BTC,3673.84
2019-02-18,BTC,3915.71
2019-02-19,BTC,3947.09
2019-02-19,GLD,126.70
2019-02-19,QQQ,164.49
2019-02-20,BTC,3999.82
2019-02-20,GLD,126.48
2019-02-20,QQQ,164.46
2019-02-21,BTC,3954.12
2019-02-21,GLD,125.05
2019-02-21,QQQ,163.86
2019-02-22,BTC,4005.53
2019-02-22,GLD,125.50
2019-02-22,QQQ,165.07
2019-02-23,BTC,4142.53
2019-02-24,BTC,3810.43
2019-02-25,BTC,3882.70
2019-02-25,GLD,125.37
2019-02-25,QQQ,165.68
2019-02-26,BTC,3854.36
2019-02-26,GLD,125.58
2019-02-26,QQQ,165.85
2019-02-27,BTC,3851.05
2019-02-27,GLD,124.69
2019-02-27,QQQ,165.74
2019-02-28,BTC,3854.79
2019-02-28,GLD,123.99
2019-02-28,QQQ,165.36
2019-03-01,BTC,3859.58
2019-03-01,GLD,121.88
2019-03-01,QQQ,166.51
2019-03-02,BTC,3864.42
2019-03-03,BTC,3847.18
2019-03-04,BTC,3761.56
2019-03-04,GLD,121.56
2019-03-04,QQQ,166.53
2019-03-05,BTC,3896.38
2019-03-05,GLD,121.72
2019-03-05,QQQ,166.66
2019-03-06,BTC,3903.94
2019-03-06,GLD,121.61
2019-03-06,QQQ,165.71
2019-03-07,BTC,3911.48
2019-03-07,GLD,121.51
2019-03-07,QQQ,163.68
2019-03-08,BTC,3901.13
2019-03-08,GLD,122.84
2019-03-08,QQQ,163.43
2019-03-09,BTC,3963.31
2019-03-10,BTC,3951.60
2019-03-11,BTC,3905.23
2019-03-11,GLD,122.24
2019-03-11,QQQ,166.83
2019-03-12,BTC,3909.16
2019-03-12,GLD,122.98
2019-03-12,QQQ,167.75
2019-03-13,BTC,3906.72
2019-03-13,GLD,123.84
2019-03-13,QQQ,169.01
2019-03-14,BTC,3924.37
2019-03-14,GLD,122.41
2019-03-14,QQQ,168.72
2019-03-15,BTC,3960.91
2019-03-15,GLD,122.97
2019-03-15,QQQ,170.29
2019-03-16,BTC,4048.73
2019-03-17,BTC,4025.23
2019-03-18,BTC,4032.51
2019-03-18,GLD,123.04
2019-03-18,QQQ,170.69
2019-03-19,BTC,4071.19
2019-03-19,GLD,123.38
2019-03-19,QQQ,171.27
2019-03-20,BTC,4087.48
2019-03-20,GLD,124.18
2019-03-20,QQQ,171.95
2019-03-21,BTC,4029.33
2019-03-21,GLD,123.68
2019-03-21,QQQ,174.63
2019-03-22,BTC,4023.97
2019-03-22,GLD,123.97
2019-03-22,QQQ,170.80
2019-03-23,BTC,4035.83
2019-03-24,BTC,4022.17
2019-03-25,BTC,3963.07
2019-03-25,GLD,124.92
2019-03-25,QQQ,170.47
2019-03-26,BTC,3985.08
2019-03-26,GLD,124.30
2019-03-26,QQQ,171.27
2019-03-27,BTC,4087.07
2019-03-27,GLD,123.65
2019-03-27,QQQ,170.17
2019-03-28,BTC,4069.11
2019-03-28,GLD,121.90
2019-03-28,QQQ,170.56
2019-03-29,BTC,4098.37
2019-03-29,GLD,122.01
2019-03-29,QQQ,171.85
2019-03-30,BTC,4106.66
2019-03-31,BTC,4105.40
2019-04-01,BTC,4158.18
2019-04-01,GLD,121.53
2019-04-01,QQQ,174.13
2019-04-02,BTC,4879.88
2019-04-02,GLD,121.98
2019-04-02,QQQ,174.79
2019-04-03,BTC,4973.02
2019-04-03,GLD,121.80
2019-04-03,QQQ,175.79
2019-04-04,BTC,4922.80
2019-04-04,GLD,122.11
2019-04-04,QQQ,175.72
2019-04-05,BTC,5036.68
2019-04-05,GLD,121.98
2019-04-05,QQQ,176.63
2019-04-06,BTC,5059.82
2019-04-07,BTC,5198.90
2019-04-08,BTC,5289.77
2019-04-08,GLD,122.51
2019-04-08,QQQ,177.08
2019-04-09,BTC,5204.96
2019-04-09,GLD,123.15
2019-04-09,QQQ,176.46
2019-04-10,BTC,5324.55
2019-04-10,GLD,123.53
2019-04-10,QQQ,177.41
2019-04-11,BTC,5064.49
2019-04-11,GLD,121.95
2019-04-11,QQQ,176.99
2019-04-12,BTC,5089.54
2019-04-12,GLD,121.83
2019-04-12,QQQ,177.75
2019-04-13,BTC,5096.59
2019-04-14,BTC,5167.72
2019-04-15,BTC,5067.11
2019-04-15,GLD,121.60
2019-04-15,QQQ,177.78
2019-04-16,BTC,5235.56
2019-04-16,GLD,120.51
2019-04-16,QQQ,178.39
2019-04-17,BTC,5251.94
2019-04-17,GLD,120.28
2019-04-17,QQQ,179.01
2019-04-18,BTC,5298.39
2019-04-18,GLD,120.37
2019-04-18,QQQ,179.24
2019-04-19,BTC,5303.81
2019-04-20,BTC,5337.89
2019-04-21,BTC,5314.53
2019-04-22,BTC,5399.37
2019-04-22,GLD,120.37
2019-04-22,QQQ,179.75
2019-04-23,BTC,5572.36
2019-04-23,GLD,120.12
2019-04-23,QQQ,182.04
2019-04-24,BTC,5464.87
2019-04-24,GLD,120.47
2019-04-24,QQQ,181.46
2019-04-25,BTC,5210.52
2019-04-25,GLD,120.57
2019-04-25,QQQ,182.20
2019-04-26,BTC,5279.35
2019-04-26,GLD,121.37
2019-04-26,QQQ,182.36
2019-04-27,BTC,5268.29
2019-04-28,BTC,5285.14
2019-04-29,BTC,5247.35
2019-04-29,GLD,120.83
2019-04-29,QQQ,182.72
2019-04-30,BTC,5350.73
2019-04-30,GLD,121.20
2019-04-30,QQQ,181.30
2019-05-01,BTC,5402.70
2019-05-01,GLD,120.40
2019-05-01,QQQ,180.72
2019-05-02,BTC,5505.28
2019-05-02,GLD,119.94
2019-05-02,QQQ,179.93
2019-05-03,BTC,5768.29
2019-05-03,GLD,120.65
2019-05-03,QQQ,182.80
2019-05-04,BTC,5831.17
2019-05-05,BTC,5795.71
2019-05-06,BTC,5746.81
2019-05-06,GLD,120.81
2019-05-06,QQQ,181.68
2019-05-07,BTC,5829.50
2019-05-07,GLD,121.21
2019-05-07,QQQ,178.14
2019-05-08,BTC,5982.46
2019-05-08,GLD,120.91
2019-05-08,QQQ,177.69
2019-05-09,BTC,6174.53
2019-05-09,GLD,121.20
2019-05-09,QQQ,176.74
2019-05-10,BTC,6378.85
2019-05-10,GLD,121.43
2019-05-10,QQQ,176.96
2019-05-11,BTC,7204.77
2019-05-12,BTC,6972.37
2019-05-13,BTC,7814.92
2019-05-13,GLD,122.67
2019-05-13,QQQ,170.82
2019-05-14,BTC,7994.42
2019-05-14,GLD,122.46
2019-05-14,QQQ,172.69
2019-05-15,BTC,8205.17
2019-05-15,GLD,122.39
2019-05-15,QQQ,175.13
2019-05-16,BTC,7884.91
2019-05-16,GLD,121.51
2019-05-16,QQQ,176.89
2019-05-17,BTC,7343.90
2019-05-17,GLD,120.65
2019-05-17,QQQ,175.08
2019-05-18,BTC,7271.21
2019-05-19,BTC,8197.69
2019-05-20,BTC,7978.31
2019-05-20,GLD,120.64
2019-05-20,QQQ,172.13
2019-05-21,BTC,7963.33
2019-05-21,GLD,120.36
2019-05-21,QQQ,173.93
2019-05-22,BTC,7680.07
2019-05-22,GLD,120.24
2019-05-22,QQQ,173.15
2019-05-23,BTC,7881.85
2019-05-23,GLD,121.17
2019-05-23,QQQ,170.50
2019-05-24,BTC,7987.37
2019-05-24,GLD,121.30
2019-05-24,QQQ,170.42
2019-05-25,BTC,8052.54
2019-05-26,BTC,8673.22
2019-05-27,BTC,8805.78
2019-05-28,BTC,8719.96
2019-05-28,GLD,120.83
2019-05-28,QQQ,169.77
2019-05-29,BTC,8659.49
2019-05-29,GLD,120.87
2019-05-29,QQQ,168.38
2019-05-30,BTC,8319.47
2019-05-30,GLD,121.69
2019-05-30,QQQ,169.09
2019-05-31,BTC,8574.50
2019-05-31,GLD,123.33
2019-05-31,QQQ,166.39
2019-06-01,BTC,8564.02
2019-06-02,BTC,8742.96
2019-06-03,BTC,8209.00
2019-06-03,GLD,125.11
2019-06-03,QQQ,162.72
2019-06-04,BTC,7707.77
2019-06-04,GLD,125.15
2019-06-04,QQQ,167.31
2019-06-05,BTC,7824.23
2019-06-05,GLD,125.47
2019-06-05,QQQ,168.55
2019-06-06,BTC,7822.02
2019-06-06,GLD,125.88
2019-06-06,QQQ,169.89
2019-06-07,BTC,8043.95
2019-06-07,GLD,126.59
2019-06-07,QQQ,173.17
2019-06-08,BTC,7954.13
2019-06-09,BTC,7688.08
2019-06-10,BTC,8000.33
2019-06-10,GLD,125.33
2019-06-10,QQQ,175.19
2019-06-11,BTC,7927.71
2019-06-11,GLD,125.18
2019-06-11,QQQ,175.43
2019-06-12,BTC,8145.86
2019-06-12,GLD,125.83
2019-06-12,QQQ,174.41
2019-06-13,BTC,8230.92
2019-06-13,GLD,126.60
2019-06-13,QQQ,175.45
2019-06-14,BTC,8693.83
2019-06-14,GLD,126.56
2019-06-14,QQQ,174.70
2019-06-15,BTC,8838.38
2019-06-16,BTC,8994.49
2019-06-17,BTC,9320.35
2019-06-17,GLD,126.48
2019-06-17,QQQ,175.75
2019-06-18,BTC,9081.76
2019-06-18,GLD,127.12
2019-06-18,QQQ,178.31
2019-06-19,BTC,9273.52
2019-06-19,GLD,127.89
2019-06-19,QQQ,178.98
2019-06-20,BTC,9527.16
2019-06-20,GLD,131.11
2019-06-20,QQQ,180.64
2019-06-21,BTC,10144.56
2019-06-21,GLD,131.98
2019-06-21,QQQ,180.37
2019-06-22,BTC,10701.69
2019-06-23,BTC,10855.37
2019-06-24,BTC,11011.10
2019-06-24,GLD,133.94
2019-06-24,QQQ,180.38
2019-06-25,BTC,11790.92
2019-06-25,GLD,134.20
2019-06-25,QQQ,177.28
2019-06-26,BTC,13016.23
2019-06-26,GLD,132.97
2019-06-26,QQQ,178.11
2019-06-27,BTC,11182.81
2019-06-27,GLD,132.84
2019-06-27,QQQ,178.79
2019-06-28,BTC,12407.33
2019-06-28,GLD,133.20
2019-06-28,QQQ,179.02
2019-06-29,BTC,11959.37
2019-06-30,BTC,10817.16
2019-07-01,BTC,10583.13
2019-07-01,GLD,130.62
2019-07-01,QQQ,181.43
2019-07-02,BTC,10801.68
2019-07-02,GLD,133.41
2019-07-02,QQQ,182.15
2019-07-03,BTC,11961.27
2019-07-03,GLD,133.63
2019-07-03,QQQ,183.52
2019-07-04,BTC,11215.44
2019-07-05,BTC,10978.46
2019-07-05,GLD,132.14
2019-07-05,QQQ,183.15
2019-07-06,BTC,11208.55
2019-07-07,BTC,11450.85
2019-07-08,BTC,12285.96
2019-07-08,GLD,131.29
2019-07-08,QQQ,181.86
2019-07-09,BTC,12573.81
2019-07-09,GLD,131.75
2019-07-09,QQQ,182.78
2019-07-10,BTC,12156.51
2019-07-10,GLD,133.83
2019-07-10,QQQ,184.60
2019-07-11,BTC,11358.66
2019-07-11,GLD,132.70
2019-07-11,QQQ,184.46
2019-07-12,BTC,11815.99
2019-07-12,GLD,133.53
2019-07-12,QQQ,185.53
2019-07-13,BTC,11392.38
2019-07-14,BTC,10256.06
2019-07-15,BTC,10895.09
2019-07-15,GLD,133.53
2019-07-15,QQQ,186.12
2019-07-16,BTC,9477.64
2019-07-16,GLD,132.40
2019-07-16,QQQ,185.16
2019-07-17,BTC,9693.80
2019-07-17,GLD,134.58
2019-07-17,QQQ,184.25
2019-07-18,BTC,10666.48
2019-07-18,GLD,136.48
2019-07-18,QQQ,184.46
2019-07-19,BTC,10530.73
2019-07-19,GLD,134.47
2019-07-19,QQQ,183.11
2019-07-20,BTC,10767.14
2019-07-21,BTC,10599.11
2019-07-22,BTC,10343.11
2019-07-22,GLD,134.45
2019-07-22,QQQ,184.57
2019-07-23,BTC,9900.77
2019-07-23,GLD,133.69
2019-07-23,QQQ,185.78
2019-07-24,BTC,9811.93
2019-07-24,GLD,134.37
2019-07-24,QQQ,187.08
2019-07-25,BTC,9911.84
2019-07-25,GLD,133.42
2019-07-25,QQQ,185.31
2019-07-26,BTC,9870.30
2019-07-26,GLD,133.64
2019-07-26,QQQ,187.21
2019-07-27,BTC,9477.68
2019-07-28,BTC,9552.86
2019-07-29,BTC,9519.15
2019-07-29,GLD,134.53
2019-07-29,QQQ,186.57
2019-07-30,BTC,9607.42
2019-07-30,GLD,134.98
2019-07-30,QQQ,185.77
2019-07-31,BTC,10085.63
2019-07-31,GLD,133.21
2019-07-31,QQQ,183.20
2019-08-01,BTC,10399.67
2019-08-01,GLD,136.41
2019-08-01,QQQ,182.29
2019-08-02,BTC,10518.17
2019-08-02,GLD,135.89
2019-08-02,QQQ,179.60
2019-08-03,BTC,10821.73
2019-08-04,BTC,10970.18
2019-08-05,BTC,11805.65
2019-08-05,GLD,137.79
2019-08-05,QQQ,173.26
2019-08-06,BTC,11478.17
2019-08-06,GLD,138.91
2019-08-06,QQQ,175.68
2019-08-07,BTC,11941.97
2019-08-07,GLD,141.02
2019-08-07,QQQ,176.63
2019-08-08,BTC,11966.41
2019-08-08,GLD,141.73
2019-08-08,QQQ,180.47
2019-08-09,BTC,11862.94
2019-08-09,GLD,141.26
2019-08-09,QQQ,178.78
2019-08-10,BTC,11354.02
2019-08-11,BTC,11523.58
2019-08-12,BTC,11382.62
2019-08-12,GLD,142.63
2019-08-12,QQQ,176.73
2019-08-13,BTC,10895.83
2019-08-13,GLD,141.78
2019-08-13,QQQ,180.60
2019-08-14,BTC,10051.70
2019-08-14,GLD,142.75
2019-08-14,QQQ,175.20
2019-08-15,BTC,10311.55
2019-08-15,GLD,143.70
2019-08-15,QQQ,175.00
2019-08-16,BTC,10374.34
2019-08-16,GLD,142.78
2019-08-16,QQQ,177.81
2019-08-17,BTC,10231.74
2019-08-18,BTC,10345.81
2019-08-19,BTC,10916.05
2019-08-19,GLD,141.11
2019-08-19,QQQ,180.64
2019-08-20,BTC,10763.23
2019-08-20,GLD,142.21
2019-08-20,QQQ,179.24
2019-08-21,BTC,10138.05
2019-08-21,GLD,141.76
2019-08-21,QQQ,180.83
2019-08-22,BTC,10131.06
2019-08-22,GLD,141.40
2019-08-22,QQQ,180.24
2019-08-23,BTC,10407.96
2019-08-23,GLD,144.17
2019-08-23,QQQ,174.54
2019-08-24,BTC,10159.96
2019-08-25,BTC,10138.52
2019-08-26,BTC,10370.82
2019-08-26,GLD,144.19
2019-08-26,QQQ,177.18
2019-08-27,BTC,10185.50
2019-08-27,GLD,145.57
2019-08-27,QQQ,176.80
2019-08-28,BTC,9754.42
2019-08-28,GLD,145.16
2019-08-28,QQQ,177.44
2019-08-29,BTC,9510.20
2019-08-29,GLD,144.12
2019-08-29,QQQ,180.15
2019-08-30,BTC,9598.17
2019-08-30,GLD,143.75
2019-08-30,QQQ,179.72
2019-08-31,BTC,9630.66
2019-09-01,BTC,9757.97
2019-09-02,BTC,10346.76
2019-09-03,BTC,10623.54
2019-09-03,GLD,145.75
2019-09-03,QQQ,177.97
2019-09-04,BTC,10594.49
2019-09-04,GLD,146.66
2019-09-04,QQQ,180.54
2019-09-05,BTC,10575.53
2019-09-05,GLD,143.14
2019-09-05,QQQ,183.85
2019-09-06,BTC,10353.30
2019-09-06,GLD,141.92
2019-09-06,QQQ,183.67
2019-09-07,BTC,10517.25
2019-09-08,BTC,10441.28
2019-09-09,BTC,10334.97
2019-09-09,GLD,141.39
2019-09-09,QQQ,183.28
2019-09-10,BTC,10115.98
2019-09-10,GLD,140.18
2019-09-10,QQQ,182.76
2019-09-11,BTC,10178.37
2019-09-11,GLD,141.03
2019-09-11,QQQ,184.47
2019-09-12,BTC,10410.13
2019-09-12,GLD,141.32
2019-09-12,QQQ,185.24
2019-09-13,BTC,10360.55
2019-09-13,GLD,140.15
2019-09-13,QQQ,184.58
2019-09-14,BTC,10358.05
2019-09-15,BTC,10347.71
2019-09-16,BTC,10276.79
2019-09-16,GLD,141.32
2019-09-16,QQQ,183.75
2019-09-17,BTC,10241.27
2019-09-17,GLD,141.60
2019-09-17,QQQ,184.64
2019-09-18,BTC,10198.25
2019-09-18,GLD,140.71
2019-09-18,QQQ,184.56
2019-09-19,BTC,10266.42
2019-09-19,GLD,141.28
2019-09-19,QQQ,184.87
2019-09-20,BTC,10181.64
2019-09-20,GLD,142.95
2019-09-20,QQQ,182.91
2019-09-21,BTC,10019.72
2019-09-22,BTC,10070.39
2019-09-23,BTC,9729.32
2019-09-23,GLD,143.75
2019-09-23,QQQ,182.99
2019-09-24,BTC,8620.57
2019-09-24,GLD,144.51
2019-09-24,QQQ,180.56
2019-09-25,BTC,8486.99
2019-09-25,GLD,141.83
2019-09-25,QQQ,182.59
2019-09-26,BTC,8118.97
2019-09-26,GLD,141.79
2019-09-26,QQQ,181.91
2019-09-27,BTC,8251.85
2019-09-27,GLD,141.06
2019-09-27,QQQ,179.66
2019-09-28,BTC,8245.92
2019-09-29,BTC,8104.19
2019-09-30,BTC,8293.87
2019-09-30,GLD,138.87
2019-09-30,QQQ,181.37
2019-10-01,BTC,8343.28
2019-10-01,GLD,139.63
2019-10-01,QQQ,179.89
2019-10-02,BTC,8393.04
2019-10-02,GLD,141.26
2019-10-02,QQQ,176.79
2019-10-03,BTC,8259.99
2019-10-03,GLD,141.90
2019-10-03,QQQ,178.73
2019-10-04,BTC,8205.94
2019-10-04,GLD,141.90
2019-10-04,QQQ,181.37
2019-10-05,BTC,8151.50
2019-10-06,BTC,7988.16
2019-10-07,BTC,8245.62
2019-10-07,GLD,140.69
2019-10-07,QQQ,180.82
2019-10-08,BTC,8228.78
2019-10-08,GLD,141.92
2019-10-08,QQQ,178.11
2019-10-09,BTC,8595.74
2019-10-09,GLD,142.05
2019-10-09,QQQ,179.85
2019-10-10,BTC,8586.47
2019-10-10,GLD,140.81
2019-10-10,QQQ,181.24
2019-10-11,BTC,8321.76
2019-10-11,GLD,140.03
2019-10-11,QQQ,183.58
2019-10-12,BTC,8336.56
2019-10-13,BTC,8321.01
2019-10-14,BTC,8374.69
2019-10-14,GLD,140.59
2019-10-14,QQQ,183.56
2019-10-15,BTC,8205.37
2019-10-15,GLD,139.61
2019-10-15,QQQ,185.89
2019-10-16,BTC,8047.53
2019-10-16,GLD,140.41
2019-10-16,QQQ,185.43
2019-10-17,BTC,8103.91
2019-10-17,GLD,140.61
2019-10-17,QQQ,185.92
2019-10-18,BTC,7973.21
2019-10-18,GLD,140.46
2019-10-18,QQQ,184.13
2019-10-19,BTC,7988.56
2019-10-20,BTC,8222.08
2019-10-21,BTC,8243.72
2019-10-21,GLD,139.79
2019-10-21,QQQ,185.77
2019-10-22,BTC,8078.20
2019-10-22,GLD,140.20
2019-10-22,QQQ,184.29
2019-10-23,BTC,7514.67
2019-10-23,GLD,140.53
2019-10-23,QQQ,184.64
2019-10-24,BTC,7493.49
2019-10-24,GLD,141.53
2019-10-24,QQQ,186.44
2019-10-25,BTC,8660.70
2019-10-25,GLD,141.86
2019-10-25,QQQ,187.93
2019-10-26,BTC,9244.97
2019-10-27,BTC,9551.71
2019-10-28,BTC,9256.15
2019-10-28,GLD,140.64
2019-10-28,QQQ,189.78
2019-10-29,BTC,9427.69
2019-10-29,GLD,140.25
2019-10-29,QQQ,188.31
2019-10-30,BTC,9205.73
2019-10-30,GLD,141.02
2019-10-30,QQQ,189.22
2019-10-31,BTC,9199.58
2019-10-31,GLD,142.43
2019-10-31,QQQ,189.31
2019-11-01,BTC,9261.10
2019-11-01,GLD,142.56
2019-11-01,QQQ,191.03
2019-11-02,BTC,9324.72
2019-11-03,BTC,9235.35
2019-11-04,BTC,9412.61
2019-11-04,GLD,142.15
2019-11-04,QQQ,192.21
2019-11-05,BTC,9342.53
2019-11-05,GLD,139.85
2019-11-05,QQQ,192.32
2019-11-06,BTC,9360.88
2019-11-06,GLD,140.45
2019-11-06,QQQ,191.89
2019-11-07,BTC,9267.56
2019-11-07,GLD,138.27
2019-11-07,QQQ,192.53
2019-11-08,BTC,8804.88
2019-11-08,GLD,137.39
2019-11-08,QQQ,193.30
2019-11-09,BTC,8813.58
2019-11-10,BTC,9055.53
2019-11-11,BTC,8757.79
2019-11-11,GLD,137.06
2019-11-11,QQQ,193.04
2019-11-12,BTC,8815.66
2019-11-12,GLD,137.43
2019-11-12,QQQ,193.60
2019-11-13,BTC,8808.26
2019-11-13,GLD,137.98
2019-11-13,QQQ,193.64
2019-11-14,BTC,8708.09
2019-11-14,GLD,138.56
2019-11-14,QQQ,193.49
2019-11-15,BTC,8491.99
2019-11-15,GLD,138.21
2019-11-15,QQQ,194.91
2019-11-16,BTC,8550.76
2019-11-17,BTC,8577.98
2019-11-18,BTC,8309.29
2019-11-18,GLD,138.62
2019-11-18,QQQ,195.06
2019-11-19,BTC,8206.15
2019-11-19,GLD,138.69
2019-11-19,QQQ,195.35
2019-11-20,BTC,8027.27
2019-11-20,GLD,138.76
2019-11-20,QQQ,194.18
2019-11-21,BTC,7642.75
2019-11-21,GLD,138.00
2019-11-21,QQQ,193.75
2019-11-22,BTC,7296.58
2019-11-22,GLD,137.74
2019-11-22,QQQ,193.87
2019-11-23,BTC,7397.80
2019-11-24,BTC,7047.92
2019-11-25,BTC,7146.13
2019-11-25,GLD,137.08
2019-11-25,QQQ,196.17
2019-11-26,BTC,7218.37
2019-11-26,GLD,137.74
2019-11-26,QQQ,196.54
2019-11-27,BTC,7531.66
2019-11-27,GLD,137.01
2019-11-27,QQQ,197.92
2019-11-28,BTC,7463.11
2019-11-29,BTC,7761.24
2019-11-29,GLD,137.86
2019-11-29,QQQ,197.01
2019-11-30,BTC,7569.63
2019-12-01,BTC,7424.29
2019-12-02,BTC,7321.99
2019-12-02,GLD,137.79
2019-12-02,QQQ,195.00
2019-12-03,BTC,7320.15
2019-12-03,GLD,139.11
2019-12-03,QQQ,193.47
2019-12-04,BTC,7252.03
2019-12-04,GLD,138.92
2019-12-04,QQQ,194.45
2019-12-05,BTC,7448.31
2019-12-05,GLD,139.00
2019-12-05,QQQ,194.83
2019-12-06,BTC,7547.00
2019-12-06,GLD,137.62
2019-12-06,QQQ,196.92
2019-12-07,BTC,7556.24
2019-12-08,BTC,7564.35
2019-12-09,BTC,7400.90
2019-12-09,GLD,137.58
2019-12-09,QQQ,196.03
2019-12-10,BTC,7278.12
2019-12-10,GLD,137.97
2019-12-10,QQQ,195.86
2019-12-11,BTC,7217.43
2019-12-11,GLD,138.92
2019-12-11,QQQ,196.90
2019-12-12,BTC,7243.13
2019-12-12,GLD,138.43
2019-12-12,QQQ,198.37
2019-12-13,BTC,7269.68
2019-12-13,GLD,139.05
2019-12-13,QQQ,199.02
2019-12-14,BTC,7124.67
2019-12-15,BTC,7152.30
2019-12-16,BTC,6932.48
2019-12-16,GLD,139.04
2019-12-16,QQQ,201.02
2019-12-17,BTC,6640.52
2019-12-17,GLD,139.01
2019-12-17,QQQ,201.14
2019-12-18,BTC,7276.80
2019-12-18,GLD,139.02
2019-12-18,QQQ,201.29
2019-12-19,BTC,7202.84
2019-12-19,GLD,139.38
2019-12-19,QQQ,202.55
2019-12-20,BTC,7218.82
2019-12-20,GLD,139.52
2019-12-20,QQQ,203.36
2019-12-21,BTC,7191.16
2019-12-22,BTC,7511.59
2019-12-23,BTC,7355.63
2019-12-23,GLD,139.95
2019-12-23,QQQ,203.90
2019-12-24,BTC,7322.53
2019-12-24,GLD,141.27
2019-12-24,QQQ,204.01
2019-12-25,BTC,7275.16
2019-12-26,BTC,7238.97
2019-12-26,GLD,142.38
2019-12-26,QQQ,205.81
2019-12-27,BTC,7290.09
2019-12-27,GLD,142.33
2019-12-27,QQQ,205.63
2019-12-28,BTC,7317.99
2019-12-29,BTC,7422.65
2019-12-30,BTC,7293.00
2019-12-30,GLD,142.63
2019-12-30,QQQ,204.29
2019-12-31,BTC,7193.60
2019-12-31,GLD,142.90
2019-12-31,QQQ,204.67
2020-01-01,BTC,7200.17
2020-01-02,BTC,6985.47
2020-01-02,GLD,143.95
2020-01-02,QQQ,208.09
2020-01-03,BTC,7344.88
2020-01-03,GLD,145.86
2020-01-03,QQQ,206.18
2020-01-04,BTC,7410.66
2020-01-05,BTC,7411.32
2020-01-06,BTC,7769.22
2020-01-06,GLD,147.39
2020-01-06,QQQ,207.51
2020-01-07,BTC,8163.69
2020-01-07,GLD,147.97
2020-01-07,QQQ,207.48
2020-01-08,BTC,8079.86
2020-01-08,GLD,146.86
2020-01-08,QQQ,209.04
2020-01-09,BTC,7879.07
2020-01-09,GLD,146.03
2020-01-09,QQQ,210.81
2020-01-10,BTC,8166.55
2020-01-10,GLD,146.91
2020-01-10,QQQ,210.27
2020-01-11,BTC,8037.54
2020-01-12,BTC,8192.49
2020-01-13,BTC,8144.19
2020-01-13,GLD,145.82
2020-01-13,QQQ,212.70
2020-01-14,BTC,8827.76
2020-01-14,GLD,145.69
2020-01-14,QQQ,211.86
2020-01-15,BTC,8807.01
2020-01-15,GLD,146.54
2020-01-15,QQQ,211.95
2020-01-16,BTC,8723.79
2020-01-16,GLD,146.31
2020-01-16,QQQ,213.98
2020-01-17,BTC,8929.04
2020-01-17,GLD,146.58
2020-01-17,QQQ,215.04
2020-01-18,BTC,8942.81
2020-01-19,BTC,8706.25
2020-01-20,BTC,8657.64
2020-01-21,BTC,8745.89
2020-01-21,GLD,146.74
2020-01-21,QQQ,214.94
2020-01-22,BTC,8680.88
2020-01-22,GLD,146.79
2020-01-22,QQQ,215.51
2020-01-23,BTC,8406.52
2020-01-23,GLD,147.12
2020-01-23,QQQ,216.20
2020-01-24,BTC,8445.43
2020-01-24,GLD,147.98
2020-01-24,QQQ,214.38
2020-01-25,BTC,8367.85
2020-01-26,BTC,8596.83
2020-01-27,BTC,8909.82
2020-01-27,GLD,148.99
2020-01-27,QQQ,209.96
2020-01-28,BTC,9358.59
2020-01-28,GLD,147.66
2020-01-28,QQQ,213.18
2020-01-29,BTC,9316.63
2020-01-29,GLD,148.46
2020-01-29,QQQ,213.53
2020-01-30,BTC,9508.99
2020-01-30,GLD,148.47
2020-01-30,QQQ,214.29
2020-01-31,BTC,9350.53
2020-01-31,GLD,149.33
2020-01-31,QQQ,210.89
2020-02-01,BTC,9392.88
2020-02-02,BTC,9344.37
2020-02-03,BTC,9293.52
2020-02-03,GLD,148.36
2020-02-03,QQQ,214.08
2020-02-04,BTC,9180.96
2020-02-04,GLD,146.43
2020-02-04,QQQ,218.98
2020-02-05,BTC,9613.42
2020-02-05,GLD,146.61
2020-02-05,QQQ,219.70
2020-02-06,BTC,9729.80
2020-02-06,GLD,147.40
2020-02-06,QQQ,221.59
2020-02-07,BTC,9795.94
2020-02-07,GLD,147.79
2020-02-07,QQQ,220.64
2020-02-08,BTC,9865.12
2020-02-09,BTC,10116.67
2020-02-10,BTC,9856.61
2020-02-10,GLD,148.17
2020-02-10,QQQ,223.31
2020-02-11,BTC,10208.24
2020-02-11,GLD,147.66
2020-02-11,QQQ,223.35
2020-02-12,BTC,10326.05
2020-02-12,GLD,147.54
2020-02-12,QQQ,225.52
2020-02-13,BTC,10214.38
2020-02-13,GLD,148.38
2020-02-13,QQQ,225.23
2020-02-14,BTC,10312.12
2020-02-14,GLD,149.00
2020-02-14,QQQ,225.88
2020-02-15,BTC,9889.42
2020-02-16,BTC,9934.43
2020-02-17,BTC,9690.14
2020-02-18,BTC,10142.00
2020-02-18,GLD,150.91
2020-02-18,QQQ,225.97
2020-02-19,BTC,9633.39
2020-02-19,GLD,151.79
2020-02-19,QQQ,228.13
2020-02-20,BTC,9608.48
2020-02-20,GLD,152.41
2020-02-20,QQQ,226.01
2020-02-21,BTC,9686.44
2020-02-21,GLD,154.70
2020-02-21,QQQ,221.67
2020-02-22,BTC,9663.18
2020-02-23,BTC,9924.52
2020-02-24,BTC,9650.17
2020-02-24,GLD,156.09
2020-02-24,QQQ,213.12
2020-02-25,BTC,9341.71
2020-02-25,GLD,153.30
2020-02-25,QQQ,207.33
2020-02-26,BTC,8820.52
2020-02-26,GLD,153.97
2020-02-26,QQQ,208.40
2020-02-27,BTC,8784.49
2020-02-27,GLD,154.00
2020-02-27,QQQ,197.96
2020-02-28,BTC,8672.46
2020-02-28,GLD,148.38
2020-02-28,QQQ,198.12
2020-02-29,BTC,8599.51
2020-03-01,BTC,8562.45
2020-03-02,BTC,8869.67
2020-03-02,GLD,149.20
2020-03-02,QQQ,208.34
2020-03-03,BTC,8787.79
2020-03-03,GLD,153.89
2020-03-03,QQQ,201.66
2020-03-04,BTC,8755.25
2020-03-04,GLD,154.16
2020-03-04,QQQ,210.07
2020-03-05,BTC,9078.76
2020-03-05,GLD,157.49
2020-03-05,QQQ,203.69
2020-03-06,BTC,9122.55
2020-03-06,GLD,157.55
2020-03-06,QQQ,200.25
2020-03-07,BTC,8909.95
2020-03-08,BTC,8108.12
2020-03-09,BTC,7923.64
2020-03-09,GLD,157.81
2020-03-09,QQQ,186.34
2020-03-10,BTC,7909.73
2020-03-10,GLD,154.48
2020-03-10,QQQ,196.49
2020-03-11,BTC,7911.43
2020-03-11,GLD,153.93
2020-03-11,QQQ,187.93
2020-03-12,BTC,4970.79
2020-03-12,GLD,147.79
2020-03-12,QQQ,170.70
2020-03-13,BTC,5563.71
2020-03-13,GLD,143.28
2020-03-13,QQQ,185.16
2020-03-14,BTC,5200.37
2020-03-15,BTC,5392.31
2020-03-16,BTC,5014.48
2020-03-16,GLD,141.64
2020-03-16,QQQ,162.98
2020-03-17,BTC,5225.63
2020-03-17,GLD,143.56
2020-03-17,QQQ,175.34
2020-03-18,BTC,5238.44
2020-03-18,GLD,140.70
2020-03-18,QQQ,170.01
2020-03-19,BTC,6191.19
2020-03-19,GLD,138.04
2020-03-19,QQQ,171.03
2020-03-20,BTC,6198.78
2020-03-20,GLD,140.11
2020-03-20,QQQ,164.33
2020-03-21,BTC,6185.07
2020-03-22,BTC,5830.25
2020-03-23,BTC,6416.31
2020-03-23,GLD,146.30
2020-03-23,QQQ,164.44
2020-03-24,BTC,6734.80
2020-03-24,GLD,153.40
2020-03-24,QQQ,177.18
2020-03-25,BTC,6681.06
2020-03-25,GLD,151.30
2020-03-25,QQQ,175.87
2020-03-26,BTC,6716.44
2020-03-26,GLD,153.24
2020-03-26,QQQ,185.13
2020-03-27,BTC,6469.80
2020-03-27,GLD,152.25
2020-03-27,QQQ,178.76
2020-03-28,BTC,6242.19
2020-03-29,BTC,5922.04
2020-03-30,BTC,6429.84
2020-03-30,GLD,152.92
2020-03-30,QQQ,185.26
2020-03-31,BTC,6438.64
2020-03-31,GLD,148.05
2020-03-31,QQQ,183.68
2020-04-01,BTC,6606.78
2020-04-01,GLD,149.45
2020-04-01,QQQ,175.88
2020-04-02,BTC,6793.62
2020-04-02,GLD,151.90
2020-04-02,QQQ,179.45
2020-04-03,BTC,6733.39
2020-04-03,GLD,152.65
2020-04-03,QQQ,176.90
2020-04-04,BTC,6867.53
2020-04-05,BTC,6791.13
2020-04-06,BTC,7271.78
2020-04-06,GLD,156.88
2020-04-06,QQQ,189.55
2020-04-07,BTC,7176.41
2020-04-07,GLD,156.04
2020-04-07,QQQ,189.47
2020-04-08,BTC,7334.10
2020-04-08,GLD,154.65
2020-04-08,QQQ,193.49
2020-04-09,BTC,7302.09
2020-04-09,GLD,158.69
2020-04-09,QQQ,193.77
2020-04-10,BTC,6865.49
2020-04-11,BTC,6859.08
2020-04-12,BTC,6971.09
2020-04-13,BTC,6845.04
2020-04-13,GLD,161.41
2020-04-13,QQQ,195.87
2020-04-14,BTC,6842.43
2020-04-14,GLD,162.68
2020-04-14,QQQ,204.38
2020-04-15,BTC,6642.11
2020-04-15,GLD,161.85
2020-04-15,QQQ,202.04
2020-04-16,BTC,7116.80
2020-04-16,GLD,161.71
2020-04-16,QQQ,205.72
2020-04-17,BTC,7096.18
2020-04-17,GLD,158.57
2020-04-17,QQQ,207.69
2020-04-18,BTC,7257.67
2020-04-19,BTC,7189.42
2020-04-20,BTC,6881.96
2020-04-20,GLD,159.70
2020-04-20,QQQ,205.23
2020-04-21,BTC,6880.32
2020-04-21,GLD,158.61
2020-04-21,QQQ,197.66
2020-04-22,BTC,7117.21
2020-04-22,GLD,161.73
2020-04-22,QQQ,203.53
2020-04-23,BTC,7429.72
2020-04-23,GLD,163.34
2020-04-23,QQQ,203.09
2020-04-24,BTC,7550.90
2020-04-24,GLD,162.64
2020-04-24,QQQ,206.29
2020-04-25,BTC,7569.94
2020-04-26,BTC,7679.87
2020-04-27,BTC,7795.60
2020-04-27,GLD,161.56
2020-04-27,QQQ,207.95
2020-04-28,BTC,7807.06
2020-04-28,GLD,160.84
2020-04-28,QQQ,204.04
2020-04-29,BTC,8801.04
2020-04-29,GLD,161.73
2020-04-29,QQQ,211.27
2020-04-30,BTC,8658.55
2020-04-30,GLD,158.80
2020-04-30,QQQ,211.19
2020-05-01,BTC,8864.77
2020-05-01,GLD,159.78
2020-05-01,QQQ,205.23
2020-05-02,BTC,8988.60
2020-05-03,BTC,8897.47
2020-05-04,BTC,8912.65
2020-05-04,GLD,160.34
2020-05-04,QQQ,207.63
2020-05-05,BTC,9003.07
2020-05-05,GLD,161.02
2020-05-05,QQQ,209.98
2020-05-06,BTC,9268.76
2020-05-06,GLD,158.95
2020-05-06,QQQ,211.27
2020-05-07,BTC,9951.52
2020-05-07,GLD,161.39
2020-05-07,QQQ,213.99
2020-05-08,BTC,9842.67
2020-05-08,GLD,160.42
2020-05-08,QQQ,216.93
2020-05-09,BTC,9593.90
2020-05-10,BTC,8756.43
2020-05-11,BTC,8601.80
2020-05-11,GLD,159.42
2020-05-11,QQQ,218.86
2020-05-12,BTC,8804.48
2020-05-12,GLD,160.04
2020-05-12,QQQ,214.28
2020-05-13,BTC,9269.99
2020-05-13,GLD,161.58
2020-05-13,QQQ,211.60
2020-05-14,BTC,9733.72
2020-05-14,GLD,163.01
2020-05-14,QQQ,214.00
2020-05-15,BTC,9328.20
2020-05-15,GLD,163.93
2020-05-15,QQQ,215.39
2020-05-16,BTC,9377.01
2020-05-17,BTC,9670.74
2020-05-18,BTC,9726.58
2020-05-18,GLD,162.69
2020-05-18,QQQ,219.40
2020-05-19,BTC,9729.04
2020-05-19,GLD,164.26
2020-05-19,QQQ,218.85
2020-05-20,BTC,9522.98
2020-05-20,GLD,164.65
2020-05-20,QQQ,223.22
2020-05-21,BTC,9081.76
2020-05-21,GLD,162.25
2020-05-21,QQQ,220.79
2020-05-22,BTC,9182.58
2020-05-22,GLD,163.21
2020-05-22,QQQ,221.56
2020-05-23,BTC,9209.29
2020-05-24,BTC,8790.37
2020-05-25,BTC,8906.93
2020-05-26,BTC,8835.05
2020-05-26,GLD,160.89
2020-05-26,QQQ,220.96
2020-05-27,BTC,9181.02
2020-05-27,GLD,161.18
2020-05-27,QQQ,222.16
2020-05-28,BTC,9525.75
2020-05-28,GLD,161.72
2020-05-28,QQQ,221.87
2020-05-29,BTC,9439.12
2020-05-29,GLD,162.91
2020-05-29,QQQ,225.13
2020-05-30,BTC,9700.41
2020-05-31,BTC,9461.06
2020-06-01,BTC,10167.27
2020-06-01,GLD,163.66
2020-06-01,QQQ,225.80
2020-06-02,BTC,9529.80
2020-06-02,GLD,162.60
2020-06-02,QQQ,227.32
2020-06-03,BTC,9656.72
2020-06-03,GLD,159.60
2020-06-03,QQQ,228.34
2020-06-04,BTC,9800.64
2020-06-04,GLD,161.28
2020-06-04,QQQ,226.74
2020-06-05,BTC,9665.53
2020-06-05,GLD,158.01
2020-06-05,QQQ,231.23
2020-06-06,BTC,9653.68
2020-06-07,BTC,9758.85
2020-06-08,BTC,9771.49
2020-06-08,GLD,159.72
2020-06-08,QQQ,233.03
2020-06-09,BTC,9795.70
2020-06-09,GLD,161.26
2020-06-09,QQQ,234.71
2020-06-10,BTC,9870.09
2020-06-10,GLD,163.57
2020-06-10,QQQ,237.53
2020-06-11,BTC,9321.78
2020-06-11,GLD,162.39
2020-06-11,QQQ,225.76
2020-06-12,BTC,9480.84
2020-06-12,GLD,162.62
2020-06-12,QQQ,227.56
2020-06-13,BTC,9475.28
2020-06-14,BTC,9386.79
2020-06-15,BTC,9450.70
2020-06-15,GLD,162.33
2020-06-15,QQQ,230.33
2020-06-16,BTC,9538.02
2020-06-16,GLD,162.25
2020-06-16,QQQ,234.28
2020-06-17,BTC,9480.25
2020-06-17,GLD,162.56
2020-06-17,QQQ,235.02
2020-06-18,BTC,9411.84
2020-06-18,GLD,162.24
2020-06-18,QQQ,235.66
2020-06-19,BTC,9288.02
2020-06-19,GLD,164.03
2020-06-19,QQQ,235.62
2020-06-20,BTC,9332.34
2020-06-21,BTC,9303.63
2020-06-22,BTC,9648.72
2020-06-22,GLD,165.09
2020-06-22,QQQ,238.45
2020-06-23,BTC,9629.66
2020-06-23,GLD,166.48
2020-06-23,QQQ,240.48
2020-06-24,BTC,9313.61
2020-06-24,GLD,165.90
2020-06-24,QQQ,235.52
2020-06-25,BTC,9264.81
2020-06-25,GLD,165.80
2020-06-25,QQQ,237.76
2020-06-26,BTC,9162.92
2020-06-26,GLD,166.54
2020-06-26,QQQ,232.15
2020-06-27,BTC,9045.39
2020-06-28,BTC,9143.58
2020-06-29,BTC,9190.85
2020-06-29,GLD,166.63
2020-06-29,QQQ,234.68
2020-06-30,BTC,9137.99
2020-06-30,GLD,167.37
2020-06-30,QQQ,239.28
2020-07-01,BTC,9228.33
2020-07-01,GLD,166.62
2020-07-01,QQQ,242.07
2020-07-02,BTC,9123.41
2020-07-02,GLD,166.98
2020-07-02,QQQ,243.71
2020-07-03,BTC,9087.30
2020-07-04,BTC,9132.49
2020-07-05,BTC,9073.94
2020-07-06,BTC,9375.47
2020-07-06,GLD,167.98
2020-07-06,QQQ,249.71
2020-07-07,BTC,9252.28
2020-07-07,GLD,169.04
2020-07-07,QQQ,247.99
2020-07-08,BTC,9428.33
2020-07-08,GLD,170.09
2020-07-08,QQQ,251.25
2020-07-09,BTC,9277.97
2020-07-09,GLD,169.63
2020-07-09,QQQ,253.37
2020-07-10,BTC,9278.81
2020-07-10,GLD,169.19
2020-07-10,QQQ,255.10
2020-07-11,BTC,9240.35
2020-07-12,BTC,9276.50
2020-07-13,BTC,9243.61
2020-07-13,GLD,169.40
2020-07-13,QQQ,249.85
2020-07-14,BTC,9243.21
2020-07-14,GLD,170.19
2020-07-14,QQQ,251.62
2020-07-15,BTC,9192.84
2020-07-15,GLD,170.34
2020-07-15,QQQ,252.13
2020-07-16,BTC,9132.23
2020-07-16,GLD,168.73
2020-07-16,QQQ,250.41
2020-07-17,BTC,9151.39
2020-07-17,GLD,170.12
2020-07-17,QQQ,250.70
2020-07-18,BTC,9159.04
2020-07-19,BTC,9185.82
2020-07-20,BTC,9164.23
2020-07-20,GLD,170.94
2020-07-20,QQQ,257.81
2020-07-21,BTC,9374.89
2020-07-21,GLD,173.00
2020-07-21,QQQ,255.13
2020-07-22,BTC,9525.36
2020-07-22,GLD,175.63
2020-07-22,QQQ,256.03
2020-07-23,BTC,9581.07
2020-07-23,GLD,177.18
2020-07-23,QQQ,249.34
2020-07-24,BTC,9536.89
2020-07-24,GLD,178.70
2020-07-24,QQQ,246.97
2020-07-25,BTC,9677.11
2020-07-26,BTC,9905.17
2020-07-27,BTC,10990.87
2020-07-27,GLD,182.23
2020-07-27,QQQ,251.38
2020-07-28,BTC,10912.82
2020-07-28,GLD,183.75
2020-07-28,QQQ,248.18
2020-07-29,BTC,11100.47
2020-07-29,GLD,185.13
2020-07-29,QQQ,251.04
2020-07-30,BTC,11111.21
2020-07-30,GLD,183.76
2020-07-30,QQQ,252.35
2020-07-31,BTC,11323.47
2020-07-31,GLD,185.43
2020-07-31,QQQ,256.86
2020-08-01,BTC,11759.59
2020-08-02,BTC,11053.61
2020-08-03,BTC,11246.35
2020-08-03,GLD,185.64
2020-08-03,QQQ,260.33
2020-08-04,BTC,11205.89
2020-08-04,GLD,189.59
2020-08-04,QQQ,261.29
2020-08-05,BTC,11747.02
2020-08-05,GLD,191.35
2020-08-05,QQQ,261.94
2020-08-06,BTC,11779.77
2020-08-06,GLD,193.89
2020-08-06,QQQ,265.41
2020-08-07,BTC,11601.47
2020-08-07,GLD,190.81
2020-08-07,QQQ,262.35
2020-08-08,BTC,11754.05
2020-08-09,BTC,11675.74
2020-08-10,BTC,11878.11
2020-08-10,GLD,190.15
2020-08-10,QQQ,261.22
2020-08-11,BTC,11410.53
2020-08-11,GLD,179.94
2020-08-11,QQQ,256.28
2020-08-12,BTC,11584.93
2020-08-12,GLD,179.10
2020-08-12,QQQ,262.72
2020-08-13,BTC,11784.14
2020-08-13,GLD,183.33
2020-08-13,QQQ,263.32
2020-08-14,BTC,11768.87
2020-08-14,GLD,182.54
2020-08-14,QQQ,263.01
2020-08-15,BTC,11865.70
2020-08-16,BTC,11892.80
2020-08-17,BTC,12254.40
2020-08-17,GLD,186.50
2020-08-17,QQQ,266.07
2020-08-18,BTC,11991.23
2020-08-18,GLD,188.18
2020-08-18,QQQ,268.63
2020-08-19,BTC,11758.28
2020-08-19,GLD,182.24
2020-08-19,QQQ,266.82
2020-08-20,BTC,11878.37
2020-08-20,GLD,183.50
2020-08-20,QQQ,270.52
2020-08-21,BTC,11592.49
2020-08-21,GLD,182.03
2020-08-21,QQQ,272.40
2020-08-22,BTC,11681.83
2020-08-23,BTC,11664.85
2020-08-24,BTC,11774.60
2020-08-24,GLD,181.00
2020-08-24,QQQ,274.10
2020-08-25,BTC,11366.13
2020-08-25,GLD,181.22
2020-08-25,QQQ,276.25
2020-08-26,BTC,11488.36
2020-08-26,GLD,183.36
2020-08-26,QQQ,282.15
2020-08-27,BTC,11323.40
2020-08-27,GLD,181.24
2020-08-27,QQQ,281.27
2020-08-28,BTC,11542.50
2020-08-28,GLD,184.39
2020-08-28,QQQ,282.70
2020-08-29,BTC,11506.87
2020-08-30,BTC,11711.51
2020-08-31,BTC,11680.82
2020-08-31,GLD,184.83
2020-08-31,QQQ,284.97
2020-09-01,BTC,11970.48
2020-09-01,GLD,185.05
2020-09-01,QQQ,289.84
2020-09-02,BTC,11414.03
2020-09-02,GLD,182.62
2020-09-02,QQQ,292.58
2020-09-03,BTC,10245.30
2020-09-03,GLD,181.14
2020-09-03,QQQ,277.75
2020-09-04,BTC,10511.81
2020-09-04,GLD,181.64
2020-09-04,QQQ,274.05
2020-09-05,BTC,10169.57
2020-09-06,BTC,10280.35
2020-09-07,BTC,10369.56
2020-09-08,BTC,10131.52
2020-09-08,GLD,181.29
2020-09-08,QQQ,260.88
2020-09-09,BTC,10242.35
2020-09-09,GLD,183.05
2020-09-09,QQQ,268.54
2020-09-10,BTC,10363.14
2020-09-10,GLD,182.46
2020-09-10,QQQ,263.19
2020-09-11,BTC,10400.92
2020-09-11,GLD,182.45
2020-09-11,QQQ,261.36
2020-09-12,BTC,10442.17
2020-09-13,BTC,10323.76
2020-09-14,BTC,10680.84
2020-09-14,GLD,183.89
2020-09-14,QQQ,265.91
2020-09-15,BTC,10796.95
2020-09-15,GLD,183.45
2020-09-15,QQQ,269.68
2020-09-16,BTC,10974.91
2020-09-16,GLD,183.97
2020-09-16,QQQ,265.38
2020-09-17,BTC,10948.99
2020-09-17,GLD,182.96
2020-09-17,QQQ,261.23
2020-09-18,BTC,10944.59
2020-09-18,GLD,183.20
2020-09-18,QQQ,257.90
2020-09-19,BTC,11094.35
2020-09-20,BTC,10938.27
2020-09-21,BTC,10462.26
2020-09-21,GLD,179.52
2020-09-21,QQQ,258.52
2020-09-22,BTC,10538.46
2020-09-22,GLD,178.65
2020-09-22,QQQ,263.32
2020-09-23,BTC,10246.19
2020-09-23,GLD,174.79
2020-09-23,QQQ,255.28
2020-09-24,BTC,10760.07
2020-09-24,GLD,175.44
2020-09-24,QQQ,256.47
2020-09-25,BTC,10692.72
2020-09-25,GLD,174.94
2020-09-25,QQQ,262.43
2020-09-26,BTC,10750.72
2020-09-27,BTC,10775.27
2020-09-28,BTC,10709.65
2020-09-28,GLD,176.70
2020-09-28,QQQ,267.88
2020-09-29,BTC,10844.64
2020-09-29,GLD,178.19
2020-09-29,QQQ,266.68
2020-09-30,BTC,10784.49
2020-09-30,GLD,177.12
2020-09-30,QQQ,268.50
2020-10-01,BTC,10619.45
2020-10-01,GLD,178.70
2020-10-01,QQQ,272.76
2020-10-02,BTC,10575.97
2020-10-02,GLD,178.54
2020-10-02,QQQ,265.09
2020-10-03,BTC,10549.33
2020-10-04,BTC,10669.58
2020-10-05,BTC,10793.34
2020-10-05,GLD,179.41
2020-10-05,QQQ,270.74
2020-10-06,BTC,10604.41
2020-10-06,GLD,177.30
2020-10-06,QQQ,265.91
2020-10-07,BTC,10668.97
2020-10-07,GLD,177.22
2020-10-07,QQQ,270.51
2020-10-08,BTC,10915.69
2020-10-08,GLD,177.85
2020-10-08,QQQ,271.95
2020-10-09,BTC,11064.46
2020-10-09,GLD,181.08
2020-10-09,QQQ,276.11
2020-10-10,BTC,11296.36
2020-10-11,BTC,11384.18
2020-10-12,BTC,11555.36
2020-10-12,GLD,180.56
2020-10-12,QQQ,284.63
2020-10-13,BTC,11425.90
2020-10-13,GLD,177.72
2020-10-13,QQQ,284.62
2020-10-14,BTC,11429.51
2020-10-14,GLD,178.27
2020-10-14,QQQ,282.24
2020-10-15,BTC,11495.35
2020-10-15,GLD,178.92
2020-10-15,QQQ,280.35
2020-10-16,BTC,11322.12
2020-10-16,GLD,178.30
2020-10-16,QQQ,278.81
2020-10-17,BTC,11358.10
2020-10-18,BTC,11483.36
2020-10-19,BTC,11742.04
2020-10-19,GLD,178.39
2020-10-19,QQQ,274.26
2020-10-20,BTC,11916.33
2020-10-20,GLD,179.25
2020-10-20,QQQ,274.85
2020-10-21,BTC,12823.69
2020-10-21,GLD,180.60
2020-10-21,QQQ,274.64
2020-10-22,BTC,12965.89
2020-10-22,GLD,178.83
2020-10-22,QQQ,274.63
2020-10-23,BTC,12931.54
2020-10-23,GLD,178.64
2020-10-23,QQQ,275.17
2020-10-24,BTC,13108.06
2020-10-25,BTC,13031.17
2020-10-26,BTC,13075.25
2020-10-26,GLD,178.55
2020-10-26,QQQ,271.04
2020-10-27,BTC,13654.22
2020-10-27,GLD,179.02
2020-10-27,QQQ,273.16
2020-10-28,BTC,13271.29
2020-10-28,GLD,176.13
2020-10-28,QQQ,262.51
2020-10-29,BTC,13437.88
2020-10-29,GLD,175.40
2020-10-29,QQQ,267.10
2020-10-30,BTC,13546.52
2020-10-30,GLD,176.20
2020-10-30,QQQ,260.33
2020-10-31,BTC,13781.00
2020-11-01,BTC,13737.11
2020-11-02,BTC,13550.49
2020-11-02,GLD,177.91
2020-11-02,QQQ,260.91
2020-11-03,BTC,13950.30
2020-11-03,GLD,178.92
2020-11-03,QQQ,265.42
2020-11-04,BTC,14133.71
2020-11-04,GLD,178.82
2020-11-04,QQQ,277.27
2020-11-05,BTC,15579.85
2020-11-05,GLD,182.93
2020-11-05,QQQ,284.50
2020-11-06,BTC,15565.88
2020-11-06,GLD,183.19
2020-11-06,QQQ,284.71
2020-11-07,BTC,14833.75
2020-11-08,BTC,15479.57
2020-11-09,BTC,15332.32
2020-11-09,GLD,175.08
2020-11-09,QQQ,278.89
2020-11-10,BTC,15290.90
2020-11-10,GLD,175.66
2020-11-10,QQQ,273.89
2020-11-11,BTC,15701.34
2020-11-11,GLD,174.90
2020-11-11,QQQ,280.02
2020-11-12,BTC,16276.34
2020-11-12,GLD,175.96
2020-11-12,QQQ,278.71
2020-11-13,BTC,16317.81
2020-11-13,GLD,177.16
2020-11-13,QQQ,281.15
2020-11-14,BTC,16068.14
2020-11-15,BTC,15955.59
2020-11-16,BTC,16716.11
2020-11-16,GLD,177.15
2020-11-16,QQQ,283.35
2020-11-17,BTC,17645.41
2020-11-17,GLD,176.50
2020-11-17,QQQ,282.45
2020-11-18,BTC,17804.01
2020-11-18,GLD,175.49
2020-11-18,QQQ,280.36
2020-11-19,BTC,17817.09
2020-11-19,GLD,175.16
2020-11-19,QQQ,282.55
2020-11-20,BTC,18621.31
2020-11-20,GLD,175.69
2020-11-20,QQQ,280.62
2020-11-21,BTC,18642.23
2020-11-22,BTC,18370.00
2020-11-23,BTC,18364.12
2020-11-23,GLD,172.23
2020-11-23,QQQ,280.63
2020-11-24,BTC,19107.46
2020-11-24,GLD,169.59
2020-11-24,QQQ,284.57
2020-11-25,BTC,18732.12
2020-11-25,GLD,169.51
2020-11-25,QQQ,286.32
2020-11-26,BTC,17150.62
2020-11-27,BTC,17108.40
2020-11-27,GLD,167.79
2020-11-27,QQQ,288.96
2020-11-28,BTC,17717.41
2020-11-29,BTC,18177.48
2020-11-30,BTC,19625.84
2020-11-30,GLD,166.67
2020-11-30,QQQ,289.55
2020-12-01,BTC,18803.00
2020-12-01,GLD,170.18
2020-12-01,QQQ,293.26
2020-12-02,BTC,19201.09
2020-12-02,GLD,171.46
2020-12-02,QQQ,293.64
2020-12-03,BTC,19445.40
2020-12-03,GLD,172.81
2020-12-03,QQQ,294.05
2020-12-04,BTC,18699.77
2020-12-04,GLD,172.32
2020-12-04,QQQ,295.25
2020-12-05,BTC,19154.23
2020-12-06,BTC,19345.12
2020-12-07,BTC,19191.63
2020-12-07,GLD,174.89
2020-12-07,QQQ,296.92
2020-12-08,BTC,18321.14
2020-12-08,GLD,175.50
2020-12-08,QQQ,297.93
2020-12-09,BTC,18553.92
2020-12-09,GLD,172.50
2020-12-09,QQQ,291.18
2020-12-10,BTC,18264.99
2020-12-10,GLD,172.17
2020-12-10,QQQ,292.35
2020-12-11,BTC,18058.90
2020-12-11,GLD,172.49
2020-12-11,QQQ,291.70
2020-12-12,BTC,18803.66
2020-12-13,BTC,19142.38
2020-12-14,BTC,19246.64
2020-12-14,GLD,171.54
2020-12-14,QQQ,293.82
2020-12-15,BTC,19417.08
2020-12-15,GLD,173.94
2020-12-15,QQQ,296.96
2020-12-16,BTC,21310.60
2020-12-16,GLD,174.90
2020-12-16,QQQ,298.60
2020-12-17,BTC,22805.16
2020-12-17,GLD,176.74
2020-12-17,QQQ,300.55
2020-12-18,BTC,23137.96
2020-12-18,GLD,176.44
2020-12-18,QQQ,299.64
2020-12-19,BTC,23869.83
2020-12-20,BTC,23477.29
2020-12-21,BTC,22803.08
2020-12-21,GLD,175.88
2020-12-21,QQQ,299.08
2020-12-22,BTC,23783.03
2020-12-22,GLD,174.49
2020-12-22,QQQ,299.89
2020-12-23,BTC,23241.35
2020-12-23,GLD,175.65
2020-12-23,QQQ,298.38
2020-12-24,BTC,23735.95
2020-12-24,GLD,176.35
2020-12-24,QQQ,299.70
2020-12-25,BTC,24664.79
2020-12-26,BTC,26437.04
2020-12-27,BTC,26272.29
2020-12-28,BTC,27084.81
2020-12-28,GLD,175.71
2020-12-28,QQQ,302.72
2020-12-29,BTC,27362.44
2020-12-29,GLD,176.35
2020-12-29,QQQ,302.99
2020-12-30,BTC,28840.95
2020-12-30,GLD,177.70
2020-12-30,QQQ,303.00
2020-12-31,BTC,29001.72
2020-12-31,GLD,178.36
2020-12-31,QQQ,303.74
2021-01-01,BTC,29374.15
2021-01-02,BTC,32127.27
2021-01-03,BTC,32782.02
2021-01-04,BTC,31971.91
2021-01-04,GLD,182.33
2021-01-04,QQQ,299.46
2021-01-05,BTC,33992.43
2021-01-05,GLD,182.87
2021-01-05,QQQ,301.92
2021-01-06,BTC,36824.36
2021-01-06,GLD,179.90
2021-01-06,QQQ,297.74
2021-01-07,BTC,39371.04
2021-01-07,GLD,179.48
2021-01-07,QQQ,304.95
2021-01-08,BTC,40797.61
2021-01-08,GLD,173.34
2021-01-08,QQQ,308.87
2021-01-09,BTC,40254.55
2021-01-10,BTC,38356.44
2021-01-11,BTC,35566.66
2021-01-11,GLD,173.00
2021-01-11,QQQ,304.40
2021-01-12,BTC,33922.96
2021-01-12,GLD,174.12
2021-01-12,QQQ,303.92
2021-01-13,BTC,37316.36
2021-01-13,GLD,173.37
2021-01-13,QQQ,305.97
2021-01-14,BTC,39187.33
2021-01-14,GLD,173.28
2021-01-14,QQQ,304.34
2021-01-15,BTC,36825.37
2021-01-15,GLD,171.13
2021-01-15,QQQ,301.92
2021-01-16,BTC,36178.14
2021-01-17,BTC,35791.28
2021-01-18,BTC,36630.07
2021-01-19,BTC,36069.80
2021-01-19,GLD,172.58
2021-01-19,QQQ,306.33
2021-01-20,BTC,35547.75
2021-01-20,GLD,175.39
2021-01-20,QQQ,313.46
2021-01-21,BTC,30825.70
2021-01-21,GLD,175.28
2021-01-21,QQQ,315.96
2021-01-22,BTC,33005.76
2021-01-22,GLD,173.90
2021-01-22,QQQ,315.05
2021-01-23,BTC,32067.64
2021-01-24,BTC,32289.38
2021-01-25,BTC,32366.39
2021-01-25,GLD,174.05
2021-01-25,QQQ,317.66
2021-01-26,BTC,32569.85
2021-01-26,GLD,173.62
2021-01-26,QQQ,318.12
2021-01-27,BTC,30432.55
2021-01-27,GLD,172.52
2021-01-27,QQQ,309.25
2021-01-28,BTC,33466.10
2021-01-28,GLD,172.68
2021-01-28,QQQ,311.08
2021-01-29,BTC,34316.39
2021-01-29,GLD,172.61
2021-01-29,QQQ,304.54
2021-01-30,BTC,34269.52
2021-01-31,BTC,33114.36
2021-02-01,BTC,33537.18
2021-02-01,GLD,174.23
2021-02-01,QQQ,312.15
2021-02-02,BTC,35510.29
2021-02-02,GLD,172.11
2021-02-02,QQQ,317.24
2021-02-03,BTC,37472.09
2021-02-03,GLD,171.85
2021-02-03,QQQ,315.98
2021-02-04,BTC,36926.07
2021-02-04,GLD,168.15
2021-02-04,QQQ,319.72
2021-02-05,BTC,38144.31
2021-02-05,GLD,169.81
2021-02-05,QQQ,320.80
2021-02-06,BTC,39266.01
2021-02-07,BTC,38903.44
2021-02-08,BTC,46196.46
2021-02-08,GLD,171.52
2021-02-08,QQQ,322.95
2021-02-09,BTC,46481.11
2021-02-09,GLD,172.08
2021-02-09,QQQ,322.89
2021-02-10,BTC,44918.18
2021-02-10,GLD,172.71
2021-02-10,QQQ,322.15
2021-02-11,BTC,47909.33
2021-02-11,GLD,171.21
2021-02-11,QQQ,323.92
2021-02-12,BTC,47504.85
2021-02-12,GLD,170.69
2021-02-12,QQQ,325.73
2021-02-13,BTC,47105.52
2021-02-14,BTC,48717.29
2021-02-15,BTC,47945.06
2021-02-16,BTC,49199.87
2021-02-16,GLD,168.24
2021-02-16,QQQ,324.85
2021-02-17,BTC,52149.01
2021-02-17,GLD,166.33
2021-02-17,QQQ,323.29
2021-02-18,BTC,51679.80
2021-02-18,GLD,166.32
2021-02-18,QQQ,321.88
2021-02-19,BTC,55888.13
2021-02-19,GLD,167.01
2021-02-19,QQQ,320.47
2021-02-20,BTC,56099.52
2021-02-21,BTC,57539.95
2021-02-22,BTC,54207.32
2021-02-22,GLD,169.51
2021-02-22,QQQ,312.17
2021-02-23,BTC,48824.43
2021-02-23,GLD,169.12
2021-02-23,QQQ,311.24
2021-02-24,BTC,49705.33
2021-02-24,GLD,169.00
2021-02-24,QQQ,313.80
2021-02-25,BTC,47093.85
2021-02-25,GLD,165.82
2021-02-25,QQQ,302.86
2021-02-26,BTC,46339.76
2021-02-26,GLD,161.81
2021-02-26,QQQ,304.13
2021-02-27,BTC,46188.45
2021-02-28,BTC,45137.77
2021-03-01,BTC,49631.24
2021-03-01,GLD,161.53
2021-03-01,QQQ,313.28
2021-03-02,BTC,48378.99
2021-03-02,GLD,162.41
2021-03-02,QQQ,308.26
2021-03-03,BTC,50538.24
2021-03-03,GLD,160.62
2021-03-03,QQQ,299.31
2021-03-04,BTC,48561.17
2021-03-04,GLD,159.04
2021-03-04,QQQ,294.41
2021-03-05,BTC,48927.30
2021-03-05,GLD,159.14
2021-03-05,QQQ,298.85
2021-03-06,BTC,48912.38
2021-03-07,BTC,51206.69
2021-03-08,BTC,52246.52
2021-03-08,GLD,157.49
2021-03-08,QQQ,290.38
2021-03-09,BTC,54824.12
2021-03-09,GLD,160.84
2021-03-09,QQQ,301.84
2021-03-10,BTC,56008.55
2021-03-10,GLD,161.66
2021-03-10,QQQ,300.98
2021-03-11,BTC,57805.12
2021-03-11,GLD,161.52
2021-03-11,QQQ,307.91
2021-03-12,BTC,57332.09
2021-03-12,GLD,161.49
2021-03-12,QQQ,305.41
2021-03-13,BTC,61243.09
2021-03-14,BTC,59302.32
2021-03-15,BTC,55907.20
2021-03-15,GLD,162.20
2021-03-15,QQQ,308.67
2021-03-16,BTC,56804.90
2021-03-16,GLD,162.35
2021-03-16,QQQ,310.37
2021-03-17,BTC,58870.89
2021-03-17,GLD,163.51
2021-03-17,QQQ,311.64
2021-03-18,BTC,57858.92
2021-03-18,GLD,162.56
2021-03-18,QQQ,302.10
2021-03-19,BTC,58346.65
2021-03-19,GLD,163.24
2021-03-19,QQQ,303.16
2021-03-20,BTC,58313.64
2021-03-21,BTC,57523.42
2021-03-22,BTC,54529.14
2021-03-22,GLD,163.00
2021-03-22,QQQ,308.85
2021-03-23,BTC,54738.95
2021-03-23,GLD,161.81
2021-03-23,QQQ,307.50
2021-03-24,BTC,52774.27
2021-03-24,GLD,162.37
2021-03-24,QQQ,302.32
2021-03-25,BTC,51704.16
2021-03-25,GLD,161.78
2021-03-25,QQQ,301.79
2021-03-26,BTC,55137.31
2021-03-26,GLD,162.24
2021-03-26,QQQ,306.32
2021-03-27,BTC,55973.51
2021-03-28,BTC,55950.75
2021-03-29,BTC,57750.20
2021-03-29,GLD,160.31
2021-03-29,QQQ,306.23
2021-03-30,BTC,58917.69
2021-03-30,GLD,157.57
2021-03-30,QQQ,304.69
2021-03-31,BTC,58918.83
2021-03-31,GLD,159.96
2021-03-31,QQQ,309.35
2021-04-01,BTC,59095.81
2021-04-01,GLD,161.98
2021-04-01,QQQ,314.63
2021-04-02,BTC,59384.31
2021-04-03,BTC,57603.89
2021-04-04,BTC,58758.55
2021-04-05,BTC,59057.88
2021-04-05,GLD,161.92
2021-04-05,QQQ,320.91
2021-04-06,BTC,58192.36
2021-04-06,GLD,163.22
2021-04-06,QQQ,320.69
2021-04-07,BTC,56048.94
2021-04-07,GLD,162.76
2021-04-07,QQQ,321.46
2021-04-08,BTC,58323.95
2021-04-08,GLD,164.51
2021-04-08,QQQ,324.81
2021-04-09,BTC,58245.00
2021-04-09,GLD,163.27
2021-04-09,QQQ,326.78
2021-04-10,BTC,59793.23
2021-04-11,BTC,60204.96
2021-04-12,BTC,59893.45
2021-04-12,GLD,162.28
2021-04-12,QQQ,326.36
2021-04-13,BTC,63503.46
2021-04-13,GLD,163.43
2021-04-13,QQQ,330.17
2021-04-14,BTC,63109.70
2021-04-14,GLD,162.72
2021-04-14,QQQ,326.20
2021-04-15,BTC,63314.01
2021-04-15,GLD,165.35
2021-04-15,QQQ,331.14
2021-04-16,BTC,61572.79
2021-04-16,GLD,166.35
2021-04-16,QQQ,331.53
2021-04-17,BTC,60683.82
2021-04-18,BTC,56216.18
2021-04-19,BTC,55724.27
2021-04-19,GLD,165.89
2021-04-19,QQQ,328.50
2021-04-20,BTC,56473.03
2021-04-20,GLD,166.48
2021-04-20,QQQ,326.10
2021-04-21,BTC,53906.09
2021-04-21,GLD,168.13
2021-04-21,QQQ,328.90
2021-04-22,BTC,51762.27
2021-04-22,GLD,167.04
2021-04-22,QQQ,324.93
2021-04-23,BTC,51093.65
2021-04-23,GLD,166.40
2021-04-23,QQQ,329.02
2021-04-24,BTC,50050.87
2021-04-25,BTC,49004.25
2021-04-26,BTC,54021.75
2021-04-26,GLD,166.84
2021-04-26,QQQ,331.16
2021-04-27,BTC,55033.12
2021-04-27,GLD,166.42
2021-04-27,QQQ,329.73
2021-04-28,BTC,54824.70
2021-04-28,GLD,166.91
2021-04-28,QQQ,328.61
2021-04-29,BTC,53555.11
2021-04-29,GLD,166.22
2021-04-29,QQQ,329.80
2021-04-30,BTC,57750.18
2021-04-30,GLD,165.66
2021-04-30,QQQ,327.64
2021-05-01,BTC,57828.05
2021-05-02,BTC,56631.08
2021-05-03,BTC,57200.29
2021-05-03,GLD,167.81
2021-05-03,QQQ,325.89
2021-05-04,BTC,53333.54
2021-05-04,GLD,166.58
2021-05-04,QQQ,320.03
2021-05-05,BTC,57424.01
2021-05-05,GLD,167.27
2021-05-05,QQQ,318.95
2021-05-06,BTC,56396.52
2021-05-06,GLD,170.06
2021-05-06,QQQ,321.35
2021-05-07,BTC,57356.40
2021-05-07,GLD,171.59
2021-05-07,QQQ,323.96
2021-05-08,BTC,58803.78
2021-05-09,BTC,58232.32
2021-05-10,BTC,55859.80
2021-05-10,GLD,172.11
2021-05-10,QQQ,315.78
2021-05-11,BTC,56704.57
2021-05-11,GLD,172.14
2021-05-11,QQQ,315.34
2021-05-12,BTC,49150.54
2021-05-12,GLD,170.43
2021-05-12,QQQ,307.18
2021-05-13,BTC,49716.19
2021-05-13,GLD,171.13
2021-05-13,QQQ,309.56
2021-05-14,BTC,49880.54
2021-05-14,GLD,172.69
2021-05-14,QQQ,316.39
2021-05-15,BTC,46760.19
2021-05-16,BTC,46456.06
2021-05-17,BTC,43537.51
2021-05-17,GLD,174.70
2021-05-17,QQQ,314.47
2021-05-18,BTC,42909.40
2021-05-18,GLD,175.04
2021-05-18,QQQ,312.35
2021-05-19,BTC,37002.44
2021-05-19,GLD,175.16
2021-05-19,QQQ,312.71
2021-05-20,BTC,40782.74
2021-05-20,GLD,175.96
2021-05-20,QQQ,318.76
2021-05-21,BTC,37304.69
2021-05-21,GLD,176.04
2021-05-21,QQQ,316.99
2021-05-22,BTC,37536.63
2021-05-23,BTC,34770.58
2021-05-24,BTC,38705.98
2021-05-24,GLD,176.35
2021-05-24,QQQ,322.32
2021-05-25,BTC,38402.22
2021-05-25,GLD,177.95
2021-05-25,QQQ,322.77
2021-05-26,BTC,39294.20
2021-05-26,GLD,177.64
2021-05-26,QQQ,323.89
2021-05-27,BTC,38436.97
2021-05-27,GLD,177.71
2021-05-27,QQQ,322.68
2021-05-28,BTC,35697.61
2021-05-28,GLD,178.38
2021-05-28,QQQ,323.70
2021-05-29,BTC,34616.07
2021-05-30,BTC,35678.13
2021-05-31,BTC,37332.86
2021-06-01,BTC,36684.93
2021-06-01,GLD,177.90
2021-06-01,QQQ,322.62
2021-06-02,BTC,37575.18
2021-06-02,GLD,178.77
2021-06-02,QQQ,323.25
2021-06-03,BTC,39208.77
2021-06-03,GLD,175.27
2021-06-03,QQQ,319.89
2021-06-04,BTC,36894.41
2021-06-04,GLD,177.16
2021-06-04,QQQ,325.32
2021-06-05,BTC,35551.96
2021-06-06,BTC,35862.38
2021-06-07,BTC,33560.71
2021-06-07,GLD,177.87
2021-06-07,QQQ,326.29
2021-06-08,BTC,33472.63
2021-06-08,GLD,177.32
2021-06-08,QQQ,326.44
2021-06-09,BTC,37345.12
2021-06-09,GLD,176.98
2021-06-09,QQQ,326.52
2021-06-10,BTC,36702.60
2021-06-10,GLD,177.74
2021-06-10,QQQ,329.92
2021-06-11,BTC,37334.40
2021-06-11,GLD,175.74
2021-06-11,QQQ,330.79
2021-06-12,BTC,35552.52
2021-06-13,BTC,39097.86
2021-06-14,BTC,40218.48
2021-06-14,GLD,174.71
2021-06-14,QQQ,333.96
2021-06-15,BTC,40406.27
2021-06-15,GLD,174.05
2021-06-15,QQQ,331.77
2021-06-16,BTC,38347.06
2021-06-16,GLD,171.11
2021-06-16,QQQ,330.56
2021-06-17,BTC,38053.50
2021-06-17,GLD,165.85
2021-06-17,QQQ,334.76
2021-06-18,BTC,35787.25
2021-06-18,GLD,164.93
2021-06-18,QQQ,332.13
2021-06-19,BTC,35615.87
2021-06-20,BTC,35698.30
2021-06-21,BTC,31676.69
2021-06-21,GLD,166.95
2021-06-21,QQQ,334.20
2021-06-22,BTC,32505.66
2021-06-22,GLD,166.25
2021-06-22,QQQ,337.31
2021-06-23,BTC,33723.03
2021-06-23,GLD,166.14
2021-06-23,QQQ,337.48
2021-06-24,BTC,34662.44
2021-06-24,GLD,166.04
2021-06-24,QQQ,339.56
2021-06-25,BTC,31637.78
2021-06-25,GLD,166.59
2021-06-25,QQQ,339.15
2021-06-26,BTC,32186.28
2021-06-27,BTC,34649.64
2021-06-28,BTC,34434.34
2021-06-28,GLD,166.58
2021-06-28,QQQ,343.27
2021-06-29,BTC,35867.78
2021-06-29,GLD,164.83
2021-06-29,QQQ,344.51
2021-06-30,BTC,35040.84
2021-06-30,GLD,165.63
2021-06-30,QQQ,343.97
2021-07-01,BTC,33572.12
2021-07-01,GLD,166.20
2021-07-01,QQQ,344.11
2021-07-02,BTC,33897.05
2021-07-02,GLD,167.29
2021-07-02,QQQ,348.06
2021-07-03,BTC,34668.55
2021-07-04,BTC,35287.78
2021-07-05,BTC,33746.00
2021-07-06,BTC,34235.20
2021-07-06,GLD,168.12
2021-07-06,QQQ,349.56
2021-07-07,BTC,33855.33
2021-07-07,GLD,168.76
2021-07-07,QQQ,350.30
2021-07-08,BTC,32877.37
2021-07-08,GLD,168.65
2021-07-08,QQQ,348.18
2021-07-09,BTC,33798.01
2021-07-09,GLD,169.21
2021-07-09,QQQ,350.36
2021-07-10,BTC,33520.52
2021-07-11,BTC,34240.19
2021-07-12,BTC,33155.85
2021-07-12,GLD,169.00
2021-07-12,QQQ,351.72
2021-07-13,BTC,32702.03
2021-07-13,GLD,169.22
2021-07-13,QQQ,351.72
2021-07-14,BTC,32822.35
2021-07-14,GLD,171.04
2021-07-14,QQQ,352.36
2021-07-15,BTC,31780.73
2021-07-15,GLD,171.07
2021-07-15,QQQ,349.88
2021-07-16,BTC,31421.54
2021-07-16,GLD,169.41
2021-07-16,QQQ,347.05
2021-07-17,BTC,31533.07
2021-07-18,BTC,31796.81
2021-07-19,BTC,30817.83
2021-07-19,GLD,169.61
2021-07-19,QQQ,344.20
2021-07-20,BTC,29807.35
2021-07-20,GLD,169.39
2021-07-20,QQQ,348.20
2021-07-21,BTC,32110.69
2021-07-21,GLD,168.76
2021-07-21,QQQ,350.89
2021-07-22,BTC,32313.11
2021-07-22,GLD,169.09
2021-07-22,QQQ,353.21
2021-07-23,BTC,33581.55
2021-07-23,GLD,168.56
2021-07-23,QQQ,357.33
2021-07-24,BTC,34292.45
2021-07-25,BTC,35350.19
2021-07-26,BTC,37337.54
2021-07-26,GLD,168.16
2021-07-26,QQQ,357.62
2021-07-27,BTC,39406.94
2021-07-27,GLD,168.44
2021-07-27,QQQ,353.68
2021-07-28,BTC,39995.91
2021-07-28,GLD,169.29
2021-07-28,QQQ,355.03
2021-07-29,BTC,40008.42
2021-07-29,GLD,171.17
2021-07-29,QQQ,355.66
2021-07-30,BTC,42235.55
2021-07-30,GLD,169.82
2021-07-30,QQQ,353.81
2021-07-31,BTC,41626.20
2021-08-01,BTC,39974.89
2021-08-02,BTC,39201.95
2021-08-02,GLD,169.61
2021-08-02,QQQ,353.84
2021-08-03,BTC,38152.98
2021-08-03,GLD,169.49
2021-08-03,QQQ,355.99
2021-08-04,BTC,39747.50
2021-08-04,GLD,169.53
2021-08-04,QQQ,356.50
2021-08-05,BTC,40869.55
2021-08-05,GLD,168.86
2021-08-05,QQQ,358.76
2021-08-06,BTC,42816.50
2021-08-06,GLD,164.64
2021-08-06,QQQ,357.19
2021-08-07,BTC,44555.80
2021-08-08,BTC,43798.12
2021-08-09,BTC,46365.40
2021-08-09,GLD,161.72
2021-08-09,QQQ,357.85
2021-08-10,BTC,45585.03
2021-08-10,GLD,161.77
2021-08-10,QQQ,356.01
2021-08-11,BTC,45593.64
2021-08-11,GLD,164.00
2021-08-11,QQQ,355.40
2021-08-12,BTC,44428.29
2021-08-12,GLD,164.04
2021-08-12,QQQ,356.68
2021-08-13,BTC,47793.32
2021-08-13,GLD,166.39
2021-08-13,QQQ,357.94
2021-08-14,BTC,47096.95
2021-08-15,BTC,47047.00
2021-08-16,BTC,46004.48
2021-08-16,GLD,167.22
2021-08-16,QQQ,358.09
2021-08-17,BTC,44695.36
2021-08-17,GLD,166.97
2021-08-17,QQQ,354.94
2021-08-18,BTC,44801.19
2021-08-18,GLD,167.10
2021-08-18,QQQ,351.52
2021-08-19,BTC,46717.58
2021-08-19,GLD,166.61
2021-08-19,QQQ,353.22
2021-08-20,BTC,49339.18
2021-08-20,GLD,166.70
2021-08-20,QQQ,356.88
2021-08-21,BTC,48905.49
2021-08-22,BTC,49321.65
2021-08-23,BTC,49546.15
2021-08-23,GLD,168.73
2021-08-23,QQQ,362.22
2021-08-24,BTC,47706.12
2021-08-24,GLD,168.65
2021-08-24,QQQ,363.32
2021-08-25,BTC,48960.79
2021-08-25,GLD,167.48
2021-08-25,QQQ,363.74
2021-08-26,BTC,46942.22
2021-08-26,GLD,167.67
2021-08-26,QQQ,361.43
2021-08-27,BTC,49058.67
2021-08-27,GLD,170.19
2021-08-27,QQQ,364.94
2021-08-28,BTC,48902.40
2021-08-29,BTC,48829.83
2021-08-30,BTC,47054.98
2021-08-30,GLD,169.35
2021-08-30,QQQ,369.04
2021-08-31,BTC,47166.69
2021-08-31,GLD,169.69
2021-08-31,QQQ,368.74
2021-09-01,BTC,48847.03
2021-09-01,GLD,169.70
2021-09-01,QQQ,369.35
2021-09-02,BTC,49327.72
2021-09-02,GLD,169.25
2021-09-02,QQQ,369.17
2021-09-03,BTC,50025.38
2021-09-03,GLD,171.06
2021-09-03,QQQ,370.31
2021-09-04,BTC,49944.62
2021-09-05,BTC,51753.41
2021-09-06,BTC,52633.54
2021-09-07,BTC,46811.13
2021-09-07,GLD,167.71
2021-09-07,QQQ,370.83
2021-09-08,BTC,46091.39
2021-09-08,GLD,167.29
2021-09-08,QQQ,369.54
2021-09-09,BTC,46391.42
2021-09-09,GLD,168.03
2021-09-09,QQQ,368.27
2021-09-10,BTC,44883.91
2021-09-10,GLD,167.18
2021-09-10,QQQ,365.48
2021-09-11,BTC,45201.46
2021-09-12,BTC,46063.27
2021-09-13,BTC,44963.07
2021-09-13,GLD,167.74
2021-09-13,QQQ,365.22
2021-09-14,BTC,47092.49
2021-09-14,GLD,168.82
2021-09-14,QQQ,364.19
2021-09-15,BTC,48176.35
2021-09-15,GLD,167.83
2021-09-15,QQQ,366.89
2021-09-16,BTC,47783.36
2021-09-16,GLD,164.03
2021-09-16,QQQ,367.15
2021-09-17,BTC,47267.52
2021-09-17,GLD,163.77
2021-09-17,QQQ,362.80
2021-09-18,BTC,48278.36
2021-09-19,BTC,47260.22
2021-09-20,BTC,42843.80
2021-09-20,GLD,164.94
2021-09-20,QQQ,355.30
2021-09-21,BTC,40693.68
2021-09-21,GLD,166.04
2021-09-21,QQQ,355.74
2021-09-22,BTC,43574.51
2021-09-22,GLD,165.42
2021-09-22,QQQ,359.06
2021-09-23,BTC,44895.10
2021-09-23,GLD,163.51
2021-09-23,QQQ,362.37
2021-09-24,BTC,42839.75
2021-09-24,GLD,163.30
2021-09-24,QQQ,362.71
2021-09-25,BTC,42716.59
2021-09-26,BTC,43208.54
2021-09-27,BTC,42235.73
2021-09-27,GLD,163.64
2021-09-27,QQQ,359.82
2021-09-28,BTC,41034.54
2021-09-28,GLD,162.05
2021-09-28,QQQ,349.64
2021-09-29,BTC,41564.36
2021-09-29,GLD,161.32
2021-09-29,QQQ,349.06
2021-09-30,BTC,43790.89
2021-09-30,GLD,164.22
2021-09-30,QQQ,347.78
2021-10-01,BTC,48116.94
2021-10-01,GLD,164.59
2021-10-01,QQQ,349.94
2021-10-02,BTC,47711.49
2021-10-03,BTC,48199.95
2021-10-04,BTC,49112.90
2021-10-04,GLD,165.36
2021-10-04,QQQ,342.59
2021-10-05,BTC,51514.81
2021-10-05,GLD,164.59
2021-10-05,QQQ,347.22
2021-10-06,BTC,55361.45
2021-10-06,GLD,165.03
2021-10-06,QQQ,349.44
2021-10-07,BTC,53805.98
2021-10-07,GLD,164.16
2021-10-07,QQQ,352.65
2021-10-08,BTC,53967.85
2021-10-08,GLD,164.23
2021-10-08,QQQ,350.89
2021-10-09,BTC,54968.22
2021-10-10,BTC,54771.58
2021-10-11,BTC,57484.79
2021-10-11,GLD,163.92
2021-10-11,QQQ,348.20
2021-10-12,BTC,56041.06
2021-10-12,GLD,164.66
2021-10-12,QQQ,346.98
2021-10-13,BTC,57401.10
2021-10-13,GLD,167.59
2021-10-13,QQQ,349.76
2021-10-14,BTC,57321.52
2021-10-14,GLD,168.00
2021-10-14,QQQ,356.20
2021-10-15,BTC,61593.95
2021-10-15,GLD,165.33
2021-10-15,QQQ,358.45
2021-10-16,BTC,60892.18
2021-10-17,BTC,61553.62
2021-10-18,BTC,62026.08
2021-10-18,GLD,164.92
2021-10-18,QQQ,362.05
2021-10-19,BTC,64261.99
2021-10-19,GLD,165.45
2021-10-19,QQQ,364.79
2021-10-20,BTC,65992.84
2021-10-20,GLD,166.90
2021-10-20,QQQ,364.32
2021-10-21,BTC,62210.17
2021-10-21,GLD,166.75
2021-10-21,QQQ,366.54
2021-10-22,BTC,60692.27
2021-10-22,GLD,167.77
2021-10-22,QQQ,363.46
2021-10-23,BTC,61393.62
2021-10-24,BTC,60930.84
2021-10-25,BTC,63039.82
2021-10-25,GLD,168.93
2021-10-25,QQQ,367.18
2021-10-26,BTC,60363.79
2021-10-26,GLD,167.68
2021-10-26,QQQ,368.34
2021-10-27,BTC,58482.39
2021-10-27,GLD,168.12
2021-10-27,QQQ,369.19
2021-10-28,BTC,60622.14
2021-10-28,GLD,168.08
2021-10-28,QQQ,373.29
2021-10-29,BTC,62227.96
2021-10-29,GLD,166.65
2021-10-29,QQQ,375.13
2021-10-30,BTC,61888.83
2021-10-31,BTC,61318.96
2021-11-01,BTC,61004.41
2021-11-01,GLD,167.52
2021-11-01,QQQ,376.41
2021-11-02,BTC,63226.40
2021-11-02,GLD,167.16
2021-11-02,QQQ,377.99
2021-11-03,BTC,62970.05
2021-11-03,GLD,165.77
2021-11-03,QQQ,382.00
2021-11-04,BTC,61452.23
2021-11-04,GLD,167.65
2021-11-04,QQQ,386.90
2021-11-05,BTC,61125.68
2021-11-05,GLD,169.84
2021-11-05,QQQ,387.27
2021-11-06,BTC,61527.48
2021-11-07,BTC,63326.99
2021-11-08,BTC,67566.83
2021-11-08,GLD,170.45
2021-11-08,QQQ,386.74
2021-11-09,BTC,66971.83
2021-11-09,GLD,171.29
2021-11-09,QQQ,384.08
2021-11-10,BTC,64995.23
2021-11-10,GLD,173.15
2021-11-10,QQQ,378.43
2021-11-11,BTC,64949.96
2021-11-11,GLD,174.12
2021-11-11,QQQ,379.48
2021-11-12,BTC,64155.94
2021-11-12,GLD,174.45
2021-11-12,QQQ,383.48
2021-11-13,BTC,64469.53
2021-11-14,BTC,65466.84
2021-11-15,BTC,63557.87
2021-11-15,GLD,174.18
2021-11-15,QQQ,383.39
2021-11-16,BTC,60161.25
2021-11-16,GLD,172.92
2021-11-16,QQQ,386.12
2021-11-17,BTC,60368.01
2021-11-17,GLD,174.50
2021-11-17,QQQ,386.32
2021-11-18,BTC,56942.14
2021-11-18,GLD,173.94
2021-11-18,QQQ,390.33
2021-11-19,BTC,58119.58
2021-11-19,GLD,172.61
2021-11-19,QQQ,392.50
2021-11-20,BTC,59697.20
2021-11-21,BTC,58730.48
2021-11-22,BTC,56289.29
2021-11-22,GLD,168.74
2021-11-22,QQQ,387.95
2021-11-23,BTC,57569.07
2021-11-23,GLD,167.28
2021-11-23,QQQ,386.18
2021-11-24,BTC,56280.43
2021-11-24,GLD,167.12
2021-11-24,QQQ,387.42
2021-11-25,BTC,57274.68
2021-11-26,BTC,53569.77
2021-11-26,GLD,166.85
2021-11-26,QQQ,380.08
2021-11-27,BTC,54815.08
2021-11-28,BTC,57248.46
2021-11-29,BTC,57806.57
2021-11-29,GLD,166.62
2021-11-29,QQQ,388.32
2021-11-30,BTC,57005.43
2021-11-30,GLD,165.50
2021-11-30,QQQ,382.62
2021-12-01,BTC,57229.83
2021-12-01,GLD,166.16
2021-12-01,QQQ,376.11
2021-12-02,BTC,56477.82
2021-12-02,GLD,165.24
2021-12-02,QQQ,378.82
2021-12-03,BTC,53598.25
2021-12-03,GLD,166.63
2021-12-03,QQQ,372.24
2021-12-04,BTC,49200.70
2021-12-05,BTC,49368.85
2021-12-06,BTC,50582.62
2021-12-06,GLD,166.22
2021-12-06,QQQ,375.22
2021-12-07,BTC,50700.09
2021-12-07,GLD,166.81
2021-12-07,QQQ,386.52
2021-12-08,BTC,50504.80
2021-12-08,GLD,166.90
2021-12-08,QQQ,388.25
2021-12-09,BTC,47672.12
2021-12-09,GLD,165.88
2021-12-09,QQQ,382.53
2021-12-10,BTC,47243.30
2021-12-10,GLD,166.58
2021-12-10,QQQ,386.69
2021-12-11,BTC,49362.51
2021-12-12,BTC,50098.34
2021-12-13,BTC,46737.48
2021-12-13,GLD,167.00
2021-12-13,QQQ,381.11
2021-12-14,BTC,46612.63
2021-12-14,GLD,165.44
2021-12-14,QQQ,377.16
2021-12-15,BTC,48896.72
2021-12-15,GLD,166.15
2021-12-15,QQQ,385.76
2021-12-16,BTC,47665.43
2021-12-16,GLD,168.16
2021-12-16,QQQ,375.84
2021-12-17,BTC,46202.14
2021-12-17,GLD,167.80
2021-12-17,QQQ,373.97
2021-12-18,BTC,46848.78
2021-12-19,BTC,46707.02
2021-12-20,BTC,46880.28
2021-12-20,GLD,167.09
2021-12-20,QQQ,370.34
2021-12-21,BTC,48936.61
2021-12-21,GLD,167.02
2021-12-21,QQQ,378.63
2021-12-22,BTC,48628.51
2021-12-22,GLD,168.59
2021-12-22,QQQ,383.24
2021-12-23,BTC,50784.54
2021-12-23,GLD,168.97
2021-12-23,QQQ,386.13
2021-12-24,BTC,50822.20
2021-12-25,BTC,50429.86
2021-12-26,BTC,50809.52
2021-12-27,BTC,50640.42
2021-12-27,GLD,169.37
2021-12-27,QQQ,392.51
2021-12-28,BTC,47588.86
2021-12-28,GLD,168.64
2021-12-28,QQQ,390.69
2021-12-29,BTC,46444.71
2021-12-29,GLD,168.59
2021-12-29,QQQ,390.63
2021-12-30,BTC,47178.12
2021-12-30,GLD,169.80
2021-12-30,QQQ,389.46
2021-12-31,BTC,46306.45
2021-12-31,GLD,170.96
2021-12-31,QQQ,387.03
2022-01-01,BTC,47686.81
2022-01-02,BTC,47345.22
2022-01-03,BTC,46458.12
2022-01-03,GLD,168.33
2022-01-03,QQQ,390.76
2022-01-04,BTC,45897.57
2022-01-04,GLD,169.57
2022-01-04,QQQ,385.69
2022-01-05,BTC,43569.00
2022-01-05,GLD,169.06
2022-01-05,QQQ,373.84
2022-01-06,BTC,43160.93
2022-01-06,GLD,166.99
2022-01-06,QQQ,373.58
2022-01-07,BTC,41557.90
2022-01-07,GLD,167.75
2022-01-07,QQQ,369.53
2022-01-08,BTC,41733.94
2022-01-09,BTC,41911.60
2022-01-10,BTC,41821.26
2022-01-10,GLD,168.26
2022-01-10,QQQ,369.77
2022-01-11,BTC,42735.86
2022-01-11,GLD,170.29
2022-01-11,QQQ,375.33
2022-01-12,BTC,43949.10
2022-01-12,GLD,170.74
2022-01-12,QQQ,376.82
2022-01-13,BTC,42591.57
2022-01-13,GLD,170.16
2022-01-13,QQQ,367.39
2022-01-14,BTC,43099.70
2022-01-14,GLD,169.67
2022-01-14,QQQ,369.68
2022-01-15,BTC,43177.40
2022-01-16,BTC,43113.88
2022-01-17,BTC,42250.55
2022-01-18,BTC,42375.63
2022-01-18,GLD,169.39
2022-01-18,QQQ,360.47
2022-01-19,BTC,41744.33
2022-01-19,GLD,172.08
2022-01-19,QQQ,356.51
2022-01-20,BTC,40680.42
2022-01-20,GLD,171.65
2022-01-20,QQQ,351.88
2022-01-21,BTC,36457.32
2022-01-21,GLD,171.09
2022-01-21,QQQ,342.13
2022-01-22,BTC,35030.25
2022-01-23,BTC,36276.80
2022-01-24,BTC,36654.33
2022-01-24,GLD,172.03
2022-01-24,QQQ,343.69
2022-01-25,BTC,36954.00
2022-01-25,GLD,172.58
2022-01-25,QQQ,335.73
2022-01-26,BTC,36852.12
2022-01-26,GLD,169.79
2022-01-26,QQQ,335.20
2022-01-27,BTC,37138.23
2022-01-27,GLD,167.60
2022-01-27,QQQ,331.82
2022-01-28,BTC,37784.33
2022-01-28,GLD,167.10
2022-01-28,QQQ,342.23
2022-01-29,BTC,38138.18
2022-01-30,BTC,37917.60
2022-01-31,BTC,38483.12
2022-01-31,GLD,168.09
2022-01-31,QQQ,353.18
2022-02-01,BTC,38743.27
2022-02-01,GLD,168.23
2022-02-01,QQQ,355.58
2022-02-02,BTC,36952.98
2022-02-02,GLD,168.84
2022-02-02,QQQ,358.47
2022-02-03,BTC,37154.60
2022-02-03,GLD,168.60
2022-02-03,QQQ,343.94
2022-02-04,BTC,41500.88
2022-02-04,GLD,168.86
2022-02-04,QQQ,348.27
2022-02-05,BTC,41441.16
2022-02-06,BTC,42412.43
2022-02-07,BTC,43840.29
2022-02-07,GLD,170.11
2022-02-07,QQQ,345.47
2022-02-08,BTC,44118.45
2022-02-08,GLD,170.63
2022-02-08,QQQ,349.35
2022-02-09,BTC,44338.80
2022-02-09,GLD,171.21
2022-02-09,QQQ,356.76
2022-02-10,BTC,43565.11
2022-02-10,GLD,170.56
2022-02-10,QQQ,348.68
2022-02-11,BTC,42407.94
2022-02-11,GLD,173.81
2022-02-11,QQQ,337.62
2022-02-12,BTC,42244.47
2022-02-13,BTC,42197.52
2022-02-14,BTC,42586.92
2022-02-14,GLD,174.74
2022-02-14,QQQ,338.04
2022-02-15,BTC,44575.20
2022-02-15,GLD,173.08
2022-02-15,QQQ,346.45
2022-02-16,BTC,43961.86
2022-02-16,GLD,174.86
2022-02-16,QQQ,346.36
2022-02-17,BTC,40538.01
2022-02-17,GLD,177.25
2022-02-17,QQQ,336.06
2022-02-18,BTC,40030.98
2022-02-18,GLD,177.12
2022-02-18,QQQ,332.22
2022-02-19,BTC,40122.16
2022-02-20,BTC,38431.38
2022-02-21,BTC,37075.28
2022-02-22,BTC,38286.03
2022-02-22,GLD,177.49
2022-02-22,QQQ,328.89
2022-02-23,BTC,37296.57
2022-02-23,GLD,178.29
2022-02-23,QQQ,320.46
2022-02-24,BTC,38332.61
2022-02-24,GLD,177.14
2022-02-24,QQQ,331.23
2022-02-25,BTC,39214.22
2022-02-25,GLD,176.55
2022-02-25,QQQ,336.37
2022-02-26,BTC,39105.15
2022-02-27,BTC,37709.79
2022-02-28,BTC,43193.23
2022-02-28,GLD,178.38
2022-02-28,QQQ,337.37
2022-03-01,BTC,44354.64
2022-03-01,GLD,181.62
2022-03-01,QQQ,332.20
2022-03-02,BTC,43924.12
2022-03-02,GLD,179.73
2022-03-02,QQQ,337.78
2022-03-03,BTC,42451.79
2022-03-03,GLD,180.80
2022-03-03,QQQ,332.95
2022-03-04,BTC,39137.61
2022-03-04,GLD,183.68
2022-03-04,QQQ,328.13
2022-03-05,BTC,39400.59
2022-03-06,BTC,38419.98
2022-03-07,BTC,38062.04
2022-03-07,GLD,186.41
2022-03-07,QQQ,316.03
2022-03-08,BTC,38737.27
2022-03-08,GLD,191.51
2022-03-08,QQQ,314.56
2022-03-09,BTC,41982.93
2022-03-09,GLD,185.82
2022-03-09,QQQ,325.88
2022-03-10,BTC,39437.46
2022-03-10,GLD,186.40
2022-03-10,QQQ,322.26
2022-03-11,BTC,38794.97
2022-03-11,GLD,185.09
2022-03-11,QQQ,315.58
2022-03-12,BTC,38904.01
2022-03-13,BTC,37849.66
2022-03-14,BTC,39666.75
2022-03-14,GLD,182.30
2022-03-14,QQQ,309.52
2022-03-15,BTC,39338.79
2022-03-15,GLD,178.89
2022-03-15,QQQ,319.23
2022-03-16,BTC,41143.93
2022-03-16,GLD,180.01
2022-03-16,QQQ,331.07
2022-03-17,BTC,40951.38
2022-03-17,GLD,180.89
2022-03-17,QQQ,335.07
2022-03-18,BTC,41801.16
2022-03-18,GLD,179.30
2022-03-18,QQQ,341.93
2022-03-19,BTC,42190.65
2022-03-20,BTC,41247.82
2022-03-21,BTC,41078.00
2022-03-21,GLD,180.67
2022-03-21,QQQ,340.98
2022-03-22,BTC,42358.81
2022-03-22,GLD,179.36
2022-03-22,QQQ,347.68
2022-03-23,BTC,42892.96
2022-03-23,GLD,181.81
2022-03-23,QQQ,342.69
2022-03-24,BTC,43960.93
2022-03-24,GLD,183.13
2022-03-24,QQQ,350.30
2022-03-25,BTC,44348.73
2022-03-25,GLD,182.38
2022-03-25,QQQ,350.01
2022-03-26,BTC,44500.83
2022-03-27,BTC,46820.49
2022-03-28,BTC,47128.00
2022-03-28,GLD,179.06
2022-03-28,QQQ,355.43
2022-03-29,BTC,47465.73
2022-03-29,GLD,179.14
2022-03-29,QQQ,361.54
2022-03-30,BTC,47062.66
2022-03-30,GLD,180.58
2022-03-30,QQQ,357.55
2022-03-31,BTC,45538.68
2022-03-31,GLD,180.65
2022-03-31,QQQ,353.12
2022-04-01,BTC,46281.64
2022-04-01,GLD,179.50
2022-04-01,QQQ,352.45
2022-04-02,BTC,45868.95
2022-04-03,BTC,46453.57
2022-04-04,BTC,46622.68
2022-04-04,GLD,180.37
2022-04-04,QQQ,359.70
2022-04-05,BTC,45555.99
2022-04-05,GLD,179.24
2022-04-05,QQQ,351.71
2022-04-06,BTC,43206.74
2022-04-06,GLD,179.66
2022-04-06,QQQ,344.08
2022-04-07,BTC,43503.85
2022-04-07,GLD,180.34
2022-04-07,QQQ,344.90
2022-04-08,BTC,42287.66
2022-04-08,GLD,181.47
2022-04-08,QQQ,340.08
2022-04-09,BTC,42782.14
2022-04-10,BTC,42207.67
2022-04-11,BTC,39521.90
2022-04-11,GLD,182.37
2022-04-11,QQQ,332.03
2022-04-12,BTC,40127.18
2022-04-12,GLD,183.77
2022-04-12,QQQ,330.63
2022-04-13,BTC,41166.73
2022-04-13,GLD,184.65
2022-04-13,QQQ,337.35
2022-04-14,BTC,39935.52
2022-04-14,GLD,184.04
2022-04-14,QQQ,329.63
2022-04-15,BTC,40553.46
2022-04-16,BTC,40424.48
2022-04-17,BTC,39716.95
2022-04-18,BTC,40826.21
2022-04-18,GLD,184.61
2022-04-18,QQQ,329.89
2022-04-19,BTC,41502.75
2022-04-19,GLD,181.82
2022-04-19,QQQ,337.26
2022-04-20,BTC,41374.38
2022-04-20,GLD,182.71
2022-04-20,QQQ,332.34
2022-04-21,BTC,40527.36
2022-04-21,GLD,182.06
2022-04-21,QQQ,325.47
2022-04-22,BTC,39740.32
2022-04-22,GLD,180.29
2022-04-22,QQQ,316.94
2022-04-23,BTC,39486.73
2022-04-24,BTC,39469.29
2022-04-25,BTC,40458.31
2022-04-25,GLD,177.05
2022-04-25,QQQ,321.01
2022-04-26,BTC,38117.46
2022-04-26,GLD,177.32
2022-04-26,QQQ,308.90
2022-04-27,BTC,39241.12
2022-04-27,GLD,175.98
2022-04-27,QQQ,308.53
2022-04-28,BTC,39773.83
2022-04-28,GLD,176.93
2022-04-28,QQQ,319.48
2022-04-29,BTC,38609.82
2022-04-29,GLD,176.91
2022-04-29,QQQ,305.11
2022-04-30,BTC,37714.88
2022-05-01,BTC,38469.09
2022-05-02,BTC,38529.33
2022-05-02,GLD,173.63
2022-05-02,QQQ,310.20
2022-05-03,BTC,37750.45
2022-05-03,GLD,174.09
2022-05-03,QQQ,310.53
2022-05-04,BTC,39698.37
2022-05-04,GLD,175.80
2022-05-04,QQQ,321.03
2022-05-05,BTC,36575.14
2022-05-05,GLD,175.13
2022-05-05,QQQ,304.86
2022-05-06,BTC,36040.92
2022-05-06,GLD,175.42
2022-05-06,QQQ,301.21
2022-05-07,BTC,35501.95
2022-05-08,BTC,34059.27
2022-05-09,BTC,30296.95
2022-05-09,GLD,172.88
2022-05-09,QQQ,289.43
2022-05-10,BTC,31022.91
2022-05-10,GLD,171.42
2022-05-10,QQQ,292.94
2022-05-11,BTC,28936.36
2022-05-11,GLD,172.82
2022-05-11,QQQ,284.25
2022-05-12,BTC,29047.75
2022-05-12,GLD,170.17
2022-05-12,QQQ,283.58
2022-05-13,BTC,29283.10
2022-05-13,GLD,168.79
2022-05-13,QQQ,294.09
2022-05-14,BTC,30101.27
2022-05-15,BTC,31305.11
2022-05-16,BTC,29862.92
2022-05-16,GLD,170.40
2022-05-16,QQQ,290.68
2022-05-17,BTC,30425.86
2022-05-17,GLD,169.33
2022-05-17,QQQ,298.21
2022-05-18,BTC,28720.27
2022-05-18,GLD,169.42
2022-05-18,QQQ,283.57
2022-05-19,BTC,30314.33
2022-05-19,GLD,171.91
2022-05-19,QQQ,282.05
2022-05-20,BTC,29200.74
2022-05-20,GLD,172.03
2022-05-20,QQQ,281.18
2022-05-21,BTC,29432.23
2022-05-22,BTC,30323.72
2022-05-23,BTC,29098.91
2022-05-23,GLD,172.83
2022-05-23,QQQ,285.85
2022-05-24,BTC,29655.59
2022-05-24,GLD,174.13
2022-05-24,QQQ,279.77
2022-05-25,BTC,29562.36
2022-05-25,GLD,173.08
2022-05-25,QQQ,283.69
2022-05-26,BTC,29267.22
2022-05-26,GLD,172.76
2022-05-26,QQQ,291.55
2022-05-27,BTC,28627.57
2022-05-27,GLD,172.85
2022-05-27,QQQ,301.07
2022-05-28,BTC,28814.90
2022-05-29,BTC,29445.96
2022-05-30,BTC,31726.39
2022-05-31,BTC,31792.31
2022-05-31,GLD,171.14
2022-05-31,QQQ,300.27
2022-06-01,BTC,29799.08
2022-06-01,GLD,172.23
2022-06-01,QQQ,298.05
2022-06-02,BTC,30467.49
2022-06-02,GLD,174.35
2022-06-02,QQQ,306.21
2022-06-03,BTC,29704.39
2022-06-03,GLD,172.58
2022-06-03,QQQ,298.24
2022-06-04,BTC,29832.91
2022-06-05,BTC,29906.66
2022-06-06,BTC,31370.67
2022-06-06,GLD,171.82
2022-06-06,QQQ,299.24
2022-06-07,BTC,31155.48
2022-06-07,GLD,172.94
2022-06-07,QQQ,301.82
2022-06-08,BTC,30214.36
2022-06-08,GLD,172.78
2022-06-08,QQQ,299.64
2022-06-09,BTC,30112.00
2022-06-09,GLD,172.23
2022-06-09,QQQ,291.62
2022-06-10,BTC,29083.80
2022-06-10,GLD,174.54
2022-06-10,QQQ,281.33
2022-06-11,BTC,28360.81
2022-06-12,BTC,26762.65
2022-06-13,BTC,22487.39
2022-06-13,GLD,169.93
2022-06-13,QQQ,268.25
2022-06-14,BTC,22206.79
2022-06-14,GLD,168.57
2022-06-14,QQQ,268.74
2022-06-15,BTC,22572.84
2022-06-15,GLD,170.77
2022-06-15,QQQ,275.45
2022-06-16,BTC,20381.65
2022-06-16,GLD,172.69
2022-06-16,QQQ,264.34
2022-06-17,BTC,20471.48
2022-06-17,GLD,171.27
2022-06-17,QQQ,267.55
2022-06-18,BTC,19017.64
2022-06-19,BTC,20553.27
2022-06-20,BTC,20599.54
2022-06-21,BTC,20710.60
2022-06-21,GLD,170.63
2022-06-21,QQQ,274.30
2022-06-22,BTC,19987.03
2022-06-22,GLD,171.31
2022-06-22,QQQ,273.90
2022-06-23,BTC,21085.88
2022-06-23,GLD,170.26
2022-06-23,QQQ,277.98
2022-06-24,BTC,21231.66
2022-06-24,GLD,170.09
2022-06-24,QQQ,287.50
2022-06-25,BTC,21502.34
2022-06-26,BTC,21027.29
2022-06-27,BTC,20735.48
2022-06-27,GLD,169.90
2022-06-27,QQQ,285.40
2022-06-28,BTC,20280.63
2022-06-28,GLD,169.62
2022-06-28,QQQ,276.70
2022-06-29,BTC,20104.02
2022-06-29,GLD,169.49
2022-06-29,QQQ,276.95
2022-06-30,BTC,19784.73
2022-06-30,GLD,168.46
2022-06-30,QQQ,273.52
2022-07-01,BTC,19269.37
2022-07-01,GLD,168.32
2022-07-01,QQQ,275.33
2022-07-02,BTC,19242.26
2022-07-03,BTC,19297.08
2022-07-04,BTC,20231.26
2022-07-05,BTC,20190.12
2022-07-05,GLD,164.75
2022-07-05,QQQ,280.04
2022-07-06,BTC,20548.25
2022-07-06,GLD,162.14
2022-07-06,QQQ,281.83
2022-07-07,BTC,21637.59
2022-07-07,GLD,162.23
2022-07-07,QQQ,287.87
2022-07-08,BTC,21731.12
2022-07-08,GLD,162.30
2022-07-08,QQQ,288.23
2022-07-09,BTC,21592.21
2022-07-10,BTC,20860.45
2022-07-11,BTC,19970.56
2022-07-11,GLD,161.43
2022-07-11,QQQ,282.07
2022-07-12,BTC,19323.91
2022-07-12,GLD,160.83
2022-07-12,QQQ,279.34
2022-07-13,BTC,20212.07
2022-07-13,GLD,161.60
2022-07-13,QQQ,278.76
2022-07-14,BTC,20569.92
2022-07-14,GLD,159.33
2022-07-14,QQQ,279.76
2022-07-15,BTC,20836.33
2022-07-15,GLD,159.01
2022-07-15,QQQ,284.83
2022-07-16,BTC,21190.32
2022-07-17,BTC,20779.34
2022-07-18,BTC,22485.69
2022-07-18,GLD,159.16
2022-07-18,QQQ,282.42
2022-07-19,BTC,23389.43
2022-07-19,GLD,159.54
2022-07-19,QQQ,291.11
2022-07-20,BTC,23231.73
2022-07-20,GLD,158.04
2022-07-20,QQQ,295.72
2022-07-21,BTC,23164.63
2022-07-21,GLD,160.27
2022-07-21,QQQ,299.97
2022-07-22,BTC,22714.98
2022-07-22,GLD,160.67
2022-07-22,QQQ,294.71
2022-07-23,BTC,22465.48
2022-07-24,BTC,22609.16
2022-07-25,BTC,21361.70
2022-07-25,GLD,160.23
2022-07-25,QQQ,293.03
2022-07-26,BTC,21239.75
2022-07-26,GLD,160.04
2022-07-26,QQQ,287.27
2022-07-27,BTC,22930.55
2022-07-27,GLD,161.67
2022-07-27,QQQ,299.41
2022-07-28,BTC,23843.89
2022-07-28,GLD,163.64
2022-07-28,QQQ,302.34
2022-07-29,BTC,23804.63
2022-07-29,GLD,164.10
2022-07-29,QQQ,307.85
2022-07-30,BTC,23656.21
2022-07-31,BTC,23336.90
2022-08-01,BTC,23314.20
2022-08-01,GLD,165.03
2022-08-01,QQQ,307.67
2022-08-02,BTC,22978.12
2022-08-02,GLD,164.05
2022-08-02,QQQ,306.75
2022-08-03,BTC,22846.51
2022-08-03,GLD,164.45
2022-08-03,QQQ,315.10
2022-08-04,BTC,22630.96
2022-08-04,GLD,167.17
2022-08-04,QQQ,316.58
2022-08-05,BTC,23289.31
2022-08-05,GLD,165.29
2022-08-05,QQQ,313.99
2022-08-06,BTC,22961.28
2022-08-07,BTC,23175.89
2022-08-08,BTC,23809.49
2022-08-08,GLD,166.69
2022-08-08,QQQ,312.97
2022-08-09,BTC,23164.32
2022-08-09,GLD,167.20
2022-08-09,QQQ,309.43
2022-08-10,BTC,23947.64
2022-08-10,GLD,166.78
2022-08-10,QQQ,318.07
2022-08-11,BTC,23957.53
2022-08-11,GLD,166.34
2022-08-11,QQQ,316.26
2022-08-12,BTC,24402.82
2022-08-12,GLD,167.87
2022-08-12,QQQ,322.42
2022-08-13,BTC,24424.07
2022-08-14,BTC,24319.33
2022-08-15,BTC,24136.97
2022-08-15,GLD,165.71
2022-08-15,QQQ,325.03
2022-08-16,BTC,23883.29
2022-08-16,GLD,165.42
2022-08-16,QQQ,324.27
2022-08-17,BTC,23336.00
2022-08-17,GLD,164.35
2022-08-17,QQQ,320.57
2022-08-18,BTC,23212.74
2022-08-18,GLD,163.92
2022-08-18,QQQ,321.34
2022-08-19,BTC,20877.55
2022-08-19,GLD,162.72
2022-08-19,QQQ,315.07
2022-08-20,BTC,21166.06
2022-08-21,BTC,21534.12
2022-08-22,BTC,21398.91
2022-08-22,GLD,161.64
2022-08-22,QQQ,306.78
2022-08-23,BTC,21528.09
2022-08-23,GLD,162.77
2022-08-23,QQQ,306.52
2022-08-24,BTC,21395.02
2022-08-24,GLD,163.25
2022-08-24,QQQ,307.41
2022-08-25,BTC,21600.90
2022-08-25,GLD,163.75
2022-08-25,QQQ,312.85
2022-08-26,BTC,20260.02
2022-08-26,GLD,161.76
2022-08-26,QQQ,300.02
2022-08-27,BTC,20041.74
2022-08-28,BTC,19616.81
2022-08-29,BTC,20297.99
2022-08-29,GLD,161.86
2022-08-29,QQQ,297.07
2022-08-30,BTC,19796.81
2022-08-30,GLD,160.51
2022-08-30,QQQ,293.76
2022-08-31,BTC,20049.76
2022-08-31,GLD,159.27
2022-08-31,QQQ,292.05
2022-09-01,BTC,20127.14
2022-09-01,GLD,157.87
2022-09-01,QQQ,292.18
2022-09-02,BTC,19969.77
2022-09-02,GLD,159.26
2022-09-02,QQQ,288.05
2022-09-03,BTC,19832.09
2022-09-04,BTC,19986.71
2022-09-05,BTC,19812.37
2022-09-06,BTC,18837.67
2022-09-06,GLD,158.33
2022-09-06,QQQ,285.98
2022-09-07,BTC,19290.32
2022-09-07,GLD,159.94
2022-09-07,QQQ,291.76
2022-09-08,BTC,19329.83
2022-09-08,GLD,158.98
2022-09-08,QQQ,293.27
2022-09-09,BTC,21381.15
2022-09-09,GLD,159.82
2022-09-09,QQQ,299.68
2022-09-10,BTC,21680.54
2022-09-11,BTC,21769.26
2022-09-12,BTC,22370.45
2022-09-12,GLD,160.63
2022-09-12,QQQ,303.25
2022-09-13,BTC,20296.71
2022-09-13,GLD,158.54
2022-09-13,QQQ,286.62
2022-09-14,BTC,20241.09
2022-09-14,GLD,157.93
2022-09-14,QQQ,288.89
2022-09-15,BTC,19701.21
2022-09-15,GLD,154.98
2022-09-15,QQQ,284.08
2022-09-16,BTC,19772.58
2022-09-16,GLD,155.84
2022-09-16,QQQ,282.34
2022-09-17,BTC,20127.58
2022-09-18,BTC,19419.51
2022-09-19,BTC,19544.13
2022-09-19,GLD,155.96
2022-09-19,QQQ,284.54
2022-09-20,BTC,18890.79
2022-09-20,GLD,155.07
2022-09-20,QQQ,282.27
2022-09-21,BTC,18547.40
2022-09-21,GLD,155.79
2022-09-21,QQQ,277.22
2022-09-22,BTC,19413.55
2022-09-22,GLD,155.70
2022-09-22,QQQ,273.81
2022-09-23,BTC,19297.64
2022-09-23,GLD,153.01
2022-09-23,QQQ,269.35
2022-09-24,BTC,18937.01
2022-09-25,BTC,18802.10
2022-09-26,BTC,19222.67
2022-09-26,GLD,151.23
2022-09-26,QQQ,268.23
2022-09-27,BTC,19110.55
2022-09-27,GLD,151.54
2022-09-27,QQQ,268.34
2022-09-28,BTC,19426.72
2022-09-28,GLD,154.69
2022-09-28,QQQ,273.68
2022-09-29,BTC,19573.05
2022-09-29,GLD,154.66
2022-09-29,QQQ,265.79
2022-09-30,BTC,19431.79
2022-09-30,GLD,154.67
2022-09-30,QQQ,261.28
2022-10-01,BTC,19312.10
2022-10-02,BTC,19044.11
2022-10-03,BTC,19623.58
2022-10-03,GLD,158.43
2022-10-03,QQQ,267.41
2022-10-04,BTC,20336.84
2022-10-04,GLD,160.70
2022-10-04,QQQ,275.82
2022-10-05,BTC,20160.72
2022-10-05,GLD,159.81
2022-10-05,QQQ,275.67
2022-10-06,BTC,19955.44
2022-10-06,GLD,159.63
2022-10-06,QQQ,273.50
2022-10-07,BTC,19546.85
2022-10-07,GLD,157.88
2022-10-07,QQQ,263.08
2022-10-08,BTC,19416.57
2022-10-09,BTC,19446.43
2022-10-10,BTC,19141.48
2022-10-10,GLD,155.48
2022-10-10,QQQ,260.45
2022-10-11,BTC,19051.42
2022-10-11,GLD,155.16
2022-10-11,QQQ,256.87
2022-10-12,BTC,19157.45
2022-10-12,GLD,155.99
2022-10-12,QQQ,256.79
2022-10-13,BTC,19382.90
2022-10-13,GLD,154.91
2022-10-13,QQQ,262.81
2022-10-14,BTC,19185.66
2022-10-14,GLD,152.98
2022-10-14,QQQ,254.91
2022-10-15,BTC,19067.63
2022-10-16,BTC,19268.09
2022-10-17,BTC,19550.76
2022-10-17,GLD,153.42
2022-10-17,QQQ,263.33
2022-10-18,BTC,19334.42
2022-10-18,GLD,153.75
2022-10-18,QQQ,265.41
2022-10-19,BTC,19139.54
2022-10-19,GLD,151.69
2022-10-19,QQQ,264.44
2022-10-20,BTC,19053.74
2022-10-20,GLD,151.45
2022-10-20,QQQ,263.09
2022-10-21,BTC,19172.47
2022-10-21,GLD,154.15
2022-10-21,QQQ,269.26
2022-10-22,BTC,19208.19
2022-10-23,BTC,19567.01
2022-10-24,BTC,19345.57
2022-10-24,GLD,153.65
2022-10-24,QQQ,272.22
2022-10-25,BTC,20095.86
2022-10-25,GLD,154.00
2022-10-25,QQQ,277.85
2022-10-26,BTC,20770.44
2022-10-26,GLD,154.98
2022-10-26,QQQ,271.71
2022-10-27,BTC,20285.84
2022-10-27,GLD,154.74
2022-10-27,QQQ,266.77
2022-10-28,BTC,20595.35
2022-10-28,GLD,153.16
2022-10-28,QQQ,274.93
2022-10-29,BTC,20818.48
2022-10-30,BTC,20635.60
2022-10-31,BTC,20495.77
2022-10-31,GLD,151.91
2022-10-31,QQQ,271.73
2022-11-01,BTC,20485.27
2022-11-01,GLD,153.46
2022-11-01,QQQ,268.96
2022-11-02,BTC,20159.50
2022-11-02,GLD,152.39
2022-11-02,QQQ,259.74
2022-11-03,BTC,20209.99
2022-11-03,GLD,151.81
2022-11-03,QQQ,254.66
2022-11-04,BTC,21147.23
2022-11-04,GLD,156.47
2022-11-04,QQQ,258.76
2022-11-05,BTC,21282.69
2022-11-06,BTC,20926.49
2022-11-07,BTC,20602.82
2022-11-07,GLD,155.85
2022-11-07,QQQ,261.61
2022-11-08,BTC,18541.27
2022-11-08,GLD,159.45
2022-11-08,QQQ,263.51
2022-11-09,BTC,15880.78
2022-11-09,GLD,158.65
2022-11-09,QQQ,257.43
2022-11-10,BTC,17586.77
2022-11-10,GLD,163.48
2022-11-10,QQQ,276.43
2022-11-11,BTC,17034.29
2022-11-11,GLD,164.56
2022-11-11,QQQ,281.52
2022-11-12,BTC,16799.19
2022-11-13,BTC,16353.37
2022-11-14,BTC,16618.20
2022-11-14,GLD,164.92
2022-11-14,QQQ,279.06
2022-11-15,BTC,16884.61
2022-11-15,GLD,165.50
2022-11-15,QQQ,282.92
2022-11-16,BTC,16669.44
2022-11-16,GLD,165.12
2022-11-16,QQQ,279.06
2022-11-17,BTC,16687.52
2022-11-17,GLD,163.92
2022-11-17,QQQ,278.44
2022-11-18,BTC,16697.78
2022-11-18,GLD,162.79
2022-11-18,QQQ,278.45
2022-11-19,BTC,16711.55
2022-11-20,BTC,16291.83
2022-11-21,BTC,15787.28
2022-11-21,GLD,161.88
2022-11-21,QQQ,275.59
2022-11-22,BTC,16189.77
2022-11-22,GLD,162.07
2022-11-22,QQQ,279.55
2022-11-23,BTC,16610.71
2022-11-23,GLD,163.08
2022-11-23,QQQ,282.36
2022-11-24,BTC,16604.46
2022-11-25,BTC,16521.84
2022-11-25,GLD,163.22
2022-11-25,QQQ,280.50
2022-11-26,BTC,16464.28
2022-11-27,BTC,16444.63
2022-11-28,BTC,16217.32
2022-11-28,GLD,161.93
2022-11-28,QQQ,276.39
2022-11-29,BTC,16444.98
2022-11-29,GLD,162.73
2022-11-29,QQQ,274.30
2022-11-30,BTC,17168.57
2022-11-30,GLD,164.81
2022-11-30,QQQ,286.80
2022-12-01,BTC,16967.13
2022-12-01,GLD,167.84
2022-12-01,QQQ,287.15
2022-12-02,BTC,17088.66
2022-12-02,GLD,167.26
2022-12-02,QQQ,286.01
2022-12-03,BTC,16908.24
2022-12-04,BTC,17130.49
2022-12-05,BTC,16974.83
2022-12-05,GLD,164.39
2022-12-05,QQQ,281.21
2022-12-06,BTC,17089.50
2022-12-06,GLD,164.84
2022-12-06,QQQ,275.38
2022-12-07,BTC,16848.13
2022-12-07,GLD,166.33
2022-12-07,QQQ,274.26
2022-12-08,BTC,17233.47
2022-12-08,GLD,166.47
2022-12-08,QQQ,277.50
2022-12-09,BTC,17133.15
2022-12-09,GLD,167.06
2022-12-09,QQQ,275.73
2022-12-10,BTC,17128.72
2022-12-11,BTC,17104.19
2022-12-12,BTC,17206.44
2022-12-12,GLD,165.68
2022-12-12,QQQ,279.19
2022-12-13,BTC,17781.32
2022-12-13,GLD,168.51
2022-12-13,QQQ,282.19
2022-12-14,BTC,17815.65
2022-12-14,GLD,168.10
2022-12-14,QQQ,280.10
2022-12-15,BTC,17364.87
2022-12-15,GLD,165.35
2022-12-15,QQQ,270.70
2022-12-16,BTC,16647.48
2022-12-16,GLD,166.79
2022-12-16,QQQ,268.12
2022-12-17,BTC,16795.09
2022-12-18,BTC,16757.98
2022-12-19,BTC,16439.68
2022-12-19,GLD,166.32
2022-12-19,QQQ,264.35
2022-12-20,BTC,16906.30
2022-12-20,GLD,169.08
2022-12-20,QQQ,264.14
2022-12-21,BTC,16817.54
2022-12-21,GLD,168.80
2022-12-21,QQQ,267.97
2022-12-22,BTC,16830.34
2022-12-22,GLD,166.76
2022-12-22,QQQ,261.42
2022-12-23,BTC,16796.95
2022-12-23,GLD,167.26
2022-12-23,QQQ,262.01
2022-12-24,BTC,16847.76
2022-12-25,BTC,16841.99
2022-12-26,BTC,16919.80
2022-12-27,BTC,16717.17
2022-12-27,GLD,168.67
2022-12-27,QQQ,258.30
2022-12-28,BTC,16552.57
2022-12-28,GLD,167.91
2022-12-28,QQQ,254.89
2022-12-29,BTC,16642.34
2022-12-29,GLD,168.85
2022-12-29,QQQ,261.10
2022-12-30,BTC,16602.59
2022-12-30,GLD,169.64
2022-12-30,QQQ,260.95
2022-12-31,BTC,16547.50
2023-01-01,BTC,16625.08
2023-01-02,BTC,16688.47
2023-01-03,BTC,16679.86
2023-01-03,GLD,171.06
2023-01-03,QQQ,259.18
2023-01-04,BTC,16863.24
2023-01-04,GLD,172.67
2023-01-04,QQQ,260.42
2023-01-05,BTC,16836.74
2023-01-05,GLD,170.52
2023-01-05,QQQ,256.34
2023-01-06,BTC,16951.97
2023-01-06,GLD,173.71
2023-01-06,QQQ,263.42
2023-01-07,BTC,16955.08
2023-01-08,BTC,17091.14
2023-01-09,BTC,17196.55
2023-01-09,GLD,174.10
2023-01-09,QQQ,265.12
2023-01-10,BTC,17446.29
2023-01-10,GLD,174.74
2023-01-10,QQQ,267.37
2023-01-11,BTC,17934.90
2023-01-11,GLD,174.62
2023-01-11,QQQ,271.99
2023-01-12,BTC,18869.59
2023-01-12,GLD,176.64
2023-01-12,QQQ,273.46
2023-01-13,BTC,19909.57
2023-01-13,GLD,178.76
2023-01-13,QQQ,275.34
2023-01-14,BTC,20976.30
2023-01-15,BTC,20880.80
2023-01-16,BTC,21169.63
2023-01-17,BTC,21161.52
2023-01-17,GLD,177.59
2023-01-17,QQQ,275.90
2023-01-18,BTC,20688.78
2023-01-18,GLD,177.08
2023-01-18,QQQ,272.32
2023-01-19,BTC,21086.79
2023-01-19,GLD,179.89
2023-01-19,QQQ,269.64
2023-01-20,BTC,22676.55
2023-01-20,GLD,179.29
2023-01-20,QQQ,277.02
2023-01-21,BTC,22777.62
2023-01-22,BTC,22720.42
2023-01-23,BTC,22934.43
2023-01-23,GLD,179.63
2023-01-23,QQQ,283.17
2023-01-24,BTC,22636.47
2023-01-24,GLD,180.28
2023-01-24,QQQ,282.60
2023-01-25,BTC,23117.86
2023-01-25,GLD,181.11
2023-01-25,QQQ,281.97
2023-01-26,BTC,23032.78
2023-01-26,GLD,179.47
2023-01-26,QQQ,287.47
2023-01-27,BTC,23078.73
2023-01-27,GLD,179.22
2023-01-27,QQQ,290.33
2023-01-28,BTC,23031.09
2023-01-29,BTC,23774.57
2023-01-30,BTC,22840.14
2023-01-30,GLD,178.76
2023-01-30,QQQ,284.46
2023-01-31,BTC,23139.28
2023-01-31,GLD,179.41
2023-01-31,QQQ,288.72
2023-02-01,BTC,23723.77
2023-02-01,GLD,181.67
2023-02-01,QQQ,294.89
2023-02-02,BTC,23471.87
2023-02-02,GLD,177.90
2023-02-02,QQQ,305.48
2023-02-03,BTC,23449.32
2023-02-03,GLD,173.46
2023-02-03,QQQ,300.05
2023-02-04,BTC,23331.85
2023-02-05,BTC,22955.67
2023-02-06,BTC,22760.11
2023-02-06,GLD,173.82
2023-02-06,QQQ,297.51
2023-02-07,BTC,23264.29
2023-02-07,GLD,173.98
2023-02-07,QQQ,303.67
2023-02-08,BTC,22939.40
2023-02-08,GLD,174.41
2023-02-08,QQQ,298.28
2023-02-09,BTC,21819.04
2023-02-09,GLD,173.03
2023-02-09,QQQ,295.64
2023-02-10,BTC,21651.18
2023-02-10,GLD,173.36
2023-02-10,QQQ,293.70
2023-02-11,BTC,21870.88
2023-02-12,BTC,21788.20
2023-02-13,BTC,21808.10
2023-02-13,GLD,172.48
2023-02-13,QQQ,298.40
2023-02-14,BTC,22220.80
2023-02-14,GLD,172.61
2023-02-14,QQQ,300.61
2023-02-15,BTC,24307.84
2023-02-15,GLD,170.89
2023-02-15,QQQ,302.91
2023-02-16,BTC,23623.47
2023-02-16,GLD,170.75
2023-02-16,QQQ,297.23
2023-02-17,BTC,24565.60
2023-02-17,GLD,171.26
2023-02-17,QQQ,295.13
2023-02-18,BTC,24641.28
2023-02-19,BTC,24327.64
2023-02-20,BTC,24829.15
2023-02-21,BTC,24436.35
2023-02-21,GLD,170.62
2023-02-21,QQQ,288.14
2023-02-22,BTC,24188.84
2023-02-22,GLD,169.66
2023-02-22,QQQ,288.36
2023-02-23,BTC,23947.49
2023-02-23,GLD,169.57
2023-02-23,QQQ,290.88
2023-02-24,BTC,23198.13
2023-02-24,GLD,168.35
2023-02-24,QQQ,286.01
2023-02-25,BTC,23175.38
2023-02-26,BTC,23561.21
2023-02-27,BTC,23522.87
2023-02-27,GLD,169.01
2023-02-27,QQQ,288.05
2023-02-28,BTC,23147.35
2023-02-28,GLD,169.78
2023-02-28,QQQ,287.68
2023-03-01,BTC,23646.55
2023-03-01,GLD,170.76
2023-03-01,QQQ,285.37
2023-03-02,BTC,23475.47
2023-03-02,GLD,170.66
2023-03-02,QQQ,287.73
2023-03-03,BTC,22362.68
2023-03-03,GLD,172.49
2023-03-03,QQQ,293.68
2023-03-04,BTC,22353.35
2023-03-05,BTC,22435.51
2023-03-06,BTC,22429.76
2023-03-06,GLD,171.62
2023-03-06,QQQ,294.01
2023-03-07,BTC,22219.77
2023-03-07,GLD,168.62
2023-03-07,QQQ,290.41
2023-03-08,BTC,21718.08
2023-03-08,GLD,168.54
2023-03-08,QQQ,291.86
2023-03-09,BTC,20363.02
2023-03-09,GLD,170.20
2023-03-09,QQQ,286.80
2023-03-10,BTC,20187.24
2023-03-10,GLD,173.87
2023-03-10,QQQ,282.77
2023-03-11,BTC,20632.41
2023-03-12,BTC,22163.95
2023-03-13,BTC,24197.53
2023-03-13,GLD,177.86
2023-03-13,QQQ,284.87
2023-03-14,BTC,24746.07
2023-03-14,GLD,176.83
2023-03-14,QQQ,291.42
2023-03-15,BTC,24375.96
2023-03-15,GLD,178.21
2023-03-15,QQQ,292.94
2023-03-16,BTC,25052.79
2023-03-16,GLD,178.57
2023-03-16,QQQ,300.67
2023-03-17,BTC,27423.93
2023-03-17,GLD,183.77
2023-03-17,QQQ,299.25
2023-03-18,BTC,26965.88
2023-03-19,BTC,28038.68
2023-03-20,BTC,27767.24
2023-03-20,GLD,183.84
2023-03-20,QQQ,300.31
2023-03-21,BTC,28175.82
2023-03-21,GLD,180.37
2023-03-21,QQQ,304.60
2023-03-22,BTC,27307.44
2023-03-22,GLD,183.44
2023-03-22,QQQ,300.45
2023-03-23,BTC,28333.97
2023-03-23,GLD,185.74
2023-03-23,QQQ,304.02
2023-03-24,BTC,27493.29
2023-03-24,GLD,183.65
2023-03-24,QQQ,305.14
2023-03-25,BTC,27494.71
2023-03-26,BTC,27994.33
2023-03-27,BTC,27139.89
2023-03-27,GLD,181.95
2023-03-27,QQQ,303.05
2023-03-28,BTC,27268.13
2023-03-28,GLD,183.44
2023-03-28,QQQ,301.44
2023-03-29,BTC,28348.44
2023-03-29,GLD,182.53
2023-03-29,QQQ,306.93
2023-03-30,BTC,28033.56
2023-03-30,GLD,184.18
2023-03-30,QQQ,309.84
2023-03-31,BTC,28478.48
2023-03-31,GLD,183.22
2023-03-31,QQQ,314.99
2023-04-01,BTC,28411.04
2023-04-02,BTC,28199.31
2023-04-03,BTC,27790.22
2023-04-03,GLD,184.54
2023-04-03,QQQ,314.22
2023-04-04,BTC,28168.09
2023-04-04,GLD,187.98
2023-04-04,QQQ,313.16
2023-04-05,BTC,28177.98
2023-04-05,GLD,187.83
2023-04-05,QQQ,310.07
2023-04-06,BTC,28044.14
2023-04-06,GLD,186.49
2023-04-06,QQQ,312.16
2023-04-07,BTC,27925.86
2023-04-08,BTC,27947.79
2023-04-09,BTC,28333.05
2023-04-10,BTC,29652.98
2023-04-10,GLD,185.11
2023-04-10,QQQ,311.99
2023-04-11,BTC,30235.06
2023-04-11,GLD,186.28
2023-04-11,QQQ,309.98
2023-04-12,BTC,30139.05
2023-04-12,GLD,187.19
2023-04-12,QQQ,307.25
2023-04-13,BTC,30399.07
2023-04-13,GLD,189.72
2023-04-13,QQQ,313.26
2023-04-14,BTC,30485.70
2023-04-14,GLD,186.36
2023-04-14,QQQ,312.67
2023-04-15,BTC,30318.50
2023-04-16,BTC,30315.36
2023-04-17,BTC,29445.04
2023-04-17,GLD,185.53
2023-04-17,QQQ,312.94
2023-04-18,BTC,30397.55
2023-04-18,GLD,186.25
2023-04-18,QQQ,312.96
2023-04-19,BTC,28822.68
2023-04-19,GLD,185.36
2023-04-19,QQQ,312.81
2023-04-20,BTC,28245.99
2023-04-20,GLD,186.09
2023-04-20,QQQ,310.43
2023-04-21,BTC,27276.91
2023-04-21,GLD,184.25
2023-04-21,QQQ,310.75
2023-04-22,BTC,27817.50
2023-04-23,BTC,27591.38
2023-04-24,BTC,27525.34
2023-04-24,GLD,184.81
2023-04-24,QQQ,310.10
2023-04-25,BTC,28307.60
2023-04-25,GLD,185.75
2023-04-25,QQQ,304.25
2023-04-26,BTC,28422.70
2023-04-26,GLD,184.74
2023-04-26,QQQ,306.10
2023-04-27,BTC,29473.79
2023-04-27,GLD,184.75
2023-04-27,QQQ,314.42
2023-04-28,BTC,29340.26
2023-04-28,GLD,184.80
2023-04-28,QQQ,316.59
2023-04-29,BTC,29248.49
2023-04-30,BTC,29268.81
2023-05-01,BTC,28091.57
2023-05-01,GLD,183.97
2023-05-01,QQQ,316.23
2023-05-02,BTC,28680.54
2023-05-02,GLD,187.52
2023-05-02,QQQ,313.47
2023-05-03,BTC,29006.31
2023-05-03,GLD,189.11
2023-05-03,QQQ,311.42
2023-05-04,BTC,28847.71
2023-05-04,GLD,190.44
2023-05-04,QQQ,310.32
2023-05-05,BTC,29534.38
2023-05-05,GLD,187.46
2023-05-05,QQQ,316.91
2023-05-06,BTC,28904.62
2023-05-07,BTC,28454.98
2023-05-08,BTC,27694.27
2023-05-08,GLD,187.69
2023-05-08,QQQ,317.70
2023-05-09,BTC,27658.78
2023-05-09,GLD,189.02
2023-05-09,QQQ,315.69
2023-05-10,BTC,27621.76
2023-05-10,GLD,188.75
2023-05-10,QQQ,319.12
2023-05-11,BTC,27000.79
2023-05-11,GLD,187.13
2023-05-11,QQQ,320.16
2023-05-12,BTC,26804.99
2023-05-12,GLD,186.81
2023-05-12,QQQ,319.01
2023-05-13,BTC,26784.08
2023-05-14,BTC,26930.64
2023-05-15,BTC,27192.69
2023-05-15,GLD,187.21
2023-05-15,QQQ,320.74
2023-05-16,BTC,27036.65
2023-05-16,GLD,184.87
2023-05-16,QQQ,321.11
2023-05-17,BTC,27398.80
2023-05-17,GLD,184.23
2023-05-17,QQQ,324.99
2023-05-18,BTC,26832.21
2023-05-18,GLD,181.84
2023-05-18,QQQ,331.03
2023-05-19,BTC,26890.13
2023-05-19,GLD,183.64
2023-05-19,QQQ,330.28
2023-05-20,BTC,27129.59
2023-05-21,BTC,26753.83
2023-05-22,BTC,26851.28
2023-05-22,GLD,183.21
2023-05-22,QQQ,331.39
2023-05-23,BTC,27225.73
2023-05-23,GLD,183.43
2023-05-23,QQQ,327.19
2023-05-24,BTC,26334.82
2023-05-24,GLD,181.95
2023-05-24,QQQ,325.51
2023-05-25,BTC,26476.21
2023-05-25,GLD,180.20
2023-05-25,QQQ,333.43
2023-05-26,BTC,26719.29
2023-05-26,GLD,180.92
2023-05-26,QQQ,341.95
2023-05-27,BTC,26868.35
2023-05-28,BTC,28085.65
2023-05-29,BTC,27745.88
2023-05-30,BTC,27702.35
2023-05-30,GLD,182.04
2023-05-30,QQQ,343.50
2023-05-31,BTC,27219.66
2023-05-31,GLD,182.32
2023-05-31,QQQ,341.55
2023-06-01,BTC,26819.97
2023-06-01,GLD,183.76
2023-06-01,QQQ,345.50
2023-06-02,BTC,27249.59
2023-06-02,GLD,181.05
2023-06-02,QQQ,348.09
2023-06-03,BTC,27075.13
2023-06-04,BTC,27119.07
2023-06-05,BTC,25760.10
2023-06-05,GLD,182.14
2023-06-05,QQQ,348.33
2023-06-06,BTC,27238.78
2023-06-06,GLD,182.34
2023-06-06,QQQ,348.27
2023-06-07,BTC,26346.00
2023-06-07,GLD,180.15
2023-06-07,QQQ,342.36
2023-06-08,BTC,26508.22
2023-06-08,GLD,182.53
2023-06-08,QQQ,346.61
2023-06-09,BTC,26480.38
2023-06-09,GLD,182.04
2023-06-09,QQQ,347.94
2023-06-10,BTC,25851.24
2023-06-11,BTC,25940.17
2023-06-12,BTC,25902.50
2023-06-12,GLD,181.88
2023-06-12,QQQ,353.82
2023-06-13,BTC,25918.73
2023-06-13,GLD,180.54
2023-06-13,QQQ,356.54
2023-06-14,BTC,25124.68
2023-06-14,GLD,180.64
2023-06-14,QQQ,359.13
2023-06-15,BTC,25576.39
2023-06-15,GLD,181.91
2023-06-15,QQQ,363.41
2023-06-16,BTC,26327.46
2023-06-16,GLD,181.63
2023-06-16,QQQ,361.12
2023-06-17,BTC,26510.68
2023-06-18,BTC,26336.21
2023-06-19,BTC,26851.03
2023-06-20,BTC,28327.49
2023-06-20,GLD,179.75
2023-06-20,QQQ,360.60
2023-06-21,BTC,30027.30
2023-06-21,GLD,179.49
2023-06-21,QQQ,355.69
2023-06-22,BTC,29912.28
2023-06-22,GLD,177.71
2023-06-22,QQQ,359.89
2023-06-23,BTC,30695.47
2023-06-23,GLD,178.20
2023-06-23,QQQ,356.32
2023-06-24,BTC,30548.70
2023-06-25,BTC,30480.26
2023-06-26,BTC,30271.13
2023-06-26,GLD,178.51
2023-06-26,QQQ,351.54
2023-06-27,BTC,30688.16
2023-06-27,GLD,177.69
2023-06-27,QQQ,357.59
2023-06-28,BTC,30086.25
2023-06-28,GLD,177.28
2023-06-28,QQQ,358.28
2023-06-29,BTC,30445.35
2023-06-29,GLD,177.09
2023-06-29,QQQ,357.57
2023-06-30,BTC,30477.25
2023-06-30,GLD,178.27
2023-06-30,QQQ,363.08
2023-07-01,BTC,30590.08
2023-07-02,BTC,30620.77
2023-07-03,BTC,31156.44
2023-07-03,GLD,178.47
2023-07-03,QQQ,363.94
2023-07-04,BTC,30777.58
2023-07-05,BTC,30514.17
2023-07-05,GLD,177.84
2023-07-05,QQQ,363.93
2023-07-06,BTC,29909.34
2023-07-06,GLD,177.31
2023-07-06,QQQ,361.15
2023-07-07,BTC,30342.27
2023-07-07,GLD,178.64
2023-07-07,QQQ,359.95
2023-07-08,BTC,30292.54
2023-07-09,BTC,30171.23
2023-07-10,BTC,30414.47
2023-07-10,GLD,178.78
2023-07-10,QQQ,360.07
2023-07-11,BTC,30620.95
2023-07-11,GLD,179.45
2023-07-11,QQQ,361.85
2023-07-12,BTC,30391.65
2023-07-12,GLD,181.88
2023-07-12,QQQ,366.42
2023-07-13,BTC,31476.05
2023-07-13,GLD,182.01
2023-07-13,QQQ,372.64
2023-07-14,BTC,30334.07
2023-07-14,GLD,181.43
2023-07-14,QQQ,372.56
2023-07-15,BTC,30295.81
2023-07-16,BTC,30249.13
2023-07-17,BTC,30145.89
2023-07-17,GLD,181.56
2023-07-17,QQQ,376.04
2023-07-18,BTC,29856.56
2023-07-18,GLD,183.64
2023-07-18,QQQ,379.12
2023-07-19,BTC,29913.92
2023-07-19,GLD,183.67
2023-07-19,QQQ,379.03
2023-07-20,BTC,29792.02
2023-07-20,GLD,182.74
2023-07-20,QQQ,370.29
2023-07-21,BTC,29908.74
2023-07-21,GLD,182.18
2023-07-21,QQQ,369.18
2023-07-22,BTC,29771.80
2023-07-23,BTC,30084.54
2023-07-24,BTC,29176.92
2023-07-24,GLD,181.40
2023-07-24,QQQ,369.77
2023-07-25,BTC,29227.39
2023-07-25,GLD,182.41
2023-07-25,QQQ,372.28
2023-07-26,BTC,29354.97
2023-07-26,GLD,183.30
2023-07-26,QQQ,371.04
2023-07-27,BTC,29210.69
2023-07-27,GLD,180.42
2023-07-27,QQQ,370.16
2023-07-28,BTC,29319.25
2023-07-28,GLD,181.86
2023-07-28,QQQ,376.90
2023-07-29,BTC,29356.92
2023-07-30,BTC,29275.31
2023-07-31,BTC,29230.11
2023-07-31,GLD,182.35
2023-07-31,QQQ,377.10
2023-08-01,BTC,29675.73
2023-08-01,GLD,180.46
2023-08-01,QQQ,376.22
2023-08-02,BTC,29151.96
2023-08-02,GLD,179.60
2023-08-02,QQQ,367.97
2023-08-03,BTC,29178.68
2023-08-03,GLD,179.54
2023-08-03,QQQ,367.38
2023-08-04,BTC,29074.09
2023-08-04,GLD,180.19
2023-08-04,QQQ,365.66
2023-08-05,BTC,29042.13
2023-08-06,BTC,29041.86
2023-08-07,BTC,29180.58
2023-08-07,GLD,179.78
2023-08-07,QQQ,368.75
2023-08-08,BTC,29765.49
2023-08-08,GLD,178.64
2023-08-08,QQQ,365.62
2023-08-09,BTC,29561.49
2023-08-09,GLD,177.79
2023-08-09,QQQ,361.60
2023-08-10,BTC,29429.59
2023-08-10,GLD,177.60
2023-08-10,QQQ,362.26
2023-08-11,BTC,29397.71
2023-08-11,GLD,177.60
2023-08-11,QQQ,359.95
2023-08-12,BTC,29415.96
2023-08-13,BTC,29282.91
2023-08-14,BTC,29408.44
2023-08-14,GLD,177.06
2023-08-14,QQQ,363.99
2023-08-15,BTC,29170.35
2023-08-15,GLD,176.59
2023-08-15,QQQ,360.13
2023-08-16,BTC,28701.78
2023-08-16,GLD,175.57
2023-08-16,QQQ,356.32
2023-08-17,BTC,26664.55
2023-08-17,GLD,175.30
2023-08-17,QQQ,352.43
2023-08-18,BTC,26049.56
2023-08-18,GLD,175.33
2023-08-18,QQQ,351.98
2023-08-19,BTC,26096.21
2023-08-20,BTC,26189.58
2023-08-21,BTC,26124.14
2023-08-21,GLD,175.81
2023-08-21,QQQ,357.66
2023-08-22,BTC,26031.66
2023-08-22,GLD,176.10
2023-08-22,QQQ,357.14
2023-08-23,BTC,26431.64
2023-08-23,GLD,177.89
2023-08-23,QQQ,362.78
2023-08-24,BTC,26162.37
2023-08-24,GLD,177.85
2023-08-24,QQQ,355.02
2023-08-25,BTC,26047.67
2023-08-25,GLD,177.62
2023-08-25,QQQ,357.77
2023-08-26,BTC,26008.46
2023-08-27,BTC,26089.69
2023-08-28,BTC,26106.15
2023-08-28,GLD,178.13
2023-08-28,QQQ,360.47
2023-08-29,BTC,27727.39
2023-08-29,GLD,179.87
2023-08-29,QQQ,368.34
2023-08-30,BTC,27297.27
2023-08-30,GLD,180.32
2023-08-30,QQQ,370.39
2023-08-31,BTC,25931.47
2023-08-31,GLD,180.02
2023-08-31,QQQ,371.50
2023-09-01,BTC,25800.72
2023-09-01,GLD,180.11
2023-09-01,QQQ,371.11
2023-09-02,BTC,25868.80
2023-09-03,BTC,25969.57
2023-09-04,BTC,25812.42
2023-09-05,BTC,25779.98
2023-09-05,GLD,178.64
2023-09-05,QQQ,371.58
2023-09-06,BTC,25753.24
2023-09-06,GLD,177.83
2023-09-06,QQQ,368.31
2023-09-07,BTC,26240.20
2023-09-07,GLD,178.02
2023-09-07,QQQ,365.67
2023-09-08,BTC,25905.65
2023-09-08,GLD,178.08
2023-09-08,QQQ,366.19
2023-09-09,BTC,25895.68
2023-09-10,BTC,25832.23
2023-09-11,BTC,25162.65
2023-09-11,GLD,178.41
2023-09-11,QQQ,370.50
2023-09-12,BTC,25833.34
2023-09-12,GLD,177.49
2023-09-12,QQQ,366.39
2023-09-13,BTC,26228.32
2023-09-13,GLD,177.08
2023-09-13,QQQ,367.79
2023-09-14,BTC,26539.67
2023-09-14,GLD,177.17
2023-09-14,QQQ,370.80
2023-09-15,BTC,26608.69
2023-09-15,GLD,178.34
2023-09-15,QQQ,364.45
2023-09-16,BTC,26568.28
2023-09-17,BTC,26534.19
2023-09-18,BTC,26754.28
2023-09-18,GLD,179.39
2023-09-18,QQQ,364.83
2023-09-19,BTC,27211.12
2023-09-19,GLD,179.22
2023-09-19,QQQ,364.05
2023-09-20,BTC,27132.01
2023-09-20,GLD,179.35
2023-09-20,QQQ,358.80
2023-09-21,BTC,26567.63
2023-09-21,GLD,178.05
2023-09-21,QQQ,352.23
2023-09-22,BTC,26579.57
2023-09-22,GLD,178.62
2023-09-22,QQQ,352.28
2023-09-23,BTC,26579.39
2023-09-24,BTC,26256.83
2023-09-25,BTC,26298.48
2023-09-25,GLD,177.70
2023-09-25,QQQ,353.95
2023-09-26,BTC,26217.25
2023-09-26,GLD,176.28
2023-09-26,QQQ,348.64
2023-09-27,BTC,26352.72
2023-09-27,GLD,174.10
2023-09-27,QQQ,349.45
2023-09-28,BTC,27021.55
2023-09-28,GLD,173.23
2023-09-28,QQQ,352.38
2023-09-29,BTC,26911.72
2023-09-29,GLD,171.45
2023-09-29,QQQ,352.63
2023-09-30,BTC,26967.92
2023-10-01,BTC,27983.75
2023-10-02,BTC,27530.79
2023-10-02,GLD,169.65
2023-10-02,QQQ,355.57
2023-10-03,BTC,27429.98
2023-10-03,GLD,169.16
2023-10-03,QQQ,349.33
2023-10-04,BTC,27799.39
2023-10-04,GLD,169.14
2023-10-04,QQQ,354.09
2023-10-05,BTC,27415.91
2023-10-05,GLD,168.83
2023-10-05,QQQ,353.04
2023-10-06,BTC,27946.60
2023-10-06,GLD,169.70
2023-10-06,QQQ,358.96
2023-10-07,BTC,27968.84
2023-10-08,BTC,27935.09
2023-10-09,BTC,27583.68
2023-10-09,GLD,172.82
2023-10-09,QQQ,360.79
2023-10-10,BTC,27391.02
2023-10-10,GLD,172.53
2023-10-10,QQQ,362.79
2023-10-11,BTC,26873.32
2023-10-11,GLD,173.79
2023-10-11,QQQ,365.38
2023-10-12,BTC,26756.80
2023-10-12,GLD,173.26
2023-10-12,QQQ,364.11
2023-10-13,BTC,26862.38
2023-10-13,GLD,178.83
2023-10-13,QQQ,359.53
2023-10-14,BTC,26861.71
2023-10-15,BTC,27159.65
2023-10-16,BTC,28519.47
2023-10-16,GLD,177.96
2023-10-16,QQQ,363.60
2023-10-17,BTC,28415.75
2023-10-17,GLD,178.29
2023-10-17,QQQ,362.41
2023-10-18,BTC,28328.34
2023-10-18,GLD,180.87
2023-10-18,QQQ,357.65
2023-10-19,BTC,28719.81
2023-10-19,GLD,183.09
2023-10-19,QQQ,354.30
2023-10-20,BTC,29682.95
2023-10-20,GLD,183.59
2023-10-20,QQQ,349.02
2023-10-21,BTC,29918.41
2023-10-22,BTC,29993.90
2023-10-23,BTC,33086.23
2023-10-23,GLD,182.97
2023-10-23,QQQ,350.07
2023-10-24,BTC,33901.53
2023-10-24,GLD,182.95
2023-10-24,QQQ,353.48
2023-10-25,BTC,34502.82
2023-10-25,GLD,183.72
2023-10-25,QQQ,344.83
2023-10-26,BTC,34156.65
2023-10-26,GLD,184.01
2023-10-26,QQQ,338.25
2023-10-27,BTC,33909.80
2023-10-27,GLD,186.15
2023-10-27,QQQ,339.88
2023-10-28,BTC,34089.57
2023-10-29,BTC,34538.48
2023-10-30,BTC,34502.36
2023-10-30,GLD,185.10
2023-10-30,QQQ,343.70
2023-10-31,BTC,34667.78
2023-10-31,GLD,184.09
2023-10-31,QQQ,345.35
2023-11-01,BTC,35437.25
2023-11-01,GLD,183.51
2023-11-01,QQQ,351.34
2023-11-02,BTC,34938.24
2023-11-02,GLD,184.12
2023-11-02,QQQ,357.72
2023-11-03,BTC,34732.32
2023-11-03,GLD,184.79
2023-11-03,QQQ,361.92
2023-11-04,BTC,35082.20
2023-11-05,BTC,35049.36
2023-11-06,BTC,35037.37
2023-11-06,GLD,183.35
2023-11-06,QQQ,363.40
2023-11-07,BTC,35443.56
2023-11-07,GLD,182.59
2023-11-07,QQQ,366.83
2023-11-08,BTC,35655.28
2023-11-08,GLD,180.77
2023-11-08,QQQ,367.07
2023-11-09,BTC,36693.12
2023-11-09,GLD,181.49
2023-11-09,QQQ,364.25
2023-11-10,BTC,37313.97
2023-11-10,GLD,179.51
2023-11-10,QQQ,372.43
2023-11-11,BTC,37138.05
2023-11-12,BTC,37054.52
2023-11-13,BTC,36502.36
2023-11-13,GLD,180.51
2023-11-13,QQQ,371.27
2023-11-14,BTC,35537.64
2023-11-14,GLD,182.12
2023-11-14,QQQ,379.27
2023-11-15,BTC,37880.58
2023-11-15,GLD,181.64
2023-11-15,QQQ,379.55
2023-11-16,BTC,36154.77
2023-11-16,GLD,183.69
2023-11-16,QQQ,379.88
2023-11-17,BTC,36596.68
2023-11-17,GLD,183.67
2023-11-17,QQQ,379.96
2023-11-18,BTC,36585.70
2023-11-19,BTC,37386.55
2023-11-20,BTC,37476.96
2023-11-20,GLD,183.37
2023-11-20,QQQ,384.59
2023-11-21,BTC,35813.81
2023-11-21,GLD,185.35
2023-11-21,QQQ,382.36
2023-11-22,BTC,37432.34
2023-11-22,GLD,184.56
2023-11-22,QQQ,383.92
2023-11-23,BTC,37289.62
2023-11-24,BTC,37720.28
2023-11-24,GLD,185.52
2023-11-24,QQQ,383.38
2023-11-25,BTC,37796.79
2023-11-26,BTC,37479.12
2023-11-27,BTC,37254.17
2023-11-27,GLD,186.77
2023-11-27,QQQ,383.05
2023-11-28,BTC,37831.09
2023-11-28,GLD,189.26
2023-11-28,QQQ,384.05
2023-11-29,BTC,37858.49
2023-11-29,GLD,189.54
2023-11-29,QQQ,383.67
2023-11-30,BTC,37712.75
2023-11-30,GLD,188.75
2023-11-30,QQQ,382.71
2023-12-01,BTC,38688.75
2023-12-01,GLD,192.01
2023-12-01,QQQ,383.80
2023-12-02,BTC,39476.33
2023-12-03,BTC,39978.39
2023-12-04,BTC,41980.10
2023-12-04,GLD,187.86
2023-12-04,QQQ,380.24
2023-12-05,BTC,44080.65
2023-12-05,GLD,187.15
2023-12-05,QQQ,381.19
2023-12-06,BTC,43746.45
2023-12-06,GLD,187.84
2023-12-06,QQQ,378.99
2023-12-07,BTC,43292.66
2023-12-07,GLD,188.15
2023-12-07,QQQ,384.29
2023-12-08,BTC,44166.60
2023-12-08,GLD,185.64
2023-12-08,QQQ,386.00
2023-12-09,BTC,43725.98
2023-12-10,BTC,43779.70
2023-12-11,BTC,41243.83
2023-12-11,GLD,183.59
2023-12-11,QQQ,389.30
2023-12-12,BTC,41450.22
2023-12-12,GLD,183.49
2023-12-12,QQQ,392.40
2023-12-13,BTC,42890.74
2023-12-13,GLD,187.63
2023-12-13,QQQ,397.39
2023-12-14,BTC,43023.97
2023-12-14,GLD,188.73
2023-12-14,QQQ,397.04
2023-12-15,BTC,41929.76
2023-12-15,GLD,187.00
2023-12-15,QQQ,398.96
2023-12-16,BTC,42240.12
2023-12-17,BTC,41364.66
2023-12-18,BTC,42623.54
2023-12-18,GLD,187.85
2023-12-18,QQQ,401.47
2023-12-19,BTC,42270.53
2023-12-19,GLD,189.13
2023-12-19,QQQ,403.52
2023-12-20,BTC,43652.25
2023-12-20,GLD,188.10
2023-12-20,QQQ,397.53
2023-12-21,BTC,43869.15
2023-12-21,GLD,189.43
2023-12-21,QQQ,402.15
2023-12-22,BTC,43997.90
2023-12-22,GLD,190.27
2023-12-22,QQQ,402.76
2023-12-23,BTC,43739.54
2023-12-24,BTC,43016.12
2023-12-25,BTC,43613.14
2023-12-26,BTC,42520.40
2023-12-26,GLD,191.72
2023-12-26,QQQ,405.22
2023-12-27,BTC,43442.86
2023-12-27,GLD,192.59
2023-12-27,QQQ,406.05
2023-12-28,BTC,42627.86
2023-12-28,GLD,191.47
2023-12-28,QQQ,405.85
2023-12-29,BTC,42099.40
2023-12-29,GLD,191.17
2023-12-29,QQQ,404.09
2023-12-30,BTC,42156.90
2023-12-31,BTC,42265.19
2024-01-01,BTC,44167.33
2024-01-02,BTC,44957.97
2024-01-02,GLD,190.72
2024-01-02,QQQ,397.25
2024-01-03,BTC,42848.18
2024-01-03,GLD,189.13
2024-01-03,QQQ,393.05
2024-01-04,BTC,44179.92
2024-01-04,GLD,189.32
2024-01-04,QQQ,391.03
2024-01-05,BTC,44162.69
2024-01-05,GLD,189.35
2024-01-05,QQQ,391.49
2024-01-06,BTC,43989.20
2024-01-07,BTC,43943.10
2024-01-08,BTC,46970.50
2024-01-08,GLD,187.87
2024-01-08,QQQ,399.58
2024-01-09,BTC,46139.73
2024-01-09,GLD,187.93
2024-01-09,QQQ,400.37
2024-01-10,BTC,46627.78
2024-01-10,GLD,187.50
2024-01-10,QQQ,403.09
2024-01-11,BTC,46368.59
2024-01-11,GLD,187.87
2024-01-11,QQQ,403.92
2024-01-12,BTC,42853.17
2024-01-12,GLD,189.71
2024-01-12,QQQ,404.13
2024-01-13,BTC,42842.38
2024-01-14,BTC,41796.27
2024-01-15,BTC,42511.97
2024-01-16,BTC,43154.95
2024-01-16,GLD,187.91
2024-01-16,QQQ,404.09
2024-01-17,BTC,42742.65
2024-01-17,GLD,185.84
2024-01-17,QQQ,401.81
2024-01-18,BTC,41262.06
2024-01-18,GLD,187.37
2024-01-18,QQQ,407.52
2024-01-19,BTC,41618.41
2024-01-19,GLD,187.93
2024-01-19,QQQ,415.60
2024-01-20,BTC,41665.59
2024-01-21,BTC,41545.79
2024-01-22,BTC,39507.37
2024-01-22,GLD,187.22
2024-01-22,QQQ,416.14
2024-01-23,BTC,39845.55
2024-01-23,GLD,187.95
2024-01-23,QQQ,417.87
2024-01-24,BTC,40077.07
2024-01-24,GLD,186.40
2024-01-24,QQQ,420.19
2024-01-25,BTC,39933.81
2024-01-25,GLD,187.14
2024-01-25,QQQ,420.70
2024-01-26,BTC,41816.87
2024-01-26,GLD,187.01
2024-01-26,QQQ,418.19
2024-01-27,BTC,42120.05
2024-01-28,BTC,42035.59
2024-01-29,BTC,43288.25
2024-01-29,GLD,188.33
2024-01-29,QQQ,422.48
2024-01-30,BTC,42952.61
2024-01-30,GLD,188.59
2024-01-30,QQQ,419.66
2024-01-31,BTC,42582.61
2024-01-31,GLD,188.45
2024-01-31,QQQ,411.44
2024-02-01,BTC,43075.77
2024-02-01,GLD,190.41
2024-02-01,QQQ,416.29
2024-02-02,BTC,43185.86
2024-02-02,GLD,188.61
2024-02-02,QQQ,423.32
2024-02-03,BTC,42992.25
2024-02-04,BTC,42583.58
2024-02-05,BTC,42658.67
2024-02-05,GLD,187.57
2024-02-05,QQQ,422.77
2024-02-06,BTC,43084.67
2024-02-06,GLD,188.55
2024-02-06,QQQ,421.92
2024-02-07,BTC,44318.22
2024-02-07,GLD,188.50
2024-02-07,QQQ,426.26
2024-02-08,BTC,45301.57
2024-02-08,GLD,188.33
2024-02-08,QQQ,427.05
2024-02-09,BTC,47147.20
2024-02-09,GLD,187.60
2024-02-09,QQQ,431.26
2024-02-10,BTC,47771.28
2024-02-11,BTC,48293.92
2024-02-12,BTC,49958.22
2024-02-12,GLD,187.11
2024-02-12,QQQ,429.57
2024-02-13,BTC,49742.44
2024-02-13,GLD,184.53
2024-02-13,QQQ,422.87
2024-02-14,BTC,51826.70
2024-02-14,GLD,184.42
2024-02-14,QQQ,427.48
2024-02-15,BTC,51938.55
2024-02-15,GLD,185.66
2024-02-15,QQQ,428.75
2024-02-16,BTC,52160.20
2024-02-16,GLD,186.34
2024-02-16,QQQ,424.86
2024-02-17,BTC,51663.00
2024-02-18,BTC,52122.55
2024-02-19,BTC,51779.14
2024-02-20,BTC,52284.88
2024-02-20,GLD,187.47
2024-02-20,QQQ,421.66
2024-02-21,BTC,51839.18
2024-02-21,GLD,187.48
2024-02-21,QQQ,419.97
2024-02-22,BTC,51304.97
2024-02-22,GLD,187.56
2024-02-22,QQQ,432.26
2024-02-23,BTC,50731.95
2024-02-23,GLD,188.62
2024-02-23,QQQ,430.99
2024-02-24,BTC,51571.10
2024-02-25,BTC,51733.24
2024-02-26,BTC,54522.40
2024-02-26,GLD,188.20
2024-02-26,QQQ,430.76
2024-02-27,BTC,57085.37
2024-02-27,GLD,188.00
2024-02-27,QQQ,431.80
2024-02-28,BTC,62504.79
2024-02-28,GLD,188.34
2024-02-28,QQQ,429.50
2024-02-29,BTC,61198.38
2024-02-29,GLD,189.31
2024-02-29,QQQ,433.18
2024-03-01,BTC,62440.63
2024-03-01,GLD,192.89
2024-03-01,QQQ,439.70
2024-03-02,BTC,62029.85
2024-03-03,BTC,63167.37
2024-03-04,BTC,68330.41
2024-03-04,GLD,196.01
2024-03-04,QQQ,438.14
2024-03-05,BTC,63801.20
2024-03-05,GLD,197.19
2024-03-05,QQQ,430.27
2024-03-06,BTC,66106.80
2024-03-06,GLD,198.81
2024-03-06,QQQ,432.97
2024-03-07,BTC,66925.48
2024-03-07,GLD,199.94
2024-03-07,QQQ,439.55
2024-03-08,BTC,68300.09
2024-03-08,GLD,201.63
2024-03-08,QQQ,433.20
2024-03-09,BTC,68498.88
2024-03-10,BTC,69019.79
2024-03-11,BTC,72123.91
2024-03-11,GLD,202.00
2024-03-11,QQQ,431.59
2024-03-12,BTC,71481.29
2024-03-12,GLD,199.79
2024-03-12,QQQ,437.78
2024-03-13,BTC,73083.50
2024-03-13,GLD,201.19
2024-03-13,QQQ,434.42
2024-03-14,BTC,71396.59
2024-03-14,GLD,200.35
2024-03-14,QQQ,433.32
2024-03-15,BTC,69403.77
2024-03-15,GLD,199.71
2024-03-15,QQQ,428.17
2024-03-16,BTC,65315.12
2024-03-17,BTC,68390.62
2024-03-18,BTC,67548.59
2024-03-18,GLD,200.03
2024-03-18,QQQ,432.25
2024-03-19,BTC,61912.77
2024-03-19,GLD,199.80
2024-03-19,QQQ,433.33
2024-03-20,BTC,67913.67
2024-03-20,GLD,202.18
2024-03-20,QQQ,438.47
2024-03-21,BTC,65491.39
2024-03-21,GLD,201.97
2024-03-21,QQQ,440.54
2024-03-22,BTC,63778.76
2024-03-22,GLD,200.35
2024-03-22,QQQ,441.05
2024-03-23,BTC,64062.20
2024-03-24,BTC,67234.17
2024-03-25,BTC,69958.81
2024-03-25,GLD,200.99
2024-03-25,QQQ,439.45
2024-03-26,BTC,69987.84
2024-03-26,GLD,201.64
2024-03-26,QQQ,438.02
2024-03-27,BTC,69455.34
2024-03-27,GLD,203.10
2024-03-27,QQQ,439.51
2024-03-28,BTC,70744.95
2024-03-28,GLD,205.72
2024-03-28,QQQ,438.70
2024-03-29,BTC,69892.83
2024-03-30,BTC,69645.30
2024-03-31,BTC,71333.65
2024-04-01,BTC,69702.15
2024-04-01,GLD,207.82
2024-04-01,QQQ,439.63
2024-04-02,BTC,65446.97
2024-04-02,GLD,210.89
2024-04-02,QQQ,435.84
2024-04-03,BTC,65980.81
2024-04-03,GLD,212.74
2024-04-03,QQQ,436.82
2024-04-04,BTC,68508.84
2024-04-04,GLD,211.52
2024-04-04,QQQ,430.14
2024-04-05,BTC,67837.64
2024-04-05,GLD,215.14
2024-04-05,QQQ,435.21
2024-04-06,BTC,68896.11
2024-04-07,BTC,69362.55
2024-04-08,BTC,71631.36
2024-04-08,GLD,216.48
2024-04-08,QQQ,435.34
2024-04-09,BTC,69139.02
2024-04-09,GLD,217.67
2024-04-09,QQQ,436.95
2024-04-10,BTC,70587.88
2024-04-10,GLD,215.61
2024-04-10,QQQ,433.13
2024-04-11,BTC,70060.61
2024-04-11,GLD,219.80
2024-04-11,QQQ,440.05
2024-04-12,BTC,67195.87
2024-04-12,GLD,216.89
2024-04-12,QQQ,433.03
2024-04-13,BTC,63821.47
2024-04-14,BTC,65738.73
2024-04-15,BTC,63426.21
2024-04-15,GLD,220.95
2024-04-15,QQQ,425.91
2024-04-16,BTC,63811.86
2024-04-16,GLD,221.22
2024-04-16,QQQ,425.95
2024-04-17,BTC,61276.69
2024-04-17,GLD,219.59
2024-04-17,QQQ,420.75
2024-04-18,BTC,63512.75
2024-04-18,GLD,220.34
2024-04-18,QQQ,418.35
2024-04-19,BTC,63843.57
2024-04-19,GLD,221.03
2024-04-19,QQQ,409.70
2024-04-20,BTC,64994.44
2024-04-21,BTC,64926.64
2024-04-22,BTC,66837.68
2024-04-22,GLD,215.57
2024-04-22,QQQ,413.82
2024-04-23,BTC,66407.27
2024-04-23,GLD,215.04
2024-04-23,QQQ,419.99
2024-04-24,BTC,64276.90
2024-04-24,GLD,214.64
2024-04-24,QQQ,421.41
2024-04-25,BTC,64481.71
2024-04-25,GLD,215.92
2024-04-25,QQQ,419.38
2024-04-26,BTC,63755.32
2024-04-26,GLD,216.62
2024-04-26,QQQ,425.85
2024-04-27,BTC,63419.14
2024-04-28,BTC,63113.23
2024-04-29,BTC,63841.12
2024-04-29,GLD,216.18
2024-04-29,QQQ,427.58
2024-04-30,BTC,60636.86
2024-04-30,GLD,211.87
2024-04-30,QQQ,419.52
2024-05-01,BTC,58254.01
2024-05-01,GLD,213.79
2024-05-01,QQQ,416.48
2024-05-02,BTC,59123.43
2024-05-02,GLD,213.13
2024-05-02,QQQ,421.80
2024-05-03,BTC,62889.84
2024-05-03,GLD,212.96
2024-05-03,QQQ,430.28
2024-05-04,BTC,63891.47
2024-05-05,BTC,64031.13
2024-05-06,BTC,63161.95
2024-05-06,GLD,215.20
2024-05-06,QQQ,434.99
2024-05-07,BTC,62334.82
2024-05-07,GLD,214.21
2024-05-07,QQQ,435.06
2024-05-08,BTC,61187.94
2024-05-08,GLD,213.58
2024-05-08,QQQ,434.80
2024-05-09,BTC,63049.96
2024-05-09,GLD,216.95
2024-05-09,QQQ,435.75
2024-05-10,BTC,60792.78
2024-05-10,GLD,218.71
2024-05-10,QQQ,436.78
2024-05-11,BTC,60793.71
2024-05-12,BTC,61448.39
2024-05-13,BTC,62901.45
2024-05-13,GLD,216.26
2024-05-13,QQQ,437.79
2024-05-14,BTC,61552.79
2024-05-14,GLD,218.09
2024-05-14,QQQ,440.60
2024-05-15,BTC,66267.49
2024-05-15,GLD,220.89
2024-05-15,QQQ,447.49
2024-05-16,BTC,65231.58
2024-05-16,GLD,220.03
2024-05-16,QQQ,446.58
2024-05-17,BTC,67051.88
2024-05-17,GLD,223.66
2024-05-17,QQQ,446.36
2024-05-18,BTC,66940.80
2024-05-19,BTC,66278.37
2024-05-20,BTC,71448.20
2024-05-20,GLD,224.56
2024-05-20,QQQ,449.47
2024-05-21,BTC,70136.53
2024-05-21,GLD,224.23
2024-05-21,QQQ,450.35
2024-05-22,BTC,69122.34
2024-05-22,GLD,220.11
2024-05-22,QQQ,450.26
2024-05-23,BTC,67929.56
2024-05-23,GLD,215.72
2024-05-23,QQQ,448.24
2024-05-24,BTC,68526.10
2024-05-24,GLD,215.92
2024-05-24,QQQ,452.48
2024-05-25,BTC,69265.95
2024-05-26,BTC,68518.09
2024-05-27,BTC,69394.55
2024-05-28,BTC,68296.22
2024-05-28,GLD,218.19
2024-05-28,QQQ,454.19
2024-05-29,BTC,67578.09
2024-05-29,GLD,216.16
2024-05-29,QQQ,450.99
2024-05-30,BTC,68364.99
2024-05-30,GLD,216.57
2024-05-30,QQQ,446.15
2024-05-31,BTC,67491.41
2024-05-31,GLD,215.30
2024-05-31,QQQ,445.32
2024-06-01,BTC,67706.94
2024-06-02,BTC,67751.60
2024-06-03,BTC,68804.78
2024-06-03,GLD,217.22
2024-06-03,QQQ,447.72
2024-06-04,BTC,70567.77
2024-06-04,GLD,215.27
2024-06-04,QQQ,448.94
2024-06-05,BTC,71082.82
2024-06-05,GLD,217.82
2024-06-05,QQQ,457.99
2024-06-06,BTC,70757.16
2024-06-06,GLD,219.43
2024-06-06,QQQ,457.83
2024-06-07,BTC,69342.59
2024-06-07,GLD,211.60
2024-06-07,QQQ,457.43
2024-06-08,BTC,69305.77
2024-06-09,BTC,69647.99
2024-06-10,BTC,69512.28
2024-06-10,GLD,213.54
2024-06-10,QQQ,459.28
2024-06-11,BTC,67332.03
2024-06-11,GLD,214.15
2024-06-11,QQQ,462.43
2024-06-12,BTC,68241.19
2024-06-12,GLD,214.72
2024-06-12,QQQ,468.48
2024-06-13,BTC,66756.40
2024-06-13,GLD,212.97
2024-06-13,QQQ,471.02
2024-06-14,BTC,66011.09
2024-06-14,GLD,215.73
2024-06-14,QQQ,473.46
2024-06-15,BTC,66191.00
2024-06-16,BTC,66639.05
2024-06-17,BTC,66490.30
2024-06-17,GLD,214.61
2024-06-17,QQQ,479.26
2024-06-18,BTC,65140.75
2024-06-18,GLD,215.47
2024-06-18,QQQ,479.41
2024-06-19,BTC,64960.30
2024-06-20,BTC,64828.66
2024-06-20,GLD,218.16
2024-06-20,QQQ,475.72
2024-06-21,BTC,64096.20
2024-06-21,GLD,214.78
2024-06-21,QQQ,474.44
2024-06-22,BTC,64252.58
2024-06-23,BTC,63180.80
2024-06-24,BTC,60277.41
2024-06-24,GLD,215.63
2024-06-24,QQQ,469.04
2024-06-25,BTC,61804.64
2024-06-25,GLD,214.56
2024-06-25,QQQ,474.40
2024-06-26,BTC,60811.28
2024-06-26,GLD,212.58
2024-06-26,QQQ,475.38
2024-06-27,BTC,61604.80
2024-06-27,GLD,214.99
2024-06-27,QQQ,476.61
2024-06-28,BTC,60320.14
2024-06-28,GLD,215.01
2024-06-28,QQQ,474.14
2024-06-29,BTC,60887.38
2024-06-30,BTC,62678.29
2024-07-01,BTC,62851.98
2024-07-01,GLD,215.57
2024-07-01,QQQ,476.92
2024-07-02,BTC,62029.02
2024-07-02,GLD,215.56
2024-07-02,QQQ,481.93
2024-07-03,BTC,60173.92
2024-07-03,GLD,217.99
2024-07-03,QQQ,485.94
2024-07-04,BTC,56977.70
2024-07-05,BTC,56662.38
2024-07-05,GLD,220.93
2024-07-05,QQQ,491.01
2024-07-06,BTC,58303.54
2024-07-07,BTC,55849.11
2024-07-08,BTC,56705.10
2024-07-08,GLD,218.19
2024-07-08,QQQ,492.18
2024-07-09,BTC,58009.23
2024-07-09,GLD,218.56
2024-07-09,QQQ,492.60
2024-07-10,BTC,57742.50
2024-07-10,GLD,219.36
2024-07-10,QQQ,497.74
2024-07-11,BTC,57344.91
2024-07-11,GLD,223.25
2024-07-11,QQQ,486.82
2024-07-12,BTC,57899.46
2024-07-12,GLD,223.11
2024-07-12,QQQ,489.68
2024-07-13,BTC,59231.95
2024-07-14,BTC,60787.79
2024-07-15,BTC,64870.15
2024-07-15,GLD,223.83
2024-07-15,QQQ,491.00
2024-07-16,BTC,65097.15
2024-07-16,GLD,228.29
2024-07-16,QQQ,491.19
2024-07-17,BTC,64118.79
2024-07-17,GLD,227.23
2024-07-17,QQQ,476.77
2024-07-18,BTC,63974.07
2024-07-18,GLD,225.78
2024-07-18,QQQ,474.51
2024-07-19,BTC,66710.16
2024-07-19,GLD,221.73
2024-07-19,QQQ,470.31
2024-07-20,BTC,67163.65
2024-07-21,BTC,68154.52
2024-07-22,BTC,67585.25
2024-07-22,GLD,221.80
2024-07-22,QQQ,477.31
2024-07-23,BTC,65927.67
2024-07-23,GLD,222.58
2024-07-23,QQQ,475.63
2024-07-24,BTC,65372.13
2024-07-24,GLD,221.80
2024-07-24,QQQ,458.57
2024-07-25,BTC,65777.23
2024-07-25,GLD,218.33
2024-07-25,QQQ,453.51
2024-07-26,BTC,67912.06
2024-07-26,GLD,220.63
2024-07-26,QQQ,458.17
2024-07-27,BTC,67813.34
2024-07-28,BTC,68255.87
2024-07-29,BTC,66819.91
2024-07-29,GLD,220.32
2024-07-29,QQQ,459.09
2024-07-30,BTC,66201.02
2024-07-30,GLD,222.52
2024-07-30,QQQ,452.78
2024-07-31,BTC,64619.25
2024-07-31,GLD,226.55
2024-07-31,QQQ,466.18
2024-08-01,BTC,65357.50
2024-08-01,GLD,225.77
2024-08-01,QQQ,454.89
2024-08-02,BTC,61415.07
2024-08-02,GLD,225.34
2024-08-02,QQQ,444.09
2024-08-03,BTC,60680.09
2024-08-04,BTC,58116.98
2024-08-05,BTC,53991.46
2024-08-05,GLD,222.48
2024-08-05,QQQ,430.85
2024-08-06,BTC,56034.32
2024-08-06,GLD,220.70
2024-08-06,QQQ,434.97
2024-08-07,BTC,55027.46
2024-08-07,GLD,220.55
2024-08-07,QQQ,430.26
2024-08-08,BTC,61710.14
2024-08-08,GLD,224.01
2024-08-08,QQQ,443.42
2024-08-09,BTC,60880.11
2024-08-09,GLD,224.56
2024-08-09,QQQ,445.74
2024-08-10,BTC,60945.81
2024-08-11,BTC,58719.48
2024-08-12,BTC,59354.52
2024-08-12,GLD,228.41
2024-08-12,QQQ,446.70
2024-08-13,BTC,60609.57
2024-08-13,GLD,228.06
2024-08-13,QQQ,457.78
2024-08-14,BTC,58737.27
2024-08-14,GLD,226.20
2024-08-14,QQQ,457.93
2024-08-15,BTC,57560.10
2024-08-15,GLD,226.91
2024-08-15,QQQ,469.50
2024-08-16,BTC,58894.11
2024-08-16,GLD,231.99
2024-08-16,QQQ,470.10
2024-08-17,BTC,59478.97
2024-08-18,BTC,58483.96
2024-08-19,BTC,59493.45
2024-08-19,GLD,231.61
2024-08-19,QQQ,476.28
2024-08-20,BTC,59012.79
2024-08-20,GLD,232.46
2024-08-20,QQQ,475.28
2024-08-21,BTC,61175.19
2024-08-21,GLD,232.15
2024-08-21,QQQ,477.49
2024-08-22,BTC,60381.91
2024-08-22,GLD,229.37
2024-08-22,QQQ,469.92
2024-08-23,BTC,64094.36
2024-08-23,GLD,232.02
2024-08-23,QQQ,475.02
2024-08-24,BTC,64178.99
2024-08-25,BTC,64333.54
2024-08-26,BTC,62880.66
2024-08-26,GLD,232.76
2024-08-26,QQQ,470.41
2024-08-27,BTC,59504.13
2024-08-27,GLD,233.39
2024-08-27,QQQ,471.81
2024-08-28,BTC,59027.62
2024-08-28,GLD,231.75
2024-08-28,QQQ,466.46
2024-08-29,BTC,59388.18
2024-08-29,GLD,232.95
2024-08-29,QQQ,465.78
2024-08-30,BTC,59119.48
2024-08-30,GLD,231.29
2024-08-30,QQQ,471.33
2024-08-31,BTC,58969.90
2024-09-01,BTC,57325.49
2024-09-02,BTC,59112.48
2024-09-03,BTC,57431.02
2024-09-03,GLD,230.29
2024-09-03,QQQ,457.02
2024-09-04,BTC,57971.54
2024-09-04,GLD,230.43
2024-09-04,QQQ,455.83
2024-09-05,BTC,56160.49
2024-09-05,GLD,232.35
2024-09-05,QQQ,456.26
2024-09-06,BTC,53948.75
2024-09-06,GLD,230.63
2024-09-06,QQQ,444.03
2024-09-07,BTC,54139.69
2024-09-08,BTC,54841.57
2024-09-09,BTC,57019.54
2024-09-09,GLD,231.60
2024-09-09,QQQ,449.74
2024-09-10,BTC,57648.71
2024-09-10,GLD,232.62
2024-09-10,QQQ,453.90
2024-09-11,BTC,57343.17
2024-09-11,GLD,232.25
2024-09-11,QQQ,463.76
2024-09-12,BTC,58127.01
2024-09-12,GLD,236.33
2024-09-12,QQQ,468.31
2024-09-13,BTC,60571.30
2024-09-13,GLD,238.68
2024-09-13,QQQ,470.41
2024-09-14,BTC,60005.12
2024-09-15,BTC,59182.84
2024-09-16,BTC,58192.51
2024-09-16,GLD,238.66
2024-09-16,QQQ,468.33
2024-09-17,BTC,60308.54
2024-09-17,GLD,237.34
2024-09-17,QQQ,468.58
2024-09-18,BTC,61649.68
2024-09-18,GLD,235.51
2024-09-18,QQQ,466.55
2024-09-19,BTC,62940.46
2024-09-19,GLD,239.17
2024-09-19,QQQ,478.34
2024-09-20,BTC,63192.98
2024-09-20,GLD,242.21
2024-09-20,QQQ,477.43
2024-09-21,BTC,63394.84
2024-09-22,BTC,63648.71
2024-09-23,BTC,63329.80
2024-09-23,GLD,242.68
2024-09-23,QQQ,478.70
2024-09-24,BTC,64301.97
2024-09-24,GLD,246.07
2024-09-24,QQQ,481.01
2024-09-25,BTC,63143.14
2024-09-25,GLD,245.73
2024-09-25,QQQ,481.45
2024-09-26,BTC,65181.02
2024-09-26,GLD,246.98
2024-09-26,QQQ,485.07
2024-09-27,BTC,65790.66
2024-09-27,GLD,245.02
2024-09-27,QQQ,482.38
2024-09-28,BTC,65887.65
2024-09-29,BTC,65635.30
2024-09-30,BTC,63329.50
2024-09-30,GLD,243.06
2024-09-30,QQQ,483.68
2024-10-01,BTC,60837.01
2024-10-01,GLD,245.61
2024-10-01,QQQ,476.94
2024-10-02,BTC,60632.79
2024-10-02,GLD,245.66
2024-10-02,QQQ,477.62
2024-10-03,BTC,60759.40
2024-10-03,GLD,245.49
2024-10-03,QQQ,477.26
2024-10-04,BTC,62067.48
2024-10-04,GLD,245.00
2024-10-04,QQQ,482.94
2024-10-05,BTC,62089.95
2024-10-06,BTC,62818.95
2024-10-07,BTC,62236.66
2024-10-07,GLD,244.17
2024-10-07,QQQ,477.77
2024-10-08,BTC,62131.97
2024-10-08,GLD,242.37
2024-10-08,QQQ,484.90
2024-10-09,BTC,60582.10
2024-10-09,GLD,241.05
2024-10-09,QQQ,488.72
2024-10-10,BTC,60274.50
2024-10-10,GLD,242.82
2024-10-10,QQQ,488.16
2024-10-11,BTC,62445.09
2024-10-11,GLD,245.47
2024-10-11,QQQ,488.93
2024-10-12,BTC,63193.02
2024-10-13,BTC,62851.38
2024-10-14,BTC,66046.12
2024-10-14,GLD,245.07
2024-10-14,QQQ,493.03
2024-10-15,BTC,67041.11
2024-10-15,GLD,245.92
2024-10-15,QQQ,486.44
2024-10-16,BTC,67612.72
2024-10-16,GLD,247.15
2024-10-16,QQQ,486.50
2024-10-17,BTC,67399.84
2024-10-17,GLD,248.63
2024-10-17,QQQ,486.83
2024-10-18,BTC,68418.79
2024-10-18,GLD,251.27
2024-10-18,QQQ,490.03
2024-10-19,BTC,68362.73
2024-10-20,BTC,69001.70
2024-10-21,BTC,67367.85
2024-10-21,GLD,251.22
2024-10-21,QQQ,490.97
2024-10-22,BTC,67361.41
2024-10-22,GLD,253.93
2024-10-22,QQQ,491.50
2024-10-23,BTC,66432.20
2024-10-23,GLD,250.87
2024-10-23,QQQ,483.97
2024-10-24,BTC,68161.05
2024-10-24,GLD,252.80
2024-10-24,QQQ,487.90
2024-10-25,BTC,66642.41
2024-10-25,GLD,253.32
2024-10-25,QQQ,490.87
2024-10-26,BTC,67014.70
2024-10-27,BTC,67929.30
2024-10-28,BTC,69907.76
2024-10-28,GLD,253.33
2024-10-28,QQQ,490.95
2024-10-29,BTC,72720.49
2024-10-29,GLD,256.09
2024-10-29,QQQ,495.66
2024-10-30,BTC,72339.54
2024-10-30,GLD,257.50
2024-10-30,QQQ,491.92
2024-10-31,BTC,70215.19
2024-10-31,GLD,253.51
2024-10-31,QQQ,479.50
2024-11-01,BTC,69482.47
2024-11-01,GLD,252.47
2024-11-01,QQQ,483.05
2024-11-02,BTC,69289.27
2024-11-03,BTC,68741.12
2024-11-04,BTC,67811.51
2024-11-04,GLD,252.83
2024-11-04,QQQ,481.64
2024-11-05,BTC,69359.56
2024-11-05,GLD,253.40
2024-11-05,QQQ,487.79
2024-11-06,BTC,75639.08
2024-11-06,GLD,245.70
2024-11-06,QQQ,501.04
2024-11-07,BTC,75904.86
2024-11-07,GLD,249.65
2024-11-07,QQQ,508.92
2024-11-08,BTC,76545.48
2024-11-08,GLD,247.96
2024-11-08,QQQ,509.52
2024-11-09,BTC,76778.87
2024-11-10,BTC,80474.19
2024-11-11,BTC,88701.48
2024-11-11,GLD,242.14
2024-11-11,QQQ,509.22
2024-11-12,BTC,87955.81
2024-11-12,GLD,240.05
2024-11-12,QQQ,508.30
2024-11-13,BTC,90584.16
2024-11-13,GLD,237.63
2024-11-13,QQQ,507.65
2024-11-14,BTC,87250.43
2024-11-14,GLD,237.01
2024-11-14,QQQ,504.12
2024-11-15,BTC,91066.01
2024-11-15,GLD,236.59
2024-11-15,QQQ,492.11
2024-11-16,BTC,90558.48
2024-11-17,BTC,89845.85
2024-11-18,BTC,90542.64
2024-11-18,GLD,241.09
2024-11-18,QQQ,495.53
2024-11-19,BTC,92343.79
2024-11-19,GLD,243.25
2024-11-19,QQQ,498.93
2024-11-20,BTC,94339.49
2024-11-20,GLD,244.62
2024-11-20,QQQ,498.65
2024-11-21,BTC,98504.73
2024-11-21,GLD,246.66
2024-11-21,QQQ,500.44
2024-11-22,BTC,98997.66
2024-11-22,GLD,249.84
2024-11-22,QQQ,501.24
2024-11-23,BTC,97777.28
2024-11-24,BTC,98013.82
2024-11-25,BTC,93102.30
2024-11-25,GLD,242.48
2024-11-25,QQQ,502.04
2024-11-26,BTC,91985.32
2024-11-26,GLD,242.95
2024-11-26,QQQ,504.73
2024-11-27,BTC,95962.53
2024-11-27,GLD,243.49
2024-11-27,QQQ,500.76
2024-11-28,BTC,95652.47
2024-11-29,BTC,97461.52
2024-11-29,GLD,245.59
2024-11-29,QQQ,505.16
2024-11-30,BTC,96449.05
2024-12-01,BTC,97279.79
2024-12-02,BTC,95865.30
2024-12-02,GLD,243.44
2024-12-02,QQQ,510.66
2024-12-03,BTC,96002.16
2024-12-03,GLD,243.93
2024-12-03,QQQ,512.22
2024-12-04,BTC,98768.53
2024-12-04,GLD,244.67
2024-12-04,QQQ,518.56
2024-12-05,BTC,96593.57
2024-12-05,GLD,242.86
2024-12-05,QQQ,517.12
2024-12-06,BTC,99920.71
2024-12-06,GLD,242.95
2024-12-06,QQQ,521.75
2024-12-07,BTC,99923.34
2024-12-08,BTC,101236.02
2024-12-09,BTC,97432.72
2024-12-09,GLD,245.36
2024-12-09,QQQ,517.68
2024-12-10,BTC,96675.43
2024-12-10,GLD,248.59
2024-12-10,QQQ,515.92
2024-12-11,BTC,101173.03
2024-12-11,GLD,250.96
2024-12-11,QQQ,525.16
2024-12-12,BTC,100043.00
2024-12-12,GLD,247.28
2024-12-12,QQQ,521.77
2024-12-13,BTC,101459.26
2024-12-13,GLD,244.29
2024-12-13,QQQ,525.76
2024-12-14,BTC,101372.97
2024-12-15,BTC,104298.70
2024-12-16,BTC,106029.72
2024-12-16,GLD,244.88
2024-12-16,QQQ,533.33
2024-12-17,BTC,106140.60
2024-12-17,GLD,243.94
2024-12-17,QQQ,530.98
2024-12-18,BTC,100041.54
2024-12-18,GLD,239.26
2024-12-18,QQQ,511.83
2024-12-19,BTC,97490.95
2024-12-19,GLD,239.60
2024-12-19,QQQ,509.55
2024-12-20,BTC,97755.93
2024-12-20,GLD,242.10
2024-12-20,QQQ,514.00
2024-12-21,BTC,97224.73
2024-12-22,BTC,95104.94
2024-12-23,BTC,94686.24
2024-12-23,GLD,240.96
2024-12-23,QQQ,519.01
2024-12-24,BTC,98676.09
2024-12-24,GLD,241.44
2024-12-24,QQQ,526.04
2024-12-25,BTC,99299.20
2024-12-26,BTC,95795.52
2024-12-26,GLD,243.07
2024-12-26,QQQ,525.69
2024-12-27,BTC,94164.86
2024-12-27,GLD,241.40
2024-12-27,QQQ,518.70
2024-12-28,BTC,95163.93
2024-12-29,BTC,93530.23
2024-12-30,BTC,92643.21
2024-12-30,GLD,240.63
2024-12-30,QQQ,511.80
2024-12-31,BTC,93429.20
2024-12-31,GLD,242.13
2024-12-31,QQQ,507.45
2025-01-01,BTC,94419.76
2025-01-02,BTC,96886.88
2025-01-02,GLD,245.42
2025-01-02,QQQ,506.46
2025-01-03,BTC,98107.43
2025-01-03,GLD,243.49
2025-01-03,QQQ,514.75
2025-01-04,BTC,98236.23
2025-01-05,BTC,98314.96
2025-01-06,BTC,102078.09
2025-01-06,GLD,243.19
2025-01-06,QQQ,520.66
2025-01-07,BTC,96922.70
2025-01-07,GLD,244.56
2025-01-07,QQQ,511.37
2025-01-08,BTC,95043.52
2025-01-08,GLD,245.86
2025-01-08,QQQ,511.46
2025-01-09,BTC,92484.04
2025-01-10,BTC,94701.45
2025-01-10,GLD,248.21
2025-01-10,QQQ,503.44
2025-01-11,BTC,94566.59
2025-01-12,BTC,94488.44
2025-01-13,BTC,94516.52
2025-01-13,GLD,245.74
2025-01-13,QQQ,501.82
2025-01-14,BTC,96534.05
2025-01-14,GLD,247.03
2025-01-14,QQQ,501.35
2025-01-15,BTC,100504.49
2025-01-15,GLD,248.88
2025-01-15,QQQ,512.88
2025-01-16,BTC,99756.91
2025-01-16,GLD,250.60
2025-01-16,QQQ,509.29
2025-01-17,BTC,104462.04
2025-01-17,GLD,249.27
2025-01-17,QQQ,517.88
2025-01-18,BTC,104408.07
2025-01-19,BTC,101089.61
2025-01-20,BTC,102016.66
2025-01-21,BTC,106146.27
2025-01-21,GLD,253.13
2025-01-21,QQQ,520.92
2025-01-22,BTC,103653.07
2025-01-22,GLD,254.43
2025-01-22,QQQ,527.58
2025-01-23,BTC,103960.17
2025-01-23,GLD,254.07
2025-01-23,QQQ,528.70
2025-01-24,BTC,104819.48
2025-01-24,GLD,255.65
2025-01-24,QQQ,525.72
2025-01-25,BTC,104714.65
2025-01-26,BTC,102682.50
2025-01-27,BTC,102087.69
2025-01-27,GLD,252.99
2025-01-27,QQQ,510.41
2025-01-28,BTC,101332.48
2025-01-28,GLD,255.18
2025-01-28,QQQ,517.95
2025-01-29,BTC,103703.21
2025-01-29,GLD,254.20
2025-01-29,QQQ,516.98
2025-01-30,BTC,104735.30
2025-01-30,GLD,258.05
2025-01-30,QQQ,519.18
2025-01-31,BTC,102405.02
2025-01-31,GLD,258.56
2025-01-31,QQQ,518.43
2025-02-01,BTC,100655.91
2025-02-02,BTC,97688.98
2025-02-03,BTC,101405.42
2025-02-03,GLD,259.94
2025-02-03,QQQ,514.28
2025-02-04,BTC,97871.82
2025-02-04,GLD,262.50
2025-02-04,QQQ,520.59
2025-02-05,BTC,96615.45
2025-02-05,GLD,264.13
2025-02-05,QQQ,522.96
2025-02-06,BTC,96593.30
2025-02-06,GLD,263.43
2025-02-06,QQQ,525.69
2025-02-07,BTC,96529.09
2025-02-07,GLD,263.90
2025-02-07,QQQ,519.06
2025-02-08,BTC,96482.45
2025-02-09,BTC,96500.09
2025-02-10,BTC,97437.55
2025-02-10,GLD,268.37
2025-02-10,QQQ,525.34
2025-02-11,BTC,95747.43
2025-02-11,GLD,267.39
2025-02-11,QQQ,524.09
2025-02-12,BTC,97885.86
2025-02-12,GLD,267.67
2025-02-12,QQQ,524.40
2025-02-13,BTC,96623.87
2025-02-13,GLD,270.31
2025-02-13,QQQ,531.94
2025-02-14,BTC,97508.97
2025-02-14,GLD,266.29
2025-02-14,QQQ,534.17
2025-02-15,BTC,97580.35
2025-02-16,BTC,96175.03
2025-02-17,BTC,95773.38
2025-02-18,BTC,95539.55
2025-02-18,GLD,270.70
2025-02-18,QQQ,535.38
2025-02-19,BTC,96635.61
2025-02-19,GLD,270.85
2025-02-19,QQQ,535.53
2025-02-20,BTC,98333.94
2025-02-20,GLD,270.99
2025-02-20,QQQ,533.26
2025-02-21,BTC,96125.55
2025-02-21,GLD,270.74
2025-02-21,QQQ,522.19
2025-02-22,BTC,96577.76
2025-02-23,BTC,96273.92
2025-02-24,BTC,91418.17
2025-02-24,GLD,272.21
2025-02-24,QQQ,516.03
2025-02-25,BTC,88736.17
2025-02-25,GLD,268.62
2025-02-25,QQQ,509.53
2025-02-26,BTC,84347.02
2025-02-26,GLD,269.03
2025-02-26,QQQ,510.76
2025-02-27,BTC,84704.23
2025-02-27,GLD,264.93
2025-02-27,QQQ,496.57
2025-02-28,BTC,84373.01
2025-02-28,GLD,263.27
2025-02-28,QQQ,504.41
2025-03-01,BTC,86031.91
2025-03-02,BTC,94248.35
2025-03-03,BTC,86065.67
2025-03-03,GLD,266.74
2025-03-03,QQQ,493.38
2025-03-04,BTC,87222.20
2025-03-04,GLD,269.06
2025-03-04,QQQ,491.89
2025-03-05,BTC,90623.56
2025-03-05,GLD,269.62
2025-03-05,QQQ,498.30
2025-03-06,BTC,89961.73
2025-03-06,GLD,268.25
2025-03-06,QQQ,484.59
2025-03-07,BTC,86742.67
2025-03-07,GLD,268.39
2025-03-07,QQQ,488.16
2025-03-08,BTC,86154.59
2025-03-09,BTC,80601.04
2025-03-10,BTC,78532.00
2025-03-10,GLD,266.04
2025-03-10,QQQ,469.24
2025-03-11,BTC,82862.21
2025-03-11,GLD,269.16
2025-03-11,QQQ,468.11
2025-03-12,BTC,83722.36
2025-03-12,GLD,270.33
2025-03-12,QQQ,473.40
2025-03-13,BTC,81066.70
2025-03-13,GLD,275.13
2025-03-13,QQQ,464.88
2025-03-14,BTC,83969.10
2025-03-14,GLD,275.24
2025-03-14,QQQ,476.12
2025-03-15,BTC,84343.11
2025-03-16,BTC,82579.69
2025-03-17,BTC,84075.69
2025-03-17,GLD,276.73
2025-03-17,QQQ,479.20
2025-03-18,BTC,82718.50
2025-03-18,GLD,279.96
2025-03-18,QQQ,471.03
2025-03-19,BTC,86854.23
2025-03-19,GLD,281.11
2025-03-19,QQQ,477.34
2025-03-20,BTC,84167.20
2025-03-20,GLD,280.75
2025-03-20,QQQ,475.72
2025-03-21,BTC,84043.24
2025-03-21,GLD,278.49
2025-03-21,QQQ,477.29
2025-03-22,BTC,83832.48
2025-03-23,BTC,86054.38
2025-03-24,BTC,87498.91
2025-03-24,GLD,277.25
2025-03-24,QQQ,487.76
2025-03-25,BTC,87471.70
2025-03-25,GLD,278.47
2025-03-25,QQQ,490.54
2025-03-26,BTC,86900.88
2025-03-26,GLD,278.24
2025-03-26,QQQ,481.52
2025-03-27,BTC,87177.10
2025-03-27,GLD,281.97
2025-03-27,QQQ,478.77
2025-03-28,BTC,84353.15
2025-03-28,GLD,284.06
2025-03-28,QQQ,466.17
2025-03-29,BTC,82597.59
2025-03-30,BTC,82334.52
2025-03-31,BTC,82548.91
2025-03-31,GLD,288.14
2025-03-31,QQQ,466.15
2025-04-01,BTC,85169.17
2025-04-01,GLD,287.57
2025-04-01,QQQ,469.91
2025-04-02,BTC,82485.71
2025-04-02,GLD,288.16
2025-04-02,QQQ,473.34
2025-04-03,BTC,83102.83
2025-04-03,GLD,286.42
2025-04-03,QQQ,448.00
2025-04-04,BTC,83843.80
2025-04-04,GLD,279.72
2025-04-04,QQQ,420.17
2025-04-05,BTC,83504.80
2025-04-06,BTC,78214.48
2025-04-07,BTC,79235.34
2025-04-07,GLD,273.71
2025-04-07,QQQ,421.19
2025-04-08,BTC,76271.95
2025-04-08,GLD,275.20
2025-04-08,QQQ,413.60
2025-04-09,BTC,82573.95
2025-04-09,GLD,285.38
2025-04-09,QQQ,463.25
2025-04-10,BTC,79626.14
2025-04-10,GLD,292.35
2025-04-10,QQQ,443.54
2025-04-11,BTC,83404.84
2025-04-11,GLD,297.93
2025-04-11,QQQ,451.71
2025-04-12,BTC,85287.11
2025-04-13,BTC,83684.98
2025-04-14,BTC,84542.39
2025-04-14,GLD,296.23
2025-04-14,QQQ,454.78
2025-04-15,BTC,83668.99
2025-04-15,GLD,297.78
2025-04-15,QQQ,455.28
2025-04-16,BTC,84033.87
2025-04-16,GLD,307.47
2025-04-16,QQQ,441.56
2025-04-17,BTC,84895.75
2025-04-17,GLD,306.12
2025-04-17,QQQ,441.48
2025-04-18,BTC,84450.80
2025-04-19,BTC,85063.41
2025-04-20,BTC,85174.30
2025-04-21,BTC,87518.91
2025-04-21,GLD,315.59
2025-04-21,QQQ,430.55
2025-04-22,BTC,93441.89
2025-04-22,GLD,311.11
2025-04-22,QQQ,441.85
2025-04-23,BTC,93699.11
2025-04-23,GLD,303.65
2025-04-23,QQQ,451.87
2025-04-24,BTC,93943.80
2025-04-24,GLD,308.07
2025-04-24,QQQ,464.59
2025-04-25,BTC,94720.50
2025-04-25,GLD,304.73
2025-04-25,QQQ,469.77
2025-04-26,BTC,94646.93
2025-04-27,BTC,93754.84
2025-04-28,BTC,94978.75
2025-04-28,GLD,309.07
2025-04-28,QQQ,469.62
2025-04-29,BTC,94284.79
2025-04-29,GLD,306.06
2025-04-29,QQQ,472.72
2025-04-30,BTC,94207.31
2025-04-30,GLD,303.77
2025-04-30,QQQ,472.66
2025-05-01,BTC,96492.34
2025-05-01,GLD,297.46
2025-05-01,QQQ,478.83
2025-05-02,BTC,96910.07
2025-05-02,GLD,297.98
2025-05-02,QQQ,485.94
2025-05-03,BTC,95891.80
2025-05-04,BTC,94315.98
2025-05-05,BTC,94748.05
2025-05-05,GLD,306.88
2025-05-05,QQQ,483.06
2025-05-06,BTC,96802.48
2025-05-06,GLD,315.48
2025-05-06,QQQ,478.57
2025-05-07,BTC,97032.32
2025-05-07,GLD,310.75
2025-05-07,QQQ,480.44
2025-05-08,BTC,103241.46
2025-05-08,GLD,304.63
2025-05-08,QQQ,485.40
2025-05-09,BTC,102970.85
2025-05-09,GLD,306.84
2025-05-09,QQQ,485.09
2025-05-10,BTC,104696.33
2025-05-11,BTC,104106.36
2025-05-12,BTC,102812.95
2025-05-12,GLD,298.19
2025-05-12,QQQ,504.85
2025-05-13,BTC,104169.81
2025-05-13,GLD,299.46
2025-05-13,QQQ,512.54
2025-05-14,BTC,103539.41
2025-05-14,GLD,293.16
2025-05-14,QQQ,515.61
2025-05-15,BTC,103744.64
2025-05-15,GLD,297.84
2025-05-15,QQQ,516.18
2025-05-16,BTC,103489.29
2025-05-16,GLD,294.24
2025-05-16,QQQ,518.43
2025-05-17,BTC,103191.09
2025-05-18,BTC,106446.01
2025-05-19,BTC,105606.18
2025-05-19,GLD,298.03
2025-05-19,QQQ,518.93
2025-05-20,BTC,106791.09
2025-05-20,GLD,303.58
2025-05-20,QQQ,517.20
2025-05-21,BTC,109678.08
2025-05-21,GLD,305.82
2025-05-21,QQQ,510.01
2025-05-22,BTC,111673.28
2025-05-22,GLD,303.11
2025-05-22,QQQ,510.96
2025-05-23,BTC,107287.80
2025-05-23,GLD,309.75
2025-05-23,QQQ,506.23
2025-05-24,BTC,107791.16
2025-05-25,BTC,109035.39
2025-05-26,BTC,109440.37
2025-05-27,BTC,108994.64
2025-05-27,GLD,304.50
2025-05-27,QQQ,518.14
2025-05-28,BTC,107802.33
2025-05-28,GLD,303.81
2025-05-28,QQQ,515.84
2025-05-29,BTC,105641.76
2025-05-29,GLD,305.61
2025-05-29,QQQ,516.86
2025-05-30,BTC,103998.57
2025-05-30,GLD,303.60
2025-05-30,QQQ,516.04
2025-05-31,BTC,104638.09
2025-06-01,BTC,105652.10
2025-06-02,BTC,105881.53
2025-06-02,GLD,311.67
2025-06-02,QQQ,520.12
2025-06-03,BTC,105432.47
2025-06-03,GLD,308.91
2025-06-03,QQQ,524.18
2025-06-04,BTC,104731.98
2025-06-04,GLD,310.90
2025-06-04,QQQ,525.65
2025-06-05,BTC,101575.95
2025-06-05,GLD,309.33
2025-06-05,QQQ,521.69
2025-06-06,BTC,104390.34
2025-06-06,GLD,305.18
2025-06-06,QQQ,526.79
2025-06-07,BTC,105615.62
2025-06-08,BTC,105793.65
2025-06-09,BTC,110294.10
2025-06-09,GLD,306.62
2025-06-09,QQQ,527.56
2025-06-10,BTC,110257.23
2025-06-10,GLD,306.71
2025-06-10,QQQ,531.05
2025-06-11,BTC,108686.62
2025-06-11,GLD,308.37
2025-06-11,QQQ,529.26
2025-06-12,BTC,105929.05
2025-06-12,GLD,312.20
2025-06-12,QQQ,530.51
2025-06-13,BTC,106090.97
2025-06-13,GLD,316.29
2025-06-13,QQQ,523.85
2025-06-14,BTC,105472.41
2025-06-15,BTC,105552.02
2025-06-16,BTC,106796.76
2025-06-16,GLD,311.78
2025-06-16,QQQ,531.13
2025-06-17,BTC,104601.12
2025-06-17,GLD,311.94
2025-06-17,QQQ,525.95
2025-06-18,BTC,104883.33
2025-06-18,GLD,310.26
2025-06-18,QQQ,525.86
2025-06-19,BTC,104684.29
2025-06-20,BTC,103309.60
2025-06-20,GLD,310.13
2025-06-20,QQQ,523.72
2025-06-21,BTC,102257.41
2025-06-22,BTC,100987.14
2025-06-23,BTC,105577.77
2025-06-23,GLD,311.08
2025-06-23,QQQ,529.10
2025-06-24,BTC,106045.63
2025-06-24,GLD,306.19
2025-06-24,QQQ,537.19
2025-06-25,BTC,107361.26
2025-06-25,GLD,307.12
2025-06-25,QQQ,538.57
2025-06-26,BTC,106960.00
2025-06-26,GLD,306.78
2025-06-26,QQQ,543.60
2025-06-27,BTC,107088.43
2025-06-27,GLD,301.22
2025-06-27,QQQ,545.46
2025-06-28,BTC,107327.70
2025-06-29,BTC,108385.57
2025-06-30,BTC,107135.34
2025-06-30,GLD,304.83
2025-06-30,QQQ,549.00
2025-07-01,BTC,105698.28
2025-07-01,GLD,307.55
2025-07-01,QQQ,544.37
2025-07-02,BTC,108859.32
2025-07-02,GLD,309.25
2025-07-02,QQQ,548.16
2025-07-03,BTC,109647.98
2025-07-03,GLD,307.14
2025-07-03,QQQ,553.55
2025-07-04,BTC,108034.34
2025-07-05,BTC,108231.18
2025-07-06,BTC,109232.07
2025-07-07,BTC,108299.85
2025-07-07,GLD,307.37
2025-07-07,QQQ,549.38
2025-07-08,BTC,108950.27
2025-07-08,GLD,304.16
2025-07-08,QQQ,549.69
2025-07-09,BTC,111326.55
2025-07-09,GLD,305.52
2025-07-09,QQQ,553.58
2025-07-10,BTC,115987.20
2025-07-10,GLD,306.20
2025-07-10,QQQ,552.79
2025-07-11,BTC,117516.99
2025-07-11,GLD,309.14
2025-07-11,QQQ,551.54
2025-07-12,BTC,117435.23
2025-07-13,BTC,119116.12
2025-07-14,BTC,119849.70
2025-07-14,GLD,308.01
2025-07-14,QQQ,553.54
2025-07-15,BTC,117777.19
2025-07-15,GLD,306.73
2025-07-15,QQQ,554.05
2025-07-16,BTC,118738.51
2025-07-16,GLD,308.26
2025-07-16,QQQ,554.62
2025-07-17,BTC,119289.84
2025-07-17,GLD,307.59
2025-07-17,QQQ,559.11
2025-07-18,BTC,118003.23
2025-07-18,GLD,308.39
2025-07-18,QQQ,558.57
2025-07-19,BTC,117939.98
2025-07-20,BTC,117300.79
2025-07-21,BTC,117439.54
2025-07-21,GLD,313.13
2025-07-21,QQQ,561.47
2025-07-22,BTC,119995.41
2025-07-22,GLD,316.10
2025-07-22,QQQ,558.56
2025-07-23,BTC,118754.96
2025-07-23,GLD,312.18
2025-07-23,QQQ,561.11
2025-07-24,BTC,118368.00
2025-07-24,GLD,310.27
2025-07-24,QQQ,562.30
2025-07-25,BTC,117635.88
2025-07-25,GLD,307.40
2025-07-25,QQQ,563.66
2025-07-26,BTC,117947.37
2025-07-27,BTC,119448.49
2025-07-28,BTC,117924.48
2025-07-28,GLD,305.41
2025-07-28,QQQ,565.42
2025-07-29,BTC,117922.15
2025-07-29,GLD,306.25
2025-07-29,QQQ,564.54
2025-07-30,BTC,117831.19
2025-07-30,GLD,300.96
2025-07-30,QQQ,565.30
2025-07-31,BTC,115758.20
2025-07-31,GLD,302.96
2025-07-31,QQQ,562.30
2025-08-01,BTC,113320.09
2025-08-01,GLD,309.11
2025-08-01,QQQ,551.23
2025-08-02,BTC,112526.91
2025-08-03,BTC,114217.67
2025-08-04,BTC,115071.88
2025-08-04,GLD,310.91
2025-08-04,QQQ,561.40
2025-08-05,BTC,114141.45
2025-08-05,GLD,311.16
2025-08-05,QQQ,557.58
2025-08-06,BTC,115028.00
2025-08-06,GLD,310.50
2025-08-06,QQQ,564.60
2025-08-07,BTC,117496.90
2025-08-07,GLD,313.12
2025-08-07,QQQ,566.51
2025-08-08,BTC,116688.73
2025-08-08,GLD,313.05
2025-08-08,QQQ,571.80
2025-08-09,BTC,116500.36
2025-08-10,BTC,119306.76
2025-08-11,BTC,118731.45
2025-08-11,GLD,308.55
2025-08-11,QQQ,570.10
2025-08-12,BTC,120172.91
2025-08-12,GLD,308.27
2025-08-12,QQQ,577.27
2025-08-13,BTC,123344.06
2025-08-13,GLD,309.21
2025-08-13,QQQ,577.56
2025-08-14,BTC,118359.58
2025-08-14,GLD,307.25
2025-08-14,QQQ,577.11
2025-08-15,BTC,117398.35
2025-08-15,GLD,307.43
2025-08-15,QQQ,574.57
2025-08-16,BTC,117491.35
2025-08-17,BTC,117453.06
2025-08-18,BTC,116252.31
2025-08-18,GLD,306.95
2025-08-18,QQQ,574.34
2025-08-19,BTC,112831.18
2025-08-19,GLD,305.27
2025-08-19,QQQ,566.55
2025-08-20,BTC,114274.74
2025-08-20,GLD,308.36
2025-08-20,QQQ,563.19
2025-08-21,BTC,112419.03
2025-08-21,GLD,307.29
2025-08-21,QQQ,560.58
2025-08-22,BTC,116874.09
2025-08-22,GLD,310.58
2025-08-22,QQQ,569.23
2025-08-23,BTC,115374.33
2025-08-24,BTC,113458.43
2025-08-25,BTC,110124.35
2025-08-25,GLD,309.83
2025-08-25,QQQ,567.59
2025-08-26,BTC,111802.66
2025-08-26,GLD,312.08
2025-08-26,QQQ,569.87
2025-08-27,BTC,111222.06
2025-08-27,GLD,312.71
2025-08-27,QQQ,570.74
2025-08-28,BTC,112544.80
2025-08-28,GLD,315.03
2025-08-28,QQQ,574.31
2025-08-29,BTC,108410.84
2025-08-29,GLD,318.07
2025-08-29,QQQ,567.67
2025-08-30,BTC,108808.07
2025-08-31,BTC,108236.71
2025-09-01,BTC,109250.59
2025-09-02,BTC,111200.59
2025-09-02,GLD,325.59
2025-09-02,QQQ,562.91
2025-09-03,BTC,111723.21
2025-09-03,GLD,328.14
2025-09-03,QQQ,567.34
2025-09-04,BTC,110723.60
2025-09-04,GLD,326.69
2025-09-04,QQQ,572.47
2025-09-05,BTC,110650.98
2025-09-05,GLD,331.05
2025-09-05,QQQ,573.30
2025-09-06,BTC,110224.70
2025-09-07,BTC,111167.62
2025-09-08,BTC,112071.43
2025-09-08,GLD,334.82
2025-09-08,QQQ,576.10
2025-09-09,BTC,111530.55
2025-09-09,GLD,334.06
2025-09-09,QQQ,577.73
2025-09-10,BTC,113955.36
2025-09-10,GLD,335.26
2025-09-10,QQQ,577.92
2025-09-11,BTC,115507.54
2025-09-11,GLD,334.76
2025-09-11,QQQ,581.28
2025-09-12,BTC,116101.58
2025-09-12,GLD,335.42
2025-09-12,QQQ,583.85
2025-09-13,BTC,115950.51
2025-09-14,BTC,115407.66
2025-09-15,BTC,115444.88
2025-09-15,GLD,338.91
2025-09-15,QQQ,588.84
2025-09-16,BTC,116843.19
2025-09-16,GLD,339.59
2025-09-16,QQQ,588.35
2025-09-17,BTC,116468.51
2025-09-17,GLD,336.97
2025-09-17,QQQ,587.17
2025-09-18,BTC,117137.20
2025-09-18,GLD,335.62
2025-09-18,QQQ,592.47
2025-09-19,BTC,115688.86
2025-09-19,GLD,339.18
2025-09-19,QQQ,596.48
2025-09-20,BTC,115721.96
2025-09-21,BTC,115306.09
2025-09-22,BTC,112748.51
2025-09-22,GLD,345.05
2025-09-22,QQQ,600.01
2025-09-23,BTC,112014.50
2025-09-23,GLD,346.46
2025-09-23,QQQ,596.02
2025-09-24,BTC,113328.63
2025-09-24,GLD,343.32
2025-09-24,QQQ,593.93
2025-09-25,BTC,109049.29
2025-09-25,GLD,344.75
2025-09-25,QQQ,591.37
2025-09-26,BTC,109712.83
2025-09-26,GLD,346.74
2025-09-26,QQQ,593.80
2025-09-27,BTC,109681.95
2025-09-28,BTC,112122.64
2025-09-29,BTC,114400.38
2025-09-29,GLD,352.46
2025-09-29,QQQ,596.55
2025-09-30,BTC,114056.09
2025-09-30,GLD,355.47
2025-09-30,QQQ,598.19
2025-10-01,BTC,118648.93
2025-10-01,GLD,356.03
2025-10-01,QQQ,601.05
2025-10-02,BTC,120681.26
2025-10-02,GLD,354.79
2025-10-02,QQQ,603.53
2025-10-03,BTC,122266.53
2025-10-03,GLD,357.64
2025-10-03,QQQ,600.98
2025-10-04,BTC,122425.43
2025-10-05,BTC,123513.48
2025-10-06,BTC,124752.53
2025-10-06,GLD,364.38
2025-10-06,QQQ,605.50
2025-10-07,BTC,121451.38
2025-10-07,GLD,366.26
2025-10-07,QQQ,602.31
2025-10-08,BTC,123354.87
2025-10-08,GLD,372.30
2025-10-08,QQQ,609.21
2025-10-09,BTC,121705.59
2025-10-09,GLD,365.43
2025-10-09,QQQ,608.48
2025-10-10,BTC,113214.37
2025-10-10,GLD,369.12
2025-10-10,QQQ,587.35
2025-10-11,BTC,110807.88
2025-10-12,BTC,115169.77
2025-10-13,BTC,115271.08
2025-10-13,GLD,378.09
2025-10-13,QQQ,599.82
2025-10-14,BTC,113118.66
2025-10-14,GLD,380.79
2025-10-14,QQQ,595.82
2025-10-15,BTC,110783.16
2025-10-15,GLD,387.39
2025-10-15,QQQ,600.03
2025-10-16,BTC,108186.04
2025-10-16,GLD,396.45
2025-10-16,QQQ,597.81
2025-10-17,BTC,106467.79
2025-10-17,GLD,388.99
2025-10-17,QQQ,601.73
2025-10-18,BTC,107198.27
2025-10-19,BTC,108666.71
2025-10-20,BTC,110588.93
2025-10-20,GLD,403.15
2025-10-20,QQQ,609.31
2025-10-21,BTC,108476.89
2025-10-21,GLD,377.24
2025-10-21,QQQ,609.15
2025-10-22,BTC,107688.59
2025-10-22,GLD,377.28
2025-10-22,QQQ,603.29
2025-10-23,BTC,110069.73
2025-10-23,GLD,378.79
2025-10-23,QQQ,608.36
2025-10-24,BTC,111033.92
2025-10-24,GLD,377.52
2025-10-24,QQQ,614.85
2025-10-25,BTC,111641.73
2025-10-26,BTC,114472.45
2025-10-27,BTC,114119.33
2025-10-27,GLD,367.01
2025-10-27,QQQ,625.80
2025-10-28,BTC,112956.16
2025-10-28,GLD,364.38
2025-10-28,QQQ,630.62
2025-10-29,BTC,110055.30
2025-10-29,GLD,363.00
2025-10-29,QQQ,633.46
2025-10-30,BTC,108305.55
2025-10-30,GLD,370.13
2025-10-30,QQQ,623.77
2025-10-31,BTC,109556.16
2025-10-31,GLD,368.12
2025-10-31,QQQ,626.78
2025-11-01,BTC,110064.02
2025-11-02,BTC,110639.62
2025-11-03,BTC,106547.52
2025-11-03,GLD,368.78
2025-11-03,QQQ,629.78
2025-11-04,BTC,101590.52
2025-11-04,GLD,362.32
2025-11-04,QQQ,617.00
2025-11-05,BTC,103891.84
2025-11-05,GLD,366.51
2025-11-05,QQQ,621.01
2025-11-06,BTC,101301.29
2025-11-06,GLD,366.07
2025-11-06,QQQ,609.44
2025-11-07,BTC,103372.41
2025-11-07,GLD,368.31
2025-11-07,QQQ,607.52
2025-11-08,BTC,102282.12
2025-11-09,BTC,104719.64
2025-11-10,BTC,105996.59
2025-11-10,GLD,378.38
2025-11-10,QQQ,620.96
2025-11-11,BTC,102997.47
2025-11-11,GLD,379.87
2025-11-11,QQQ,619.31
2025-11-12,BTC,101663.19
2025-11-12,GLD,385.99
2025-11-12,QQQ,618.82
2025-11-13,BTC,99697.49
2025-11-13,GLD,382.87
2025-11-13,QQQ,606.19
2025-11-14,BTC,94397.79
2025-11-14,GLD,375.96
2025-11-14,QQQ,606.64
2025-11-15,BTC,95549.15
2025-11-16,BTC,94177.08
2025-11-17,BTC,92093.88
2025-11-17,GLD,371.65
2025-11-17,QQQ,601.46
2025-11-18,BTC,92948.88
2025-11-18,GLD,374.35
2025-11-18,QQQ,594.14
2025-11-19,BTC,91465.99
2025-11-19,GLD,374.96
2025-11-19,QQQ,597.69
2025-11-20,BTC,86631.90
2025-11-20,GLD,374.85
2025-11-20,QQQ,583.54
2025-11-21,BTC,85090.69
2025-11-21,GLD,374.27
2025-11-21,QQQ,587.92
2025-11-22,BTC,84648.36
2025-11-23,BTC,86805.01
2025-11-24,BTC,88270.56
2025-11-24,GLD,380.20
2025-11-24,QQQ,602.96
2025-11-25,BTC,87341.89
2025-11-25,GLD,380.08
2025-11-25,QQQ,606.67
2025-11-26,BTC,90518.37
2025-11-26,GLD,383.12
2025-11-26,QQQ,612.03
2025-11-27,BTC,91285.38
2025-11-28,BTC,90919.27
2025-11-28,GLD,387.88
2025-11-28,QQQ,617.00
2025-11-29,BTC,90851.76
2025-11-30,BTC,90394.31
2025-12-01,BTC,86321.57
2025-12-01,GLD,389.75
2025-12-01,QQQ,614.92
2025-12-02,BTC,91350.20
2025-12-02,GLD,387.24
2025-12-02,QQQ,619.74
2025-12-03,BTC,93527.80
2025-12-03,GLD,386.88
2025-12-03,QQQ,621.25
2025-12-04,BTC,92141.62
2025-12-04,GLD,387.13
2025-12-04,QQQ,620.67
2025-12-05,BTC,89387.76
2025-12-05,GLD,386.44
2025-12-05,QQQ,623.20
2025-12-06,BTC,89272.38
2025-12-07,BTC,90405.64
2025-12-08,BTC,90640.20
2025-12-08,GLD,385.42
2025-12-08,QQQ,622.01
2025-12-09,BTC,92691.71
2025-12-09,GLD,387.40
2025-12-09,QQQ,622.78
2025-12-10,BTC,92020.95
2025-12-10,GLD,389.05
2025-12-10,QQQ,625.33
2025-12-11,BTC,92511.34
2025-12-11,GLD,393.24
2025-12-11,QQQ,623.30
2025-12-12,BTC,90270.41
2025-12-12,GLD,395.44
2025-12-12,QQQ,611.39
2025-12-13,BTC,90298.71
2025-12-14,BTC,88175.18
2025-12-15,BTC,86419.78
2025-12-15,GLD,395.80
2025-12-15,QQQ,608.32
2025-12-16,BTC,87843.98
2025-12-16,GLD,395.89
2025-12-16,QQQ,609.52
2025-12-17,BTC,86143.76
2025-12-17,GLD,399.29
2025-12-17,QQQ,598.22
2025-12-18,BTC,85462.51
2025-12-18,GLD,398.57
2025-12-18,QQQ,606.89
2025-12-19,BTC,88103.38
2025-12-19,GLD,399.02
2025-12-19,QQQ,614.80
2025-12-20,BTC,88344.00
2025-12-21,BTC,88621.75
2025-12-22,BTC,88490.02
2025-12-22,GLD,408.23
2025-12-22,QQQ,617.75
2025-12-23,BTC,87414.00
2025-12-23,GLD,413.64
2025-12-23,QQQ,620.64
2025-12-24,BTC,87611.96
2025-12-24,GLD,411.93
2025-12-24,QQQ,622.46
2025-12-25,BTC,87234.74
2025-12-26,BTC,87301.43
2025-12-26,GLD,416.74
2025-12-26,QQQ,622.42
2025-12-27,BTC,87802.16
2025-12-28,BTC,87835.84
2025-12-29,BTC,87138.14
2025-12-29,GLD,398.60
2025-12-29,QQQ,619.41
2025-12-30,BTC,88430.13
2025-12-30,GLD,398.89
2025-12-30,QQQ,617.97
2025-12-31,BTC,87508.83
2025-12-31,GLD,396.31
2025-12-31,QQQ,612.86
2026-01-01,BTC,88731.98
2026-01-02,BTC,89944.70
2026-01-02,GLD,398.28
2026-01-02,QQQ,611.68
2026-01-03,BTC,90603.19
2026-01-04,BTC,91413.49
2026-01-05,BTC,93882.55
2026-01-05,GLD,408.76
2026-01-05,QQQ,616.53
2026-01-06,BTC,93729.03
2026-01-06,GLD,413.18
2026-01-06,QQQ,621.95
2026-01-07,BTC,91308.05
2026-01-07,GLD,409.23
2026-01-07,QQQ,622.55
2026-01-08,BTC,91027.12
2026-01-08,GLD,411.49
2026-01-08,QQQ,619.01
2026-01-09,BTC,90513.10
2026-01-09,GLD,414.47
2026-01-09,QQQ,625.17
2026-01-10,BTC,90386.65
2026-01-11,BTC,90827.46
2026-01-12,BTC,91192.99
2026-01-12,GLD,422.23
2026-01-12,QQQ,625.69
2026-01-13,BTC,95321.78
2026-01-13,GLD,421.63
2026-01-13,QQQ,624.76
2026-01-14,BTC,96929.33
2026-01-14,GLD,425.94
2026-01-14,QQQ,618.09
2026-01-15,BTC,95551.19
2026-01-15,GLD,423.33
2026-01-15,QQQ,620.32
2026-01-16,BTC,95525.12
2026-01-16,GLD,421.29
2026-01-16,QQQ,619.80
2026-01-17,BTC,95099.92
2026-01-18,BTC,93634.43
2026-01-19,BTC,92553.59
2026-01-20,BTC,88310.91
2026-01-20,GLD,437.23
2026-01-20,QQQ,606.63
2026-01-21,BTC,89376.96
2026-01-21,GLD,443.60
2026-01-21,QQQ,614.83
2026-01-22,BTC,89462.45
2026-01-22,GLD,451.79
2026-01-22,QQQ,619.30
2026-01-23,BTC,89503.88
2026-01-23,GLD,458.00
2026-01-23,QQQ,621.25
2026-01-24,BTC,89110.73
2026-01-25,BTC,86572.22
2026-01-26,BTC,88267.14
2026-01-26,GLD,464.70
2026-01-26,QQQ,623.99
2026-01-27,BTC,89102.57
2026-01-27,GLD,476.10
2026-01-27,QQQ,629.64
2026-01-28,BTC,89184.57
2026-01-28,GLD,494.56
2026-01-28,QQQ,631.73
2026-01-29,BTC,84561.59
2026-01-29,GLD,495.90
2026-01-29,QQQ,627.95
2026-01-30,BTC,84128.66
2026-01-30,GLD,444.95
2026-01-30,QQQ,620.41
2026-01-31,BTC,78621.12
2026-02-01,BTC,76974.45
2026-02-02,BTC,78688.77
2026-02-02,GLD,427.13
2026-02-02,QQQ,624.67
2026-02-03,BTC,75633.55
2026-02-03,GLD,454.29
2026-02-03,QQQ,615.07
2026-02-04,BTC,73019.70
2026-02-04,GLD,453.97
2026-02-04,QQQ,604.32
2026-02-05,BTC,62702.10
2026-02-05,GLD,441.88
2026-02-05,QQQ,595.62
2026-02-06,BTC,70555.39
2026-02-06,GLD,455.46
2026-02-06,QQQ,608.21
2026-02-07,BTC,69281.97
2026-02-08,BTC,70264.73
2026-02-09,BTC,70120.78
2026-02-09,GLD,467.03
2026-02-09,QQQ,612.87
2026-02-10,BTC,68793.96
2026-02-10,GLD,462.40
2026-02-10,QQQ,610.03
2026-02-11,BTC,66991.97
2026-02-11,GLD,467.63
2026-02-11,QQQ,611.67
2026-02-12,BTC,66221.84
2026-02-12,GLD,451.39
2026-02-12,QQQ,599.23
2026-02-13,BTC,68857.84
2026-02-13,GLD,462.62
2026-02-13,QQQ,600.50
2026-02-14,BTC,69767.62
2026-02-15,BTC,68788.19
2026-02-16,BTC,68843.16
2026-02-17,BTC,67494.22
2026-02-17,GLD,448.20
2026-02-17,QQQ,599.88
2026-02-18,BTC,66425.32
2026-02-18,GLD,458.28
2026-02-18,QQQ,604.36
2026-02-19,BTC,66957.52
2026-02-19,GLD,459.56
2026-02-19,QQQ,602.05
2026-02-20,BTC,68005.42
2026-02-20,GLD,468.62
2026-02-20,QQQ,607.38
2026-02-21,BTC,68003.77
2026-02-22,BTC,67659.39
2026-02-23,BTC,64616.74
2026-02-23,GLD,481.28
2026-02-23,QQQ,599.99
2026-02-24,BTC,64080.04
2026-02-24,GLD,474.61
2026-02-24,QQQ,606.44
2026-02-25,BTC,67960.12
2026-02-25,GLD,473.42
2026-02-25,QQQ,615.23
2026-02-26,BTC,67453.77
2026-02-26,GLD,477.48
2026-02-26,QQQ,607.80
2026-02-27,BTC,65881.80
2026-02-27,GLD,483.75
2026-02-27,QQQ,605.86
2026-02-28,BTC,66995.86
2026-03-01,BTC,65738.10
2026-03-02,BTC,68775.85
2026-03-02,GLD,490.00
2026-03-02,QQQ,606.66
2026-03-03,BTC,68293.65
2026-03-03,GLD,468.14
2026-03-03,QQQ,600.16
2026-03-04,BTC,72710.58
2026-03-04,GLD,471.80
2026-03-04,QQQ,609.31
2026-03-05,BTC,70841.12
2026-03-05,GLD,466.13
2026-03-05,QQQ,607.48
2026-03-06,BTC,68136.49
2026-03-06,GLD,473.51
2026-03-06,QQQ,598.34
2026-03-07,BTC,67272.59
2026-03-08,BTC,65969.78
2026-03-09,BTC,68402.38
2026-03-09,GLD,472.53
2026-03-09,QQQ,606.33
2026-03-10,BTC,69926.92
2026-03-10,GLD,477.86
2026-03-10,QQQ,606.34
2026-03-11,BTC,70204.88
2026-03-11,GLD,476.24
2026-03-11,QQQ,606.26
2026-03-12,BTC,70493.46
2026-03-12,GLD,466.88
2026-03-12,QQQ,595.85
2026-03-13,BTC,70968.27
2026-03-13,GLD,460.84
2026-03-13,QQQ,592.32
2026-03-14,BTC,71214.62
2026-03-15,BTC,72789.91
2026-03-16,BTC,74861.09
2026-03-16,GLD,460.43
2026-03-16,QQQ,598.97
2026-03-17,BTC,73922.48
2026-03-17,GLD,459.27
2026-03-17,QQQ,601.89
2026-03-18,BTC,71245.58
2026-03-18,GLD,444.74
2026-03-18,QQQ,593.50
2026-03-19,BTC,69912.79
2026-03-19,GLD,426.41
2026-03-19,QQQ,591.62
2026-03-20,BTC,70522.59
2026-03-20,GLD,413.38
2026-03-20,QQQ,580.69
2026-03-21,BTC,68711.52
2026-03-22,BTC,67845.21
2026-03-23,BTC,70914.86
2026-03-23,GLD,404.04
2026-03-23,QQQ,587.35
2026-03-24,BTC,70517.86
2026-03-24,GLD,404.13
2026-03-24,QQQ,583.34
2026-03-25,BTC,71309.88
2026-03-25,GLD,416.29
2026-03-25,QQQ,587.17
2026-03-26,BTC,68791.62
2026-03-26,GLD,400.64
2026-03-26,QQQ,573.16
2026-03-27,BTC,66338.38
2026-03-27,GLD,414.70
2026-03-27,QQQ,561.96
2026-03-28,BTC,66319.70
2026-03-29,BTC,65954.92
2026-03-30,BTC,66691.45
2026-03-30,GLD,414.58
2026-03-30,QQQ,557.67
2026-03-31,BTC,68233.31
2026-03-31,GLD,430.29
2026-03-31,QQQ,576.55
2026-04-01,BTC,68078.55
2026-04-01,GLD,437.82
2026-04-01,QQQ,583.67
2026-04-02,BTC,66888.57
2026-04-02,GLD,429.41
2026-04-02,QQQ,584.34
2026-04-03,BTC,66931.10
2026-04-04,BTC,67290.52
2026-04-05,BTC,68981.90
2026-04-06,BTC,68859.83
2026-04-06,GLD,427.65
2026-04-06,QQQ,587.85
2026-04-07,BTC,71940.70
2026-04-07,GLD,431.81
2026-04-07,QQQ,587.94
2026-04-08,BTC,71123.36
2026-04-08,GLD,434.53
2026-04-08,QQQ,605.42
2026-04-09,BTC,71767.83
2026-04-09,GLD,437.91
2026-04-09,QQQ,609.52
2026-04-10,BTC,72979.05
2026-04-10,GLD,437.13
2026-04-10,QQQ,610.40
2026-04-11,BTC,73054.27
2026-04-12,BTC,70753.41
2026-04-13,BTC,74484.64
2026-04-13,GLD,435.36
2026-04-13,QQQ,616.71
2026-04-14,BTC,74181.61
2026-04-14,GLD,445.09
2026-04-14,QQQ,627.91
2026-04-15,BTC,74805.08
2026-04-15,GLD,440.46
2026-04-15,QQQ,636.70
2026-04-16,BTC,75152.13
2026-04-16,GLD,440.08
2026-04-16,QQQ,639.77
2026-04-17,BTC,77126.88
2026-04-17,GLD,445.93
2026-04-17,QQQ,648.14
2026-04-18,BTC,75726.21
2026-04-19,BTC,73856.35
2026-04-20,BTC,75872.52
2026-04-20,GLD,442.09
2026-04-20,QQQ,646.08
2026-04-21,BTC,76352.77
2026-04-21,GLD,429.57
2026-04-21,QQQ,643.62
2026-04-22,BTC,78203.10
2026-04-22,GLD,435.26
2026-04-22,QQQ,654.39
2026-04-23,BTC,78268.95
2026-04-23,GLD,431.04
2026-04-23,QQQ,650.70
2026-04-24,BTC,77455.31
2026-04-24,GLD,433.25
2026-04-24,QQQ,663.15
2026-04-25,BTC,77612.02
2026-04-26,BTC,78657.54
2026-04-27,BTC,77366.62
2026-04-27,GLD,429.89
2026-04-27,QQQ,663.50
2026-04-28,BTC,76350.67
2026-04-28,GLD,421.91
2026-04-28,QQQ,656.83
2026-04-29,BTC,75776.13
2026-04-29,GLD,417.41
2026-04-29,QQQ,660.84
2026-04-30,BTC,76304.32
2026-04-30,GLD,423.66
2026-04-30,QQQ,667.01
2026-05-01,BTC,78179.00
2026-05-01,GLD,423.18
2026-05-01,QQQ,673.41
2026-05-02,BTC,78657.25
2026-05-03,BTC,78538.23
2026-05-04,BTC,79827.91
2026-05-04,GLD,414.71
2026-05-04,QQQ,672.14
2026-05-05,BTC,80927.05
2026-05-05,GLD,418.27
2026-05-05,QQQ,680.86
2026-05-06,BTC,81427.53
2026-05-06,GLD,430.96
2026-05-06,QQQ,695.01
2026-05-07,BTC,80009.99
2026-05-07,GLD,431.68
2026-05-07,QQQ,694.18
2026-05-08,BTC,80186.77
2026-05-08,GLD,433.77
2026-05-08,QQQ,710.45
2026-05-09,BTC,80664.37
2026-05-10,BTC,82138.93
2026-05-11,BTC,81728.30
2026-05-11,GLD,434.65
2026-05-11,QQQ,712.51
2026-05-12,BTC,80477.49
2026-05-12,GLD,432.93
2026-05-12,QQQ,706.46
2026-05-13,BTC,79277.12
2026-05-13,GLD,430.50
2026-05-13,QQQ,713.93
2026-05-14,BTC,81051.25
2026-05-14,GLD,427.21
2026-05-14,QQQ,719.00
2026-05-15,BTC,79065.68
2026-05-15,GLD,417.29
2026-05-15,QQQ,708.15
2026-05-16,BTC,78131.44
2026-05-17,BTC,77429.35
2026-05-18,BTC,76954.17
2026-05-18,GLD,418.43
2026-05-18,QQQ,705.11
2026-05-19,BTC,76750.91
2026-05-19,GLD,411.50
2026-05-19,QQQ,700.76
2026-05-20,BTC,77457.77
2026-05-20,GLD,417.40
2026-05-20,QQQ,712.37
2026-05-21,BTC,77539.17
2026-05-21,GLD,416.99
2026-05-21,QQQ,713.73
2026-05-22,BTC,75488.24
2026-05-22,GLD,413.82
2026-05-22,QQQ,716.75
2026-05-23,BTC,76673.37
2026-05-24,BTC,76981.12
2026-05-25,BTC,77279.93
2026-05-26,BTC,75825.73
2026-05-26,GLD,414.00
2026-05-26,QQQ,729.48
2026-05-27,BTC,74344.70
2026-05-27,GLD,408.49
2026-05-27,QQQ,728.65
2026-05-28,BTC,73536.55
2026-05-28,GLD,412.77
2026-05-28,QQQ,734.79
2026-05-29,BTC,73372.52
2026-05-29,GLD,417.12
2026-05-29,QQQ,737.50
2026-05-30,BTC,73754.84
2026-05-31,BTC,73579.69
2026-06-01,BTC,71319.77
2026-06-01,GLD,411.26
2026-06-01,QQQ,741.92
2026-06-02,BTC,66703.66
2026-06-02,GLD,411.95
2026-06-02,QQQ,745.34
2026-06-03,BTC,64014.37
2026-06-03,GLD,407.87
2026-06-03,QQQ,743.39
2026-06-04,BTC,63801.57
2026-06-04,GLD,411.27
2026-06-04,QQQ,739.80
2026-06-05,BTC,60922.67
2026-06-05,GLD,396.24
2026-06-05,QQQ,704.29
2026-06-06,BTC,60867.41
2026-06-07,BTC,63239.52
2026-06-08,BTC,63090.59
2026-06-08,GLD,397.27
2026-06-08,QQQ,715.28
2026-06-09,BTC,61643.78
2026-06-09,GLD,390.78
2026-06-09,QQQ,707.05
2026-06-10,BTC,61449.29
2026-06-10,GLD,374.58
2026-06-10,QQQ,692.93
2026-06-11,BTC,63561.05
2026-06-11,GLD,386.32
2026-06-11,QQQ,716.33
2026-06-12,BTC,63543.20
2026-06-12,GLD,386.54
2026-06-12,QQQ,720.55
2026-06-13,BTC,64421.32
2026-06-14,BTC,65710.40
2026-06-15,BTC,66289.50
2026-06-15,GLD,396.55
2026-06-15,QQQ,743.18
2026-06-16,BTC,65600.64
2026-06-16,GLD,397.63
2026-06-16,QQQ,729.06
2026-06-17,BTC,64418.45
2026-06-17,GLD,388.60
2026-06-17,QQQ,721.72
2026-06-18,BTC,62896.47
2026-06-18,GLD,387.12
2026-06-18,QQQ,739.81
2026-06-19,BTC,63540.84
2026-06-20,BTC,64239.68
2026-06-21,BTC,63237.54
2026-06-22,BTC,63952.11
2026-06-22,GLD,384.59
2026-06-22,QQQ,737.95
2026-06-23,BTC,62668.02
2026-06-23,GLD,377.32
2026-06-23,QQQ,713.65
2026-06-24,BTC,60995.13
2026-06-24,GLD,365.92
2026-06-24,QQQ,710.62
2026-06-25,BTC,59721.68
2026-06-25,GLD,369.46
2026-06-25,QQQ,716.38
2026-06-26,BTC,60016.43
2026-06-26,GLD,373.63
2026-06-26,QQQ,706.52
2026-06-27,BTC,59940.10
2026-06-28,BTC,59532.34
2026-06-29,BTC,60138.38
2026-06-29,GLD,368.58
2026-06-29,QQQ,724.08
2026-06-30,BTC,58558.86
2026-06-30,GLD,368.38
2026-06-30,QQQ,736.40
2026-07-01,BTC,60003.76
2026-07-01,GLD,370.60
2026-07-01,QQQ,725.17
2026-07-02,BTC,61485.30
2026-07-02,GLD,378.13
2026-07-02,QQQ,712.60
2026-07-03,BTC,62544.20
2026-07-04,BTC,63088.30
2026-07-05,BTC,63547.88
2026-07-06,BTC,63995.02
2026-07-06,GLD,382.13
2026-07-06,QQQ,722.82
2026-07-07,BTC,63297.39
2026-07-07,GLD,377.49
2026-07-07,QQQ,709.43
2026-07-08,BTC,62257.57
2026-07-08,GLD,374.45
2026-07-08,QQQ,711.44
2026-07-09,BTC,63193.15
2026-07-09,GLD,378.18
2026-07-09,QQQ,723.28
2026-07-10,BTC,64127.14
2026-07-10,GLD,377.01
2026-07-10,QQQ,725.51
2026-07-11,BTC,63802.03
2026-07-12,BTC,63758.22
2026-07-13,BTC,62239.12
2026-07-13,GLD,367.13
2026-07-13,QQQ,711.74
2026-07-14,BTC,64956.11
2026-07-14,GLD,372.15
2026-07-14,QQQ,719.69
2026-07-15,BTC,64712.38
2026-07-15,GLD,372.35
2026-07-15,QQQ,717.74
2026-07-16,BTC,63789.28
2026-07-16,GLD,364.96
2026-07-16,QQQ,705.94
2026-07-17,BTC,63899.46
2026-07-17,GLD,368.41
2026-07-17,QQQ,695.33
2026-07-18,BTC,64796.60
2026-07-19,BTC,64690.80
2026-07-20,BTC,65230.03
2026-07-20,GLD,367.60
2026-07-20,QQQ,696.06
2026-07-21,BTC,66505.12
2026-07-21,GLD,374.81
2026-07-21,QQQ,708.97
2026-07-22,BTC,66100.80
2026-07-22,GLD,379.12
2026-07-22,QQQ,705.35
2026-07-23,BTC,65044.81
2026-07-23,GLD,371.52
2026-07-23,QQQ,691.96
2026-07-24,BTC,64098.50
2026-07-24,GLD,371.90
2026-07-24,QQQ,684.23
2026-07-25,BTC,64311.81
2026-07-26,BTC,65340.30
2026-07-27,BTC,63724.90
2026-07-27,GLD,374.63
2026-07-27,QQQ,682.12
2026-07-28,BTC,63871.36
2026-07-28,GLD,369.37
2026-07-28,QQQ,675.49
2026-07-29,BTC,63908.17
2026-07-29,GLD,371.08
2026-07-29,QQQ,661.73
2026-07-30,BTC,64725.31
2026-07-30,GLD,377.16
2026-07-30,QQQ,683.55
2026-07-31,BTC,62813.75
2026-07-31,GLD,371.54
2026-07-31,QQQ,687.99
2026-08-01,BTC,62763.32
2026-08-02,BTC,63482.00
2026-08-03,BTC,63460.90
2026-08-03,GLD,371.71
2026-08-03,QQQ,700.07
2026-08-04,BTC,64055.95
2026-08-04,GLD,374.16
2026-08-04,QQQ,723.85
2026-08-05,BTC,64597.50
2026-08-05,GLD,389.64
2026-08-05,QQQ,717.30
2026-08-06,BTC,64262.11
2026-08-06,GLD,389.67
2026-08-06,QQQ,714.65
2026-08-07,BTC,64880.19
2026-08-07,GLD,398.47
2026-08-07,QQQ,723.03
2026-08-08,BTC,64904.69
2026-08-09,BTC,64844.89
2026-08-10,BTC,63910.59
2026-08-10,GLD,402.54
2026-08-10,QQQ,720.87
2026-08-11,BTC,63551.88
2026-08-11,GLD,400.96
2026-08-11,QQQ,718.45
2026-08-12,BTC,63402.43
2026-08-12,GLD,404.92
2026-08-12,QQQ,723.70
2026-08-13,BTC,63402.17
2026-08-13,GLD,398.96
2026-08-13,QQQ,732.07
2026-08-14,BTC,62975.59
2026-08-14,GLD,401.48
2026-08-14,QQQ,731.07
2026-08-15,BTC,63024.32
2026-08-16,BTC,62818.65
2026-08-17,BTC,64506.25
2026-08-17,GLD,405.49
2026-08-17,QQQ,729.87
2026-08-18,BTC,64680.71
2026-08-18,GLD,398.55
2026-08-18,QQQ,717.51
2026-08-19,BTC,69266.19
2026-08-19,GLD,413.84
2026-08-19,QQQ,716.08
2026-08-20,BTC,73032.76
2026-08-20,GLD,415.26
2026-08-20,QQQ,710.93
2026-08-21,BTC,78335.19
2026-08-21,GLD,423.36
2026-08-21,QQQ,713.44
2026-08-22,BTC,77083.41
2026-08-23,BTC,77755.27
2026-08-24,BTC,78964.48
2026-08-24,GLD,426.69
2026-08-24,QQQ,706.32
2026-08-25,BTC,78564.98
2026-08-25,GLD,428.07
2026-08-25,QQQ,710.72
2026-08-26,BTC,79027.42
2026-08-26,GLD,421.32
2026-08-26,QQQ,711.37
2026-08-27,BTC,80257.54
2026-08-27,GLD,422.60
2026-08-27,QQQ,721.11
2026-08-28,BTC,77830.29
2026-08-28,GLD,408.89
2026-08-28,QQQ,716.43
2026-08-29,BTC,78245.81
2026-08-30,BTC,77667.57
2026-08-30,PAXG,4454.40
2026-08-31,BTC,78548.63
2026-08-31,GLD,408.42
2026-08-31,PAXG,4449.97
2026-08-31,QQQ,716.76
2026-09-01,BTC,77403.62
2026-09-01,GLD,396.75
2026-09-01,PAXG,4335.61
2026-09-01,QQQ,707.64
2026-09-02,BTC,77300.48
2026-09-02,GLD,402.78
2026-09-02,PAXG,4392.00
2026-09-02,QQQ,709.24
2026-09-03,BTC,81271.74
2026-09-03,GLD,410.22
2026-09-03,PAXG,4481.32
2026-09-03,QQQ,717.67
2026-09-04,BTC,79671.97
2026-09-04,GLD,406.77
2026-09-04,PAXG,4432.12
2026-09-04,QQQ,718.96
2026-09-05,BTC,79823.87
2026-09-05,PAXG,4431.73
2026-09-06,BTC,80350.05
2026-09-06,PAXG,4425.15
2026-09-07,BTC,79115.85
2026-09-07,PAXG,4420.46
2026-09-08,BTC,78438.58
2026-09-08,GLD,399.72
2026-09-08,PAXG,4357.34
2026-09-08,QQQ,718.36
2026-09-09,BTC,78288.6
2026-09-09,GLD,403.35
2026-09-09,PAXG,4393.57
2026-09-09,QQQ,716.31
2026-09-10,BTC,76542.0
2026-09-10,GLD,396.36
2026-09-10,PAXG,4317.40
2026-09-10,QQQ,708.69
