as_of,sleeve,call,dist_pct,confidence,close,next_close,next_ret_pct,result,scored_on,source
2015-08-07,BTC,LONG,11.94,HIGH,279.58,264.47,-5.405,WRONG,2015-08-10,BACKFILL
2015-08-07,GLD,HELD,-8.38,HIGH,104.65,105.72,1.022,RIGHT,2015-08-10,BACKFILL
2015-08-07,QQQ,LONG,2.8,MEDIUM,101.8,102.96,1.139,RIGHT,2015-08-10,BACKFILL
2015-08-10,BTC,LONG,5.91,HIGH,264.47,270.39,2.238,RIGHT,2015-08-11,BACKFILL
2015-08-10,GLD,HELD,-7.39,HIGH,105.72,106.26,0.511,RIGHT,2015-08-11,BACKFILL
2015-08-10,QQQ,LONG,3.91,MEDIUM,102.96,101.64,-1.282,WRONG,2015-08-11,BACKFILL
2015-08-11,BTC,LONG,8.33,HIGH,270.39,266.38,-1.483,WRONG,2015-08-12,BACKFILL
2015-08-11,GLD,HELD,-6.86,HIGH,106.26,107.75,1.402,RIGHT,2015-08-12,BACKFILL
2015-08-11,QQQ,LONG,2.51,MEDIUM,101.64,101.99,0.344,RIGHT,2015-08-12,BACKFILL
2015-08-12,BTC,LONG,6.8,HIGH,266.38,264.08,-0.863,WRONG,2015-08-13,BACKFILL
2015-08-12,GLD,HELD,-5.51,HIGH,107.75,106.86,-0.826,WRONG,2015-08-13,BACKFILL
2015-08-12,QQQ,LONG,2.8,MEDIUM,101.99,101.83,-0.157,WRONG,2015-08-13,BACKFILL
2015-08-13,BTC,LONG,5.94,HIGH,264.08,265.68,0.606,RIGHT,2015-08-14,BACKFILL
2015-08-13,GLD,HELD,-6.24,HIGH,106.86,106.85,-0.009,WRONG,2015-08-14,BACKFILL
2015-08-13,QQQ,LONG,2.59,MEDIUM,101.83,101.98,0.147,RIGHT,2015-08-14,BACKFILL
2015-08-14,BTC,LONG,6.65,HIGH,265.68,257.98,-2.898,WRONG,2015-08-17,BACKFILL
2015-08-14,GLD,HELD,-6.19,HIGH,106.85,107.13,0.262,RIGHT,2015-08-17,BACKFILL
2015-08-14,QQQ,LONG,2.69,MEDIUM,101.98,102.83,0.833,RIGHT,2015-08-17,BACKFILL
2015-08-17,BTC,LONG,3.58,MEDIUM,257.98,211.08,-18.18,WRONG,2015-08-18,BACKFILL
2015-08-17,GLD,HELD,-5.88,HIGH,107.13,107.11,-0.019,WRONG,2015-08-18,BACKFILL
2015-08-17,QQQ,LONG,3.48,MEDIUM,102.83,102.31,-0.506,WRONG,2015-08-18,BACKFILL
2015-08-18,BTC,FLAT,-15.21,HIGH,211.08,226.68,7.391,WRONG,2015-08-19,BACKFILL
2015-08-18,GLD,HELD,-5.84,HIGH,107.11,108.55,1.344,RIGHT,2015-08-19,BACKFILL
2015-08-18,QQQ,LONG,2.89,MEDIUM,102.31,101.63,-0.665,WRONG,2015-08-19,BACKFILL
2015-08-19,BTC,FLAT,-9.07,HIGH,226.68,235.35,3.825,WRONG,2015-08-20,BACKFILL
2015-08-19,GLD,HELD,-4.52,MEDIUM,108.55,110.44,1.741,RIGHT,2015-08-20,BACKFILL
2015-08-19,QQQ,LONG,2.15,MEDIUM,101.63,98.82,-2.765,WRONG,2015-08-20,BACKFILL
2015-08-20,BTC,FLAT,-5.65,HIGH,235.35,232.57,-1.181,RIGHT,2015-08-21,BACKFILL
2015-08-20,GLD,HELD,-2.79,MEDIUM,110.44,111.13,0.625,RIGHT,2015-08-21,BACKFILL
2015-08-20,QQQ,FLAT,-0.73,LOW,98.82,94.5,-4.372,RIGHT,2015-08-21,BACKFILL
2015-08-21,BTC,FLAT,-6.83,HIGH,232.57,210.49,-9.494,RIGHT,2015-08-24,BACKFILL
2015-08-21,GLD,HELD,-2.12,MEDIUM,111.13,110.53,-0.54,WRONG,2015-08-24,BACKFILL
2015-08-21,QQQ,FLAT,-5.08,HIGH,94.5,90.86,-3.852,RIGHT,2015-08-24,BACKFILL
2015-08-24,BTC,FLAT,-15.67,HIGH,210.49,221.61,5.283,WRONG,2015-08-25,BACKFILL
2015-08-24,GLD,HELD,-2.57,MEDIUM,110.53,109.16,-1.239,WRONG,2015-08-25,BACKFILL
2015-08-24,QQQ,FLAT,-8.72,HIGH,90.86,90.52,-0.374,RIGHT,2015-08-25,BACKFILL
2015-08-25,BTC,FLAT,-11.2,HIGH,221.61,225.83,1.904,WRONG,2015-08-26,BACKFILL
2015-08-25,GLD,HELD,-3.69,MEDIUM,109.16,107.67,-1.365,WRONG,2015-08-26,BACKFILL
2015-08-25,QQQ,FLAT,-9.04,HIGH,90.52,95.08,5.038,WRONG,2015-08-26,BACKFILL
2015-08-26,BTC,FLAT,-9.49,HIGH,225.83,224.77,-0.469,RIGHT,2015-08-27,BACKFILL
2015-08-26,GLD,HELD,-4.91,MEDIUM,107.67,107.73,0.056,RIGHT,2015-08-27,BACKFILL
2015-08-26,QQQ,FLAT,-4.46,MEDIUM,95.08,97.49,2.535,WRONG,2015-08-27,BACKFILL
2015-08-27,BTC,FLAT,-9.9,HIGH,224.77,231.4,2.95,WRONG,2015-08-28,BACKFILL
2015-08-27,GLD,HELD,-4.77,MEDIUM,107.73,108.7,0.9,RIGHT,2015-08-28,BACKFILL
2015-08-27,QQQ,FLAT,-2.04,MEDIUM,97.49,97.47,-0.021,RIGHT,2015-08-28,BACKFILL
2015-08-28,BTC,FLAT,-7.14,HIGH,231.4,230.06,-0.579,RIGHT,2015-08-31,BACKFILL
2015-08-28,GLD,HELD,-3.83,MEDIUM,108.7,108.82,0.11,RIGHT,2015-08-31,BACKFILL
2015-08-28,QQQ,FLAT,-2.08,MEDIUM,97.47,96.26,-1.241,RIGHT,2015-08-31,BACKFILL
2015-08-31,BTC,FLAT,-7.59,HIGH,230.06,228.12,-0.843,RIGHT,2015-09-01,BACKFILL
2015-08-31,GLD,HELD,-3.63,MEDIUM,108.82,109.2,0.349,RIGHT,2015-09-01,BACKFILL
2015-08-31,QQQ,FLAT,-3.31,MEDIUM,96.26,93.25,-3.127,RIGHT,2015-09-01,BACKFILL
2015-09-01,BTC,FLAT,-8.36,HIGH,228.12,229.28,0.509,WRONG,2015-09-02,BACKFILL
2015-09-01,GLD,HELD,-3.21,MEDIUM,109.2,108.62,-0.531,WRONG,2015-09-02,BACKFILL
2015-09-01,QQQ,FLAT,-6.34,HIGH,93.25,95.88,2.82,WRONG,2015-09-02,BACKFILL
2015-09-02,BTC,FLAT,-7.88,HIGH,229.28,227.18,-0.916,RIGHT,2015-09-03,BACKFILL
2015-09-02,GLD,HELD,-3.66,MEDIUM,108.62,107.84,-0.718,WRONG,2015-09-03,BACKFILL
2015-09-02,QQQ,FLAT,-3.71,MEDIUM,95.88,95.41,-0.49,RIGHT,2015-09-03,BACKFILL
2015-09-03,BTC,FLAT,-8.73,HIGH,227.18,230.3,1.373,WRONG,2015-09-04,BACKFILL
2015-09-03,GLD,HELD,-4.26,MEDIUM,107.84,107.49,-0.325,WRONG,2015-09-04,BACKFILL
2015-09-03,QQQ,FLAT,-4.2,MEDIUM,95.41,94.28,-1.184,RIGHT,2015-09-04,BACKFILL
2015-09-04,BTC,FLAT,-7.45,HIGH,230.3,243.61,5.779,WRONG,2015-09-08,BACKFILL
2015-09-04,GLD,HELD,-4.49,MEDIUM,107.49,107.52,0.028,RIGHT,2015-09-08,BACKFILL
2015-09-04,QQQ,FLAT,-5.34,HIGH,94.28,96.93,2.811,WRONG,2015-09-08,BACKFILL
2015-09-08,BTC,FLAT,-2.15,MEDIUM,243.61,238.17,-2.233,RIGHT,2015-09-09,BACKFILL
2015-09-08,GLD,HELD,-4.39,MEDIUM,107.52,106.13,-1.293,WRONG,2015-09-09,BACKFILL
2015-09-08,QQQ,FLAT,-2.69,MEDIUM,96.93,95.85,-1.114,RIGHT,2015-09-09,BACKFILL
2015-09-09,BTC,FLAT,-4.36,MEDIUM,238.17,238.48,0.13,WRONG,2015-09-10,BACKFILL
2015-09-09,GLD,HELD,-5.54,HIGH,106.13,106.38,0.236,RIGHT,2015-09-10,BACKFILL
2015-09-09,QQQ,FLAT,-3.79,MEDIUM,95.85,96.89,1.085,WRONG,2015-09-10,BACKFILL
2015-09-10,BTC,FLAT,-4.29,MEDIUM,238.48,240.11,0.683,WRONG,2015-09-11,BACKFILL
2015-09-10,GLD,HELD,-5.23,HIGH,106.38,106.16,-0.207,WRONG,2015-09-11,BACKFILL
2015-09-10,QQQ,FLAT,-2.75,MEDIUM,96.89,97.42,0.547,WRONG,2015-09-11,BACKFILL
2015-09-11,BTC,FLAT,-3.68,MEDIUM,240.11,230.64,-3.944,RIGHT,2015-09-14,BACKFILL
2015-09-11,GLD,HELD,-5.35,HIGH,106.16,106.22,0.057,RIGHT,2015-09-14,BACKFILL
2015-09-11,QQQ,FLAT,-2.24,MEDIUM,97.42,97.13,-0.298,RIGHT,2015-09-14,BACKFILL
2015-09-14,BTC,FLAT,-7.51,HIGH,230.64,230.3,-0.147,RIGHT,2015-09-15,BACKFILL
2015-09-14,GLD,HELD,-5.23,HIGH,106.22,105.9,-0.301,WRONG,2015-09-15,BACKFILL
2015-09-14,QQQ,FLAT,-2.55,MEDIUM,97.13,98.27,1.174,WRONG,2015-09-15,BACKFILL
2015-09-15,BTC,FLAT,-7.67,HIGH,230.3,229.09,-0.525,RIGHT,2015-09-16,BACKFILL
2015-09-15,GLD,HELD,-5.44,HIGH,105.9,107.31,1.331,RIGHT,2015-09-16,BACKFILL
2015-09-15,QQQ,FLAT,-1.42,LOW,98.27,98.83,0.57,WRONG,2015-09-16,BACKFILL
2015-09-16,BTC,FLAT,-8.18,HIGH,229.09,229.81,0.314,WRONG,2015-09-17,BACKFILL
2015-09-16,GLD,HELD,-4.13,MEDIUM,107.31,108.41,1.025,RIGHT,2015-09-17,BACKFILL
2015-09-16,QQQ,FLAT,-0.87,LOW,98.83,98.86,0.03,WRONG,2015-09-17,BACKFILL
2015-09-17,BTC,FLAT,-7.91,HIGH,229.81,232.98,1.379,WRONG,2015-09-18,BACKFILL
2015-09-17,GLD,HELD,-3.09,MEDIUM,108.41,109.21,0.738,RIGHT,2015-09-18,BACKFILL
2015-09-17,QQQ,FLAT,-0.85,LOW,98.86,97.46,-1.416,RIGHT,2015-09-18,BACKFILL
2015-09-18,BTC,FLAT,-6.63,HIGH,232.98,227.09,-2.528,RIGHT,2015-09-21,BACKFILL
2015-09-18,GLD,HELD,-2.32,MEDIUM,109.21,108.53,-0.623,WRONG,2015-09-21,BACKFILL
2015-09-18,QQQ,FLAT,-2.25,MEDIUM,97.46,97.76,0.308,WRONG,2015-09-21,BACKFILL
2015-09-21,BTC,FLAT,-8.96,HIGH,227.09,230.62,1.554,WRONG,2015-09-22,BACKFILL
2015-09-21,GLD,HELD,-2.89,MEDIUM,108.53,107.79,-0.682,WRONG,2015-09-22,BACKFILL
2015-09-21,QQQ,FLAT,-1.95,LOW,97.76,96.3,-1.493,RIGHT,2015-09-22,BACKFILL
2015-09-22,BTC,FLAT,-7.53,HIGH,230.62,230.28,-0.147,RIGHT,2015-09-23,BACKFILL
2015-09-22,GLD,HELD,-3.5,MEDIUM,107.79,108.22,0.399,RIGHT,2015-09-23,BACKFILL
2015-09-22,QQQ,FLAT,-3.4,MEDIUM,96.3,96.37,0.073,WRONG,2015-09-23,BACKFILL
2015-09-23,BTC,FLAT,-7.64,HIGH,230.28,234.53,1.846,WRONG,2015-09-24,BACKFILL
2015-09-23,GLD,HELD,-3.07,MEDIUM,108.22,110.49,2.098,RIGHT,2015-09-24,BACKFILL
2015-09-23,QQQ,FLAT,-3.31,MEDIUM,96.37,96.02,-0.363,RIGHT,2015-09-24,BACKFILL
2015-09-24,BTC,FLAT,-5.91,HIGH,234.53,235.14,0.26,WRONG,2015-09-25,BACKFILL
2015-09-24,GLD,HELD,-1.01,LOW,110.49,109.81,-0.615,WRONG,2015-09-25,BACKFILL
2015-09-24,QQQ,FLAT,-3.64,MEDIUM,96.02,95.21,-0.844,RIGHT,2015-09-25,BACKFILL
2015-09-25,BTC,FLAT,-5.66,HIGH,235.14,239.14,1.701,WRONG,2015-09-28,BACKFILL
2015-09-25,GLD,HELD,-1.59,LOW,109.81,108.42,-1.266,WRONG,2015-09-28,BACKFILL
2015-09-25,QQQ,FLAT,-4.42,MEDIUM,95.21,92.5,-2.846,RIGHT,2015-09-28,BACKFILL
2015-09-28,BTC,FLAT,-4.05,MEDIUM,239.14,236.69,-1.025,RIGHT,2015-09-29,BACKFILL
2015-09-28,GLD,HELD,-2.79,MEDIUM,108.42,107.98,-0.406,WRONG,2015-09-29,BACKFILL
2015-09-28,QQQ,FLAT,-7.1,HIGH,92.5,92.02,-0.519,RIGHT,2015-09-29,BACKFILL
2015-09-29,BTC,FLAT,-5.03,HIGH,236.69,236.06,-0.266,RIGHT,2015-09-30,BACKFILL
2015-09-29,GLD,HELD,-3.14,MEDIUM,107.98,106.86,-1.037,WRONG,2015-09-30,BACKFILL
2015-09-29,QQQ,FLAT,-7.54,HIGH,92.02,94.14,2.304,WRONG,2015-09-30,BACKFILL
2015-09-30,BTC,FLAT,-5.28,HIGH,236.06,237.55,0.631,WRONG,2015-10-01,BACKFILL
2015-09-30,GLD,HELD,-4.1,MEDIUM,106.86,106.73,-0.122,WRONG,2015-10-01,BACKFILL
2015-09-30,QQQ,FLAT,-5.37,HIGH,94.14,94.56,0.446,WRONG,2015-10-01,BACKFILL
2015-10-01,BTC,FLAT,-4.64,MEDIUM,237.55,237.29,-0.109,RIGHT,2015-10-02,BACKFILL
2015-10-01,GLD,HELD,-4.16,MEDIUM,106.73,108.99,2.117,RIGHT,2015-10-02,BACKFILL
2015-10-01,QQQ,FLAT,-4.91,MEDIUM,94.56,96.22,1.755,WRONG,2015-10-02,BACKFILL
2015-10-02,BTC,FLAT,-4.65,MEDIUM,237.29,240.38,1.302,WRONG,2015-10-05,BACKFILL
2015-10-02,GLD,HELD,-2.09,MEDIUM,108.99,108.77,-0.202,WRONG,2015-10-05,BACKFILL
2015-10-02,QQQ,FLAT,-3.22,MEDIUM,96.22,97.6,1.434,WRONG,2015-10-05,BACKFILL
2015-10-05,BTC,FLAT,-3.3,MEDIUM,240.38,246.06,2.363,WRONG,2015-10-06,BACKFILL
2015-10-05,GLD,HELD,-2.25,MEDIUM,108.77,109.86,1.002,RIGHT,2015-10-06,BACKFILL
2015-10-05,QQQ,FLAT,-1.81,LOW,97.6,97.13,-0.482,RIGHT,2015-10-06,BACKFILL
2015-10-06,BTC,FLAT,-0.95,LOW,246.06,242.97,-1.256,RIGHT,2015-10-07,BACKFILL
2015-10-06,GLD,HELD,-1.24,LOW,109.86,109.7,-0.146,WRONG,2015-10-07,BACKFILL
2015-10-06,QQQ,FLAT,-2.27,MEDIUM,97.13,97.72,0.607,WRONG,2015-10-07,BACKFILL
2015-10-07,BTC,FLAT,-2.1,MEDIUM,242.97,242.3,-0.276,RIGHT,2015-10-08,BACKFILL
2015-10-07,GLD,HELD,-1.35,LOW,109.7,109.14,-0.51,WRONG,2015-10-08,BACKFILL
2015-10-07,QQQ,FLAT,-1.66,LOW,97.72,98.1,0.389,WRONG,2015-10-08,BACKFILL
2015-10-08,BTC,FLAT,-2.29,MEDIUM,242.3,243.93,0.673,WRONG,2015-10-09,BACKFILL
2015-10-08,GLD,HELD,-1.84,LOW,109.14,110.87,1.585,RIGHT,2015-10-09,BACKFILL
2015-10-08,QQQ,FLAT,-1.28,LOW,98.1,98.55,0.459,WRONG,2015-10-09,BACKFILL
2015-10-09,BTC,FLAT,-1.51,LOW,243.93,245.31,0.566,WRONG,2015-10-12,BACKFILL
2015-10-09,GLD,HELD,-0.27,LOW,110.87,111.31,0.397,RIGHT,2015-10-12,BACKFILL
2015-10-09,QQQ,FLAT,-0.82,LOW,98.55,98.79,0.244,WRONG,2015-10-12,BACKFILL
2015-10-12,BTC,FLAT,-0.83,LOW,245.31,249.51,1.712,WRONG,2015-10-13,BACKFILL
2015-10-12,GLD,HELD,0.12,LOW,111.31,111.86,0.494,RIGHT,2015-10-13,BACKFILL
2015-10-12,QQQ,FLAT,-0.59,LOW,98.79,98.15,-0.648,RIGHT,2015-10-13,BACKFILL
2015-10-13,BTC,LONG,0.99,LOW,249.51,251.99,0.994,RIGHT,2015-10-14,BACKFILL
2015-10-13,GLD,HELD,0.61,LOW,111.86,113.81,1.743,RIGHT,2015-10-14,BACKFILL
2015-10-13,QQQ,FLAT,-1.24,LOW,98.15,97.99,-0.163,RIGHT,2015-10-14,BACKFILL
2015-10-14,BTC,LONG,2.11,MEDIUM,251.99,254.32,0.925,RIGHT,2015-10-15,BACKFILL
2015-10-14,GLD,HELD,2.34,MEDIUM,113.81,113.29,-0.457,WRONG,2015-10-15,BACKFILL
2015-10-14,QQQ,FLAT,-1.41,LOW,97.99,99.6,1.643,WRONG,2015-10-15,BACKFILL
2015-10-15,BTC,LONG,3.14,MEDIUM,254.32,262.87,3.362,RIGHT,2015-10-16,BACKFILL
2015-10-15,GLD,HELD,1.86,LOW,113.29,112.49,-0.706,WRONG,2015-10-16,BACKFILL
2015-10-15,QQQ,LONG,0.19,LOW,99.6,100.02,0.422,RIGHT,2015-10-16,BACKFILL
2015-10-16,BTC,LONG,6.69,HIGH,262.87,263.44,0.217,RIGHT,2015-10-19,BACKFILL
2015-10-16,GLD,HELD,1.13,LOW,112.49,112.02,-0.418,WRONG,2015-10-19,BACKFILL
2015-10-16,QQQ,LONG,0.6,LOW,100.02,100.59,0.57,RIGHT,2015-10-19,BACKFILL
2015-10-19,BTC,LONG,6.99,HIGH,263.44,269.46,2.285,RIGHT,2015-10-20,BACKFILL
2015-10-19,GLD,HELD,0.7,LOW,112.02,112.73,0.634,RIGHT,2015-10-20,BACKFILL
2015-10-19,QQQ,LONG,1.16,LOW,100.59,100.08,-0.507,WRONG,2015-10-20,BACKFILL
2015-10-20,BTC,LONG,9.39,HIGH,269.46,266.27,-1.184,WRONG,2015-10-21,BACKFILL
2015-10-20,GLD,HELD,1.34,LOW,112.73,111.73,-0.887,WRONG,2015-10-21,BACKFILL
2015-10-20,QQQ,LONG,0.64,LOW,100.08,99.46,-0.62,WRONG,2015-10-21,BACKFILL
2015-10-21,BTC,LONG,8.08,HIGH,266.27,274.02,2.911,RIGHT,2015-10-22,BACKFILL
2015-10-21,GLD,HELD,0.44,LOW,111.73,111.69,-0.036,WRONG,2015-10-22,BACKFILL
2015-10-21,QQQ,LONG,0.01,LOW,99.46,101.49,2.041,RIGHT,2015-10-22,BACKFILL
2015-10-22,BTC,LONG,11.19,HIGH,274.02,276.5,0.905,RIGHT,2015-10-23,BACKFILL
2015-10-22,GLD,HELD,0.42,LOW,111.69,111.5,-0.17,WRONG,2015-10-23,BACKFILL
2015-10-22,QQQ,LONG,2.04,MEDIUM,101.49,104.33,2.798,RIGHT,2015-10-23,BACKFILL
2015-10-23,BTC,LONG,12.17,HIGH,276.5,285.3,3.183,RIGHT,2015-10-26,BACKFILL
2015-10-23,GLD,HELD,0.26,LOW,111.5,111.43,-0.063,WRONG,2015-10-26,BACKFILL
2015-10-23,QQQ,LONG,4.87,MEDIUM,104.33,104.4,0.067,RIGHT,2015-10-26,BACKFILL
2015-10-26,BTC,LONG,15.61,HIGH,285.3,293.79,2.976,RIGHT,2015-10-27,BACKFILL
2015-10-26,GLD,HELD,0.22,LOW,111.43,111.68,0.224,RIGHT,2015-10-27,BACKFILL
2015-10-26,QQQ,LONG,4.9,MEDIUM,104.4,104.61,0.201,RIGHT,2015-10-27,BACKFILL
2015-10-27,BTC,LONG,18.9,HIGH,293.79,304.62,3.686,RIGHT,2015-10-28,BACKFILL
2015-10-27,GLD,HELD,0.46,LOW,111.68,110.78,-0.806,WRONG,2015-10-28,BACKFILL
2015-10-27,QQQ,LONG,5.06,HIGH,104.61,105.48,0.832,RIGHT,2015-10-28,BACKFILL
2015-10-28,BTC,LONG,23.1,HIGH,304.62,313.86,3.033,RIGHT,2015-10-29,BACKFILL
2015-10-28,GLD,HELD,-0.32,LOW,110.78,109.72,-0.957,WRONG,2015-10-29,BACKFILL
2015-10-28,QQQ,LONG,5.87,HIGH,105.48,105.31,-0.161,WRONG,2015-10-29,BACKFILL
2015-10-29,BTC,LONG,26.6,HIGH,313.86,328.02,4.512,RIGHT,2015-10-30,BACKFILL
2015-10-29,GLD,HELD,-1.24,LOW,109.72,109.3,-0.383,WRONG,2015-10-30,BACKFILL
2015-10-29,QQQ,LONG,5.64,HIGH,105.31,104.84,-0.446,WRONG,2015-10-30,BACKFILL
2015-10-30,BTC,LONG,32.03,HIGH,328.02,361.19,10.112,RIGHT,2015-11-02,BACKFILL
2015-10-30,GLD,HELD,-1.59,LOW,109.3,108.59,-0.65,WRONG,2015-11-02,BACKFILL
2015-10-30,QQQ,LONG,5.12,HIGH,104.84,106.02,1.126,RIGHT,2015-11-02,BACKFILL
2015-11-02,BTC,LONG,44.92,HIGH,361.19,403.42,11.692,RIGHT,2015-11-03,BACKFILL
2015-11-02,GLD,HELD,-2.2,MEDIUM,108.59,106.98,-1.483,WRONG,2015-11-03,BACKFILL
2015-11-02,QQQ,LONG,6.25,HIGH,106.02,106.39,0.349,RIGHT,2015-11-03,BACKFILL
2015-11-03,BTC,LONG,61.2,HIGH,403.42,411.56,2.018,RIGHT,2015-11-04,BACKFILL
2015-11-03,GLD,HELD,-3.6,MEDIUM,106.98,105.97,-0.944,WRONG,2015-11-04,BACKFILL
2015-11-03,QQQ,LONG,6.55,HIGH,106.39,106.4,0.009,RIGHT,2015-11-04,BACKFILL
2015-11-04,BTC,LONG,63.76,HIGH,411.56,386.35,-6.125,WRONG,2015-11-05,BACKFILL
2015-11-04,GLD,HELD,-4.46,MEDIUM,105.97,105.64,-0.311,WRONG,2015-11-05,BACKFILL
2015-11-04,QQQ,LONG,6.49,HIGH,106.4,106.12,-0.263,WRONG,2015-11-05,BACKFILL
2015-11-05,BTC,LONG,53.19,HIGH,386.35,374.47,-3.075,WRONG,2015-11-06,BACKFILL
2015-11-05,GLD,HELD,-4.7,MEDIUM,105.64,104.1,-1.458,WRONG,2015-11-06,BACKFILL
2015-11-05,QQQ,LONG,6.15,HIGH,106.12,106.19,0.066,RIGHT,2015-11-06,BACKFILL
2015-11-06,BTC,LONG,48.01,HIGH,374.47,380.26,1.546,RIGHT,2015-11-09,BACKFILL
2015-11-06,GLD,HELD,-6.02,HIGH,104.1,104.4,0.288,RIGHT,2015-11-09,BACKFILL
2015-11-06,QQQ,LONG,6.16,HIGH,106.19,105.06,-1.064,WRONG,2015-11-09,BACKFILL
2015-11-09,BTC,LONG,49.76,HIGH,380.26,336.82,-11.424,WRONG,2015-11-10,BACKFILL
2015-11-09,GLD,HELD,-5.68,HIGH,104.4,104.18,-0.211,WRONG,2015-11-10,BACKFILL
2015-11-09,QQQ,LONG,4.98,MEDIUM,105.06,104.79,-0.257,WRONG,2015-11-10,BACKFILL
2015-11-10,BTC,LONG,32.33,HIGH,336.82,311.08,-7.642,WRONG,2015-11-11,BACKFILL
2015-11-10,GLD,HELD,-5.82,HIGH,104.18,103.83,-0.336,WRONG,2015-11-11,BACKFILL
2015-11-10,QQQ,LONG,4.67,MEDIUM,104.79,104.66,-0.124,WRONG,2015-11-11,BACKFILL
2015-11-11,BTC,LONG,21.98,HIGH,311.08,338.15,8.702,RIGHT,2015-11-12,BACKFILL
2015-11-11,GLD,HELD,-6.07,HIGH,103.83,103.85,0.019,RIGHT,2015-11-12,BACKFILL
2015-11-11,QQQ,LONG,4.5,MEDIUM,104.66,103.65,-0.965,WRONG,2015-11-12,BACKFILL
2015-11-12,BTC,LONG,32.2,HIGH,338.15,336.75,-0.414,WRONG,2015-11-13,BACKFILL
2015-11-12,GLD,HELD,-5.99,HIGH,103.85,103.56,-0.279,WRONG,2015-11-13,BACKFILL
2015-11-12,QQQ,LONG,3.46,MEDIUM,103.65,101.61,-1.968,WRONG,2015-11-13,BACKFILL
2015-11-13,BTC,LONG,31.25,HIGH,336.75,330.75,-1.782,WRONG,2015-11-16,BACKFILL
2015-11-13,GLD,HELD,-6.19,HIGH,103.56,103.71,0.145,RIGHT,2015-11-16,BACKFILL
2015-11-13,QQQ,LONG,1.4,LOW,101.61,103.07,1.437,RIGHT,2015-11-16,BACKFILL
2015-11-16,BTC,LONG,28.56,HIGH,330.75,335.09,1.312,RIGHT,2015-11-17,BACKFILL
2015-11-16,GLD,HELD,-5.99,HIGH,103.71,102.34,-1.321,WRONG,2015-11-17,BACKFILL
2015-11-16,QQQ,LONG,2.83,MEDIUM,103.07,103.14,0.068,RIGHT,2015-11-17,BACKFILL
2015-11-17,BTC,LONG,29.88,HIGH,335.09,334.59,-0.149,WRONG,2015-11-18,BACKFILL
2015-11-17,GLD,HELD,-7.16,HIGH,102.34,102.43,0.088,RIGHT,2015-11-18,BACKFILL
2015-11-17,QQQ,LONG,2.88,MEDIUM,103.14,105.12,1.92,RIGHT,2015-11-18,BACKFILL
2015-11-18,BTC,LONG,29.32,HIGH,334.59,326.15,-2.522,WRONG,2015-11-19,BACKFILL
2015-11-18,GLD,HELD,-7.0,HIGH,102.43,103.56,1.103,RIGHT,2015-11-19,BACKFILL
2015-11-18,QQQ,LONG,4.8,MEDIUM,105.12,105.19,0.067,RIGHT,2015-11-19,BACKFILL
2015-11-19,BTC,LONG,25.73,HIGH,326.15,322.02,-1.266,WRONG,2015-11-20,BACKFILL
2015-11-19,GLD,HELD,-5.91,HIGH,103.56,103.09,-0.454,WRONG,2015-11-20,BACKFILL
2015-11-19,QQQ,LONG,4.83,MEDIUM,105.19,105.9,0.675,RIGHT,2015-11-20,BACKFILL
2015-11-20,BTC,LONG,23.86,HIGH,322.02,323.05,0.32,RIGHT,2015-11-23,BACKFILL
2015-11-20,GLD,HELD,-6.27,HIGH,103.09,102.26,-0.805,WRONG,2015-11-23,BACKFILL
2015-11-20,QQQ,LONG,5.49,HIGH,105.9,105.6,-0.283,WRONG,2015-11-23,BACKFILL
2015-11-23,BTC,LONG,23.97,HIGH,323.05,320.05,-0.929,WRONG,2015-11-24,BACKFILL
2015-11-23,GLD,HELD,-6.96,HIGH,102.26,102.94,0.665,RIGHT,2015-11-24,BACKFILL
2015-11-23,QQQ,LONG,5.15,HIGH,105.6,105.51,-0.085,WRONG,2015-11-24,BACKFILL
2015-11-24,BTC,LONG,22.56,HIGH,320.05,328.21,2.55,RIGHT,2015-11-25,BACKFILL
2015-11-24,GLD,HELD,-6.27,HIGH,102.94,102.46,-0.466,WRONG,2015-11-25,BACKFILL
2015-11-24,QQQ,LONG,5.03,HIGH,105.51,105.6,0.085,RIGHT,2015-11-25,BACKFILL
2015-11-25,BTC,LONG,25.37,HIGH,328.21,358.04,9.089,RIGHT,2015-11-27,BACKFILL
2015-11-25,GLD,HELD,-6.65,HIGH,102.46,101.25,-1.181,WRONG,2015-11-27,BACKFILL
2015-11-25,QQQ,LONG,5.09,HIGH,105.6,105.75,0.142,RIGHT,2015-11-27,BACKFILL
2015-11-27,BTC,LONG,36.32,HIGH,358.04,377.32,5.385,RIGHT,2015-11-30,BACKFILL
2015-11-27,GLD,HELD,-7.67,HIGH,101.25,101.92,0.662,RIGHT,2015-11-30,BACKFILL
2015-11-27,QQQ,LONG,5.21,HIGH,105.75,105.48,-0.255,WRONG,2015-11-30,BACKFILL
2015-11-30,BTC,LONG,43.11,HIGH,377.32,362.49,-3.93,WRONG,2015-12-01,BACKFILL
2015-11-30,GLD,HELD,-6.98,HIGH,101.92,102.28,0.353,RIGHT,2015-12-01,BACKFILL
2015-11-30,QQQ,LONG,4.91,MEDIUM,105.48,106.53,0.995,RIGHT,2015-12-01,BACKFILL
2015-12-01,BTC,LONG,37.01,HIGH,362.49,359.19,-0.91,WRONG,2015-12-02,BACKFILL
2015-12-01,GLD,HELD,-6.58,HIGH,102.28,100.69,-1.555,WRONG,2015-12-02,BACKFILL
2015-12-01,QQQ,LONG,5.91,HIGH,106.53,105.88,-0.61,WRONG,2015-12-02,BACKFILL
2015-12-02,BTC,LONG,35.35,HIGH,359.19,361.05,0.518,RIGHT,2015-12-03,BACKFILL
2015-12-02,GLD,HELD,-7.96,HIGH,100.69,101.76,1.063,RIGHT,2015-12-03,BACKFILL
2015-12-02,QQQ,LONG,5.22,HIGH,105.88,104.08,-1.7,WRONG,2015-12-03,BACKFILL
2015-12-03,BTC,LONG,35.61,HIGH,361.05,363.18,0.59,RIGHT,2015-12-04,BACKFILL
2015-12-03,GLD,HELD,-6.92,HIGH,101.76,104.02,2.221,RIGHT,2015-12-04,BACKFILL
2015-12-03,QQQ,LONG,3.41,MEDIUM,104.08,106.51,2.335,RIGHT,2015-12-04,BACKFILL
2015-12-04,BTC,LONG,35.98,HIGH,363.18,395.54,8.91,RIGHT,2015-12-07,BACKFILL
2015-12-04,GLD,HELD,-4.79,MEDIUM,104.02,102.67,-1.298,WRONG,2015-12-07,BACKFILL
2015-12-04,QQQ,LONG,5.78,HIGH,106.51,106.03,-0.451,WRONG,2015-12-07,BACKFILL
2015-12-07,BTC,LONG,47.51,HIGH,395.54,415.56,5.061,RIGHT,2015-12-08,BACKFILL
2015-12-07,GLD,HELD,-5.96,HIGH,102.67,102.84,0.166,RIGHT,2015-12-08,BACKFILL
2015-12-07,QQQ,LONG,5.25,HIGH,106.03,106.04,0.009,RIGHT,2015-12-08,BACKFILL
2015-12-08,BTC,LONG,54.27,HIGH,415.56,417.56,0.481,RIGHT,2015-12-09,BACKFILL
2015-12-08,GLD,HELD,-5.74,HIGH,102.84,102.64,-0.194,WRONG,2015-12-09,BACKFILL
2015-12-08,QQQ,LONG,5.21,HIGH,106.04,104.43,-1.518,WRONG,2015-12-09,BACKFILL
2015-12-09,BTC,LONG,54.32,HIGH,417.56,415.48,-0.498,WRONG,2015-12-10,BACKFILL
2015-12-09,GLD,HELD,-5.86,HIGH,102.64,102.55,-0.088,WRONG,2015-12-10,BACKFILL
2015-12-09,QQQ,LONG,3.57,MEDIUM,104.43,104.9,0.45,RIGHT,2015-12-10,BACKFILL
2015-12-10,BTC,LONG,52.91,HIGH,415.48,451.94,8.775,RIGHT,2015-12-11,BACKFILL
2015-12-10,GLD,HELD,-5.87,HIGH,102.55,103.11,0.546,RIGHT,2015-12-11,BACKFILL
2015-12-10,QQQ,LONG,4.01,MEDIUM,104.9,102.49,-2.297,WRONG,2015-12-11,BACKFILL
2015-12-11,BTC,LONG,65.47,HIGH,451.94,444.18,-1.717,WRONG,2015-12-14,BACKFILL
2015-12-11,GLD,HELD,-5.3,HIGH,103.11,101.79,-1.28,WRONG,2015-12-14,BACKFILL
2015-12-11,QQQ,LONG,1.6,LOW,102.49,103.27,0.761,RIGHT,2015-12-14,BACKFILL
2015-12-14,BTC,LONG,61.83,HIGH,444.18,465.32,4.759,RIGHT,2015-12-15,BACKFILL
2015-12-14,GLD,HELD,-6.44,HIGH,101.79,101.52,-0.265,WRONG,2015-12-15,BACKFILL
2015-12-14,QQQ,LONG,2.34,MEDIUM,103.27,103.9,0.61,RIGHT,2015-12-15,BACKFILL
2015-12-15,BTC,LONG,68.59,HIGH,465.32,454.93,-2.233,WRONG,2015-12-16,BACKFILL
2015-12-15,GLD,HELD,-6.6,HIGH,101.52,102.75,1.212,RIGHT,2015-12-16,BACKFILL
2015-12-15,QQQ,LONG,2.94,MEDIUM,103.9,105.44,1.482,RIGHT,2015-12-16,BACKFILL
2015-12-16,BTC,LONG,63.97,HIGH,454.93,456.08,0.253,RIGHT,2015-12-17,BACKFILL
2015-12-16,GLD,HELD,-5.39,HIGH,102.75,100.5,-2.19,WRONG,2015-12-17,BACKFILL
2015-12-16,QQQ,LONG,4.43,MEDIUM,105.44,103.9,-1.461,WRONG,2015-12-17,BACKFILL
2015-12-17,BTC,LONG,63.52,HIGH,456.08,463.62,1.653,RIGHT,2015-12-18,BACKFILL
2015-12-17,GLD,HELD,-7.36,HIGH,100.5,102.04,1.532,RIGHT,2015-12-18,BACKFILL
2015-12-17,QQQ,LONG,2.89,MEDIUM,103.9,101.91,-1.915,WRONG,2015-12-18,BACKFILL
2015-12-18,BTC,LONG,65.31,HIGH,463.62,438.64,-5.388,WRONG,2015-12-21,BACKFILL
2015-12-18,GLD,HELD,-5.85,HIGH,102.04,103.15,1.088,RIGHT,2015-12-21,BACKFILL
2015-12-18,QQQ,LONG,0.91,LOW,101.91,103.04,1.109,RIGHT,2015-12-21,BACKFILL
2015-12-21,BTC,LONG,55.64,HIGH,438.64,436.57,-0.472,WRONG,2015-12-22,BACKFILL
2015-12-21,GLD,HELD,-4.75,MEDIUM,103.15,102.61,-0.524,WRONG,2015-12-22,BACKFILL
2015-12-21,QQQ,LONG,2.02,MEDIUM,103.04,103.72,0.66,RIGHT,2015-12-22,BACKFILL
2015-12-22,BTC,LONG,54.17,HIGH,436.57,442.4,1.335,RIGHT,2015-12-23,BACKFILL
2015-12-22,GLD,HELD,-5.17,HIGH,102.61,102.31,-0.292,WRONG,2015-12-23,BACKFILL
2015-12-22,QQQ,LONG,2.68,MEDIUM,103.72,104.49,0.742,RIGHT,2015-12-23,BACKFILL
2015-12-23,BTC,LONG,55.47,HIGH,442.4,454.98,2.844,RIGHT,2015-12-24,BACKFILL
2015-12-23,GLD,HELD,-5.37,HIGH,102.31,103.05,0.723,RIGHT,2015-12-24,BACKFILL
2015-12-23,QQQ,LONG,3.42,MEDIUM,104.49,104.47,-0.019,WRONG,2015-12-24,BACKFILL
2015-12-24,BTC,LONG,59.09,HIGH,454.98,422.28,-7.187,WRONG,2015-12-28,BACKFILL
2015-12-24,GLD,HELD,-4.61,MEDIUM,103.05,102.27,-0.757,WRONG,2015-12-28,BACKFILL
2015-12-24,QQQ,LONG,3.38,MEDIUM,104.47,104.42,-0.048,WRONG,2015-12-28,BACKFILL
2015-12-28,BTC,LONG,47.02,HIGH,422.28,432.98,2.534,RIGHT,2015-12-29,BACKFILL
2015-12-28,GLD,HELD,-5.27,HIGH,102.27,102.2,-0.068,WRONG,2015-12-29,BACKFILL
2015-12-28,QQQ,LONG,3.3,MEDIUM,104.42,106.06,1.571,RIGHT,2015-12-29,BACKFILL
2015-12-29,BTC,LONG,50.07,HIGH,432.98,426.62,-1.469,WRONG,2015-12-30,BACKFILL
2015-12-29,GLD,HELD,-5.26,HIGH,102.2,101.42,-0.763,WRONG,2015-12-30,BACKFILL
2015-12-29,QQQ,LONG,4.9,MEDIUM,106.06,105.1,-0.905,WRONG,2015-12-30,BACKFILL
2015-12-30,BTC,LONG,47.22,HIGH,426.62,430.57,0.926,RIGHT,2015-12-31,BACKFILL
2015-12-30,GLD,HELD,-5.91,HIGH,101.42,101.46,0.039,RIGHT,2015-12-31,BACKFILL
2015-12-30,QQQ,LONG,3.93,MEDIUM,105.1,103.8,-1.237,WRONG,2015-12-31,BACKFILL
2015-12-31,BTC,LONG,47.92,HIGH,430.57,433.09,0.585,RIGHT,2016-01-04,BACKFILL
2015-12-31,GLD,HELD,-5.8,HIGH,101.46,102.89,1.409,RIGHT,2016-01-04,BACKFILL
2015-12-31,QQQ,LONG,2.63,MEDIUM,103.8,101.61,-2.11,WRONG,2016-01-04,BACKFILL
2016-01-04,BTC,LONG,48.08,HIGH,433.09,431.96,-0.261,WRONG,2016-01-05,BACKFILL
2016-01-04,GLD,HELD,-4.41,MEDIUM,102.89,103.18,0.282,RIGHT,2016-01-05,BACKFILL
2016-01-04,QQQ,LONG,0.46,LOW,101.61,101.43,-0.177,WRONG,2016-01-05,BACKFILL
2016-01-05,BTC,LONG,47.0,HIGH,431.96,429.11,-0.66,WRONG,2016-01-06,BACKFILL
2016-01-05,GLD,HELD,-4.07,MEDIUM,103.18,104.67,1.444,RIGHT,2016-01-06,BACKFILL
2016-01-05,QQQ,LONG,0.28,LOW,101.43,100.46,-0.956,WRONG,2016-01-06,BACKFILL
2016-01-06,BTC,LONG,45.36,HIGH,429.11,458.05,6.744,RIGHT,2016-01-07,BACKFILL
2016-01-06,GLD,HELD,-2.63,MEDIUM,104.67,106.15,1.414,RIGHT,2016-01-07,BACKFILL
2016-01-06,QQQ,FLAT,-0.67,LOW,100.46,97.31,-3.136,RIGHT,2016-01-07,BACKFILL
2016-01-07,BTC,LONG,54.35,HIGH,458.05,453.23,-1.052,WRONG,2016-01-08,BACKFILL
2016-01-07,GLD,HELD,-1.22,LOW,106.15,105.68,-0.443,WRONG,2016-01-08,BACKFILL
2016-01-07,QQQ,FLAT,-3.76,MEDIUM,97.31,96.51,-0.822,RIGHT,2016-01-08,BACKFILL
2016-01-08,BTC,LONG,51.94,HIGH,453.23,448.43,-1.059,WRONG,2016-01-11,BACKFILL
2016-01-08,GLD,HELD,-1.61,LOW,105.68,104.74,-0.889,WRONG,2016-01-11,BACKFILL
2016-01-08,QQQ,FLAT,-4.53,MEDIUM,96.51,96.81,0.311,WRONG,2016-01-11,BACKFILL
2016-01-11,BTC,LONG,49.6,HIGH,448.43,435.69,-2.841,WRONG,2016-01-12,BACKFILL
2016-01-11,GLD,HELD,-2.44,MEDIUM,104.74,104.21,-0.506,WRONG,2016-01-12,BACKFILL
2016-01-11,QQQ,FLAT,-4.21,MEDIUM,96.81,97.93,1.157,WRONG,2016-01-12,BACKFILL
2016-01-12,BTC,LONG,44.68,HIGH,435.69,432.37,-0.762,WRONG,2016-01-13,BACKFILL
2016-01-12,GLD,HELD,-2.88,MEDIUM,104.21,104.72,0.489,RIGHT,2016-01-13,BACKFILL
2016-01-12,QQQ,FLAT,-3.09,MEDIUM,97.93,94.55,-3.451,RIGHT,2016-01-13,BACKFILL
2016-01-13,BTC,LONG,42.94,HIGH,432.37,430.31,-0.476,WRONG,2016-01-14,BACKFILL
2016-01-13,GLD,HELD,-2.35,MEDIUM,104.72,103.02,-1.623,WRONG,2016-01-14,BACKFILL
2016-01-13,QQQ,FLAT,-6.4,HIGH,94.55,96.57,2.136,WRONG,2016-01-14,BACKFILL
2016-01-14,BTC,LONG,41.63,HIGH,430.31,364.33,-15.333,WRONG,2016-01-15,BACKFILL
2016-01-14,GLD,HELD,-3.88,MEDIUM,103.02,104.08,1.029,RIGHT,2016-01-15,BACKFILL
2016-01-14,QQQ,FLAT,-4.37,MEDIUM,96.57,93.57,-3.107,RIGHT,2016-01-15,BACKFILL
2016-01-15,BTC,LONG,19.56,HIGH,364.33,380.15,4.342,RIGHT,2016-01-19,BACKFILL
2016-01-15,GLD,HELD,-2.83,MEDIUM,104.08,103.98,-0.096,WRONG,2016-01-19,BACKFILL
2016-01-15,QQQ,FLAT,-7.3,HIGH,93.57,93.77,0.214,WRONG,2016-01-19,BACKFILL
2016-01-19,BTC,LONG,24.36,HIGH,380.15,420.23,10.543,RIGHT,2016-01-20,BACKFILL
2016-01-19,GLD,HELD,-2.87,MEDIUM,103.98,105.37,1.337,RIGHT,2016-01-20,BACKFILL
2016-01-19,QQQ,FLAT,-7.07,HIGH,93.77,93.49,-0.299,RIGHT,2016-01-20,BACKFILL
2016-01-20,BTC,LONG,36.97,HIGH,420.23,410.26,-2.373,WRONG,2016-01-21,BACKFILL
2016-01-20,GLD,HELD,-1.52,LOW,105.37,105.49,0.114,RIGHT,2016-01-21,BACKFILL
2016-01-20,QQQ,FLAT,-7.3,HIGH,93.49,93.58,0.096,WRONG,2016-01-21,BACKFILL
2016-01-21,BTC,LONG,33.25,HIGH,410.26,382.49,-6.769,WRONG,2016-01-22,BACKFILL
2016-01-21,GLD,HELD,-1.36,LOW,105.49,105.0,-0.464,WRONG,2016-01-22,BACKFILL
2016-01-21,QQQ,FLAT,-7.17,HIGH,93.58,96.29,2.896,WRONG,2016-01-22,BACKFILL
2016-01-22,BTC,LONG,23.88,HIGH,382.49,391.73,2.416,RIGHT,2016-01-25,BACKFILL
2016-01-22,GLD,HELD,-1.75,LOW,105.0,106.08,1.029,RIGHT,2016-01-25,BACKFILL
2016-01-22,QQQ,FLAT,-4.45,MEDIUM,96.29,94.86,-1.485,RIGHT,2016-01-25,BACKFILL
2016-01-25,BTC,LONG,26.47,HIGH,391.73,392.15,0.107,RIGHT,2016-01-26,BACKFILL
2016-01-25,GLD,HELD,-0.69,LOW,106.08,107.29,1.141,RIGHT,2016-01-26,BACKFILL
2016-01-25,QQQ,FLAT,-5.83,HIGH,94.86,95.71,0.896,WRONG,2016-01-26,BACKFILL
2016-01-26,BTC,LONG,26.21,HIGH,392.15,394.97,0.719,RIGHT,2016-01-27,BACKFILL
2016-01-26,GLD,HELD,0.49,LOW,107.29,107.69,0.373,RIGHT,2016-01-27,BACKFILL
2016-01-26,QQQ,FLAT,-4.94,MEDIUM,95.71,93.33,-2.487,RIGHT,2016-01-27,BACKFILL
2016-01-27,BTC,LONG,26.71,HIGH,394.97,380.29,-3.717,WRONG,2016-01-28,BACKFILL
2016-01-27,GLD,HELD,0.89,LOW,107.69,106.54,-1.068,WRONG,2016-01-28,BACKFILL
2016-01-27,QQQ,FLAT,-7.25,HIGH,93.33,94.65,1.414,WRONG,2016-01-28,BACKFILL
2016-01-28,BTC,LONG,21.63,HIGH,380.29,379.47,-0.216,WRONG,2016-01-29,BACKFILL
2016-01-28,GLD,HELD,-0.14,LOW,106.54,106.95,0.385,RIGHT,2016-01-29,BACKFILL
2016-01-28,QQQ,FLAT,-5.9,HIGH,94.65,96.62,2.081,WRONG,2016-01-29,BACKFILL
2016-01-29,BTC,LONG,21.02,HIGH,379.47,373.06,-1.689,WRONG,2016-02-01,BACKFILL
2016-01-29,GLD,HELD,0.27,LOW,106.95,108.05,1.029,RIGHT,2016-02-01,BACKFILL
2016-01-29,QQQ,FLAT,-3.91,MEDIUM,96.62,96.88,0.269,WRONG,2016-02-01,BACKFILL
2016-02-01,BTC,LONG,18.65,HIGH,373.06,374.45,0.373,RIGHT,2016-02-02,BACKFILL
2016-02-01,GLD,HELD,1.33,LOW,108.05,108.09,0.037,RIGHT,2016-02-02,BACKFILL
2016-02-01,QQQ,FLAT,-3.62,MEDIUM,96.88,94.79,-2.157,RIGHT,2016-02-02,BACKFILL
2016-02-02,BTC,LONG,18.79,HIGH,374.45,369.95,-1.202,WRONG,2016-02-03,BACKFILL
2016-02-02,GLD,HELD,1.4,LOW,108.09,109.25,1.073,RIGHT,2016-02-03,BACKFILL
2016-02-02,QQQ,FLAT,-5.68,HIGH,94.79,94.33,-0.485,RIGHT,2016-02-03,BACKFILL
2016-02-03,BTC,LONG,17.1,HIGH,369.95,389.59,5.309,RIGHT,2016-02-04,BACKFILL
2016-02-03,GLD,HELD,2.51,MEDIUM,109.25,110.57,1.208,RIGHT,2016-02-04,BACKFILL
2016-02-03,QQQ,FLAT,-6.11,HIGH,94.33,94.32,-0.011,RIGHT,2016-02-04,BACKFILL
2016-02-04,BTC,LONG,22.98,HIGH,389.59,386.55,-0.78,WRONG,2016-02-05,BACKFILL
2016-02-04,GLD,HELD,3.76,MEDIUM,110.57,112.32,1.583,RIGHT,2016-02-05,BACKFILL
2016-02-04,QQQ,FLAT,-6.09,HIGH,94.32,91.05,-3.467,RIGHT,2016-02-05,BACKFILL
2016-02-05,BTC,LONG,21.68,HIGH,386.55,373.45,-3.389,WRONG,2016-02-08,BACKFILL
2016-02-05,GLD,HELD,5.4,HIGH,112.32,113.83,1.344,RIGHT,2016-02-08,BACKFILL
2016-02-05,QQQ,FLAT,-9.29,HIGH,91.05,89.65,-1.538,RIGHT,2016-02-08,BACKFILL
2016-02-08,BTC,LONG,17.3,HIGH,373.45,376.03,0.691,RIGHT,2016-02-09,BACKFILL
2016-02-08,GLD,HELD,6.8,HIGH,113.83,113.58,-0.22,WRONG,2016-02-09,BACKFILL
2016-02-08,QQQ,FLAT,-10.63,HIGH,89.65,89.38,-0.301,RIGHT,2016-02-09,BACKFILL
2016-02-09,BTC,LONG,17.84,HIGH,376.03,381.65,1.495,RIGHT,2016-02-10,BACKFILL
2016-02-09,GLD,HELD,6.55,HIGH,113.58,114.46,0.775,RIGHT,2016-02-10,BACKFILL
2016-02-09,QQQ,FLAT,-10.84,HIGH,89.38,89.72,0.38,WRONG,2016-02-10,BACKFILL
2016-02-10,BTC,LONG,19.33,HIGH,381.65,379.65,-0.524,WRONG,2016-02-11,BACKFILL
2016-02-10,GLD,HELD,7.35,HIGH,114.46,119.06,4.019,RIGHT,2016-02-11,BACKFILL
2016-02-10,QQQ,FLAT,-10.45,HIGH,89.72,89.59,-0.145,RIGHT,2016-02-11,BACKFILL
2016-02-11,BTC,LONG,18.43,HIGH,379.65,384.26,1.214,RIGHT,2016-02-12,BACKFILL
2016-02-11,GLD,HELD,11.61,HIGH,119.06,118.36,-0.588,WRONG,2016-02-12,BACKFILL
2016-02-11,QQQ,FLAT,-10.53,HIGH,89.59,90.95,1.518,WRONG,2016-02-12,BACKFILL
2016-02-12,BTC,LONG,19.62,HIGH,384.26,407.49,6.045,RIGHT,2016-02-16,BACKFILL
2016-02-12,GLD,HELD,10.91,HIGH,118.36,114.77,-3.033,WRONG,2016-02-16,BACKFILL
2016-02-12,QQQ,FLAT,-9.12,HIGH,90.95,93.0,2.254,WRONG,2016-02-16,BACKFILL
2016-02-16,BTC,LONG,26.55,HIGH,407.49,416.32,2.167,RIGHT,2016-02-17,BACKFILL
2016-02-16,GLD,HELD,7.52,HIGH,114.77,115.48,0.619,RIGHT,2016-02-17,BACKFILL
2016-02-16,QQQ,FLAT,-7.02,HIGH,93.0,95.11,2.269,WRONG,2016-02-17,BACKFILL
2016-02-17,BTC,LONG,28.95,HIGH,416.32,422.37,1.453,RIGHT,2016-02-18,BACKFILL
2016-02-17,GLD,HELD,8.15,HIGH,115.48,118.29,2.433,RIGHT,2016-02-18,BACKFILL
2016-02-17,QQQ,FLAT,-4.87,MEDIUM,95.11,94.02,-1.146,RIGHT,2016-02-18,BACKFILL
2016-02-18,BTC,LONG,30.45,HIGH,422.37,420.79,-0.374,WRONG,2016-02-19,BACKFILL
2016-02-18,GLD,HELD,10.73,HIGH,118.29,117.58,-0.6,WRONG,2016-02-19,BACKFILL
2016-02-18,QQQ,FLAT,-5.91,HIGH,94.02,94.3,0.298,WRONG,2016-02-19,BACKFILL
2016-02-19,BTC,LONG,29.58,HIGH,420.79,437.75,4.031,RIGHT,2016-02-22,BACKFILL
2016-02-19,GLD,HELD,10.01,HIGH,117.58,115.49,-1.778,WRONG,2016-02-22,BACKFILL
2016-02-19,QQQ,FLAT,-5.57,HIGH,94.3,95.83,1.622,WRONG,2016-02-22,BACKFILL
2016-02-22,BTC,LONG,34.37,HIGH,437.75,420.74,-3.886,WRONG,2016-02-23,BACKFILL
2016-02-22,GLD,HELD,8.01,HIGH,115.49,117.22,1.498,RIGHT,2016-02-23,BACKFILL
2016-02-22,QQQ,FLAT,-3.98,MEDIUM,95.83,94.26,-1.638,RIGHT,2016-02-23,BACKFILL
2016-02-23,BTC,LONG,28.77,HIGH,420.74,424.95,1.001,RIGHT,2016-02-24,BACKFILL
2016-02-23,GLD,HELD,9.55,HIGH,117.22,117.61,0.333,RIGHT,2016-02-24,BACKFILL
2016-02-23,QQQ,FLAT,-5.49,HIGH,94.26,95.16,0.955,WRONG,2016-02-24,BACKFILL
2016-02-24,BTC,LONG,29.67,HIGH,424.95,424.54,-0.096,WRONG,2016-02-25,BACKFILL
2016-02-24,GLD,HELD,9.83,HIGH,117.61,117.92,0.264,RIGHT,2016-02-25,BACKFILL
2016-02-24,QQQ,FLAT,-4.52,MEDIUM,95.16,96.09,0.977,WRONG,2016-02-25,BACKFILL
2016-02-25,BTC,LONG,29.16,HIGH,424.54,432.15,1.793,RIGHT,2016-02-26,BACKFILL
2016-02-25,GLD,HELD,10.03,HIGH,117.92,117.11,-0.687,WRONG,2016-02-26,BACKFILL
2016-02-25,QQQ,FLAT,-3.54,MEDIUM,96.09,95.97,-0.125,RIGHT,2016-02-26,BACKFILL
2016-02-26,BTC,LONG,31.06,HIGH,432.15,437.7,1.284,RIGHT,2016-02-29,BACKFILL
2016-02-26,GLD,HELD,9.19,HIGH,117.11,118.64,1.306,RIGHT,2016-02-29,BACKFILL
2016-02-26,QQQ,FLAT,-3.61,MEDIUM,95.97,95.11,-0.896,RIGHT,2016-02-29,BACKFILL
2016-02-29,BTC,LONG,32.34,HIGH,437.7,435.12,-0.589,WRONG,2016-03-01,BACKFILL
2016-02-29,GLD,HELD,10.52,HIGH,118.64,117.77,-0.733,WRONG,2016-03-01,BACKFILL
2016-02-29,QQQ,FLAT,-4.43,MEDIUM,95.11,98.16,3.207,WRONG,2016-03-01,BACKFILL
2016-03-01,BTC,LONG,31.19,HIGH,435.12,423.99,-2.558,WRONG,2016-03-02,BACKFILL
2016-03-01,GLD,HELD,9.62,HIGH,117.77,118.68,0.773,RIGHT,2016-03-02,BACKFILL
2016-03-01,QQQ,FLAT,-1.34,LOW,98.16,98.2,0.041,WRONG,2016-03-02,BACKFILL
2016-03-02,BTC,LONG,27.5,HIGH,423.99,421.65,-0.552,WRONG,2016-03-03,BACKFILL
2016-03-02,GLD,HELD,10.38,HIGH,118.68,120.73,1.727,RIGHT,2016-03-03,BACKFILL
2016-03-02,QQQ,FLAT,-1.27,LOW,98.2,98.01,-0.193,RIGHT,2016-03-03,BACKFILL
2016-03-03,BTC,LONG,26.46,HIGH,421.65,410.94,-2.54,WRONG,2016-03-04,BACKFILL
2016-03-03,GLD,HELD,12.17,HIGH,120.73,120.54,-0.157,WRONG,2016-03-04,BACKFILL
2016-03-03,QQQ,FLAT,-1.43,LOW,98.01,98.05,0.041,WRONG,2016-03-04,BACKFILL
2016-03-04,BTC,LONG,22.94,HIGH,410.94,414.32,0.823,RIGHT,2016-03-07,BACKFILL
2016-03-04,GLD,HELD,11.88,HIGH,120.54,121.14,0.498,RIGHT,2016-03-07,BACKFILL
2016-03-04,QQQ,FLAT,-1.35,LOW,98.05,97.45,-0.612,RIGHT,2016-03-07,BACKFILL
2016-03-07,BTC,LONG,23.64,HIGH,414.32,413.97,-0.084,WRONG,2016-03-08,BACKFILL
2016-03-07,GLD,HELD,12.33,HIGH,121.14,120.58,-0.462,WRONG,2016-03-08,BACKFILL
2016-03-07,QQQ,FLAT,-1.92,LOW,97.45,96.64,-0.831,RIGHT,2016-03-08,BACKFILL
2016-03-08,BTC,LONG,23.21,HIGH,413.97,414.86,0.215,RIGHT,2016-03-09,BACKFILL
2016-03-08,GLD,HELD,11.7,HIGH,120.58,119.58,-0.829,WRONG,2016-03-09,BACKFILL
2016-03-08,QQQ,FLAT,-2.69,MEDIUM,96.64,97.26,0.642,WRONG,2016-03-09,BACKFILL
2016-03-09,BTC,LONG,23.15,HIGH,414.86,417.13,0.547,RIGHT,2016-03-10,BACKFILL
2016-03-09,GLD,HELD,10.66,HIGH,119.58,121.5,1.606,RIGHT,2016-03-10,BACKFILL
2016-03-09,QQQ,FLAT,-2.03,MEDIUM,97.26,97.11,-0.154,RIGHT,2016-03-10,BACKFILL
2016-03-10,BTC,LONG,23.5,HIGH,417.13,421.69,1.093,RIGHT,2016-03-11,BACKFILL
2016-03-10,GLD,HELD,12.32,HIGH,121.5,119.41,-1.72,WRONG,2016-03-11,BACKFILL
2016-03-10,QQQ,FLAT,-2.14,MEDIUM,97.11,98.81,1.751,WRONG,2016-03-11,BACKFILL
2016-03-11,BTC,LONG,24.5,HIGH,421.69,416.44,-1.245,WRONG,2016-03-14,BACKFILL
2016-03-11,GLD,HELD,10.29,HIGH,119.41,117.87,-1.29,WRONG,2016-03-14,BACKFILL
2016-03-11,QQQ,FLAT,-0.4,LOW,98.81,98.98,0.172,WRONG,2016-03-14,BACKFILL
2016-03-14,BTC,LONG,22.62,HIGH,416.44,416.83,0.094,RIGHT,2016-03-15,BACKFILL
2016-03-14,GLD,HELD,8.77,HIGH,117.87,117.96,0.076,RIGHT,2016-03-15,BACKFILL
2016-03-14,QQQ,FLAT,-0.21,LOW,98.98,98.94,-0.04,RIGHT,2016-03-15,BACKFILL
2016-03-15,BTC,LONG,22.36,HIGH,416.83,417.01,0.043,RIGHT,2016-03-16,BACKFILL
2016-03-15,GLD,HELD,8.78,HIGH,117.96,120.59,2.23,RIGHT,2016-03-16,BACKFILL
2016-03-15,QQQ,FLAT,-0.23,LOW,98.94,99.82,0.889,WRONG,2016-03-16,BACKFILL
2016-03-16,BTC,LONG,22.07,HIGH,417.01,420.62,0.866,RIGHT,2016-03-17,BACKFILL
2016-03-16,GLD,HELD,11.1,HIGH,120.59,120.13,-0.381,WRONG,2016-03-17,BACKFILL
2016-03-16,QQQ,LONG,0.67,LOW,99.82,99.77,-0.05,WRONG,2016-03-17,BACKFILL
2016-03-17,BTC,LONG,22.75,HIGH,420.62,409.55,-2.632,WRONG,2016-03-18,BACKFILL
2016-03-17,GLD,HELD,10.6,HIGH,120.13,119.8,-0.275,WRONG,2016-03-18,BACKFILL
2016-03-17,QQQ,LONG,0.64,LOW,99.77,99.92,0.15,RIGHT,2016-03-18,BACKFILL
2016-03-18,BTC,LONG,19.19,HIGH,409.55,413.31,0.918,RIGHT,2016-03-21,BACKFILL
2016-03-18,GLD,HELD,10.2,HIGH,119.8,118.96,-0.701,WRONG,2016-03-21,BACKFILL
2016-03-18,QQQ,LONG,0.8,LOW,99.92,100.32,0.4,RIGHT,2016-03-21,BACKFILL
2016-03-21,BTC,LONG,19.94,HIGH,413.31,418.09,1.157,RIGHT,2016-03-22,BACKFILL
2016-03-21,GLD,HELD,9.35,HIGH,118.96,119.31,0.294,RIGHT,2016-03-22,BACKFILL
2016-03-21,QQQ,LONG,1.22,LOW,100.32,100.62,0.299,RIGHT,2016-03-22,BACKFILL
2016-03-22,BTC,LONG,20.95,HIGH,418.09,418.04,-0.012,WRONG,2016-03-23,BACKFILL
2016-03-22,GLD,HELD,9.59,HIGH,119.31,116.61,-2.263,WRONG,2016-03-23,BACKFILL
2016-03-22,QQQ,LONG,1.53,LOW,100.62,99.79,-0.825,WRONG,2016-03-23,BACKFILL
2016-03-23,BTC,LONG,20.45,HIGH,418.04,416.39,-0.395,WRONG,2016-03-24,BACKFILL
2016-03-23,GLD,HELD,7.05,HIGH,116.61,116.33,-0.24,WRONG,2016-03-24,BACKFILL
2016-03-23,QQQ,LONG,0.71,LOW,99.79,99.82,0.03,RIGHT,2016-03-24,BACKFILL
2016-03-24,BTC,LONG,19.54,HIGH,416.39,424.23,1.883,RIGHT,2016-03-28,BACKFILL
2016-03-24,GLD,HELD,6.74,HIGH,116.33,116.6,0.232,RIGHT,2016-03-28,BACKFILL
2016-03-24,QQQ,LONG,0.76,LOW,99.82,99.68,-0.14,WRONG,2016-03-28,BACKFILL
2016-03-28,BTC,LONG,21.36,HIGH,424.23,416.52,-1.817,WRONG,2016-03-29,BACKFILL
2016-03-28,GLD,HELD,6.95,HIGH,116.6,118.76,1.852,RIGHT,2016-03-29,BACKFILL
2016-03-28,QQQ,LONG,0.61,LOW,99.68,101.28,1.605,RIGHT,2016-03-29,BACKFILL
2016-03-29,BTC,LONG,18.73,HIGH,416.52,414.82,-0.408,WRONG,2016-03-30,BACKFILL
2016-03-29,GLD,HELD,8.88,HIGH,118.76,117.1,-1.398,WRONG,2016-03-30,BACKFILL
2016-03-29,QQQ,LONG,2.18,MEDIUM,101.28,101.78,0.494,RIGHT,2016-03-30,BACKFILL
2016-03-30,BTC,LONG,17.79,HIGH,414.82,416.73,0.46,RIGHT,2016-03-31,BACKFILL
2016-03-30,GLD,HELD,7.31,HIGH,117.1,117.64,0.461,RIGHT,2016-03-31,BACKFILL
2016-03-30,QQQ,LONG,2.61,MEDIUM,101.78,101.63,-0.147,WRONG,2016-03-31,BACKFILL
2016-03-31,BTC,LONG,17.9,HIGH,416.73,417.96,0.295,RIGHT,2016-04-01,BACKFILL
2016-03-31,GLD,HELD,7.75,HIGH,117.64,116.93,-0.604,WRONG,2016-04-01,BACKFILL
2016-03-31,QQQ,LONG,2.38,MEDIUM,101.63,102.71,1.063,RIGHT,2016-04-01,BACKFILL
2016-04-01,BTC,LONG,17.82,HIGH,417.96,421.44,0.833,RIGHT,2016-04-04,BACKFILL
2016-04-01,GLD,HELD,7.04,HIGH,116.93,116.15,-0.667,WRONG,2016-04-04,BACKFILL
2016-04-01,QQQ,LONG,3.41,MEDIUM,102.71,102.32,-0.38,WRONG,2016-04-04,BACKFILL
2016-04-04,BTC,LONG,18.36,HIGH,421.44,424.03,0.615,RIGHT,2016-04-05,BACKFILL
2016-04-04,GLD,HELD,6.27,HIGH,116.15,117.66,1.3,RIGHT,2016-04-05,BACKFILL
2016-04-04,QQQ,LONG,2.99,MEDIUM,102.32,101.33,-0.968,WRONG,2016-04-05,BACKFILL
2016-04-05,BTC,LONG,18.66,HIGH,424.03,423.41,-0.146,WRONG,2016-04-06,BACKFILL
2016-04-05,GLD,HELD,7.6,HIGH,117.66,116.94,-0.612,WRONG,2016-04-06,BACKFILL
2016-04-05,QQQ,LONG,1.96,LOW,101.33,103.0,1.648,RIGHT,2016-04-06,BACKFILL
2016-04-06,BTC,LONG,18.06,HIGH,423.41,422.74,-0.158,WRONG,2016-04-07,BACKFILL
2016-04-06,GLD,HELD,6.88,HIGH,116.94,118.61,1.428,RIGHT,2016-04-07,BACKFILL
2016-04-06,QQQ,LONG,3.6,MEDIUM,103.0,101.52,-1.437,WRONG,2016-04-07,BACKFILL
2016-04-07,BTC,LONG,17.45,HIGH,422.74,420.35,-0.565,WRONG,2016-04-08,BACKFILL
2016-04-07,GLD,HELD,8.35,HIGH,118.61,118.43,-0.152,WRONG,2016-04-08,BACKFILL
2016-04-07,QQQ,LONG,2.05,MEDIUM,101.52,101.44,-0.079,WRONG,2016-04-08,BACKFILL
2016-04-08,BTC,LONG,16.38,HIGH,420.35,422.48,0.507,RIGHT,2016-04-11,BACKFILL
2016-04-08,GLD,HELD,8.12,HIGH,118.43,120.03,1.351,RIGHT,2016-04-11,BACKFILL
2016-04-08,QQQ,LONG,1.93,LOW,101.44,101.07,-0.365,WRONG,2016-04-11,BACKFILL
2016-04-11,BTC,LONG,16.54,HIGH,422.48,425.19,0.641,RIGHT,2016-04-12,BACKFILL
2016-04-11,GLD,HELD,9.5,HIGH,120.03,120.05,0.017,RIGHT,2016-04-12,BACKFILL
2016-04-11,QQQ,LONG,1.52,LOW,101.07,101.92,0.841,RIGHT,2016-04-12,BACKFILL
2016-04-12,BTC,LONG,16.87,HIGH,425.19,423.73,-0.343,WRONG,2016-04-13,BACKFILL
2016-04-12,GLD,HELD,9.43,HIGH,120.05,118.77,-1.066,WRONG,2016-04-13,BACKFILL
2016-04-12,QQQ,LONG,2.33,MEDIUM,101.92,103.22,1.276,RIGHT,2016-04-13,BACKFILL
2016-04-13,BTC,LONG,16.09,HIGH,423.73,424.28,0.13,RIGHT,2016-04-14,BACKFILL
2016-04-13,GLD,HELD,8.19,HIGH,118.77,117.11,-1.398,WRONG,2016-04-14,BACKFILL
2016-04-13,QQQ,LONG,3.59,MEDIUM,103.22,103.23,0.01,RIGHT,2016-04-14,BACKFILL
2016-04-14,BTC,LONG,15.85,HIGH,424.28,429.71,1.28,RIGHT,2016-04-15,BACKFILL
2016-04-14,GLD,HELD,6.61,HIGH,117.11,117.92,0.692,RIGHT,2016-04-15,BACKFILL
2016-04-14,QQQ,LONG,3.55,MEDIUM,103.23,102.97,-0.252,WRONG,2016-04-15,BACKFILL
2016-04-15,BTC,LONG,16.92,HIGH,429.71,428.59,-0.261,WRONG,2016-04-18,BACKFILL
2016-04-15,GLD,HELD,7.27,HIGH,117.92,117.74,-0.153,WRONG,2016-04-18,BACKFILL
2016-04-15,QQQ,LONG,3.24,MEDIUM,102.97,103.52,0.534,RIGHT,2016-04-18,BACKFILL
2016-04-18,BTC,LONG,16.22,HIGH,428.59,435.51,1.615,RIGHT,2016-04-19,BACKFILL
2016-04-18,GLD,HELD,7.03,HIGH,117.74,119.58,1.563,RIGHT,2016-04-19,BACKFILL
2016-04-18,QQQ,LONG,3.75,MEDIUM,103.52,102.88,-0.618,WRONG,2016-04-19,BACKFILL
2016-04-19,BTC,LONG,17.66,HIGH,435.51,441.39,1.35,RIGHT,2016-04-20,BACKFILL
2016-04-19,GLD,HELD,8.62,HIGH,119.58,118.97,-0.51,WRONG,2016-04-20,BACKFILL
2016-04-19,QQQ,LONG,3.07,MEDIUM,102.88,102.97,0.087,RIGHT,2016-04-20,BACKFILL
2016-04-20,BTC,LONG,18.8,HIGH,441.39,449.42,1.819,RIGHT,2016-04-21,BACKFILL
2016-04-20,GLD,HELD,7.98,HIGH,118.97,119.42,0.378,RIGHT,2016-04-21,BACKFILL
2016-04-20,QQQ,LONG,3.13,MEDIUM,102.97,102.98,0.01,RIGHT,2016-04-21,BACKFILL
2016-04-21,BTC,LONG,20.48,HIGH,449.42,445.74,-0.819,WRONG,2016-04-22,BACKFILL
2016-04-21,GLD,HELD,8.31,HIGH,119.42,117.89,-1.281,WRONG,2016-04-22,BACKFILL
2016-04-21,QQQ,LONG,3.11,MEDIUM,102.98,101.42,-1.515,WRONG,2016-04-22,BACKFILL
2016-04-22,BTC,LONG,19.04,HIGH,445.74,461.43,3.52,RIGHT,2016-04-25,BACKFILL
2016-04-22,GLD,HELD,6.86,HIGH,117.89,118.23,0.288,RIGHT,2016-04-25,BACKFILL
2016-04-22,QQQ,LONG,1.53,LOW,101.42,101.42,0.0,WRONG,2016-04-25,BACKFILL
2016-04-25,BTC,LONG,22.73,HIGH,461.43,466.09,1.01,RIGHT,2016-04-26,BACKFILL
2016-04-25,GLD,HELD,7.11,HIGH,118.23,118.7,0.398,RIGHT,2016-04-26,BACKFILL
2016-04-25,QQQ,LONG,1.5,LOW,101.42,100.93,-0.483,WRONG,2016-04-26,BACKFILL
2016-04-26,BTC,LONG,23.44,HIGH,466.09,444.69,-4.591,WRONG,2016-04-27,BACKFILL
2016-04-26,GLD,HELD,7.47,HIGH,118.7,119.04,0.286,RIGHT,2016-04-27,BACKFILL
2016-04-26,QQQ,LONG,0.99,LOW,100.93,100.12,-0.803,WRONG,2016-04-27,BACKFILL
2016-04-27,BTC,LONG,17.33,HIGH,444.69,449.01,0.971,RIGHT,2016-04-28,BACKFILL
2016-04-27,GLD,HELD,7.7,HIGH,119.04,121.29,1.89,RIGHT,2016-04-28,BACKFILL
2016-04-27,QQQ,LONG,0.16,LOW,100.12,98.91,-1.209,WRONG,2016-04-28,BACKFILL
2016-04-28,BTC,LONG,18.02,HIGH,449.01,455.1,1.356,RIGHT,2016-04-29,BACKFILL
2016-04-28,GLD,HELD,9.65,HIGH,121.29,123.65,1.946,RIGHT,2016-04-29,BACKFILL
2016-04-28,QQQ,FLAT,-1.07,LOW,98.91,98.39,-0.526,RIGHT,2016-04-29,BACKFILL
2016-04-29,BTC,LONG,19.16,HIGH,455.1,444.67,-2.292,WRONG,2016-05-02,BACKFILL
2016-04-29,GLD,HELD,11.7,HIGH,123.65,123.24,-0.332,WRONG,2016-05-02,BACKFILL
2016-04-29,QQQ,FLAT,-1.61,LOW,98.39,99.32,0.945,WRONG,2016-05-02,BACKFILL
2016-05-02,BTC,LONG,16.0,HIGH,444.67,450.3,1.266,RIGHT,2016-05-03,BACKFILL
2016-05-02,GLD,HELD,11.24,HIGH,123.24,122.96,-0.227,WRONG,2016-05-03,BACKFILL
2016-05-02,QQQ,FLAT,-0.7,LOW,99.32,98.4,-0.926,RIGHT,2016-05-03,BACKFILL
2016-05-03,BTC,LONG,17.04,HIGH,450.3,446.72,-0.795,WRONG,2016-05-04,BACKFILL
2016-05-03,GLD,HELD,10.89,HIGH,122.96,122.21,-0.61,WRONG,2016-05-04,BACKFILL
2016-05-03,QQQ,FLAT,-1.66,LOW,98.4,97.77,-0.64,RIGHT,2016-05-04,BACKFILL
2016-05-04,BTC,LONG,15.69,HIGH,446.72,447.98,0.282,RIGHT,2016-05-05,BACKFILL
2016-05-04,GLD,HELD,10.12,HIGH,122.21,122.07,-0.115,WRONG,2016-05-05,BACKFILL
2016-05-04,QQQ,FLAT,-2.33,MEDIUM,97.77,97.74,-0.031,RIGHT,2016-05-05,BACKFILL
2016-05-05,BTC,LONG,15.59,HIGH,447.98,459.6,2.594,RIGHT,2016-05-06,BACKFILL
2016-05-05,GLD,HELD,9.89,HIGH,122.07,123.18,0.909,RIGHT,2016-05-06,BACKFILL
2016-05-05,QQQ,FLAT,-2.38,MEDIUM,97.74,98.26,0.532,WRONG,2016-05-06,BACKFILL
2016-05-06,BTC,LONG,18.14,HIGH,459.6,460.48,0.191,RIGHT,2016-05-09,BACKFILL
2016-05-06,GLD,HELD,10.78,HIGH,123.18,120.65,-2.054,WRONG,2016-05-09,BACKFILL
2016-05-06,QQQ,FLAT,-1.89,LOW,98.26,98.54,0.285,WRONG,2016-05-09,BACKFILL
2016-05-09,BTC,LONG,17.92,HIGH,460.48,450.89,-2.083,WRONG,2016-05-10,BACKFILL
2016-05-09,GLD,HELD,8.43,HIGH,120.65,120.98,0.274,RIGHT,2016-05-10,BACKFILL
2016-05-09,QQQ,FLAT,-1.62,LOW,98.54,99.89,1.37,WRONG,2016-05-10,BACKFILL
2016-05-10,BTC,LONG,15.05,HIGH,450.89,452.73,0.408,RIGHT,2016-05-11,BACKFILL
2016-05-10,GLD,HELD,8.65,HIGH,120.98,122.12,0.942,RIGHT,2016-05-11,BACKFILL
2016-05-10,QQQ,FLAT,-0.29,LOW,99.89,98.98,-0.911,RIGHT,2016-05-11,BACKFILL
2016-05-11,BTC,LONG,15.11,HIGH,452.73,454.77,0.451,RIGHT,2016-05-12,BACKFILL
2016-05-11,GLD,HELD,9.59,HIGH,122.12,121.16,-0.786,WRONG,2016-05-12,BACKFILL
2016-05-11,QQQ,FLAT,-1.21,LOW,98.98,98.55,-0.434,RIGHT,2016-05-12,BACKFILL
2016-05-12,BTC,LONG,15.22,HIGH,454.77,455.67,0.198,RIGHT,2016-05-13,BACKFILL
2016-05-12,GLD,HELD,8.65,HIGH,121.16,121.71,0.454,RIGHT,2016-05-13,BACKFILL
2016-05-12,QQQ,FLAT,-1.65,LOW,98.55,98.18,-0.375,RIGHT,2016-05-13,BACKFILL
2016-05-13,BTC,LONG,15.03,HIGH,455.67,454.16,-0.331,WRONG,2016-05-16,BACKFILL
2016-05-13,GLD,HELD,9.06,HIGH,121.71,121.8,0.074,RIGHT,2016-05-16,BACKFILL
2016-05-13,QQQ,FLAT,-2.01,MEDIUM,98.18,99.41,1.253,WRONG,2016-05-16,BACKFILL
2016-05-16,BTC,LONG,14.24,HIGH,454.16,453.78,-0.084,WRONG,2016-05-17,BACKFILL
2016-05-16,GLD,HELD,9.07,HIGH,121.8,122.22,0.345,RIGHT,2016-05-17,BACKFILL
2016-05-16,QQQ,FLAT,-0.79,LOW,99.41,98.17,-1.247,RIGHT,2016-05-17,BACKFILL
2016-05-17,BTC,LONG,13.75,HIGH,453.78,454.62,0.185,RIGHT,2016-05-18,BACKFILL
2016-05-17,GLD,HELD,9.38,HIGH,122.22,120.1,-1.735,WRONG,2016-05-18,BACKFILL
2016-05-17,QQQ,FLAT,-2.03,MEDIUM,98.17,98.52,0.357,WRONG,2016-05-18,BACKFILL
2016-05-18,BTC,LONG,13.57,HIGH,454.62,438.71,-3.5,WRONG,2016-05-19,BACKFILL
2016-05-18,GLD,HELD,7.43,HIGH,120.1,119.87,-0.192,WRONG,2016-05-19,BACKFILL
2016-05-18,QQQ,FLAT,-1.68,LOW,98.52,98.01,-0.518,RIGHT,2016-05-19,BACKFILL
2016-05-19,BTC,LONG,9.26,HIGH,438.71,442.68,0.905,RIGHT,2016-05-20,BACKFILL
2016-05-19,GLD,HELD,7.18,HIGH,119.87,119.71,-0.133,WRONG,2016-05-20,BACKFILL
2016-05-19,QQQ,FLAT,-2.19,MEDIUM,98.01,99.09,1.102,WRONG,2016-05-20,BACKFILL
2016-05-20,BTC,LONG,9.9,HIGH,442.68,444.15,0.332,RIGHT,2016-05-23,BACKFILL
2016-05-20,GLD,HELD,7.0,HIGH,119.71,119.37,-0.284,WRONG,2016-05-23,BACKFILL
2016-05-20,QQQ,FLAT,-1.11,LOW,99.09,98.96,-0.131,RIGHT,2016-05-23,BACKFILL
2016-05-23,BTC,LONG,9.94,HIGH,444.15,445.98,0.412,RIGHT,2016-05-24,BACKFILL
2016-05-23,GLD,HELD,6.65,HIGH,119.37,117.3,-1.734,WRONG,2016-05-24,BACKFILL
2016-05-23,QQQ,FLAT,-1.23,LOW,98.96,100.94,2.001,WRONG,2016-05-24,BACKFILL
2016-05-24,BTC,LONG,10.06,HIGH,445.98,449.6,0.812,RIGHT,2016-05-25,BACKFILL
2016-05-24,GLD,HELD,4.77,MEDIUM,117.3,116.98,-0.273,WRONG,2016-05-25,BACKFILL
2016-05-24,QQQ,LONG,0.74,LOW,100.94,101.67,0.723,RIGHT,2016-05-25,BACKFILL
2016-05-25,BTC,LONG,10.63,HIGH,449.6,453.38,0.841,RIGHT,2016-05-26,BACKFILL
2016-05-25,GLD,HELD,4.46,MEDIUM,116.98,116.58,-0.342,WRONG,2016-05-26,BACKFILL
2016-05-25,QQQ,LONG,1.46,LOW,101.67,101.96,0.285,RIGHT,2016-05-26,BACKFILL
2016-05-26,BTC,LONG,11.21,HIGH,453.38,473.46,4.429,RIGHT,2016-05-27,BACKFILL
2016-05-26,GLD,HELD,4.07,MEDIUM,116.58,115.62,-0.823,WRONG,2016-05-27,BACKFILL
2016-05-26,QQQ,LONG,1.73,LOW,101.96,102.49,0.52,RIGHT,2016-05-27,BACKFILL
2016-05-27,BTC,LONG,15.76,HIGH,473.46,531.39,12.235,RIGHT,2016-05-31,BACKFILL
2016-05-27,GLD,HELD,3.19,MEDIUM,115.62,116.06,0.381,RIGHT,2016-05-31,BACKFILL
2016-05-27,QQQ,LONG,2.26,MEDIUM,102.49,102.69,0.195,RIGHT,2016-05-31,BACKFILL
2016-05-31,BTC,LONG,29.39,HIGH,531.39,536.92,1.041,RIGHT,2016-06-01,BACKFILL
2016-05-31,GLD,HELD,3.55,MEDIUM,116.06,115.94,-0.103,WRONG,2016-06-01,BACKFILL
2016-05-31,QQQ,LONG,2.47,MEDIUM,102.69,102.7,0.01,RIGHT,2016-06-01,BACKFILL
2016-06-01,BTC,LONG,30.2,HIGH,536.92,537.97,0.196,RIGHT,2016-06-02,BACKFILL
2016-06-01,GLD,HELD,3.42,MEDIUM,115.94,115.67,-0.233,WRONG,2016-06-02,BACKFILL
2016-06-01,QQQ,LONG,2.49,MEDIUM,102.7,102.91,0.204,RIGHT,2016-06-02,BACKFILL
2016-06-02,BTC,LONG,29.94,HIGH,537.97,569.19,5.803,RIGHT,2016-06-03,BACKFILL
2016-06-02,GLD,HELD,3.15,MEDIUM,115.67,118.88,2.775,RIGHT,2016-06-03,BACKFILL
2016-06-02,QQQ,LONG,2.71,MEDIUM,102.91,102.43,-0.466,WRONG,2016-06-03,BACKFILL
2016-06-03,BTC,LONG,36.9,HIGH,569.19,585.54,2.873,RIGHT,2016-06-06,BACKFILL
2016-06-03,GLD,HELD,5.96,HIGH,118.88,118.92,0.034,RIGHT,2016-06-06,BACKFILL
2016-06-03,QQQ,LONG,2.25,MEDIUM,102.43,102.8,0.361,RIGHT,2016-06-06,BACKFILL
2016-06-06,BTC,LONG,40.22,HIGH,585.54,576.6,-1.527,WRONG,2016-06-07,BACKFILL
2016-06-06,GLD,HELD,5.94,HIGH,118.92,118.82,-0.084,WRONG,2016-06-07,BACKFILL
2016-06-06,QQQ,LONG,2.64,MEDIUM,102.8,102.54,-0.253,WRONG,2016-06-07,BACKFILL
2016-06-07,BTC,LONG,37.54,HIGH,576.6,581.65,0.876,RIGHT,2016-06-08,BACKFILL
2016-06-07,GLD,HELD,5.79,HIGH,118.82,120.58,1.481,RIGHT,2016-06-08,BACKFILL
2016-06-07,QQQ,LONG,2.39,MEDIUM,102.54,102.72,0.176,RIGHT,2016-06-08,BACKFILL
2016-06-08,BTC,LONG,38.26,HIGH,581.65,574.63,-1.207,WRONG,2016-06-09,BACKFILL
2016-06-08,GLD,HELD,7.28,HIGH,120.58,121.25,0.556,RIGHT,2016-06-09,BACKFILL
2016-06-08,QQQ,LONG,2.6,MEDIUM,102.72,102.55,-0.165,WRONG,2016-06-09,BACKFILL
2016-06-09,BTC,LONG,36.22,HIGH,574.63,577.47,0.494,RIGHT,2016-06-10,BACKFILL
2016-06-09,GLD,HELD,7.79,HIGH,121.25,121.74,0.404,RIGHT,2016-06-10,BACKFILL
2016-06-09,QQQ,LONG,2.45,MEDIUM,102.55,101.39,-1.131,WRONG,2016-06-10,BACKFILL
2016-06-10,BTC,LONG,36.53,HIGH,577.47,704.38,21.977,RIGHT,2016-06-13,BACKFILL
2016-06-10,GLD,HELD,8.12,HIGH,121.74,122.64,0.739,RIGHT,2016-06-13,BACKFILL
2016-06-10,QQQ,LONG,1.33,LOW,101.39,100.54,-0.838,WRONG,2016-06-13,BACKFILL
2016-06-13,BTC,LONG,65.71,HIGH,704.38,685.56,-2.672,WRONG,2016-06-14,BACKFILL
2016-06-13,GLD,HELD,8.81,HIGH,122.64,122.77,0.106,RIGHT,2016-06-14,BACKFILL
2016-06-13,QQQ,LONG,0.52,LOW,100.54,100.54,0.0,WRONG,2016-06-14,BACKFILL
2016-06-14,BTC,LONG,60.5,HIGH,685.56,694.47,1.3,RIGHT,2016-06-15,BACKFILL
2016-06-14,GLD,HELD,8.81,HIGH,122.77,123.68,0.741,RIGHT,2016-06-15,BACKFILL
2016-06-14,QQQ,LONG,0.55,LOW,100.54,100.25,-0.288,WRONG,2016-06-15,BACKFILL
2016-06-15,BTC,LONG,61.79,HIGH,694.47,766.31,10.345,RIGHT,2016-06-16,BACKFILL
2016-06-15,GLD,HELD,9.49,HIGH,123.68,122.38,-1.051,WRONG,2016-06-16,BACKFILL
2016-06-15,QQQ,LONG,0.3,LOW,100.25,100.55,0.299,RIGHT,2016-06-16,BACKFILL
2016-06-16,BTC,LONG,77.35,HIGH,766.31,748.91,-2.271,WRONG,2016-06-17,BACKFILL
2016-06-16,GLD,HELD,8.22,HIGH,122.38,123.95,1.283,RIGHT,2016-06-17,BACKFILL
2016-06-16,QQQ,LONG,0.62,LOW,100.55,99.37,-1.174,WRONG,2016-06-17,BACKFILL
2016-06-17,BTC,LONG,72.16,HIGH,748.91,737.23,-1.56,WRONG,2016-06-20,BACKFILL
2016-06-17,GLD,HELD,9.48,HIGH,123.95,123.21,-0.597,WRONG,2016-06-20,BACKFILL
2016-06-17,QQQ,FLAT,-0.52,LOW,99.37,99.99,0.624,WRONG,2016-06-20,BACKFILL
2016-06-20,BTC,LONG,68.44,HIGH,737.23,666.65,-9.574,WRONG,2016-06-21,BACKFILL
2016-06-20,GLD,HELD,8.7,HIGH,123.21,120.84,-1.924,WRONG,2016-06-21,BACKFILL
2016-06-20,QQQ,LONG,0.12,LOW,99.99,100.31,0.32,RIGHT,2016-06-21,BACKFILL
2016-06-21,BTC,LONG,51.55,HIGH,666.65,596.12,-10.58,WRONG,2016-06-22,BACKFILL
2016-06-21,GLD,HELD,6.51,HIGH,120.84,120.9,0.05,RIGHT,2016-06-22,BACKFILL
2016-06-21,QQQ,LONG,0.45,LOW,100.31,100.07,-0.239,WRONG,2016-06-22,BACKFILL
2016-06-22,BTC,LONG,34.98,HIGH,596.12,623.98,4.674,RIGHT,2016-06-23,BACKFILL
2016-06-22,GLD,HELD,6.45,HIGH,120.9,120.11,-0.653,WRONG,2016-06-23,BACKFILL
2016-06-22,QQQ,LONG,0.23,LOW,100.07,101.5,1.429,RIGHT,2016-06-23,BACKFILL
2016-06-23,BTC,LONG,40.67,HIGH,623.98,665.3,6.622,RIGHT,2016-06-24,BACKFILL
2016-06-23,GLD,HELD,5.64,HIGH,120.11,126.0,4.904,RIGHT,2016-06-24,BACKFILL
2016-06-23,QQQ,LONG,1.68,LOW,101.5,97.32,-4.118,WRONG,2016-06-24,BACKFILL
2016-06-24,BTC,LONG,49.24,HIGH,665.3,655.28,-1.506,WRONG,2016-06-27,BACKFILL
2016-06-24,GLD,HELD,10.67,HIGH,126.0,126.68,0.54,RIGHT,2016-06-27,BACKFILL
2016-06-24,QQQ,FLAT,-2.46,MEDIUM,97.32,95.39,-1.983,RIGHT,2016-06-27,BACKFILL
2016-06-27,BTC,LONG,46.28,HIGH,655.28,647.0,-1.264,WRONG,2016-06-28,BACKFILL
2016-06-27,GLD,HELD,11.12,HIGH,126.68,125.32,-1.074,WRONG,2016-06-28,BACKFILL
2016-06-27,QQQ,FLAT,-4.33,MEDIUM,95.39,97.48,2.191,WRONG,2016-06-28,BACKFILL
2016-06-28,BTC,LONG,43.73,HIGH,647.0,639.89,-1.099,WRONG,2016-06-29,BACKFILL
2016-06-28,GLD,HELD,9.78,HIGH,125.32,125.84,0.415,RIGHT,2016-06-29,BACKFILL
2016-06-28,QQQ,FLAT,-2.18,MEDIUM,97.48,99.2,1.764,WRONG,2016-06-29,BACKFILL
2016-06-29,BTC,LONG,41.49,HIGH,639.89,673.34,5.227,RIGHT,2016-06-30,BACKFILL
2016-06-29,GLD,HELD,10.09,HIGH,125.84,126.47,0.501,RIGHT,2016-06-30,BACKFILL
2016-06-29,QQQ,FLAT,-0.41,LOW,99.2,100.35,1.159,WRONG,2016-06-30,BACKFILL
2016-06-30,BTC,LONG,48.11,HIGH,673.34,676.3,0.44,RIGHT,2016-07-01,BACKFILL
2016-06-30,GLD,HELD,10.49,HIGH,126.47,128.41,1.534,RIGHT,2016-07-01,BACKFILL
2016-06-30,QQQ,LONG,0.78,LOW,100.35,100.85,0.498,RIGHT,2016-07-01,BACKFILL
2016-07-01,BTC,LONG,48.01,HIGH,676.3,670.63,-0.838,WRONG,2016-07-05,BACKFILL
2016-07-01,GLD,HELD,12.01,HIGH,128.41,129.47,0.825,RIGHT,2016-07-05,BACKFILL
2016-07-01,QQQ,LONG,1.31,LOW,100.85,100.24,-0.605,WRONG,2016-07-05,BACKFILL
2016-07-05,BTC,LONG,46.1,HIGH,670.63,677.33,0.999,RIGHT,2016-07-06,BACKFILL
2016-07-05,GLD,HELD,12.75,HIGH,129.47,130.23,0.587,RIGHT,2016-07-06,BACKFILL
2016-07-05,QQQ,LONG,0.74,LOW,100.24,101.06,0.818,RIGHT,2016-07-06,BACKFILL
2016-07-06,BTC,LONG,46.92,HIGH,677.33,640.56,-5.429,WRONG,2016-07-07,BACKFILL
2016-07-06,GLD,HELD,13.23,HIGH,130.23,129.74,-0.376,WRONG,2016-07-07,BACKFILL
2016-07-06,QQQ,LONG,1.59,LOW,101.06,101.36,0.297,RIGHT,2016-07-07,BACKFILL
2016-07-07,BTC,LONG,38.39,HIGH,640.56,666.52,4.053,RIGHT,2016-07-08,BACKFILL
2016-07-07,GLD,HELD,12.62,HIGH,129.74,130.52,0.601,RIGHT,2016-07-08,BACKFILL
2016-07-07,QQQ,LONG,1.93,LOW,101.36,102.92,1.539,RIGHT,2016-07-08,BACKFILL
2016-07-08,BTC,LONG,43.36,HIGH,666.52,647.66,-2.83,WRONG,2016-07-11,BACKFILL
2016-07-08,GLD,HELD,13.1,HIGH,130.52,129.29,-0.942,WRONG,2016-07-11,BACKFILL
2016-07-08,QQQ,LONG,3.52,MEDIUM,102.92,103.51,0.573,RIGHT,2016-07-11,BACKFILL
2016-07-11,BTC,LONG,38.74,HIGH,647.66,664.55,2.608,RIGHT,2016-07-12,BACKFILL
2016-07-11,GLD,HELD,11.86,HIGH,129.29,127.15,-1.655,WRONG,2016-07-12,BACKFILL
2016-07-11,QQQ,LONG,4.11,MEDIUM,103.51,104.04,0.512,RIGHT,2016-07-12,BACKFILL
2016-07-12,BTC,LONG,41.75,HIGH,664.55,654.47,-1.517,WRONG,2016-07-13,BACKFILL
2016-07-12,GLD,HELD,9.86,HIGH,127.15,128.32,0.92,RIGHT,2016-07-13,BACKFILL
2016-07-12,QQQ,LONG,4.66,MEDIUM,104.04,103.78,-0.25,WRONG,2016-07-13,BACKFILL
2016-07-13,BTC,LONG,39.08,HIGH,654.47,658.08,0.552,RIGHT,2016-07-14,BACKFILL
2016-07-13,GLD,HELD,10.71,HIGH,128.32,127.33,-0.772,WRONG,2016-07-14,BACKFILL
2016-07-13,QQQ,LONG,4.42,MEDIUM,103.78,104.49,0.684,RIGHT,2016-07-14,BACKFILL
2016-07-14,BTC,LONG,39.37,HIGH,658.08,663.26,0.787,RIGHT,2016-07-15,BACKFILL
2016-07-14,GLD,HELD,9.7,HIGH,127.33,126.84,-0.385,WRONG,2016-07-15,BACKFILL
2016-07-14,QQQ,LONG,5.14,HIGH,104.49,104.32,-0.163,WRONG,2016-07-15,BACKFILL
2016-07-15,BTC,LONG,39.98,HIGH,663.26,673.11,1.485,RIGHT,2016-07-18,BACKFILL
2016-07-15,GLD,HELD,9.13,HIGH,126.84,127.04,0.158,RIGHT,2016-07-18,BACKFILL
2016-07-15,QQQ,LONG,4.97,MEDIUM,104.32,105.02,0.671,RIGHT,2016-07-18,BACKFILL
2016-07-18,BTC,LONG,41.55,HIGH,673.11,672.86,-0.037,WRONG,2016-07-19,BACKFILL
2016-07-18,GLD,HELD,9.15,HIGH,127.04,127.21,0.134,RIGHT,2016-07-19,BACKFILL
2016-07-18,QQQ,LONG,5.68,HIGH,105.02,104.63,-0.371,WRONG,2016-07-19,BACKFILL
2016-07-19,BTC,LONG,41.06,HIGH,672.86,665.68,-1.067,WRONG,2016-07-20,BACKFILL
2016-07-19,GLD,HELD,9.14,HIGH,127.21,125.39,-1.431,WRONG,2016-07-20,BACKFILL
2016-07-19,QQQ,LONG,5.27,HIGH,104.63,105.86,1.176,RIGHT,2016-07-20,BACKFILL
2016-07-20,BTC,LONG,39.12,HIGH,665.68,665.01,-0.101,WRONG,2016-07-21,BACKFILL
2016-07-20,GLD,HELD,7.44,HIGH,125.39,127.3,1.523,RIGHT,2016-07-21,BACKFILL
2016-07-20,QQQ,LONG,6.49,HIGH,105.86,105.61,-0.236,WRONG,2016-07-21,BACKFILL
2016-07-21,BTC,LONG,38.6,HIGH,665.01,650.62,-2.164,WRONG,2016-07-22,BACKFILL
2016-07-21,GLD,HELD,8.91,HIGH,127.3,126.35,-0.746,WRONG,2016-07-22,BACKFILL
2016-07-21,QQQ,LONG,6.22,HIGH,105.61,106.05,0.417,RIGHT,2016-07-22,BACKFILL
2016-07-22,BTC,LONG,35.23,HIGH,650.62,654.1,0.535,RIGHT,2016-07-25,BACKFILL
2016-07-22,GLD,HELD,7.95,HIGH,126.35,125.47,-0.696,WRONG,2016-07-25,BACKFILL
2016-07-22,QQQ,LONG,6.66,HIGH,106.05,106.06,0.009,RIGHT,2016-07-25,BACKFILL
2016-07-25,BTC,LONG,35.58,HIGH,654.1,651.78,-0.355,WRONG,2016-07-26,BACKFILL
2016-07-25,GLD,HELD,7.05,HIGH,125.47,126.0,0.422,RIGHT,2016-07-26,BACKFILL
2016-07-25,QQQ,LONG,6.66,HIGH,106.06,106.18,0.113,RIGHT,2016-07-26,BACKFILL
2016-07-26,BTC,LONG,34.75,HIGH,651.78,654.35,0.394,RIGHT,2016-07-27,BACKFILL
2016-07-26,GLD,HELD,7.36,HIGH,126.0,128.03,1.611,RIGHT,2016-07-27,BACKFILL
2016-07-26,QQQ,LONG,6.75,HIGH,106.18,106.92,0.697,RIGHT,2016-07-27,BACKFILL
2016-07-27,BTC,LONG,34.88,HIGH,654.35,655.03,0.104,RIGHT,2016-07-28,BACKFILL
2016-07-27,GLD,HELD,8.93,HIGH,128.03,127.66,-0.289,WRONG,2016-07-28,BACKFILL
2016-07-27,QQQ,LONG,7.46,HIGH,106.92,107.29,0.346,RIGHT,2016-07-28,BACKFILL
2016-07-28,BTC,LONG,34.62,HIGH,655.03,656.99,0.299,RIGHT,2016-07-29,BACKFILL
2016-07-28,GLD,HELD,8.46,HIGH,127.66,128.98,1.034,RIGHT,2016-07-29,BACKFILL
2016-07-28,QQQ,LONG,7.81,HIGH,107.29,107.53,0.224,RIGHT,2016-07-29,BACKFILL
2016-07-29,BTC,LONG,34.62,HIGH,656.99,606.27,-7.72,WRONG,2016-08-01,BACKFILL
2016-07-29,GLD,HELD,9.42,HIGH,128.98,129.22,0.186,RIGHT,2016-08-01,BACKFILL
2016-07-29,QQQ,LONG,8.03,HIGH,107.53,108.09,0.521,RIGHT,2016-08-01,BACKFILL
2016-08-01,BTC,LONG,23.97,HIGH,606.27,547.47,-9.699,WRONG,2016-08-02,BACKFILL
2016-08-01,GLD,HELD,9.46,HIGH,129.22,130.27,0.813,RIGHT,2016-08-02,BACKFILL
2016-08-01,QQQ,LONG,8.56,HIGH,108.09,107.27,-0.759,WRONG,2016-08-02,BACKFILL
2016-08-02,BTC,LONG,11.76,HIGH,547.47,566.35,3.449,RIGHT,2016-08-03,BACKFILL
2016-08-02,GLD,HELD,10.17,HIGH,130.27,129.65,-0.476,WRONG,2016-08-03,BACKFILL
2016-08-02,QQQ,LONG,7.72,HIGH,107.27,107.63,0.336,RIGHT,2016-08-03,BACKFILL
2016-08-03,BTC,LONG,15.4,HIGH,566.35,578.29,2.108,RIGHT,2016-08-04,BACKFILL
2016-08-03,GLD,HELD,9.48,HIGH,129.65,129.87,0.17,RIGHT,2016-08-04,BACKFILL
2016-08-03,QQQ,LONG,8.07,HIGH,107.63,107.94,0.288,RIGHT,2016-08-04,BACKFILL
2016-08-04,BTC,LONG,17.6,HIGH,578.29,575.04,-0.562,WRONG,2016-08-05,BACKFILL
2016-08-04,GLD,HELD,9.49,HIGH,129.87,127.55,-1.786,WRONG,2016-08-05,BACKFILL
2016-08-04,QQQ,LONG,8.36,HIGH,107.94,108.97,0.954,RIGHT,2016-08-05,BACKFILL
2016-08-05,BTC,LONG,16.71,HIGH,575.04,591.05,2.784,RIGHT,2016-08-08,BACKFILL
2016-08-05,GLD,HELD,7.38,HIGH,127.55,127.44,-0.086,WRONG,2016-08-08,BACKFILL
2016-08-05,QQQ,LONG,9.36,HIGH,108.97,108.85,-0.11,WRONG,2016-08-08,BACKFILL
2016-08-08,BTC,LONG,19.7,HIGH,591.05,587.8,-0.55,WRONG,2016-08-09,BACKFILL
2016-08-08,GLD,HELD,7.14,HIGH,127.44,127.96,0.408,RIGHT,2016-08-09,BACKFILL
2016-08-08,QQQ,LONG,9.18,HIGH,108.85,109.1,0.23,RIGHT,2016-08-09,BACKFILL
2016-08-09,BTC,LONG,18.79,HIGH,587.8,592.1,0.732,RIGHT,2016-08-10,BACKFILL
2016-08-09,GLD,HELD,7.43,HIGH,127.96,128.56,0.469,RIGHT,2016-08-10,BACKFILL
2016-08-09,QQQ,LONG,9.38,HIGH,109.1,108.82,-0.257,WRONG,2016-08-10,BACKFILL
2016-08-10,BTC,LONG,19.4,HIGH,592.1,589.12,-0.503,WRONG,2016-08-11,BACKFILL
2016-08-10,GLD,HELD,7.79,HIGH,128.56,127.67,-0.692,WRONG,2016-08-11,BACKFILL
2016-08-10,QQQ,LONG,9.04,HIGH,108.82,109.29,0.432,RIGHT,2016-08-11,BACKFILL
2016-08-11,BTC,LONG,18.59,HIGH,589.12,587.56,-0.265,WRONG,2016-08-12,BACKFILL
2016-08-11,GLD,HELD,6.91,HIGH,127.67,127.4,-0.211,WRONG,2016-08-12,BACKFILL
2016-08-11,QQQ,LONG,9.42,HIGH,109.29,109.36,0.064,RIGHT,2016-08-12,BACKFILL
2016-08-12,BTC,LONG,18.06,HIGH,587.56,567.24,-3.458,WRONG,2016-08-15,BACKFILL
2016-08-12,GLD,HELD,6.56,HIGH,127.4,127.84,0.345,RIGHT,2016-08-15,BACKFILL
2016-08-12,QQQ,LONG,9.4,HIGH,109.36,109.83,0.43,RIGHT,2016-08-15,BACKFILL
2016-08-15,BTC,LONG,13.8,HIGH,567.24,577.44,1.798,RIGHT,2016-08-16,BACKFILL
2016-08-15,GLD,HELD,6.79,HIGH,127.84,128.47,0.493,RIGHT,2016-08-16,BACKFILL
2016-08-15,QQQ,LONG,9.77,HIGH,109.83,109.22,-0.555,WRONG,2016-08-16,BACKFILL
2016-08-16,BTC,LONG,15.62,HIGH,577.44,573.22,-0.731,WRONG,2016-08-17,BACKFILL
2016-08-16,GLD,HELD,7.17,HIGH,128.47,128.5,0.023,RIGHT,2016-08-17,BACKFILL
2016-08-16,QQQ,LONG,9.08,HIGH,109.22,109.42,0.183,RIGHT,2016-08-17,BACKFILL
2016-08-17,BTC,LONG,14.56,HIGH,573.22,574.32,0.192,RIGHT,2016-08-18,BACKFILL
2016-08-17,GLD,HELD,7.05,HIGH,128.5,129.11,0.475,RIGHT,2016-08-18,BACKFILL
2016-08-17,QQQ,LONG,9.17,HIGH,109.42,109.45,0.027,RIGHT,2016-08-18,BACKFILL
2016-08-18,BTC,LONG,14.56,HIGH,574.32,575.63,0.228,RIGHT,2016-08-19,BACKFILL
2016-08-18,GLD,HELD,7.4,HIGH,129.11,127.97,-0.883,WRONG,2016-08-19,BACKFILL
2016-08-18,QQQ,LONG,9.11,HIGH,109.45,109.42,-0.027,WRONG,2016-08-19,BACKFILL
2016-08-19,BTC,LONG,14.5,HIGH,575.63,586.75,1.932,RIGHT,2016-08-22,BACKFILL
2016-08-19,GLD,HELD,6.31,HIGH,127.97,127.78,-0.148,WRONG,2016-08-22,BACKFILL
2016-08-19,QQQ,LONG,8.96,HIGH,109.42,109.5,0.073,RIGHT,2016-08-22,BACKFILL
2016-08-22,BTC,LONG,16.4,HIGH,586.75,583.41,-0.569,WRONG,2016-08-23,BACKFILL
2016-08-22,GLD,HELD,6.02,HIGH,127.78,127.76,-0.016,WRONG,2016-08-23,BACKFILL
2016-08-22,QQQ,LONG,8.93,HIGH,109.5,109.7,0.183,RIGHT,2016-08-23,BACKFILL
2016-08-23,BTC,LONG,15.48,HIGH,583.41,580.18,-0.554,WRONG,2016-08-24,BACKFILL
2016-08-23,GLD,HELD,5.87,HIGH,127.76,126.34,-1.111,WRONG,2016-08-24,BACKFILL
2016-08-23,QQQ,LONG,9.01,HIGH,109.7,108.99,-0.647,WRONG,2016-08-24,BACKFILL
2016-08-24,BTC,LONG,14.59,HIGH,580.18,577.76,-0.417,WRONG,2016-08-25,BACKFILL
2016-08-24,GLD,HELD,4.57,MEDIUM,126.34,126.23,-0.087,WRONG,2016-08-25,BACKFILL
2016-08-24,QQQ,LONG,8.19,HIGH,108.99,108.81,-0.165,WRONG,2016-08-25,BACKFILL
2016-08-25,BTC,LONG,13.82,HIGH,577.76,579.65,0.327,RIGHT,2016-08-26,BACKFILL
2016-08-25,GLD,HELD,4.36,MEDIUM,126.23,126.05,-0.143,WRONG,2016-08-26,BACKFILL
2016-08-25,QQQ,LONG,7.93,HIGH,108.81,108.97,0.147,RIGHT,2016-08-26,BACKFILL
2016-08-26,BTC,LONG,13.91,HIGH,579.65,574.11,-0.956,WRONG,2016-08-29,BACKFILL
2016-08-26,GLD,HELD,4.09,MEDIUM,126.05,126.3,0.198,RIGHT,2016-08-29,BACKFILL
2016-08-26,QQQ,LONG,7.98,HIGH,108.97,109.12,0.138,RIGHT,2016-08-29,BACKFILL
2016-08-29,BTC,LONG,12.55,HIGH,574.11,577.5,0.59,RIGHT,2016-08-30,BACKFILL
2016-08-29,GLD,HELD,4.19,MEDIUM,126.3,125.03,-1.006,WRONG,2016-08-30,BACKFILL
2016-08-29,QQQ,LONG,8.04,HIGH,109.12,108.77,-0.321,WRONG,2016-08-30,BACKFILL
2016-08-30,BTC,LONG,12.95,HIGH,577.5,575.47,-0.352,WRONG,2016-08-31,BACKFILL
2016-08-30,GLD,HELD,3.05,MEDIUM,125.03,124.78,-0.2,WRONG,2016-08-31,BACKFILL
2016-08-30,QQQ,LONG,7.58,HIGH,108.77,108.65,-0.11,WRONG,2016-08-31,BACKFILL
2016-08-31,BTC,LONG,12.26,HIGH,575.47,572.3,-0.551,WRONG,2016-09-01,BACKFILL
2016-08-31,GLD,HELD,2.74,MEDIUM,124.78,125.29,0.409,RIGHT,2016-09-01,BACKFILL
2016-08-31,QQQ,LONG,7.36,HIGH,108.65,108.93,0.258,RIGHT,2016-09-01,BACKFILL
2016-09-01,BTC,LONG,11.37,HIGH,572.3,575.54,0.566,RIGHT,2016-09-02,BACKFILL
2016-09-01,GLD,HELD,3.05,MEDIUM,125.29,126.57,1.022,RIGHT,2016-09-02,BACKFILL
2016-09-01,QQQ,LONG,7.55,HIGH,108.93,109.29,0.33,RIGHT,2016-09-02,BACKFILL
2016-09-02,BTC,LONG,11.7,HIGH,575.54,610.44,6.064,RIGHT,2016-09-06,BACKFILL
2016-09-02,GLD,HELD,4.0,MEDIUM,126.57,128.71,1.691,RIGHT,2016-09-06,BACKFILL
2016-09-02,QQQ,LONG,7.82,HIGH,109.29,109.97,0.622,RIGHT,2016-09-06,BACKFILL
2016-09-06,BTC,LONG,18.12,HIGH,610.44,614.54,0.672,RIGHT,2016-09-07,BACKFILL
2016-09-06,GLD,HELD,5.64,HIGH,128.71,128.27,-0.342,WRONG,2016-09-07,BACKFILL
2016-09-06,QQQ,LONG,8.38,HIGH,109.97,110.04,0.064,RIGHT,2016-09-07,BACKFILL
2016-09-07,BTC,LONG,18.54,HIGH,614.54,626.32,1.917,RIGHT,2016-09-08,BACKFILL
2016-09-07,GLD,HELD,5.17,HIGH,128.27,127.59,-0.53,WRONG,2016-09-08,BACKFILL
2016-09-07,QQQ,LONG,8.34,HIGH,110.04,109.39,-0.591,WRONG,2016-09-08,BACKFILL
2016-09-08,BTC,LONG,20.44,HIGH,626.32,622.86,-0.552,WRONG,2016-09-09,BACKFILL
2016-09-08,GLD,HELD,4.51,MEDIUM,127.59,126.75,-0.658,WRONG,2016-09-09,BACKFILL
2016-09-08,QQQ,LONG,7.59,HIGH,109.39,106.64,-2.514,WRONG,2016-09-09,BACKFILL
2016-09-09,BTC,LONG,19.41,HIGH,622.86,608.24,-2.347,WRONG,2016-09-12,BACKFILL
2016-09-09,GLD,HELD,3.74,MEDIUM,126.75,126.59,-0.126,WRONG,2016-09-12,BACKFILL
2016-09-09,QQQ,LONG,4.78,MEDIUM,106.64,108.55,1.791,RIGHT,2016-09-12,BACKFILL
2016-09-12,BTC,LONG,16.26,HIGH,608.24,609.24,0.164,RIGHT,2016-09-13,BACKFILL
2016-09-12,GLD,HELD,3.54,MEDIUM,126.59,125.75,-0.664,WRONG,2016-09-13,BACKFILL
2016-09-12,QQQ,LONG,6.53,HIGH,108.55,107.58,-0.894,WRONG,2016-09-13,BACKFILL
2016-09-13,BTC,LONG,16.11,HIGH,609.24,610.68,0.236,RIGHT,2016-09-14,BACKFILL
2016-09-13,GLD,HELD,2.79,MEDIUM,125.75,126.18,0.342,RIGHT,2016-09-14,BACKFILL
2016-09-13,QQQ,LONG,5.45,HIGH,107.58,108.09,0.474,RIGHT,2016-09-14,BACKFILL
2016-09-14,BTC,LONG,16.05,HIGH,610.68,607.16,-0.576,WRONG,2016-09-15,BACKFILL
2016-09-14,GLD,HELD,3.07,MEDIUM,126.18,125.37,-0.642,WRONG,2016-09-15,BACKFILL
2016-09-14,QQQ,LONG,5.82,HIGH,108.09,109.77,1.554,RIGHT,2016-09-15,BACKFILL
2016-09-15,BTC,LONG,15.05,HIGH,607.16,606.97,-0.031,WRONG,2016-09-16,BACKFILL
2016-09-15,GLD,HELD,2.38,MEDIUM,125.37,125.06,-0.247,WRONG,2016-09-16,BACKFILL
2016-09-15,QQQ,LONG,7.33,HIGH,109.77,109.72,-0.046,WRONG,2016-09-16,BACKFILL
2016-09-16,BTC,LONG,14.69,HIGH,606.97,609.23,0.372,RIGHT,2016-09-19,BACKFILL
2016-09-16,GLD,HELD,2.08,MEDIUM,125.06,125.32,0.208,RIGHT,2016-09-19,BACKFILL
2016-09-16,QQQ,LONG,7.15,HIGH,109.72,109.24,-0.437,WRONG,2016-09-19,BACKFILL
2016-09-19,BTC,LONG,14.82,HIGH,609.23,608.31,-0.151,WRONG,2016-09-20,BACKFILL
2016-09-19,GLD,HELD,2.24,MEDIUM,125.32,125.44,0.096,RIGHT,2016-09-20,BACKFILL
2016-09-19,QQQ,LONG,6.56,HIGH,109.24,109.45,0.192,RIGHT,2016-09-20,BACKFILL
2016-09-20,BTC,LONG,14.37,HIGH,608.31,597.15,-1.835,WRONG,2016-09-21,BACKFILL
2016-09-20,GLD,HELD,2.28,MEDIUM,125.44,127.27,1.459,RIGHT,2016-09-21,BACKFILL
2016-09-20,QQQ,LONG,6.67,HIGH,109.45,110.53,0.987,RIGHT,2016-09-21,BACKFILL
2016-09-21,BTC,LONG,12.03,HIGH,597.15,596.3,-0.142,WRONG,2016-09-22,BACKFILL
2016-09-21,GLD,HELD,3.72,MEDIUM,127.27,127.57,0.236,RIGHT,2016-09-22,BACKFILL
2016-09-21,QQQ,LONG,7.61,HIGH,110.53,111.41,0.796,RIGHT,2016-09-22,BACKFILL
2016-09-22,BTC,LONG,11.62,HIGH,596.3,602.84,1.097,RIGHT,2016-09-23,BACKFILL
2016-09-22,GLD,HELD,3.91,MEDIUM,127.57,127.65,0.063,RIGHT,2016-09-23,BACKFILL
2016-09-22,QQQ,LONG,8.34,HIGH,111.41,110.69,-0.646,WRONG,2016-09-23,BACKFILL
2016-09-23,BTC,LONG,12.62,HIGH,602.84,608.04,0.863,RIGHT,2016-09-26,BACKFILL
2016-09-23,GLD,HELD,3.91,MEDIUM,127.65,127.55,-0.078,WRONG,2016-09-26,BACKFILL
2016-09-23,QQQ,LONG,7.54,HIGH,110.69,109.77,-0.831,WRONG,2016-09-26,BACKFILL
2016-09-26,BTC,LONG,13.32,HIGH,608.04,606.17,-0.308,WRONG,2016-09-27,BACKFILL
2016-09-26,GLD,HELD,3.77,MEDIUM,127.55,126.62,-0.729,WRONG,2016-09-27,BACKFILL
2016-09-26,QQQ,LONG,6.54,HIGH,109.77,110.85,0.984,RIGHT,2016-09-27,BACKFILL
2016-09-27,BTC,LONG,12.72,HIGH,606.17,604.73,-0.238,WRONG,2016-09-28,BACKFILL
2016-09-27,GLD,HELD,2.96,MEDIUM,126.62,126.22,-0.316,WRONG,2016-09-28,BACKFILL
2016-09-27,QQQ,LONG,7.48,HIGH,110.85,111.04,0.171,RIGHT,2016-09-28,BACKFILL
2016-09-28,BTC,LONG,12.2,HIGH,604.73,605.69,0.159,RIGHT,2016-09-29,BACKFILL
2016-09-28,GLD,HELD,2.59,MEDIUM,126.22,126.07,-0.119,WRONG,2016-09-29,BACKFILL
2016-09-28,QQQ,LONG,7.56,HIGH,111.04,110.24,-0.72,WRONG,2016-09-29,BACKFILL
2016-09-29,BTC,LONG,12.14,HIGH,605.69,609.73,0.667,RIGHT,2016-09-30,BACKFILL
2016-09-29,GLD,HELD,2.42,MEDIUM,126.07,125.64,-0.341,WRONG,2016-09-30,BACKFILL
2016-09-29,QQQ,LONG,6.68,HIGH,110.24,111.06,0.744,RIGHT,2016-09-30,BACKFILL
2016-09-30,BTC,LONG,12.65,HIGH,609.73,612.13,0.394,RIGHT,2016-10-03,BACKFILL
2016-09-30,GLD,HELD,2.03,MEDIUM,125.64,125.32,-0.255,WRONG,2016-10-03,BACKFILL
2016-09-30,QQQ,LONG,7.37,HIGH,111.06,110.9,-0.144,WRONG,2016-10-03,BACKFILL
2016-10-03,BTC,LONG,12.85,HIGH,612.13,610.2,-0.315,WRONG,2016-10-04,BACKFILL
2016-10-03,GLD,HELD,1.73,LOW,125.32,120.97,-3.471,WRONG,2016-10-04,BACKFILL
2016-10-03,QQQ,LONG,7.12,HIGH,110.9,110.73,-0.153,WRONG,2016-10-04,BACKFILL
2016-10-04,BTC,LONG,12.23,HIGH,610.2,612.51,0.379,RIGHT,2016-10-05,BACKFILL
2016-10-04,GLD,HELD,-1.82,LOW,120.97,120.78,-0.157,WRONG,2016-10-05,BACKFILL
2016-10-04,QQQ,LONG,6.87,HIGH,110.73,111.13,0.361,RIGHT,2016-10-05,BACKFILL
2016-10-05,BTC,LONG,12.4,HIGH,612.51,613.02,0.083,RIGHT,2016-10-06,BACKFILL
2016-10-05,GLD,HELD,-1.97,LOW,120.78,119.66,-0.927,WRONG,2016-10-06,BACKFILL
2016-10-05,QQQ,LONG,7.17,HIGH,111.13,111.07,-0.054,WRONG,2016-10-06,BACKFILL
2016-10-06,BTC,LONG,12.21,HIGH,613.02,617.12,0.669,RIGHT,2016-10-07,BACKFILL
2016-10-06,GLD,HELD,-2.87,MEDIUM,119.66,119.74,0.067,RIGHT,2016-10-07,BACKFILL
2016-10-06,QQQ,LONG,7.02,HIGH,111.07,110.83,-0.216,WRONG,2016-10-07,BACKFILL
2016-10-07,BTC,LONG,12.68,HIGH,617.12,618.99,0.303,RIGHT,2016-10-10,BACKFILL
2016-10-07,GLD,HELD,-2.8,MEDIUM,119.74,120.16,0.351,RIGHT,2016-10-10,BACKFILL
2016-10-07,QQQ,LONG,6.7,HIGH,110.83,111.53,0.632,RIGHT,2016-10-10,BACKFILL
2016-10-10,BTC,LONG,12.74,HIGH,618.99,641.07,3.567,RIGHT,2016-10-11,BACKFILL
2016-10-10,GLD,HELD,-2.46,MEDIUM,120.16,119.55,-0.508,WRONG,2016-10-11,BACKFILL
2016-10-10,QQQ,LONG,7.27,HIGH,111.53,109.94,-1.426,WRONG,2016-10-11,BACKFILL
2016-10-11,BTC,LONG,16.45,HIGH,641.07,636.19,-0.761,WRONG,2016-10-12,BACKFILL
2016-10-11,GLD,HELD,-2.95,MEDIUM,119.55,119.74,0.159,RIGHT,2016-10-12,BACKFILL
2016-10-11,QQQ,LONG,5.66,HIGH,109.94,109.84,-0.091,WRONG,2016-10-12,BACKFILL
2016-10-12,BTC,LONG,15.25,HIGH,636.19,636.79,0.094,RIGHT,2016-10-13,BACKFILL
2016-10-12,GLD,HELD,-2.79,MEDIUM,119.74,120.03,0.242,RIGHT,2016-10-13,BACKFILL
2016-10-12,QQQ,LONG,5.47,HIGH,109.84,109.45,-0.355,WRONG,2016-10-13,BACKFILL
2016-10-13,BTC,LONG,15.06,HIGH,636.79,640.38,0.564,RIGHT,2016-10-14,BACKFILL
2016-10-13,GLD,HELD,-2.56,MEDIUM,120.03,119.36,-0.558,WRONG,2016-10-14,BACKFILL
2016-10-13,QQQ,LONG,5.03,HIGH,109.45,109.58,0.119,RIGHT,2016-10-14,BACKFILL
2016-10-14,BTC,LONG,15.4,HIGH,640.38,639.19,-0.186,WRONG,2016-10-17,BACKFILL
2016-10-14,GLD,HELD,-3.11,MEDIUM,119.36,119.68,0.268,RIGHT,2016-10-17,BACKFILL
2016-10-14,QQQ,LONG,5.08,HIGH,109.58,109.28,-0.274,WRONG,2016-10-17,BACKFILL
2016-10-17,BTC,LONG,14.88,HIGH,639.19,637.96,-0.192,WRONG,2016-10-18,BACKFILL
2016-10-17,GLD,HELD,-2.86,MEDIUM,119.68,120.42,0.618,RIGHT,2016-10-18,BACKFILL
2016-10-17,QQQ,LONG,4.72,MEDIUM,109.28,110.26,0.897,RIGHT,2016-10-18,BACKFILL
2016-10-18,BTC,LONG,14.36,HIGH,637.96,630.52,-1.166,WRONG,2016-10-19,BACKFILL
2016-10-18,GLD,HELD,-2.26,MEDIUM,120.42,121.11,0.573,RIGHT,2016-10-19,BACKFILL
2016-10-18,QQQ,LONG,5.59,HIGH,110.26,110.25,-0.009,WRONG,2016-10-19,BACKFILL
2016-10-19,BTC,LONG,12.74,HIGH,630.52,630.86,0.054,RIGHT,2016-10-20,BACKFILL
2016-10-19,GLD,HELD,-1.7,LOW,121.11,120.74,-0.306,WRONG,2016-10-20,BACKFILL
2016-10-19,QQQ,LONG,5.51,HIGH,110.25,110.11,-0.127,WRONG,2016-10-20,BACKFILL
2016-10-20,BTC,LONG,12.5,HIGH,630.86,632.83,0.312,RIGHT,2016-10-21,BACKFILL
2016-10-20,GLD,HELD,-2.01,MEDIUM,120.74,120.83,0.075,RIGHT,2016-10-21,BACKFILL
2016-10-20,QQQ,LONG,5.31,HIGH,110.11,110.53,0.381,RIGHT,2016-10-21,BACKFILL
2016-10-21,BTC,LONG,12.56,HIGH,632.83,653.76,3.307,RIGHT,2016-10-24,BACKFILL
2016-10-21,GLD,HELD,-1.94,LOW,120.83,120.56,-0.223,WRONG,2016-10-24,BACKFILL
2016-10-21,QQQ,LONG,5.64,HIGH,110.53,111.85,1.194,RIGHT,2016-10-24,BACKFILL
2016-10-24,BTC,LONG,15.96,HIGH,653.76,657.59,0.586,RIGHT,2016-10-25,BACKFILL
2016-10-24,GLD,HELD,-2.17,MEDIUM,120.56,121.47,0.755,RIGHT,2016-10-25,BACKFILL
2016-10-24,QQQ,LONG,6.83,HIGH,111.85,111.5,-0.313,WRONG,2016-10-25,BACKFILL
2016-10-25,BTC,LONG,16.31,HIGH,657.59,678.3,3.149,RIGHT,2016-10-26,BACKFILL
2016-10-25,GLD,HELD,-1.46,LOW,121.47,120.79,-0.56,WRONG,2016-10-26,BACKFILL
2016-10-25,QQQ,LONG,6.41,HIGH,111.5,110.74,-0.682,WRONG,2016-10-26,BACKFILL
2016-10-26,BTC,LONG,19.6,HIGH,678.3,688.31,1.476,RIGHT,2016-10-27,BACKFILL
2016-10-26,GLD,HELD,-2.03,MEDIUM,120.79,121.01,0.182,RIGHT,2016-10-27,BACKFILL
2016-10-26,QQQ,LONG,5.62,HIGH,110.74,110.24,-0.452,WRONG,2016-10-27,BACKFILL
2016-10-27,BTC,LONG,20.99,HIGH,688.31,689.65,0.195,RIGHT,2016-10-28,BACKFILL
2016-10-27,GLD,HELD,-1.88,LOW,121.01,121.58,0.471,RIGHT,2016-10-28,BACKFILL
2016-10-27,QQQ,LONG,5.07,HIGH,110.24,109.54,-0.635,WRONG,2016-10-28,BACKFILL
2016-10-28,BTC,LONG,20.84,HIGH,689.65,700.97,1.641,RIGHT,2016-10-31,BACKFILL
2016-10-28,GLD,HELD,-1.43,LOW,121.58,121.94,0.296,RIGHT,2016-10-31,BACKFILL
2016-10-28,QQQ,LONG,4.35,MEDIUM,109.54,109.44,-0.091,WRONG,2016-10-31,BACKFILL
2016-10-31,BTC,LONG,22.42,HIGH,700.97,729.79,4.111,RIGHT,2016-11-01,BACKFILL
2016-10-31,GLD,HELD,-1.17,LOW,121.94,122.73,0.648,RIGHT,2016-11-01,BACKFILL
2016-10-31,QQQ,LONG,4.2,MEDIUM,109.44,108.62,-0.749,WRONG,2016-11-01,BACKFILL
2016-11-01,BTC,LONG,26.99,HIGH,729.79,740.83,1.513,RIGHT,2016-11-02,BACKFILL
2016-11-01,GLD,HELD,-0.55,LOW,122.73,123.64,0.741,RIGHT,2016-11-02,BACKFILL
2016-11-01,QQQ,LONG,3.37,MEDIUM,108.62,107.75,-0.801,WRONG,2016-11-02,BACKFILL
2016-11-02,BTC,LONG,28.43,HIGH,740.83,688.7,-7.037,WRONG,2016-11-03,BACKFILL
2016-11-02,GLD,HELD,0.15,LOW,123.64,124.3,0.534,RIGHT,2016-11-03,BACKFILL
2016-11-02,QQQ,LONG,2.51,MEDIUM,107.75,106.69,-0.984,WRONG,2016-11-03,BACKFILL
2016-11-03,BTC,LONG,19.02,HIGH,688.7,703.23,2.11,RIGHT,2016-11-04,BACKFILL
2016-11-03,GLD,HELD,0.64,LOW,124.3,124.39,0.072,RIGHT,2016-11-04,BACKFILL
2016-11-03,QQQ,LONG,1.48,LOW,106.69,106.32,-0.347,WRONG,2016-11-04,BACKFILL
2016-11-04,BTC,LONG,21.14,HIGH,703.23,703.13,-0.014,WRONG,2016-11-07,BACKFILL
2016-11-04,GLD,HELD,0.68,LOW,124.39,122.15,-1.801,WRONG,2016-11-07,BACKFILL
2016-11-04,QQQ,LONG,1.09,LOW,106.32,108.84,2.37,RIGHT,2016-11-07,BACKFILL
2016-11-07,BTC,LONG,20.74,HIGH,703.13,709.85,0.956,RIGHT,2016-11-08,BACKFILL
2016-11-07,GLD,HELD,-1.17,LOW,122.15,121.64,-0.418,WRONG,2016-11-08,BACKFILL
2016-11-07,QQQ,LONG,3.45,MEDIUM,108.84,109.55,0.652,RIGHT,2016-11-08,BACKFILL
2016-11-08,BTC,LONG,21.49,HIGH,709.85,723.27,1.891,RIGHT,2016-11-09,BACKFILL
2016-11-08,GLD,HELD,-1.59,LOW,121.64,121.56,-0.066,WRONG,2016-11-09,BACKFILL
2016-11-08,QQQ,LONG,4.07,MEDIUM,109.55,110.06,0.466,RIGHT,2016-11-09,BACKFILL
2016-11-09,BTC,LONG,23.36,HIGH,723.27,715.53,-1.07,WRONG,2016-11-10,BACKFILL
2016-11-09,GLD,HELD,-1.68,LOW,121.56,119.75,-1.489,WRONG,2016-11-10,BACKFILL
2016-11-09,QQQ,LONG,4.5,MEDIUM,110.06,108.28,-1.617,WRONG,2016-11-10,BACKFILL
2016-11-10,BTC,LONG,21.64,HIGH,715.53,716.41,0.123,RIGHT,2016-11-11,BACKFILL
2016-11-10,GLD,HELD,-3.14,MEDIUM,119.75,117.1,-2.213,WRONG,2016-11-11,BACKFILL
2016-11-10,QQQ,LONG,2.76,MEDIUM,108.28,108.33,0.046,RIGHT,2016-11-11,BACKFILL
2016-11-11,BTC,LONG,21.39,HIGH,716.41,705.02,-1.59,WRONG,2016-11-14,BACKFILL
2016-11-11,GLD,HELD,-5.27,HIGH,117.1,116.11,-0.845,WRONG,2016-11-14,BACKFILL
2016-11-11,QQQ,LONG,2.77,MEDIUM,108.33,107.23,-1.015,WRONG,2016-11-14,BACKFILL
2016-11-14,BTC,LONG,19.08,HIGH,705.02,711.62,0.936,RIGHT,2016-11-15,BACKFILL
2016-11-14,GLD,HELD,-6.05,HIGH,116.11,117.12,0.87,RIGHT,2016-11-15,BACKFILL
2016-11-14,QQQ,LONG,1.7,LOW,107.23,108.72,1.39,RIGHT,2016-11-15,BACKFILL
2016-11-15,BTC,LONG,19.8,HIGH,711.62,744.2,4.578,RIGHT,2016-11-16,BACKFILL
2016-11-15,GLD,HELD,-5.24,HIGH,117.12,116.77,-0.299,WRONG,2016-11-16,BACKFILL
2016-11-15,QQQ,LONG,3.08,MEDIUM,108.72,109.37,0.598,RIGHT,2016-11-16,BACKFILL
2016-11-16,BTC,LONG,24.85,HIGH,744.2,740.98,-0.433,WRONG,2016-11-17,BACKFILL
2016-11-16,GLD,HELD,-5.51,HIGH,116.77,116.17,-0.514,WRONG,2016-11-17,BACKFILL
2016-11-16,QQQ,LONG,3.65,MEDIUM,109.37,110.16,0.722,RIGHT,2016-11-17,BACKFILL
2016-11-17,BTC,LONG,23.88,HIGH,740.98,751.59,1.432,RIGHT,2016-11-18,BACKFILL
2016-11-17,GLD,HELD,-5.99,HIGH,116.17,115.15,-0.878,WRONG,2016-11-18,BACKFILL
2016-11-17,QQQ,LONG,4.36,MEDIUM,110.16,109.75,-0.372,WRONG,2016-11-18,BACKFILL
2016-11-18,BTC,LONG,25.21,HIGH,751.59,739.25,-1.642,WRONG,2016-11-21,BACKFILL
2016-11-18,GLD,HELD,-6.79,HIGH,115.15,115.58,0.373,RIGHT,2016-11-21,BACKFILL
2016-11-18,QQQ,LONG,3.92,MEDIUM,109.75,110.89,1.039,RIGHT,2016-11-21,BACKFILL
2016-11-21,BTC,LONG,22.75,HIGH,739.25,751.35,1.637,RIGHT,2016-11-22,BACKFILL
2016-11-21,GLD,HELD,-6.43,HIGH,115.58,115.54,-0.035,WRONG,2016-11-22,BACKFILL
2016-11-21,QQQ,LONG,4.95,MEDIUM,110.89,111.23,0.307,RIGHT,2016-11-22,BACKFILL
2016-11-22,BTC,LONG,24.34,HIGH,751.35,744.59,-0.9,WRONG,2016-11-23,BACKFILL
2016-11-22,GLD,HELD,-6.44,HIGH,115.54,113.25,-1.982,WRONG,2016-11-23,BACKFILL
2016-11-22,QQQ,LONG,5.22,HIGH,111.23,110.78,-0.405,WRONG,2016-11-23,BACKFILL
2016-11-23,BTC,LONG,22.82,HIGH,744.59,741.65,-0.395,WRONG,2016-11-25,BACKFILL
2016-11-23,GLD,HELD,-8.27,HIGH,113.25,112.61,-0.565,WRONG,2016-11-25,BACKFILL
2016-11-23,QQQ,LONG,4.73,MEDIUM,110.78,111.13,0.316,RIGHT,2016-11-25,BACKFILL
2016-11-25,BTC,LONG,21.96,HIGH,741.65,735.81,-0.787,WRONG,2016-11-28,BACKFILL
2016-11-25,GLD,HELD,-8.76,HIGH,112.61,113.8,1.057,RIGHT,2016-11-28,BACKFILL
2016-11-25,QQQ,LONG,5.0,MEDIUM,111.13,110.88,-0.225,WRONG,2016-11-28,BACKFILL
2016-11-28,BTC,LONG,20.64,HIGH,735.81,735.6,-0.029,WRONG,2016-11-29,BACKFILL
2016-11-28,GLD,HELD,-7.78,HIGH,113.8,113.27,-0.466,WRONG,2016-11-29,BACKFILL
2016-11-28,QQQ,LONG,4.69,MEDIUM,110.88,111.27,0.352,RIGHT,2016-11-29,BACKFILL
2016-11-29,BTC,LONG,20.22,HIGH,735.6,745.69,1.372,RIGHT,2016-11-30,BACKFILL
2016-11-29,GLD,HELD,-8.18,HIGH,113.27,111.75,-1.342,WRONG,2016-11-30,BACKFILL
2016-11-29,QQQ,LONG,4.99,MEDIUM,111.27,109.92,-1.213,WRONG,2016-11-30,BACKFILL
2016-11-30,BTC,LONG,21.48,HIGH,745.69,756.77,1.486,RIGHT,2016-12-01,BACKFILL
2016-11-30,GLD,HELD,-9.36,HIGH,111.75,111.54,-0.188,WRONG,2016-12-01,BACKFILL
2016-11-30,QQQ,LONG,3.64,MEDIUM,109.92,108.02,-1.729,WRONG,2016-12-01,BACKFILL
2016-12-01,BTC,LONG,22.88,HIGH,756.77,777.94,2.797,RIGHT,2016-12-02,BACKFILL
2016-12-01,GLD,HELD,-9.47,HIGH,111.54,112.14,0.538,RIGHT,2016-12-02,BACKFILL
2016-12-01,QQQ,LONG,1.79,LOW,108.02,108.23,0.194,RIGHT,2016-12-02,BACKFILL
2016-12-02,BTC,LONG,25.86,HIGH,777.94,758.7,-2.473,WRONG,2016-12-05,BACKFILL
2016-12-02,GLD,HELD,-8.93,HIGH,112.14,111.54,-0.535,WRONG,2016-12-05,BACKFILL
2016-12-02,QQQ,LONG,1.93,LOW,108.23,109.08,0.785,RIGHT,2016-12-05,BACKFILL
2016-12-05,BTC,LONG,22.34,HIGH,758.7,764.22,0.728,RIGHT,2016-12-06,BACKFILL
2016-12-05,GLD,HELD,-9.36,HIGH,111.54,111.43,-0.099,WRONG,2016-12-06,BACKFILL
2016-12-05,QQQ,LONG,2.66,MEDIUM,109.08,109.34,0.238,RIGHT,2016-12-06,BACKFILL
2016-12-06,BTC,LONG,22.82,HIGH,764.22,768.13,0.512,RIGHT,2016-12-07,BACKFILL
2016-12-06,GLD,HELD,-9.4,HIGH,111.43,111.83,0.359,RIGHT,2016-12-07,BACKFILL
2016-12-06,QQQ,LONG,2.83,MEDIUM,109.34,110.72,1.262,RIGHT,2016-12-07,BACKFILL
2016-12-07,BTC,LONG,23.02,HIGH,768.13,770.81,0.349,RIGHT,2016-12-08,BACKFILL
2016-12-07,GLD,HELD,-9.02,HIGH,111.83,111.57,-0.232,WRONG,2016-12-08,BACKFILL
2016-12-07,QQQ,LONG,4.05,MEDIUM,110.72,110.92,0.181,RIGHT,2016-12-08,BACKFILL
2016-12-08,BTC,LONG,23.04,HIGH,770.81,772.79,0.257,RIGHT,2016-12-09,BACKFILL
2016-12-08,GLD,HELD,-9.18,HIGH,111.57,110.4,-1.049,WRONG,2016-12-09,BACKFILL
2016-12-08,QQQ,LONG,4.15,MEDIUM,110.92,111.79,0.784,RIGHT,2016-12-09,BACKFILL
2016-12-09,BTC,LONG,22.95,HIGH,772.79,780.09,0.945,RIGHT,2016-12-12,BACKFILL
2016-12-09,GLD,HELD,-10.08,HIGH,110.4,110.82,0.38,RIGHT,2016-12-12,BACKFILL
2016-12-09,QQQ,LONG,4.88,MEDIUM,111.79,111.28,-0.456,WRONG,2016-12-12,BACKFILL
2016-12-12,BTC,LONG,23.68,HIGH,780.09,780.56,0.06,RIGHT,2016-12-13,BACKFILL
2016-12-12,GLD,HELD,-9.69,HIGH,110.82,110.45,-0.334,WRONG,2016-12-13,BACKFILL
2016-12-12,QQQ,LONG,4.33,MEDIUM,111.28,112.69,1.267,RIGHT,2016-12-13,BACKFILL
2016-12-13,BTC,LONG,23.33,HIGH,780.56,781.48,0.118,RIGHT,2016-12-14,BACKFILL
2016-12-13,GLD,HELD,-9.93,HIGH,110.45,108.83,-1.467,WRONG,2016-12-14,BACKFILL
2016-12-13,QQQ,LONG,5.56,HIGH,112.69,112.45,-0.213,WRONG,2016-12-14,BACKFILL
2016-12-14,BTC,LONG,23.05,HIGH,781.48,778.09,-0.434,WRONG,2016-12-15,BACKFILL
2016-12-14,GLD,HELD,-11.19,HIGH,108.83,107.34,-1.369,WRONG,2016-12-15,BACKFILL
2016-12-14,QQQ,LONG,5.24,HIGH,112.45,112.63,0.16,RIGHT,2016-12-15,BACKFILL
2016-12-15,BTC,LONG,22.1,HIGH,778.09,784.91,0.877,RIGHT,2016-12-16,BACKFILL
2016-12-15,GLD,HELD,-12.34,HIGH,107.34,108.05,0.661,RIGHT,2016-12-16,BACKFILL
2016-12-15,QQQ,LONG,5.32,HIGH,112.63,112.21,-0.373,WRONG,2016-12-16,BACKFILL
2016-12-16,BTC,LONG,22.75,HIGH,784.91,792.71,0.994,RIGHT,2016-12-19,BACKFILL
2016-12-16,GLD,HELD,-11.7,HIGH,108.05,108.59,0.5,RIGHT,2016-12-19,BACKFILL
2016-12-16,QQQ,LONG,4.84,MEDIUM,112.21,112.67,0.41,RIGHT,2016-12-19,BACKFILL
2016-12-19,BTC,LONG,23.53,HIGH,792.71,800.88,1.031,RIGHT,2016-12-20,BACKFILL
2016-12-19,GLD,HELD,-11.19,HIGH,108.59,107.79,-0.737,WRONG,2016-12-20,BACKFILL
2016-12-19,QQQ,LONG,5.18,HIGH,112.67,113.1,0.382,RIGHT,2016-12-20,BACKFILL
2016-12-20,BTC,LONG,24.36,HIGH,800.88,834.28,4.17,RIGHT,2016-12-21,BACKFILL
2016-12-20,GLD,HELD,-11.78,HIGH,107.79,107.85,0.056,RIGHT,2016-12-21,BACKFILL
2016-12-20,QQQ,LONG,5.48,HIGH,113.1,113.02,-0.071,WRONG,2016-12-21,BACKFILL
2016-12-21,BTC,LONG,29.01,HIGH,834.28,864.54,3.627,RIGHT,2016-12-22,BACKFILL
2016-12-21,GLD,HELD,-11.68,HIGH,107.85,107.59,-0.241,WRONG,2016-12-22,BACKFILL
2016-12-21,QQQ,LONG,5.31,HIGH,113.02,112.7,-0.283,WRONG,2016-12-22,BACKFILL
2016-12-22,BTC,LONG,33.11,HIGH,864.54,921.98,6.644,RIGHT,2016-12-23,BACKFILL
2016-12-22,GLD,HELD,-11.83,HIGH,107.59,107.93,0.316,RIGHT,2016-12-23,BACKFILL
2016-12-22,QQQ,LONG,4.92,MEDIUM,112.7,112.78,0.071,RIGHT,2016-12-23,BACKFILL
2016-12-23,BTC,LONG,41.27,HIGH,921.98,933.2,1.217,RIGHT,2016-12-27,BACKFILL
2016-12-23,GLD,HELD,-11.5,HIGH,107.93,108.56,0.584,RIGHT,2016-12-27,BACKFILL
2016-12-23,QQQ,LONG,4.91,MEDIUM,112.78,113.36,0.514,RIGHT,2016-12-27,BACKFILL
2016-12-27,BTC,LONG,42.28,HIGH,933.2,975.92,4.578,RIGHT,2016-12-28,BACKFILL
2016-12-27,GLD,HELD,-10.94,HIGH,108.56,108.86,0.276,RIGHT,2016-12-28,BACKFILL
2016-12-27,QQQ,LONG,5.36,HIGH,113.36,112.48,-0.776,WRONG,2016-12-28,BACKFILL
2016-12-28,BTC,LONG,48.0,HIGH,975.92,973.5,-0.248,WRONG,2016-12-29,BACKFILL
2016-12-28,GLD,HELD,-10.65,HIGH,108.86,110.29,1.314,RIGHT,2016-12-29,BACKFILL
2016-12-28,QQQ,LONG,4.48,MEDIUM,112.48,112.32,-0.142,WRONG,2016-12-29,BACKFILL
2016-12-29,BTC,LONG,46.86,HIGH,973.5,961.24,-1.259,WRONG,2016-12-30,BACKFILL
2016-12-29,GLD,HELD,-9.45,HIGH,110.29,109.61,-0.617,WRONG,2016-12-30,BACKFILL
2016-12-29,QQQ,LONG,4.26,MEDIUM,112.32,111.16,-1.033,WRONG,2016-12-30,BACKFILL
2016-12-30,BTC,LONG,44.3,HIGH,961.24,1043.84,8.593,RIGHT,2017-01-03,BACKFILL
2016-12-30,GLD,HELD,-9.98,HIGH,109.61,110.47,0.785,RIGHT,2017-01-03,BACKFILL
2016-12-30,QQQ,LONG,3.13,MEDIUM,111.16,112.16,0.9,RIGHT,2017-01-03,BACKFILL
2017-01-03,BTC,LONG,55.9,HIGH,1043.84,1154.73,10.623,RIGHT,2017-01-04,BACKFILL
2017-01-03,GLD,HELD,-9.24,HIGH,110.47,110.86,0.353,RIGHT,2017-01-04,BACKFILL
2017-01-03,QQQ,LONG,4.0,MEDIUM,112.16,112.77,0.544,RIGHT,2017-01-04,BACKFILL
2017-01-04,BTC,LONG,71.41,HIGH,1154.73,1013.38,-12.241,WRONG,2017-01-05,BACKFILL
2017-01-04,GLD,HELD,-8.9,HIGH,110.86,112.58,1.552,RIGHT,2017-01-05,BACKFILL
2017-01-04,QQQ,LONG,4.5,MEDIUM,112.77,113.41,0.568,RIGHT,2017-01-05,BACKFILL
2017-01-05,BTC,LONG,49.72,HIGH,1013.38,902.2,-10.971,WRONG,2017-01-06,BACKFILL
2017-01-05,GLD,HELD,-7.47,HIGH,112.58,111.75,-0.737,WRONG,2017-01-06,BACKFILL
2017-01-05,QQQ,LONG,5.02,HIGH,113.41,114.4,0.873,RIGHT,2017-01-06,BACKFILL
2017-01-06,BTC,LONG,32.86,HIGH,902.2,902.83,0.07,RIGHT,2017-01-09,BACKFILL
2017-01-06,GLD,HELD,-8.11,HIGH,111.75,112.67,0.823,RIGHT,2017-01-09,BACKFILL
2017-01-06,QQQ,LONG,5.86,HIGH,114.4,114.78,0.332,RIGHT,2017-01-09,BACKFILL
2017-01-09,BTC,LONG,32.54,HIGH,902.83,907.68,0.537,RIGHT,2017-01-10,BACKFILL
2017-01-09,GLD,HELD,-7.32,HIGH,112.67,113.15,0.426,RIGHT,2017-01-10,BACKFILL
2017-01-09,QQQ,LONG,6.13,HIGH,114.78,115.03,0.218,RIGHT,2017-01-10,BACKFILL
2017-01-10,BTC,LONG,32.82,HIGH,907.68,777.76,-14.313,WRONG,2017-01-11,BACKFILL
2017-01-10,GLD,HELD,-6.9,HIGH,113.15,113.5,0.309,RIGHT,2017-01-11,BACKFILL
2017-01-10,QQQ,LONG,6.28,HIGH,115.03,115.34,0.269,RIGHT,2017-01-11,BACKFILL
2017-01-11,BTC,LONG,13.59,HIGH,777.76,804.83,3.481,RIGHT,2017-01-12,BACKFILL
2017-01-11,GLD,HELD,-6.58,HIGH,113.5,113.91,0.361,RIGHT,2017-01-12,BACKFILL
2017-01-11,QQQ,LONG,6.49,HIGH,115.34,115.16,-0.156,WRONG,2017-01-12,BACKFILL
2017-01-12,BTC,LONG,17.28,HIGH,804.83,823.98,2.379,RIGHT,2017-01-13,BACKFILL
2017-01-12,GLD,HELD,-6.2,HIGH,113.91,114.21,0.263,RIGHT,2017-01-13,BACKFILL
2017-01-12,QQQ,LONG,6.24,HIGH,115.16,115.55,0.339,RIGHT,2017-01-13,BACKFILL
2017-01-13,BTC,LONG,19.79,HIGH,823.98,907.94,10.19,RIGHT,2017-01-17,BACKFILL
2017-01-13,GLD,HELD,-5.92,HIGH,114.21,115.85,1.436,RIGHT,2017-01-17,BACKFILL
2017-01-13,QQQ,LONG,6.5,HIGH,115.55,115.21,-0.294,WRONG,2017-01-17,BACKFILL
2017-01-17,BTC,LONG,31.73,HIGH,907.94,886.62,-2.348,WRONG,2017-01-18,BACKFILL
2017-01-17,GLD,HELD,-4.53,MEDIUM,115.85,114.87,-0.846,WRONG,2017-01-18,BACKFILL
2017-01-17,QQQ,LONG,6.09,HIGH,115.21,115.44,0.2,RIGHT,2017-01-18,BACKFILL
2017-01-18,BTC,LONG,28.39,HIGH,886.62,899.07,1.404,RIGHT,2017-01-19,BACKFILL
2017-01-18,GLD,HELD,-5.3,HIGH,114.87,114.77,-0.087,WRONG,2017-01-19,BACKFILL
2017-01-18,QQQ,LONG,6.21,HIGH,115.44,115.38,-0.052,WRONG,2017-01-19,BACKFILL
2017-01-19,BTC,LONG,29.94,HIGH,899.07,895.03,-0.449,WRONG,2017-01-20,BACKFILL
2017-01-19,GLD,HELD,-5.33,HIGH,114.77,115.05,0.244,RIGHT,2017-01-20,BACKFILL
2017-01-19,QQQ,LONG,6.06,HIGH,115.38,115.64,0.225,RIGHT,2017-01-20,BACKFILL
2017-01-20,BTC,LONG,29.19,HIGH,895.03,921.01,2.903,RIGHT,2017-01-23,BACKFILL
2017-01-20,GLD,HELD,-5.06,HIGH,115.05,115.79,0.643,RIGHT,2017-01-23,BACKFILL
2017-01-20,QQQ,LONG,6.2,HIGH,115.64,115.73,0.078,RIGHT,2017-01-23,BACKFILL
2017-01-23,BTC,LONG,32.72,HIGH,921.01,892.69,-3.075,WRONG,2017-01-24,BACKFILL
2017-01-23,GLD,HELD,-4.41,MEDIUM,115.79,115.27,-0.449,WRONG,2017-01-24,BACKFILL
2017-01-23,QQQ,LONG,6.17,HIGH,115.73,116.51,0.674,RIGHT,2017-01-24,BACKFILL
2017-01-24,BTC,LONG,28.45,HIGH,892.69,901.54,0.991,RIGHT,2017-01-25,BACKFILL
2017-01-24,GLD,HELD,-4.8,MEDIUM,115.27,114.32,-0.824,WRONG,2017-01-25,BACKFILL
2017-01-24,QQQ,LONG,6.78,HIGH,116.51,117.68,1.004,RIGHT,2017-01-25,BACKFILL
2017-01-25,BTC,LONG,29.43,HIGH,901.54,917.59,1.78,RIGHT,2017-01-26,BACKFILL
2017-01-25,GLD,HELD,-5.55,HIGH,114.32,113.26,-0.927,WRONG,2017-01-26,BACKFILL
2017-01-25,QQQ,LONG,7.74,HIGH,117.68,117.81,0.11,RIGHT,2017-01-26,BACKFILL
2017-01-26,BTC,LONG,31.33,HIGH,917.59,919.75,0.235,RIGHT,2017-01-27,BACKFILL
2017-01-26,GLD,HELD,-6.38,HIGH,113.26,113.49,0.203,RIGHT,2017-01-27,BACKFILL
2017-01-26,QQQ,LONG,7.74,HIGH,117.81,118.03,0.187,RIGHT,2017-01-27,BACKFILL
2017-01-27,BTC,LONG,31.27,HIGH,919.75,920.38,0.068,RIGHT,2017-01-30,BACKFILL
2017-01-27,GLD,HELD,-6.16,HIGH,113.49,113.97,0.423,RIGHT,2017-01-30,BACKFILL
2017-01-27,QQQ,LONG,7.83,HIGH,118.03,117.11,-0.779,WRONG,2017-01-30,BACKFILL
2017-01-30,BTC,LONG,31.04,HIGH,920.38,970.4,5.435,RIGHT,2017-01-31,BACKFILL
2017-01-30,GLD,HELD,-5.7,HIGH,113.97,115.55,1.386,RIGHT,2017-01-31,BACKFILL
2017-01-30,QQQ,LONG,6.86,HIGH,117.11,116.88,-0.196,WRONG,2017-01-31,BACKFILL
2017-01-31,BTC,LONG,37.75,HIGH,970.4,989.02,1.919,RIGHT,2017-02-01,BACKFILL
2017-01-31,GLD,HELD,-4.33,MEDIUM,115.55,115.2,-0.303,WRONG,2017-02-01,BACKFILL
2017-01-31,QQQ,LONG,6.52,HIGH,116.88,117.68,0.684,RIGHT,2017-02-01,BACKFILL
2017-02-01,BTC,LONG,39.94,HIGH,989.02,1011.8,2.303,RIGHT,2017-02-02,BACKFILL
2017-02-01,GLD,HELD,-4.57,MEDIUM,115.2,115.84,0.556,RIGHT,2017-02-02,BACKFILL
2017-02-01,QQQ,LONG,7.11,HIGH,117.68,117.58,-0.085,WRONG,2017-02-02,BACKFILL
2017-02-02,BTC,LONG,42.67,HIGH,1011.8,1029.91,1.79,RIGHT,2017-02-03,BACKFILL
2017-02-02,GLD,HELD,-3.99,MEDIUM,115.84,116.13,0.25,RIGHT,2017-02-03,BACKFILL
2017-02-02,QQQ,LONG,6.9,HIGH,117.58,117.92,0.289,RIGHT,2017-02-03,BACKFILL
2017-02-03,BTC,LONG,44.73,HIGH,1029.91,1038.15,0.8,RIGHT,2017-02-06,BACKFILL
2017-02-03,GLD,HELD,-3.69,MEDIUM,116.13,117.7,1.352,RIGHT,2017-02-06,BACKFILL
2017-02-03,QQQ,LONG,7.1,HIGH,117.92,118.06,0.119,RIGHT,2017-02-06,BACKFILL
2017-02-06,BTC,LONG,45.4,HIGH,1038.15,1061.35,2.235,RIGHT,2017-02-07,BACKFILL
2017-02-06,GLD,HELD,-2.33,MEDIUM,117.7,117.46,-0.204,WRONG,2017-02-07,BACKFILL
2017-02-06,QQQ,LONG,7.11,HIGH,118.06,118.49,0.364,RIGHT,2017-02-07,BACKFILL
2017-02-07,BTC,LONG,48.11,HIGH,1061.35,1063.07,0.162,RIGHT,2017-02-08,BACKFILL
2017-02-07,GLD,HELD,-2.47,MEDIUM,117.46,118.19,0.621,RIGHT,2017-02-08,BACKFILL
2017-02-07,QQQ,LONG,7.38,HIGH,118.49,118.69,0.169,RIGHT,2017-02-08,BACKFILL
2017-02-08,BTC,LONG,47.82,HIGH,1063.07,994.38,-6.461,WRONG,2017-02-09,BACKFILL
2017-02-08,GLD,HELD,-1.79,LOW,118.19,117.29,-0.761,WRONG,2017-02-09,BACKFILL
2017-02-08,QQQ,LONG,7.45,HIGH,118.69,119.12,0.362,RIGHT,2017-02-09,BACKFILL
2017-02-09,BTC,LONG,37.81,HIGH,994.38,988.67,-0.574,WRONG,2017-02-10,BACKFILL
2017-02-09,GLD,HELD,-2.48,MEDIUM,117.29,117.6,0.264,RIGHT,2017-02-10,BACKFILL
2017-02-09,QQQ,LONG,7.73,HIGH,119.12,119.51,0.327,RIGHT,2017-02-10,BACKFILL
2017-02-10,BTC,LONG,36.62,HIGH,988.67,990.64,0.199,RIGHT,2017-02-13,BACKFILL
2017-02-10,GLD,HELD,-2.15,MEDIUM,117.6,116.8,-0.68,WRONG,2017-02-13,BACKFILL
2017-02-10,QQQ,LONG,7.97,HIGH,119.51,120.19,0.569,RIGHT,2017-02-13,BACKFILL
2017-02-13,BTC,LONG,36.46,HIGH,990.64,1004.55,1.404,RIGHT,2017-02-14,BACKFILL
2017-02-13,GLD,HELD,-2.75,MEDIUM,116.8,116.93,0.111,RIGHT,2017-02-14,BACKFILL
2017-02-13,QQQ,LONG,8.48,HIGH,120.19,120.59,0.333,RIGHT,2017-02-14,BACKFILL
2017-02-14,BTC,LONG,37.94,HIGH,1004.55,1007.48,0.292,RIGHT,2017-02-15,BACKFILL
2017-02-14,GLD,HELD,-2.58,MEDIUM,116.93,117.45,0.445,RIGHT,2017-02-15,BACKFILL
2017-02-14,QQQ,LONG,8.73,HIGH,120.59,121.31,0.597,RIGHT,2017-02-15,BACKFILL
2017-02-15,BTC,LONG,37.9,HIGH,1007.48,1027.44,1.981,RIGHT,2017-02-16,BACKFILL
2017-02-15,GLD,HELD,-2.09,MEDIUM,117.45,118.08,0.536,RIGHT,2017-02-16,BACKFILL
2017-02-15,QQQ,LONG,9.26,HIGH,121.31,121.27,-0.033,WRONG,2017-02-16,BACKFILL
2017-02-16,BTC,LONG,40.16,HIGH,1027.44,1046.21,1.827,RIGHT,2017-02-17,BACKFILL
2017-02-16,GLD,HELD,-1.51,LOW,118.08,117.68,-0.339,WRONG,2017-02-17,BACKFILL
2017-02-16,QQQ,LONG,9.12,HIGH,121.27,121.79,0.429,RIGHT,2017-02-17,BACKFILL
2017-02-17,BTC,LONG,42.22,HIGH,1046.21,1115.3,6.604,RIGHT,2017-02-21,BACKFILL
2017-02-17,GLD,HELD,-1.8,LOW,117.68,117.75,0.059,RIGHT,2017-02-21,BACKFILL
2017-02-17,QQQ,LONG,9.47,HIGH,121.79,122.39,0.493,RIGHT,2017-02-21,BACKFILL
2017-02-21,BTC,LONG,51.01,HIGH,1115.3,1117.44,0.192,RIGHT,2017-02-22,BACKFILL
2017-02-21,GLD,HELD,-1.69,LOW,117.75,117.91,0.136,RIGHT,2017-02-22,BACKFILL
2017-02-21,QQQ,LONG,9.89,HIGH,122.39,122.44,0.041,RIGHT,2017-02-22,BACKFILL
2017-02-22,BTC,LONG,50.7,HIGH,1117.44,1166.72,4.41,RIGHT,2017-02-23,BACKFILL
2017-02-22,GLD,HELD,-1.5,LOW,117.91,118.94,0.874,RIGHT,2017-02-23,BACKFILL
2017-02-22,QQQ,LONG,9.82,HIGH,122.44,121.98,-0.376,WRONG,2017-02-23,BACKFILL
2017-02-23,BTC,LONG,56.64,HIGH,1166.72,1173.68,0.597,RIGHT,2017-02-24,BACKFILL
2017-02-23,GLD,HELD,-0.61,LOW,118.94,119.7,0.639,RIGHT,2017-02-24,BACKFILL
2017-02-23,QQQ,LONG,9.3,HIGH,121.98,122.22,0.197,RIGHT,2017-02-24,BACKFILL
2017-02-24,BTC,LONG,56.86,HIGH,1173.68,1179.97,0.536,RIGHT,2017-02-27,BACKFILL
2017-02-24,GLD,HELD,0.07,LOW,119.7,119.12,-0.485,WRONG,2017-02-27,BACKFILL
2017-02-24,QQQ,LONG,9.41,HIGH,122.22,122.37,0.123,RIGHT,2017-02-27,BACKFILL
2017-02-27,BTC,LONG,56.96,HIGH,1179.97,1179.97,0.0,WRONG,2017-02-28,BACKFILL
2017-02-27,GLD,HELD,-0.38,LOW,119.12,119.23,0.092,RIGHT,2017-02-28,BACKFILL
2017-02-27,QQQ,LONG,9.44,HIGH,122.37,121.99,-0.311,WRONG,2017-02-28,BACKFILL
2017-02-28,BTC,LONG,56.23,HIGH,1179.97,1222.5,3.604,RIGHT,2017-03-01,BACKFILL
2017-02-28,GLD,HELD,-0.25,LOW,119.23,119.06,-0.143,WRONG,2017-03-01,BACKFILL
2017-02-28,QQQ,LONG,8.99,HIGH,121.99,123.32,1.09,RIGHT,2017-03-01,BACKFILL
2017-03-01,BTC,LONG,61.05,HIGH,1222.5,1251.01,2.332,RIGHT,2017-03-02,BACKFILL
2017-03-01,GLD,HELD,-0.35,LOW,119.06,117.58,-1.243,WRONG,2017-03-02,BACKFILL
2017-03-01,QQQ,LONG,10.07,HIGH,123.32,122.7,-0.503,WRONG,2017-03-02,BACKFILL
2017-03-02,BTC,LONG,63.95,HIGH,1251.01,1274.99,1.917,RIGHT,2017-03-03,BACKFILL
2017-03-02,GLD,HELD,-1.53,LOW,117.58,117.51,-0.06,WRONG,2017-03-03,BACKFILL
2017-03-02,QQQ,LONG,9.41,HIGH,122.7,122.93,0.187,RIGHT,2017-03-03,BACKFILL
2017-03-03,BTC,LONG,66.19,HIGH,1274.99,1272.83,-0.169,WRONG,2017-03-06,BACKFILL
2017-03-03,GLD,HELD,-1.54,LOW,117.51,116.72,-0.672,WRONG,2017-03-06,BACKFILL
2017-03-03,QQQ,LONG,9.52,HIGH,122.93,122.66,-0.22,WRONG,2017-03-06,BACKFILL
2017-03-06,BTC,LONG,65.02,HIGH,1272.83,1223.54,-3.872,WRONG,2017-03-07,BACKFILL
2017-03-06,GLD,HELD,-2.13,MEDIUM,116.72,115.78,-0.805,WRONG,2017-03-07,BACKFILL
2017-03-06,QQQ,LONG,9.18,HIGH,122.66,122.45,-0.171,WRONG,2017-03-07,BACKFILL
2017-03-07,BTC,LONG,57.79,HIGH,1223.54,1150.0,-6.01,WRONG,2017-03-08,BACKFILL
2017-03-07,GLD,HELD,-2.85,MEDIUM,115.78,115.06,-0.622,WRONG,2017-03-08,BACKFILL
2017-03-07,QQQ,LONG,8.9,HIGH,122.45,122.67,0.18,RIGHT,2017-03-08,BACKFILL
2017-03-08,BTC,LONG,47.54,HIGH,1150.0,1188.49,3.347,RIGHT,2017-03-09,BACKFILL
2017-03-08,GLD,HELD,-3.37,MEDIUM,115.06,114.47,-0.513,WRONG,2017-03-09,BACKFILL
2017-03-08,QQQ,LONG,9.0,HIGH,122.67,122.76,0.073,RIGHT,2017-03-09,BACKFILL
2017-03-09,BTC,LONG,51.67,HIGH,1188.49,1116.72,-6.039,WRONG,2017-03-10,BACKFILL
2017-03-09,GLD,HELD,-3.78,MEDIUM,114.47,114.72,0.218,RIGHT,2017-03-10,BACKFILL
2017-03-09,QQQ,LONG,8.98,HIGH,122.76,123.28,0.424,RIGHT,2017-03-10,BACKFILL
2017-03-10,BTC,LONG,41.86,HIGH,1116.72,1231.92,10.316,RIGHT,2017-03-13,BACKFILL
2017-03-10,GLD,HELD,-3.49,MEDIUM,114.72,114.74,0.017,RIGHT,2017-03-13,BACKFILL
2017-03-10,QQQ,LONG,9.34,HIGH,123.28,123.48,0.162,RIGHT,2017-03-13,BACKFILL
2017-03-13,BTC,LONG,55.63,HIGH,1231.92,1240.0,0.656,RIGHT,2017-03-14,BACKFILL
2017-03-13,GLD,HELD,-3.4,MEDIUM,114.74,114.12,-0.54,WRONG,2017-03-14,BACKFILL
2017-03-13,QQQ,LONG,9.42,HIGH,123.48,123.18,-0.243,WRONG,2017-03-14,BACKFILL
2017-03-14,BTC,LONG,55.8,HIGH,1240.0,1249.61,0.775,RIGHT,2017-03-15,BACKFILL
2017-03-14,GLD,HELD,-3.85,MEDIUM,114.12,116.25,1.866,RIGHT,2017-03-15,BACKFILL
2017-03-14,QQQ,LONG,9.07,HIGH,123.18,123.94,0.617,RIGHT,2017-03-15,BACKFILL
2017-03-15,BTC,LONG,56.14,HIGH,1249.61,1187.81,-4.946,WRONG,2017-03-16,BACKFILL
2017-03-15,GLD,HELD,-1.99,LOW,116.25,116.73,0.413,RIGHT,2017-03-16,BACKFILL
2017-03-15,QQQ,LONG,9.64,HIGH,123.94,123.86,-0.065,WRONG,2017-03-16,BACKFILL
2017-03-16,BTC,LONG,47.69,HIGH,1187.81,1100.23,-7.373,WRONG,2017-03-17,BACKFILL
2017-03-16,GLD,HELD,-1.52,LOW,116.73,116.99,0.223,RIGHT,2017-03-17,BACKFILL
2017-03-16,QQQ,LONG,9.47,HIGH,123.86,123.81,-0.04,WRONG,2017-03-17,BACKFILL
2017-03-17,BTC,LONG,36.22,HIGH,1100.23,1054.23,-4.181,WRONG,2017-03-20,BACKFILL
2017-03-17,GLD,HELD,-1.25,LOW,116.99,117.51,0.444,RIGHT,2017-03-20,BACKFILL
2017-03-17,QQQ,LONG,9.34,HIGH,123.81,123.93,0.097,RIGHT,2017-03-20,BACKFILL
2017-03-20,BTC,LONG,30.03,HIGH,1054.23,1120.54,6.29,RIGHT,2017-03-21,BACKFILL
2017-03-20,GLD,HELD,-0.75,LOW,117.51,118.54,0.877,RIGHT,2017-03-21,BACKFILL
2017-03-20,QQQ,LONG,9.35,HIGH,123.93,122.05,-1.517,WRONG,2017-03-21,BACKFILL
2017-03-21,BTC,LONG,37.58,HIGH,1120.54,1049.14,-6.372,WRONG,2017-03-22,BACKFILL
2017-03-21,GLD,HELD,0.17,LOW,118.54,118.83,0.245,RIGHT,2017-03-22,BACKFILL
2017-03-21,QQQ,LONG,7.61,HIGH,122.05,122.87,0.672,RIGHT,2017-03-22,BACKFILL
2017-03-22,BTC,LONG,28.32,HIGH,1049.14,1038.59,-1.006,WRONG,2017-03-23,BACKFILL
2017-03-22,GLD,HELD,0.47,LOW,118.83,118.67,-0.135,WRONG,2017-03-23,BACKFILL
2017-03-22,QQQ,LONG,8.25,HIGH,122.87,122.56,-0.252,WRONG,2017-03-23,BACKFILL
2017-03-23,BTC,LONG,26.55,HIGH,1038.59,937.52,-9.731,WRONG,2017-03-24,BACKFILL
2017-03-23,GLD,HELD,0.39,LOW,118.67,118.86,0.16,RIGHT,2017-03-24,BACKFILL
2017-03-23,QQQ,LONG,7.89,HIGH,122.56,122.82,0.212,RIGHT,2017-03-24,BACKFILL
2017-03-24,BTC,LONG,13.9,HIGH,937.52,1045.77,11.546,RIGHT,2017-03-27,BACKFILL
2017-03-24,GLD,HELD,0.61,LOW,118.86,119.53,0.564,RIGHT,2017-03-27,BACKFILL
2017-03-24,QQQ,LONG,8.04,HIGH,122.82,123.01,0.155,RIGHT,2017-03-27,BACKFILL
2017-03-27,BTC,LONG,26.56,HIGH,1045.77,1047.15,0.132,RIGHT,2017-03-28,BACKFILL
2017-03-27,GLD,HELD,1.22,LOW,119.53,119.04,-0.41,WRONG,2017-03-28,BACKFILL
2017-03-27,QQQ,LONG,8.12,HIGH,123.01,123.77,0.618,RIGHT,2017-03-28,BACKFILL
2017-03-28,BTC,LONG,26.26,HIGH,1047.15,1039.97,-0.686,WRONG,2017-03-29,BACKFILL
2017-03-28,GLD,HELD,0.86,LOW,119.04,119.33,0.244,RIGHT,2017-03-29,BACKFILL
2017-03-28,QQQ,LONG,8.69,HIGH,123.77,124.34,0.461,RIGHT,2017-03-29,BACKFILL
2017-03-29,BTC,LONG,24.94,HIGH,1039.97,1026.43,-1.302,WRONG,2017-03-30,BACKFILL
2017-03-29,GLD,HELD,1.15,LOW,119.33,118.47,-0.721,WRONG,2017-03-30,BACKFILL
2017-03-29,QQQ,LONG,9.1,HIGH,124.34,124.55,0.169,RIGHT,2017-03-30,BACKFILL
2017-03-30,BTC,LONG,22.87,HIGH,1026.43,1071.79,4.419,RIGHT,2017-03-31,BACKFILL
2017-03-30,GLD,HELD,0.47,LOW,118.47,118.72,0.211,RIGHT,2017-03-31,BACKFILL
2017-03-30,QQQ,LONG,9.19,HIGH,124.55,124.46,-0.072,WRONG,2017-03-31,BACKFILL
2017-03-31,BTC,LONG,27.8,HIGH,1071.79,1143.81,6.72,RIGHT,2017-04-03,BACKFILL
2017-03-31,GLD,HELD,0.72,LOW,118.72,119.35,0.531,RIGHT,2017-04-03,BACKFILL
2017-03-31,QQQ,LONG,9.01,HIGH,124.46,124.39,-0.056,WRONG,2017-04-03,BACKFILL
2017-04-03,BTC,LONG,35.78,HIGH,1143.81,1133.25,-0.923,WRONG,2017-04-04,BACKFILL
2017-04-03,GLD,HELD,1.3,LOW,119.35,119.62,0.226,RIGHT,2017-04-04,BACKFILL
2017-04-03,QQQ,LONG,8.85,HIGH,124.39,124.58,0.153,RIGHT,2017-04-04,BACKFILL
2017-04-04,BTC,LONG,33.93,HIGH,1133.25,1124.78,-0.747,WRONG,2017-04-05,BACKFILL
2017-04-04,GLD,HELD,1.56,LOW,119.62,119.62,0.0,WRONG,2017-04-05,BACKFILL
2017-04-04,QQQ,LONG,8.92,HIGH,124.58,124.08,-0.401,WRONG,2017-04-05,BACKFILL
2017-04-05,BTC,LONG,32.36,HIGH,1124.78,1182.68,5.148,RIGHT,2017-04-06,BACKFILL
2017-04-05,GLD,HELD,1.6,LOW,119.62,119.18,-0.368,WRONG,2017-04-06,BACKFILL
2017-04-05,QQQ,LONG,8.38,HIGH,124.08,124.14,0.048,RIGHT,2017-04-06,BACKFILL
2017-04-06,BTC,LONG,38.51,HIGH,1182.68,1176.9,-0.489,WRONG,2017-04-07,BACKFILL
2017-04-06,GLD,HELD,1.25,LOW,119.18,119.46,0.235,RIGHT,2017-04-07,BACKFILL
2017-04-06,QQQ,LONG,8.34,HIGH,124.14,124.08,-0.048,WRONG,2017-04-07,BACKFILL
2017-04-07,BTC,LONG,37.19,HIGH,1176.9,1187.13,0.869,RIGHT,2017-04-10,BACKFILL
2017-04-07,GLD,HELD,1.53,LOW,119.46,119.46,0.0,WRONG,2017-04-10,BACKFILL
2017-04-07,QQQ,LONG,8.19,HIGH,124.08,124.12,0.032,RIGHT,2017-04-10,BACKFILL
2017-04-10,BTC,LONG,37.73,HIGH,1187.13,1205.01,1.506,RIGHT,2017-04-11,BACKFILL
2017-04-10,GLD,HELD,1.57,LOW,119.46,121.19,1.448,RIGHT,2017-04-11,BACKFILL
2017-04-10,QQQ,LONG,8.13,HIGH,124.12,123.59,-0.427,WRONG,2017-04-11,BACKFILL
2017-04-11,BTC,LONG,39.16,HIGH,1205.01,1200.37,-0.385,WRONG,2017-04-12,BACKFILL
2017-04-11,GLD,HELD,3.08,MEDIUM,121.19,122.02,0.685,RIGHT,2017-04-12,BACKFILL
2017-04-11,QQQ,LONG,7.58,HIGH,123.59,123.09,-0.405,WRONG,2017-04-12,BACKFILL
2017-04-12,BTC,LONG,38.0,HIGH,1200.37,1169.28,-2.59,WRONG,2017-04-13,BACKFILL
2017-04-12,GLD,HELD,3.82,MEDIUM,122.02,122.6,0.475,RIGHT,2017-04-13,BACKFILL
2017-04-12,QQQ,LONG,7.07,HIGH,123.09,122.6,-0.398,WRONG,2017-04-13,BACKFILL
2017-04-13,BTC,LONG,33.87,HIGH,1169.28,1193.91,2.106,RIGHT,2017-04-17,BACKFILL
2017-04-13,GLD,HELD,4.35,MEDIUM,122.6,122.24,-0.294,WRONG,2017-04-17,BACKFILL
2017-04-13,QQQ,LONG,6.56,HIGH,122.6,123.62,0.832,RIGHT,2017-04-17,BACKFILL
2017-04-17,BTC,LONG,36.1,HIGH,1193.91,1211.67,1.488,RIGHT,2017-04-18,BACKFILL
2017-04-17,GLD,HELD,4.07,MEDIUM,122.24,122.82,0.474,RIGHT,2017-04-18,BACKFILL
2017-04-17,QQQ,LONG,7.34,HIGH,123.62,123.43,-0.154,WRONG,2017-04-18,BACKFILL
2017-04-18,BTC,LONG,37.49,HIGH,1211.67,1210.29,-0.114,WRONG,2017-04-19,BACKFILL
2017-04-18,GLD,HELD,4.58,MEDIUM,122.82,121.73,-0.887,WRONG,2017-04-19,BACKFILL
2017-04-18,QQQ,LONG,7.08,HIGH,123.43,123.63,0.162,RIGHT,2017-04-19,BACKFILL
2017-04-19,BTC,LONG,36.71,HIGH,1210.29,1229.08,1.553,RIGHT,2017-04-20,BACKFILL
2017-04-19,GLD,HELD,3.68,MEDIUM,121.73,121.96,0.189,RIGHT,2017-04-20,BACKFILL
2017-04-19,QQQ,LONG,7.16,HIGH,123.63,124.66,0.833,RIGHT,2017-04-20,BACKFILL
2017-04-20,BTC,LONG,38.19,HIGH,1229.08,1222.05,-0.572,WRONG,2017-04-21,BACKFILL
2017-04-20,GLD,HELD,3.9,MEDIUM,121.96,122.31,0.287,RIGHT,2017-04-21,BACKFILL
2017-04-20,QQQ,LONG,7.95,HIGH,124.66,124.63,-0.024,WRONG,2017-04-21,BACKFILL
2017-04-21,BTC,LONG,36.77,HIGH,1222.05,1250.15,2.299,RIGHT,2017-04-24,BACKFILL
2017-04-21,GLD,HELD,4.22,MEDIUM,122.31,121.48,-0.679,WRONG,2017-04-24,BACKFILL
2017-04-21,QQQ,LONG,7.83,HIGH,124.63,126.14,1.212,RIGHT,2017-04-24,BACKFILL
2017-04-24,BTC,LONG,39.25,HIGH,1250.15,1265.49,1.227,RIGHT,2017-04-25,BACKFILL
2017-04-24,GLD,HELD,3.53,MEDIUM,121.48,120.25,-1.013,WRONG,2017-04-25,BACKFILL
2017-04-24,QQQ,LONG,9.03,HIGH,126.14,127.05,0.721,RIGHT,2017-04-25,BACKFILL
2017-04-25,BTC,LONG,40.27,HIGH,1265.49,1281.08,1.232,RIGHT,2017-04-26,BACKFILL
2017-04-25,GLD,HELD,2.51,MEDIUM,120.25,120.84,0.491,RIGHT,2017-04-26,BACKFILL
2017-04-25,QQQ,LONG,9.71,HIGH,127.05,126.87,-0.142,WRONG,2017-04-26,BACKFILL
2017-04-26,BTC,LONG,41.3,HIGH,1281.08,1317.73,2.861,RIGHT,2017-04-27,BACKFILL
2017-04-26,GLD,HELD,3.04,MEDIUM,120.84,120.39,-0.372,WRONG,2017-04-27,BACKFILL
2017-04-26,QQQ,LONG,9.44,HIGH,126.87,127.63,0.599,RIGHT,2017-04-27,BACKFILL
2017-04-27,BTC,LONG,44.58,HIGH,1317.73,1316.48,-0.095,WRONG,2017-04-28,BACKFILL
2017-04-27,GLD,HELD,2.7,MEDIUM,120.39,120.77,0.316,RIGHT,2017-04-28,BACKFILL
2017-04-27,QQQ,LONG,9.99,HIGH,127.63,127.86,0.18,RIGHT,2017-04-28,BACKFILL
2017-04-28,BTC,LONG,43.68,HIGH,1316.48,1421.6,7.985,RIGHT,2017-05-01,BACKFILL
2017-04-28,GLD,HELD,3.06,MEDIUM,120.77,119.67,-0.911,WRONG,2017-05-01,BACKFILL
2017-04-28,QQQ,LONG,10.08,HIGH,127.86,128.99,0.884,RIGHT,2017-05-01,BACKFILL
2017-05-01,BTC,LONG,54.24,HIGH,1421.6,1452.82,2.196,RIGHT,2017-05-02,BACKFILL
2017-05-01,GLD,HELD,2.17,MEDIUM,119.67,119.65,-0.017,WRONG,2017-05-02,BACKFILL
2017-05-01,QQQ,LONG,10.94,HIGH,128.99,129.21,0.171,RIGHT,2017-05-02,BACKFILL
2017-05-02,BTC,LONG,56.67,HIGH,1452.82,1490.09,2.565,RIGHT,2017-05-03,BACKFILL
2017-05-02,GLD,HELD,2.2,MEDIUM,119.65,117.98,-1.396,WRONG,2017-05-03,BACKFILL
2017-05-02,QQQ,LONG,11.0,HIGH,129.21,128.8,-0.317,WRONG,2017-05-03,BACKFILL
2017-05-03,BTC,LONG,59.67,HIGH,1490.09,1537.67,3.193,RIGHT,2017-05-04,BACKFILL
2017-05-03,GLD,HELD,0.82,LOW,117.98,116.79,-1.009,WRONG,2017-05-04,BACKFILL
2017-05-03,QQQ,LONG,10.54,HIGH,128.8,128.84,0.031,RIGHT,2017-05-04,BACKFILL
2017-05-04,BTC,LONG,63.68,HIGH,1537.67,1555.45,1.156,RIGHT,2017-05-05,BACKFILL
2017-05-04,GLD,HELD,-0.14,LOW,116.79,117.01,0.188,RIGHT,2017-05-05,BACKFILL
2017-05-04,QQQ,LONG,10.46,HIGH,128.84,129.31,0.365,RIGHT,2017-05-05,BACKFILL
2017-05-05,BTC,LONG,64.46,HIGH,1555.45,1723.35,10.794,RIGHT,2017-05-08,BACKFILL
2017-05-05,GLD,HELD,0.1,LOW,117.01,116.75,-0.222,WRONG,2017-05-08,BACKFILL
2017-05-05,QQQ,LONG,10.74,HIGH,129.31,129.6,0.224,RIGHT,2017-05-08,BACKFILL
2017-05-08,BTC,LONG,80.79,HIGH,1723.35,1755.36,1.857,RIGHT,2017-05-09,BACKFILL
2017-05-08,GLD,HELD,-0.07,LOW,116.75,116.05,-0.6,WRONG,2017-05-09,BACKFILL
2017-05-08,QQQ,LONG,10.87,HIGH,129.6,130.05,0.347,RIGHT,2017-05-09,BACKFILL
2017-05-09,BTC,LONG,82.69,HIGH,1755.36,1787.13,1.81,RIGHT,2017-05-10,BACKFILL
2017-05-09,GLD,HELD,-0.62,LOW,116.05,116.04,-0.009,WRONG,2017-05-10,BACKFILL
2017-05-09,QQQ,LONG,11.14,HIGH,130.05,130.12,0.054,RIGHT,2017-05-10,BACKFILL
2017-05-10,BTC,LONG,84.49,HIGH,1787.13,1848.57,3.438,RIGHT,2017-05-11,BACKFILL
2017-05-10,GLD,HELD,-0.6,LOW,116.04,116.5,0.396,RIGHT,2017-05-11,BACKFILL
2017-05-10,QQQ,LONG,11.07,HIGH,130.12,130.02,-0.077,WRONG,2017-05-11,BACKFILL
2017-05-11,BTC,LONG,89.23,HIGH,1848.57,1724.24,-6.726,WRONG,2017-05-12,BACKFILL
2017-05-11,GLD,HELD,-0.18,LOW,116.5,116.83,0.283,RIGHT,2017-05-12,BACKFILL
2017-05-11,QQQ,LONG,10.87,HIGH,130.02,130.31,0.223,RIGHT,2017-05-12,BACKFILL
2017-05-12,BTC,LONG,75.17,HIGH,1724.24,1738.43,0.823,RIGHT,2017-05-15,BACKFILL
2017-05-12,GLD,HELD,0.12,LOW,116.83,117.14,0.265,RIGHT,2017-05-15,BACKFILL
2017-05-12,QQQ,LONG,11.0,HIGH,130.31,130.72,0.315,RIGHT,2017-05-15,BACKFILL
2017-05-15,BTC,LONG,75.28,HIGH,1738.43,1734.45,-0.229,WRONG,2017-05-16,BACKFILL
2017-05-15,GLD,HELD,0.4,LOW,117.14,117.65,0.435,RIGHT,2017-05-16,BACKFILL
2017-05-15,QQQ,LONG,11.22,HIGH,130.72,131.27,0.421,RIGHT,2017-05-16,BACKFILL
2017-05-16,BTC,LONG,73.58,HIGH,1734.45,1839.09,6.033,RIGHT,2017-05-17,BACKFILL
2017-05-16,GLD,HELD,0.85,LOW,117.65,119.79,1.819,RIGHT,2017-05-17,BACKFILL
2017-05-16,QQQ,LONG,11.56,HIGH,131.27,127.93,-2.544,WRONG,2017-05-17,BACKFILL
2017-05-17,BTC,LONG,82.59,HIGH,1839.09,1888.65,2.695,RIGHT,2017-05-18,BACKFILL
2017-05-17,GLD,HELD,2.68,MEDIUM,119.79,118.81,-0.818,WRONG,2017-05-18,BACKFILL
2017-05-17,QQQ,LONG,8.61,HIGH,127.93,129.05,0.875,RIGHT,2017-05-18,BACKFILL
2017-05-18,BTC,LONG,85.97,HIGH,1888.65,1987.71,5.245,RIGHT,2017-05-19,BACKFILL
2017-05-18,GLD,HELD,1.85,LOW,118.81,119.4,0.497,RIGHT,2017-05-19,BACKFILL
2017-05-18,QQQ,LONG,9.45,HIGH,129.05,129.6,0.426,RIGHT,2017-05-19,BACKFILL
2017-05-19,BTC,LONG,94.0,HIGH,1987.71,2173.4,9.342,RIGHT,2017-05-22,BACKFILL
2017-05-19,GLD,HELD,2.36,MEDIUM,119.4,119.9,0.419,RIGHT,2017-05-22,BACKFILL
2017-05-19,QQQ,LONG,9.79,HIGH,129.6,130.69,0.841,RIGHT,2017-05-22,BACKFILL
2017-05-22,BTC,LONG,110.03,HIGH,2173.4,2320.42,6.765,RIGHT,2017-05-23,BACKFILL
2017-05-22,GLD,HELD,2.78,MEDIUM,119.9,119.14,-0.634,WRONG,2017-05-23,BACKFILL
2017-05-22,QQQ,LONG,10.58,HIGH,130.69,130.82,0.099,RIGHT,2017-05-23,BACKFILL
2017-05-23,BTC,LONG,121.84,HIGH,2320.42,2443.64,5.31,RIGHT,2017-05-24,BACKFILL
2017-05-23,GLD,HELD,2.13,MEDIUM,119.14,119.61,0.394,RIGHT,2017-05-24,BACKFILL
2017-05-23,QQQ,LONG,10.55,HIGH,130.82,131.42,0.459,RIGHT,2017-05-24,BACKFILL
2017-05-24,BTC,LONG,130.96,HIGH,2443.64,2304.98,-5.674,WRONG,2017-05-25,BACKFILL
2017-05-24,GLD,HELD,2.54,MEDIUM,119.61,119.48,-0.109,WRONG,2017-05-25,BACKFILL
2017-05-24,QQQ,LONG,10.93,HIGH,131.42,132.54,0.852,RIGHT,2017-05-25,BACKFILL
2017-05-25,BTC,LONG,115.58,HIGH,2304.98,2202.42,-4.449,WRONG,2017-05-26,BACKFILL
2017-05-25,GLD,HELD,2.44,MEDIUM,119.48,120.54,0.887,RIGHT,2017-05-26,BACKFILL
2017-05-25,QQQ,LONG,11.73,HIGH,132.54,132.77,0.174,RIGHT,2017-05-26,BACKFILL
2017-05-26,BTC,LONG,103.99,HIGH,2202.42,2175.47,-1.224,WRONG,2017-05-30,BACKFILL
2017-05-26,GLD,HELD,3.35,MEDIUM,120.54,120.14,-0.332,WRONG,2017-05-30,BACKFILL
2017-05-26,QQQ,LONG,11.79,HIGH,132.77,132.89,0.09,RIGHT,2017-05-30,BACKFILL
2017-05-30,BTC,LONG,99.59,HIGH,2175.47,2286.41,5.1,RIGHT,2017-05-31,BACKFILL
2017-05-30,GLD,HELD,3.01,MEDIUM,120.14,120.62,0.4,RIGHT,2017-05-31,BACKFILL
2017-05-30,QQQ,LONG,11.75,HIGH,132.89,132.84,-0.038,WRONG,2017-05-31,BACKFILL
2017-05-31,BTC,LONG,107.69,HIGH,2286.41,2407.88,5.313,RIGHT,2017-06-01,BACKFILL
2017-05-31,GLD,HELD,3.42,MEDIUM,120.62,120.72,0.083,RIGHT,2017-06-01,BACKFILL
2017-05-31,QQQ,LONG,11.57,HIGH,132.84,133.36,0.391,RIGHT,2017-06-01,BACKFILL
2017-06-01,BTC,LONG,116.43,HIGH,2407.88,2488.55,3.35,RIGHT,2017-06-02,BACKFILL
2017-06-01,GLD,HELD,3.51,MEDIUM,120.72,121.61,0.737,RIGHT,2017-06-02,BACKFILL
2017-06-01,QQQ,LONG,11.87,HIGH,133.36,134.88,1.14,RIGHT,2017-06-02,BACKFILL
2017-06-02,BTC,LONG,121.29,HIGH,2488.55,2686.81,7.967,RIGHT,2017-06-05,BACKFILL
2017-06-02,GLD,HELD,4.27,MEDIUM,121.61,121.73,0.099,RIGHT,2017-06-05,BACKFILL
2017-06-02,QQQ,LONG,13.0,HIGH,134.88,134.85,-0.022,WRONG,2017-06-05,BACKFILL
2017-06-05,BTC,LONG,136.12,HIGH,2686.81,2863.2,6.565,RIGHT,2017-06-06,BACKFILL
2017-06-05,GLD,HELD,4.37,MEDIUM,121.73,123.1,1.125,RIGHT,2017-06-06,BACKFILL
2017-06-05,QQQ,LONG,12.82,HIGH,134.85,134.32,-0.393,WRONG,2017-06-06,BACKFILL
2017-06-06,BTC,LONG,148.45,HIGH,2863.2,2732.16,-4.577,WRONG,2017-06-07,BACKFILL
2017-06-06,GLD,HELD,5.53,HIGH,123.1,122.45,-0.528,WRONG,2017-06-07,BACKFILL
2017-06-06,QQQ,LONG,12.22,HIGH,134.32,134.84,0.387,RIGHT,2017-06-07,BACKFILL
2017-06-07,BTC,LONG,134.33,HIGH,2732.16,2805.62,2.689,RIGHT,2017-06-08,BACKFILL
2017-06-07,GLD,HELD,4.97,MEDIUM,122.45,121.65,-0.653,WRONG,2017-06-08,BACKFILL
2017-06-07,QQQ,LONG,12.49,HIGH,134.84,134.98,0.104,RIGHT,2017-06-08,BACKFILL
2017-06-08,BTC,LONG,137.81,HIGH,2805.62,2823.81,0.648,RIGHT,2017-06-09,BACKFILL
2017-06-08,GLD,HELD,4.29,MEDIUM,121.65,120.54,-0.912,WRONG,2017-06-09,BACKFILL
2017-06-08,QQQ,LONG,12.44,HIGH,134.98,131.61,-2.497,WRONG,2017-06-09,BACKFILL
2017-06-09,BTC,LONG,136.57,HIGH,2823.81,2659.63,-5.814,WRONG,2017-06-12,BACKFILL
2017-06-09,GLD,HELD,3.36,MEDIUM,120.54,120.36,-0.149,WRONG,2017-06-12,BACKFILL
2017-06-09,QQQ,LONG,9.49,HIGH,131.61,130.9,-0.539,WRONG,2017-06-12,BACKFILL
2017-06-12,BTC,LONG,120.39,HIGH,2659.63,2717.02,2.158,RIGHT,2017-06-13,BACKFILL
2017-06-12,GLD,HELD,3.23,MEDIUM,120.36,120.48,0.1,RIGHT,2017-06-13,BACKFILL
2017-06-12,QQQ,LONG,8.75,HIGH,130.9,131.97,0.817,RIGHT,2017-06-13,BACKFILL
2017-06-13,BTC,LONG,122.66,HIGH,2717.02,2506.37,-7.753,WRONG,2017-06-14,BACKFILL
2017-06-13,GLD,HELD,3.36,MEDIUM,120.48,119.82,-0.548,WRONG,2017-06-14,BACKFILL
2017-06-13,QQQ,LONG,9.49,HIGH,131.97,131.39,-0.439,WRONG,2017-06-14,BACKFILL
2017-06-14,BTC,LONG,103.4,HIGH,2506.37,2464.58,-1.667,WRONG,2017-06-15,BACKFILL
2017-06-14,GLD,HELD,2.8,MEDIUM,119.82,119.32,-0.417,WRONG,2017-06-15,BACKFILL
2017-06-14,QQQ,LONG,8.87,HIGH,131.39,130.81,-0.441,WRONG,2017-06-15,BACKFILL
2017-06-15,BTC,LONG,98.12,HIGH,2464.58,2518.56,2.19,RIGHT,2017-06-16,BACKFILL
2017-06-15,GLD,HELD,2.39,MEDIUM,119.32,119.34,0.017,RIGHT,2017-06-16,BACKFILL
2017-06-15,QQQ,LONG,8.26,HIGH,130.81,130.24,-0.436,WRONG,2017-06-16,BACKFILL
2017-06-16,BTC,LONG,100.53,HIGH,2518.56,2589.6,2.821,RIGHT,2017-06-19,BACKFILL
2017-06-16,GLD,HELD,2.42,MEDIUM,119.34,118.43,-0.763,WRONG,2017-06-19,BACKFILL
2017-06-16,QQQ,LONG,7.67,HIGH,130.24,132.42,1.674,RIGHT,2017-06-19,BACKFILL
2017-06-19,BTC,LONG,104.16,HIGH,2589.6,2721.79,5.105,RIGHT,2017-06-20,BACKFILL
2017-06-19,GLD,HELD,1.64,LOW,118.43,118.18,-0.211,WRONG,2017-06-20,BACKFILL
2017-06-19,QQQ,LONG,9.33,HIGH,132.42,131.38,-0.785,WRONG,2017-06-20,BACKFILL
2017-06-20,BTC,LONG,112.34,HIGH,2721.79,2689.1,-1.201,WRONG,2017-06-21,BACKFILL
2017-06-20,GLD,HELD,1.42,LOW,118.18,118.52,0.288,RIGHT,2017-06-21,BACKFILL
2017-06-20,QQQ,LONG,8.33,HIGH,131.38,132.68,0.989,RIGHT,2017-06-21,BACKFILL
2017-06-21,BTC,LONG,107.65,HIGH,2689.1,2705.41,0.607,RIGHT,2017-06-22,BACKFILL
2017-06-21,GLD,HELD,1.7,LOW,118.52,118.92,0.337,RIGHT,2017-06-22,BACKFILL
2017-06-21,QQQ,LONG,9.25,HIGH,132.68,132.65,-0.023,WRONG,2017-06-22,BACKFILL
2017-06-22,BTC,LONG,106.79,HIGH,2705.41,2744.91,1.46,RIGHT,2017-06-23,BACKFILL
2017-06-22,GLD,HELD,2.03,MEDIUM,118.92,119.43,0.429,RIGHT,2017-06-23,BACKFILL
2017-06-22,QQQ,LONG,9.08,HIGH,132.65,133.15,0.377,RIGHT,2017-06-23,BACKFILL
2017-06-23,BTC,LONG,107.69,HIGH,2744.91,2478.45,-9.707,WRONG,2017-06-26,BACKFILL
2017-06-23,GLD,HELD,2.46,MEDIUM,119.43,118.36,-0.896,WRONG,2017-06-26,BACKFILL
2017-06-23,QQQ,LONG,9.35,HIGH,133.15,132.53,-0.466,WRONG,2017-06-26,BACKFILL
2017-06-26,BTC,LONG,85.9,HIGH,2478.45,2552.45,2.986,RIGHT,2017-06-27,BACKFILL
2017-06-26,GLD,HELD,1.53,LOW,118.36,118.81,0.38,RIGHT,2017-06-27,BACKFILL
2017-06-26,QQQ,LONG,8.71,HIGH,132.53,130.13,-1.811,WRONG,2017-06-27,BACKFILL
2017-06-27,BTC,LONG,89.74,HIGH,2552.45,2574.79,0.875,RIGHT,2017-06-28,BACKFILL
2017-06-27,GLD,HELD,1.89,LOW,118.81,118.9,0.076,RIGHT,2017-06-28,BACKFILL
2017-06-27,QQQ,LONG,6.62,HIGH,130.13,132.0,1.437,RIGHT,2017-06-28,BACKFILL
2017-06-28,BTC,LONG,89.68,HIGH,2574.79,2539.32,-1.378,WRONG,2017-06-29,BACKFILL
2017-06-28,GLD,HELD,1.95,LOW,118.9,118.32,-0.488,WRONG,2017-06-29,BACKFILL
2017-06-28,QQQ,LONG,8.03,HIGH,132.0,129.71,-1.735,WRONG,2017-06-29,BACKFILL
2017-06-29,BTC,LONG,85.43,HIGH,2539.32,2480.84,-2.303,WRONG,2017-06-30,BACKFILL
2017-06-29,GLD,HELD,1.43,LOW,118.32,118.02,-0.254,WRONG,2017-06-30,BACKFILL
2017-06-29,QQQ,LONG,6.05,HIGH,129.71,129.76,0.039,RIGHT,2017-06-30,BACKFILL
2017-06-30,BTC,LONG,79.65,HIGH,2480.84,2564.06,3.355,RIGHT,2017-07-03,BACKFILL
2017-06-30,GLD,HELD,1.15,LOW,118.02,116.09,-1.635,WRONG,2017-07-03,BACKFILL
2017-06-30,QQQ,LONG,5.98,HIGH,129.76,128.39,-1.056,WRONG,2017-07-03,BACKFILL
2017-07-03,BTC,LONG,84.05,HIGH,2564.06,2601.99,1.479,RIGHT,2017-07-05,BACKFILL
2017-07-03,GLD,HELD,-0.52,LOW,116.09,116.52,0.37,RIGHT,2017-07-05,BACKFILL
2017-07-03,QQQ,LONG,4.76,MEDIUM,128.39,129.66,0.989,RIGHT,2017-07-05,BACKFILL
2017-07-05,BTC,LONG,85.12,HIGH,2601.99,2608.56,0.252,RIGHT,2017-07-06,BACKFILL
2017-07-05,GLD,HELD,-0.17,LOW,116.52,116.47,-0.043,WRONG,2017-07-06,BACKFILL
2017-07-05,QQQ,LONG,5.69,HIGH,129.66,128.49,-0.902,WRONG,2017-07-06,BACKFILL
2017-07-06,BTC,LONG,83.96,HIGH,2608.56,2518.66,-3.446,WRONG,2017-07-07,BACKFILL
2017-07-06,GLD,HELD,-0.23,LOW,116.47,115.28,-1.022,WRONG,2017-07-07,BACKFILL
2017-07-06,QQQ,LONG,4.64,MEDIUM,128.49,129.87,1.074,RIGHT,2017-07-07,BACKFILL
2017-07-07,BTC,LONG,76.15,HIGH,2518.66,2372.56,-5.801,WRONG,2017-07-10,BACKFILL
2017-07-07,GLD,HELD,-1.27,LOW,115.28,115.47,0.165,RIGHT,2017-07-10,BACKFILL
2017-07-07,QQQ,LONG,5.65,HIGH,129.87,130.72,0.655,RIGHT,2017-07-10,BACKFILL
2017-07-10,BTC,LONG,64.69,HIGH,2372.56,2337.79,-1.466,WRONG,2017-07-11,BACKFILL
2017-07-10,GLD,HELD,-1.13,LOW,115.47,115.62,0.13,RIGHT,2017-07-11,BACKFILL
2017-07-10,QQQ,LONG,6.21,HIGH,130.72,131.09,0.283,RIGHT,2017-07-11,BACKFILL
2017-07-11,BTC,LONG,61.11,HIGH,2337.79,2398.84,2.611,RIGHT,2017-07-12,BACKFILL
2017-07-11,GLD,HELD,-1.02,LOW,115.62,116.03,0.355,RIGHT,2017-07-12,BACKFILL
2017-07-11,QQQ,LONG,6.38,HIGH,131.09,132.65,1.19,RIGHT,2017-07-12,BACKFILL
2017-07-12,BTC,LONG,64.08,HIGH,2398.84,2357.9,-1.707,WRONG,2017-07-13,BACKFILL
2017-07-12,GLD,HELD,-0.7,LOW,116.03,115.82,-0.181,WRONG,2017-07-13,BACKFILL
2017-07-12,QQQ,LONG,7.51,HIGH,132.65,132.94,0.219,RIGHT,2017-07-13,BACKFILL
2017-07-13,BTC,LONG,60.12,HIGH,2357.9,2233.34,-5.283,WRONG,2017-07-14,BACKFILL
2017-07-13,GLD,HELD,-0.9,LOW,115.82,116.77,0.82,RIGHT,2017-07-14,BACKFILL
2017-07-13,QQQ,LONG,7.61,HIGH,132.94,133.98,0.782,RIGHT,2017-07-14,BACKFILL
2017-07-14,BTC,LONG,50.66,HIGH,2233.34,2228.41,-0.221,WRONG,2017-07-17,BACKFILL
2017-07-14,GLD,HELD,-0.12,LOW,116.77,117.29,0.445,RIGHT,2017-07-17,BACKFILL
2017-07-14,QQQ,LONG,8.31,HIGH,133.98,134.05,0.052,RIGHT,2017-07-17,BACKFILL
2017-07-17,BTC,LONG,49.35,HIGH,2228.41,2318.88,4.06,RIGHT,2017-07-18,BACKFILL
2017-07-17,GLD,HELD,0.3,LOW,117.29,118.11,0.699,RIGHT,2017-07-18,BACKFILL
2017-07-17,QQQ,LONG,8.23,HIGH,134.05,134.95,0.671,RIGHT,2017-07-18,BACKFILL
2017-07-18,BTC,LONG,54.35,HIGH,2318.88,2273.43,-1.96,WRONG,2017-07-19,BACKFILL
2017-07-18,GLD,HELD,0.95,LOW,118.11,118.08,-0.025,WRONG,2017-07-19,BACKFILL
2017-07-18,QQQ,LONG,8.82,HIGH,134.95,135.74,0.585,RIGHT,2017-07-19,BACKFILL
2017-07-19,BTC,LONG,50.33,HIGH,2273.43,2817.6,23.936,RIGHT,2017-07-20,BACKFILL
2017-07-19,GLD,HELD,0.89,LOW,118.08,118.24,0.136,RIGHT,2017-07-20,BACKFILL
2017-07-19,QQQ,LONG,9.32,HIGH,135.74,135.92,0.133,RIGHT,2017-07-20,BACKFILL
2017-07-20,BTC,LONG,84.65,HIGH,2817.6,2667.76,-5.318,WRONG,2017-07-21,BACKFILL
2017-07-20,GLD,HELD,0.98,LOW,118.24,119.26,0.863,RIGHT,2017-07-21,BACKFILL
2017-07-20,QQQ,LONG,9.33,HIGH,135.92,135.86,-0.044,WRONG,2017-07-21,BACKFILL
2017-07-21,BTC,LONG,73.4,HIGH,2667.76,2754.86,3.265,RIGHT,2017-07-24,BACKFILL
2017-07-21,GLD,HELD,1.79,LOW,119.26,119.31,0.042,RIGHT,2017-07-24,BACKFILL
2017-07-21,QQQ,LONG,9.14,HIGH,135.86,136.48,0.456,RIGHT,2017-07-24,BACKFILL
2017-07-24,BTC,LONG,77.54,HIGH,2754.86,2576.48,-6.475,WRONG,2017-07-25,BACKFILL
2017-07-24,GLD,HELD,1.76,LOW,119.31,118.92,-0.327,WRONG,2017-07-25,BACKFILL
2017-07-24,QQQ,LONG,9.5,HIGH,136.48,136.13,-0.256,WRONG,2017-07-25,BACKFILL
2017-07-25,BTC,LONG,64.78,HIGH,2576.48,2529.45,-1.825,WRONG,2017-07-26,BACKFILL
2017-07-25,GLD,HELD,1.37,LOW,118.92,119.88,0.807,RIGHT,2017-07-26,BACKFILL
2017-07-25,QQQ,LONG,9.08,HIGH,136.13,136.58,0.331,RIGHT,2017-07-26,BACKFILL
2017-07-26,BTC,LONG,60.58,HIGH,2529.45,2671.78,5.627,RIGHT,2017-07-27,BACKFILL
2017-07-26,GLD,HELD,2.12,MEDIUM,119.88,119.79,-0.075,WRONG,2017-07-27,BACKFILL
2017-07-26,QQQ,LONG,9.3,HIGH,136.58,135.72,-0.63,WRONG,2017-07-27,BACKFILL
2017-07-27,BTC,LONG,68.28,HIGH,2671.78,2809.01,5.136,RIGHT,2017-07-28,BACKFILL
2017-07-27,GLD,HELD,1.97,LOW,119.79,120.69,0.751,RIGHT,2017-07-28,BACKFILL
2017-07-27,QQQ,LONG,8.48,HIGH,135.72,135.61,-0.081,WRONG,2017-07-28,BACKFILL
2017-07-28,BTC,LONG,75.47,HIGH,2809.01,2875.34,2.361,RIGHT,2017-07-31,BACKFILL
2017-07-28,GLD,HELD,2.66,MEDIUM,120.69,120.75,0.05,RIGHT,2017-07-31,BACKFILL
2017-07-28,QQQ,LONG,8.26,HIGH,135.61,135.03,-0.428,WRONG,2017-07-31,BACKFILL
2017-07-31,BTC,LONG,78.12,HIGH,2875.34,2718.26,-5.463,WRONG,2017-08-01,BACKFILL
2017-07-31,GLD,HELD,2.64,MEDIUM,120.75,120.65,-0.083,WRONG,2017-08-01,BACKFILL
2017-07-31,QQQ,LONG,7.67,HIGH,135.03,135.34,0.23,RIGHT,2017-08-01,BACKFILL
2017-08-01,BTC,LONG,67.15,HIGH,2718.26,2710.67,-0.279,WRONG,2017-08-02,BACKFILL
2017-08-01,GLD,HELD,2.48,MEDIUM,120.65,120.4,-0.207,WRONG,2017-08-02,BACKFILL
2017-08-01,QQQ,LONG,7.79,HIGH,135.34,135.71,0.273,RIGHT,2017-08-02,BACKFILL
2017-08-02,BTC,LONG,65.48,HIGH,2710.67,2804.73,3.47,RIGHT,2017-08-03,BACKFILL
2017-08-02,GLD,HELD,2.2,MEDIUM,120.4,120.59,0.158,RIGHT,2017-08-03,BACKFILL
2017-08-02,QQQ,LONG,7.96,HIGH,135.71,135.18,-0.391,WRONG,2017-08-03,BACKFILL
2017-08-03,BTC,LONG,69.96,HIGH,2804.73,2895.89,3.25,RIGHT,2017-08-04,BACKFILL
2017-08-03,GLD,HELD,2.29,MEDIUM,120.59,119.65,-0.78,WRONG,2017-08-04,BACKFILL
2017-08-03,QQQ,LONG,7.4,HIGH,135.18,135.43,0.185,RIGHT,2017-08-04,BACKFILL
2017-08-04,BTC,LONG,74.13,HIGH,2895.89,3378.94,16.681,RIGHT,2017-08-07,BACKFILL
2017-08-04,GLD,HELD,1.44,LOW,119.65,119.51,-0.117,WRONG,2017-08-07,BACKFILL
2017-08-04,QQQ,LONG,7.47,HIGH,135.43,136.28,0.628,RIGHT,2017-08-07,BACKFILL
2017-08-07,BTC,LONG,101.22,HIGH,3378.94,3419.94,1.213,RIGHT,2017-08-08,BACKFILL
2017-08-07,GLD,HELD,1.27,LOW,119.51,119.86,0.293,RIGHT,2017-08-08,BACKFILL
2017-08-07,QQQ,LONG,8.0,HIGH,136.28,136.05,-0.169,WRONG,2017-08-08,BACKFILL
2017-08-08,BTC,LONG,101.76,HIGH,3419.94,3342.47,-2.265,WRONG,2017-08-09,BACKFILL
2017-08-08,GLD,HELD,1.51,LOW,119.86,121.31,1.21,RIGHT,2017-08-09,BACKFILL
2017-08-08,QQQ,LONG,7.68,HIGH,136.05,135.87,-0.132,WRONG,2017-08-09,BACKFILL
2017-08-09,BTC,LONG,95.51,HIGH,3342.47,3381.28,1.161,RIGHT,2017-08-10,BACKFILL
2017-08-09,GLD,HELD,2.68,MEDIUM,121.31,122.21,0.742,RIGHT,2017-08-10,BACKFILL
2017-08-09,QQQ,LONG,7.41,HIGH,135.87,132.96,-2.142,WRONG,2017-08-10,BACKFILL
2017-08-10,BTC,LONG,95.97,HIGH,3381.28,3650.62,7.966,RIGHT,2017-08-11,BACKFILL
2017-08-10,GLD,HELD,3.38,MEDIUM,122.21,122.79,0.475,RIGHT,2017-08-11,BACKFILL
2017-08-10,QQQ,LONG,5.0,HIGH,132.96,133.97,0.76,RIGHT,2017-08-11,BACKFILL
2017-08-11,BTC,LONG,109.36,HIGH,3650.62,4325.13,18.477,RIGHT,2017-08-14,BACKFILL
2017-08-11,GLD,HELD,3.81,MEDIUM,122.79,121.92,-0.709,WRONG,2017-08-14,BACKFILL
2017-08-11,QQQ,LONG,5.69,HIGH,133.97,135.69,1.284,RIGHT,2017-08-14,BACKFILL
2017-08-14,BTC,LONG,144.84,HIGH,4325.13,4181.93,-3.311,WRONG,2017-08-15,BACKFILL
2017-08-14,GLD,HELD,3.02,MEDIUM,121.92,120.98,-0.771,WRONG,2017-08-15,BACKFILL
2017-08-14,QQQ,LONG,6.93,HIGH,135.69,135.78,0.066,RIGHT,2017-08-15,BACKFILL
2017-08-15,BTC,LONG,133.84,HIGH,4181.93,4376.63,4.656,RIGHT,2017-08-16,BACKFILL
2017-08-15,GLD,HELD,2.18,MEDIUM,120.98,121.87,0.736,RIGHT,2017-08-16,BACKFILL
2017-08-15,QQQ,LONG,6.88,HIGH,135.78,136.02,0.177,RIGHT,2017-08-16,BACKFILL
2017-08-16,BTC,LONG,141.49,HIGH,4376.63,4331.69,-1.027,WRONG,2017-08-17,BACKFILL
2017-08-16,GLD,HELD,2.88,MEDIUM,121.87,122.49,0.509,RIGHT,2017-08-17,BACKFILL
2017-08-16,QQQ,LONG,6.96,HIGH,136.02,133.24,-2.044,WRONG,2017-08-17,BACKFILL
2017-08-17,BTC,LONG,135.95,HIGH,4331.69,4160.62,-3.949,WRONG,2017-08-18,BACKFILL
2017-08-17,GLD,HELD,3.36,MEDIUM,122.49,122.3,-0.155,WRONG,2017-08-18,BACKFILL
2017-08-17,QQQ,LONG,4.67,MEDIUM,133.24,133.15,-0.068,WRONG,2017-08-18,BACKFILL
2017-08-18,BTC,LONG,123.92,HIGH,4160.62,4001.74,-3.819,WRONG,2017-08-21,BACKFILL
2017-08-18,GLD,HELD,3.15,MEDIUM,122.3,122.76,0.376,RIGHT,2017-08-21,BACKFILL
2017-08-18,QQQ,LONG,4.51,MEDIUM,133.15,132.98,-0.128,WRONG,2017-08-21,BACKFILL
2017-08-21,BTC,LONG,113.0,HIGH,4001.74,4100.52,2.468,RIGHT,2017-08-22,BACKFILL
2017-08-21,GLD,HELD,3.5,MEDIUM,122.76,122.21,-0.448,WRONG,2017-08-22,BACKFILL
2017-08-21,QQQ,LONG,4.27,MEDIUM,132.98,135.0,1.519,RIGHT,2017-08-22,BACKFILL
2017-08-22,BTC,LONG,115.8,HIGH,4100.52,4151.52,1.244,RIGHT,2017-08-23,BACKFILL
2017-08-22,GLD,HELD,2.99,MEDIUM,122.21,122.67,0.376,RIGHT,2017-08-23,BACKFILL
2017-08-22,QQQ,LONG,5.75,HIGH,135.0,134.52,-0.356,WRONG,2017-08-23,BACKFILL
2017-08-23,BTC,LONG,116.02,HIGH,4151.52,4334.68,4.412,RIGHT,2017-08-24,BACKFILL
2017-08-23,GLD,HELD,3.33,MEDIUM,122.67,122.29,-0.31,WRONG,2017-08-24,BACKFILL
2017-08-23,QQQ,LONG,5.27,HIGH,134.52,134.13,-0.29,WRONG,2017-08-24,BACKFILL
2017-08-24,BTC,LONG,122.89,HIGH,4334.68,4371.6,0.852,RIGHT,2017-08-25,BACKFILL
2017-08-24,GLD,HELD,2.97,MEDIUM,122.29,122.74,0.368,RIGHT,2017-08-25,BACKFILL
2017-08-24,QQQ,LONG,4.86,MEDIUM,134.13,133.84,-0.216,WRONG,2017-08-25,BACKFILL
2017-08-25,BTC,LONG,122.16,HIGH,4371.6,4382.66,0.253,RIGHT,2017-08-28,BACKFILL
2017-08-25,GLD,HELD,3.31,MEDIUM,122.74,124.69,1.589,RIGHT,2017-08-28,BACKFILL
2017-08-25,QQQ,LONG,4.54,MEDIUM,133.84,134.26,0.314,RIGHT,2017-08-28,BACKFILL
2017-08-28,BTC,LONG,120.12,HIGH,4382.66,4579.02,4.48,RIGHT,2017-08-29,BACKFILL
2017-08-28,GLD,HELD,4.89,MEDIUM,124.69,124.42,-0.217,WRONG,2017-08-29,BACKFILL
2017-08-28,QQQ,LONG,4.77,MEDIUM,134.26,134.79,0.395,RIGHT,2017-08-29,BACKFILL
2017-08-29,BTC,LONG,127.18,HIGH,4579.02,4565.3,-0.3,WRONG,2017-08-30,BACKFILL
2017-08-29,GLD,HELD,4.61,MEDIUM,124.42,124.36,-0.048,WRONG,2017-08-30,BACKFILL
2017-08-29,QQQ,LONG,5.09,HIGH,134.79,136.37,1.172,RIGHT,2017-08-30,BACKFILL
2017-08-30,BTC,LONG,123.8,HIGH,4565.3,4703.39,3.025,RIGHT,2017-08-31,BACKFILL
2017-08-30,GLD,HELD,4.49,MEDIUM,124.36,125.82,1.174,RIGHT,2017-08-31,BACKFILL
2017-08-30,QQQ,LONG,6.22,HIGH,136.37,137.83,1.071,RIGHT,2017-08-31,BACKFILL
2017-08-31,BTC,LONG,127.75,HIGH,4703.39,4892.01,4.01,RIGHT,2017-09-01,BACKFILL
2017-08-31,GLD,HELD,5.65,HIGH,125.82,126.06,0.191,RIGHT,2017-09-01,BACKFILL
2017-08-31,QQQ,LONG,7.25,HIGH,137.83,137.64,-0.138,WRONG,2017-09-01,BACKFILL
2017-09-01,BTC,LONG,133.89,HIGH,4892.01,4376.53,-10.537,WRONG,2017-09-05,BACKFILL
2017-09-01,GLD,HELD,5.78,HIGH,126.06,127.46,1.111,RIGHT,2017-09-05,BACKFILL
2017-09-01,QQQ,LONG,6.98,HIGH,137.64,136.41,-0.894,WRONG,2017-09-05,BACKFILL
2017-09-05,BTC,LONG,107.0,HIGH,4376.53,4597.12,5.04,RIGHT,2017-09-06,BACKFILL
2017-09-05,GLD,HELD,6.88,HIGH,127.46,126.81,-0.51,WRONG,2017-09-06,BACKFILL
2017-09-05,QQQ,LONG,5.92,HIGH,136.41,136.82,0.301,RIGHT,2017-09-06,BACKFILL
2017-09-06,BTC,LONG,114.98,HIGH,4597.12,4599.88,0.06,RIGHT,2017-09-07,BACKFILL
2017-09-06,GLD,HELD,6.27,HIGH,126.81,128.13,1.041,RIGHT,2017-09-07,BACKFILL
2017-09-06,QQQ,LONG,6.13,HIGH,136.82,137.14,0.234,RIGHT,2017-09-07,BACKFILL
2017-09-07,BTC,LONG,112.73,HIGH,4599.88,4228.75,-8.068,WRONG,2017-09-08,BACKFILL
2017-09-07,GLD,HELD,7.3,HIGH,128.13,127.97,-0.125,WRONG,2017-09-08,BACKFILL
2017-09-07,QQQ,LONG,6.27,HIGH,137.14,135.95,-0.868,WRONG,2017-09-08,BACKFILL
2017-09-08,BTC,LONG,93.66,HIGH,4228.75,4161.27,-1.596,WRONG,2017-09-11,BACKFILL
2017-09-08,GLD,HELD,7.09,HIGH,127.97,126.19,-1.391,WRONG,2017-09-11,BACKFILL
2017-09-08,QQQ,LONG,5.25,HIGH,135.95,137.52,1.155,RIGHT,2017-09-11,BACKFILL
2017-09-11,BTC,LONG,88.77,HIGH,4161.27,4130.81,-0.732,WRONG,2017-09-12,BACKFILL
2017-09-11,GLD,HELD,5.55,HIGH,126.19,126.56,0.293,RIGHT,2017-09-12,BACKFILL
2017-09-11,QQQ,LONG,6.36,HIGH,137.52,137.85,0.24,RIGHT,2017-09-12,BACKFILL
2017-09-12,BTC,LONG,85.66,HIGH,4130.81,3882.59,-6.009,WRONG,2017-09-13,BACKFILL
2017-09-12,GLD,HELD,5.81,HIGH,126.56,125.61,-0.751,WRONG,2017-09-13,BACKFILL
2017-09-12,QQQ,LONG,6.51,HIGH,137.85,138.04,0.138,RIGHT,2017-09-13,BACKFILL
2017-09-13,BTC,LONG,73.05,HIGH,3882.59,3154.95,-18.741,WRONG,2017-09-14,BACKFILL
2017-09-13,GLD,HELD,4.97,MEDIUM,125.61,126.16,0.438,RIGHT,2017-09-14,BACKFILL
2017-09-13,QQQ,LONG,6.55,HIGH,138.04,137.23,-0.587,WRONG,2017-09-14,BACKFILL
2017-09-14,BTC,LONG,39.72,HIGH,3154.95,3637.52,15.296,RIGHT,2017-09-15,BACKFILL
2017-09-14,GLD,HELD,5.38,HIGH,126.16,125.53,-0.499,WRONG,2017-09-15,BACKFILL
2017-09-14,QQQ,LONG,5.83,HIGH,137.23,137.7,0.342,RIGHT,2017-09-15,BACKFILL
2017-09-15,BTC,LONG,59.84,HIGH,3637.52,4065.2,11.757,RIGHT,2017-09-18,BACKFILL
2017-09-15,GLD,HELD,4.81,MEDIUM,125.53,124.36,-0.932,WRONG,2017-09-18,BACKFILL
2017-09-15,QQQ,LONG,6.09,HIGH,137.7,137.52,-0.131,WRONG,2017-09-18,BACKFILL
2017-09-18,BTC,LONG,77.04,HIGH,4065.2,3924.97,-3.45,WRONG,2017-09-19,BACKFILL
2017-09-18,GLD,HELD,3.79,MEDIUM,124.36,124.62,0.209,RIGHT,2017-09-19,BACKFILL
2017-09-18,QQQ,LONG,5.86,HIGH,137.52,137.75,0.167,RIGHT,2017-09-19,BACKFILL
2017-09-19,BTC,LONG,69.49,HIGH,3924.97,3905.95,-0.485,WRONG,2017-09-20,BACKFILL
2017-09-19,GLD,HELD,3.96,MEDIUM,124.62,123.62,-0.802,WRONG,2017-09-20,BACKFILL
2017-09-19,QQQ,LONG,5.94,HIGH,137.75,137.33,-0.305,WRONG,2017-09-20,BACKFILL
2017-09-20,BTC,LONG,67.28,HIGH,3905.95,3631.04,-7.038,WRONG,2017-09-21,BACKFILL
2017-09-20,GLD,HELD,3.09,MEDIUM,123.62,122.68,-0.76,WRONG,2017-09-21,BACKFILL
2017-09-20,QQQ,LONG,5.53,HIGH,137.33,136.49,-0.612,WRONG,2017-09-21,BACKFILL
2017-09-21,BTC,LONG,54.36,HIGH,3631.04,3630.7,-0.009,WRONG,2017-09-22,BACKFILL
2017-09-21,GLD,HELD,2.28,MEDIUM,122.68,123.24,0.456,RIGHT,2017-09-22,BACKFILL
2017-09-21,QQQ,LONG,4.81,MEDIUM,136.49,136.36,-0.095,WRONG,2017-09-22,BACKFILL
2017-09-22,BTC,LONG,53.22,HIGH,3630.7,3926.07,8.135,RIGHT,2017-09-25,BACKFILL
2017-09-22,GLD,HELD,2.71,MEDIUM,123.24,124.53,1.047,RIGHT,2017-09-25,BACKFILL
2017-09-22,QQQ,LONG,4.63,MEDIUM,136.36,134.92,-1.056,WRONG,2017-09-25,BACKFILL
2017-09-25,BTC,LONG,64.38,HIGH,3926.07,3892.35,-0.859,WRONG,2017-09-26,BACKFILL
2017-09-25,GLD,HELD,3.75,MEDIUM,124.53,123.14,-1.116,WRONG,2017-09-26,BACKFILL
2017-09-25,QQQ,LONG,3.46,MEDIUM,134.92,135.27,0.259,RIGHT,2017-09-26,BACKFILL
2017-09-26,BTC,LONG,61.72,HIGH,3892.35,4200.67,7.921,RIGHT,2017-09-27,BACKFILL
2017-09-26,GLD,HELD,2.56,MEDIUM,123.14,121.98,-0.942,WRONG,2017-09-27,BACKFILL
2017-09-26,QQQ,LONG,3.66,MEDIUM,135.27,136.49,0.902,RIGHT,2017-09-27,BACKFILL
2017-09-27,BTC,LONG,73.08,HIGH,4200.67,4174.73,-0.618,WRONG,2017-09-28,BACKFILL
2017-09-27,GLD,HELD,1.58,LOW,121.98,122.21,0.189,RIGHT,2017-09-28,BACKFILL
2017-09-27,QQQ,LONG,4.51,MEDIUM,136.49,136.44,-0.037,WRONG,2017-09-28,BACKFILL
2017-09-28,BTC,LONG,70.6,HIGH,4174.73,4163.07,-0.279,WRONG,2017-09-29,BACKFILL
2017-09-28,GLD,HELD,1.76,LOW,122.21,121.58,-0.516,WRONG,2017-09-29,BACKFILL
2017-09-28,QQQ,LONG,4.4,MEDIUM,136.44,137.42,0.718,RIGHT,2017-09-29,BACKFILL
2017-09-29,BTC,LONG,68.75,HIGH,4163.07,4409.32,5.915,RIGHT,2017-10-02,BACKFILL
2017-09-29,GLD,HELD,1.22,LOW,121.58,120.77,-0.666,WRONG,2017-10-02,BACKFILL
2017-09-29,QQQ,LONG,5.07,HIGH,137.42,137.55,0.095,RIGHT,2017-10-02,BACKFILL
2017-10-02,BTC,LONG,77.19,HIGH,4409.32,4317.48,-2.083,WRONG,2017-10-03,BACKFILL
2017-10-02,GLD,HELD,0.53,LOW,120.77,120.83,0.05,RIGHT,2017-10-03,BACKFILL
2017-10-02,QQQ,LONG,5.09,HIGH,137.55,137.84,0.211,RIGHT,2017-10-03,BACKFILL
2017-10-03,BTC,LONG,72.07,HIGH,4317.48,4229.36,-2.041,WRONG,2017-10-04,BACKFILL
2017-10-03,GLD,HELD,0.57,LOW,120.83,121.17,0.281,RIGHT,2017-10-04,BACKFILL
2017-10-03,QQQ,LONG,5.23,HIGH,137.84,137.97,0.094,RIGHT,2017-10-04,BACKFILL
2017-10-04,BTC,LONG,67.23,HIGH,4229.36,4328.41,2.342,RIGHT,2017-10-05,BACKFILL
2017-10-04,GLD,HELD,0.84,LOW,121.17,120.52,-0.536,WRONG,2017-10-05,BACKFILL
2017-10-04,QQQ,LONG,5.25,HIGH,137.97,139.32,0.978,RIGHT,2017-10-05,BACKFILL
2017-10-05,BTC,LONG,69.78,HIGH,4328.41,4370.81,0.98,RIGHT,2017-10-06,BACKFILL
2017-10-05,GLD,HELD,0.28,LOW,120.52,121.09,0.473,RIGHT,2017-10-06,BACKFILL
2017-10-05,QQQ,LONG,6.19,HIGH,139.32,139.51,0.136,RIGHT,2017-10-06,BACKFILL
2017-10-06,BTC,LONG,70.07,HIGH,4370.81,4772.02,9.179,RIGHT,2017-10-09,BACKFILL
2017-10-06,GLD,HELD,0.73,LOW,121.09,122.08,0.818,RIGHT,2017-10-09,BACKFILL
2017-10-06,QQQ,LONG,6.24,HIGH,139.51,139.35,-0.115,WRONG,2017-10-09,BACKFILL
2017-10-09,BTC,LONG,83.99,HIGH,4772.02,4781.99,0.209,RIGHT,2017-10-10,BACKFILL
2017-10-09,GLD,HELD,1.52,LOW,122.08,122.4,0.262,RIGHT,2017-10-10,BACKFILL
2017-10-09,QQQ,LONG,6.03,HIGH,139.35,139.46,0.079,RIGHT,2017-10-10,BACKFILL
2017-10-10,BTC,LONG,82.67,HIGH,4781.99,4826.48,0.93,RIGHT,2017-10-11,BACKFILL
2017-10-10,GLD,HELD,1.74,LOW,122.4,122.79,0.319,RIGHT,2017-10-11,BACKFILL
2017-10-10,QQQ,LONG,6.02,HIGH,139.46,139.87,0.294,RIGHT,2017-10-11,BACKFILL
2017-10-11,BTC,LONG,82.67,HIGH,4826.48,5446.91,12.855,RIGHT,2017-10-12,BACKFILL
2017-10-11,GLD,HELD,2.02,MEDIUM,122.79,122.89,0.081,RIGHT,2017-10-12,BACKFILL
2017-10-11,QQQ,LONG,6.24,HIGH,139.87,139.62,-0.179,WRONG,2017-10-12,BACKFILL
2017-10-12,BTC,LONG,103.93,HIGH,5446.91,5647.21,3.677,RIGHT,2017-10-13,BACKFILL
2017-10-12,GLD,HELD,2.06,MEDIUM,122.89,123.82,0.757,RIGHT,2017-10-13,BACKFILL
2017-10-12,QQQ,LONG,5.96,HIGH,139.62,140.15,0.38,RIGHT,2017-10-13,BACKFILL
2017-10-13,BTC,LONG,109.12,HIGH,5647.21,5725.59,1.388,RIGHT,2017-10-16,BACKFILL
2017-10-13,GLD,HELD,2.78,MEDIUM,123.82,122.97,-0.686,WRONG,2017-10-16,BACKFILL
2017-10-13,QQQ,LONG,6.28,HIGH,140.15,140.64,0.35,RIGHT,2017-10-16,BACKFILL
2017-10-16,BTC,LONG,109.7,HIGH,5725.59,5605.51,-2.097,WRONG,2017-10-17,BACKFILL
2017-10-16,GLD,HELD,2.02,MEDIUM,122.97,122.13,-0.683,WRONG,2017-10-17,BACKFILL
2017-10-16,QQQ,LONG,6.55,HIGH,140.64,140.82,0.128,RIGHT,2017-10-17,BACKFILL
2017-10-17,BTC,LONG,103.14,HIGH,5605.51,5590.69,-0.264,WRONG,2017-10-18,BACKFILL
2017-10-17,GLD,HELD,1.29,LOW,122.13,121.67,-0.377,WRONG,2017-10-18,BACKFILL
2017-10-17,QQQ,LONG,6.6,HIGH,140.82,140.65,-0.121,WRONG,2017-10-18,BACKFILL
2017-10-18,BTC,LONG,100.47,HIGH,5590.69,5708.52,2.108,RIGHT,2017-10-19,BACKFILL
2017-10-18,GLD,HELD,0.88,LOW,121.67,122.39,0.592,RIGHT,2017-10-19,BACKFILL
2017-10-18,QQQ,LONG,6.38,HIGH,140.65,140.13,-0.37,WRONG,2017-10-19,BACKFILL
2017-10-19,BTC,LONG,102.47,HIGH,5708.52,6011.45,5.307,RIGHT,2017-10-20,BACKFILL
2017-10-19,GLD,HELD,1.45,LOW,122.39,121.61,-0.637,WRONG,2017-10-20,BACKFILL
2017-10-19,QQQ,LONG,5.9,HIGH,140.13,140.5,0.264,RIGHT,2017-10-20,BACKFILL
2017-10-20,BTC,LONG,110.74,HIGH,6011.45,5930.32,-1.35,WRONG,2017-10-23,BACKFILL
2017-10-20,GLD,HELD,0.78,LOW,121.61,121.8,0.156,RIGHT,2017-10-23,BACKFILL
2017-10-20,QQQ,LONG,6.09,HIGH,140.5,139.59,-0.648,WRONG,2017-10-23,BACKFILL
2017-10-23,BTC,LONG,105.59,HIGH,5930.32,5526.64,-6.807,WRONG,2017-10-24,BACKFILL
2017-10-23,GLD,HELD,0.92,LOW,121.8,121.33,-0.386,WRONG,2017-10-24,BACKFILL
2017-10-23,QQQ,LONG,5.31,HIGH,139.59,139.82,0.165,RIGHT,2017-10-24,BACKFILL
2017-10-24,BTC,LONG,89.63,HIGH,5526.64,5750.8,4.056,RIGHT,2017-10-25,BACKFILL
2017-10-24,GLD,HELD,0.52,LOW,121.33,121.35,0.016,RIGHT,2017-10-25,BACKFILL
2017-10-24,QQQ,LONG,5.4,HIGH,139.82,139.29,-0.379,WRONG,2017-10-25,BACKFILL
2017-10-25,BTC,LONG,95.22,HIGH,5750.8,5904.83,2.678,RIGHT,2017-10-26,BACKFILL
2017-10-25,GLD,HELD,0.52,LOW,121.35,120.33,-0.841,WRONG,2017-10-26,BACKFILL
2017-10-25,QQQ,LONG,4.91,MEDIUM,139.29,138.85,-0.316,WRONG,2017-10-26,BACKFILL
2017-10-26,BTC,LONG,98.22,HIGH,5904.83,5780.9,-2.099,WRONG,2017-10-27,BACKFILL
2017-10-26,GLD,HELD,-0.33,LOW,120.33,120.9,0.474,RIGHT,2017-10-27,BACKFILL
2017-10-26,QQQ,LONG,4.49,MEDIUM,138.85,142.89,2.91,RIGHT,2017-10-27,BACKFILL
2017-10-27,BTC,LONG,92.02,HIGH,5780.9,6130.53,6.048,RIGHT,2017-10-30,BACKFILL
2017-10-27,GLD,HELD,0.13,LOW,120.9,121.13,0.19,RIGHT,2017-10-30,BACKFILL
2017-10-27,QQQ,LONG,7.43,HIGH,142.89,143.22,0.231,RIGHT,2017-10-30,BACKFILL
2017-10-30,BTC,LONG,101.37,HIGH,6130.53,6468.4,5.511,RIGHT,2017-10-31,BACKFILL
2017-10-30,GLD,HELD,0.31,LOW,121.13,120.67,-0.38,WRONG,2017-10-31,BACKFILL
2017-10-30,QQQ,LONG,7.57,HIGH,143.22,143.75,0.37,RIGHT,2017-10-31,BACKFILL
2017-10-31,BTC,LONG,109.97,HIGH,6468.4,6767.31,4.621,RIGHT,2017-11-01,BACKFILL
2017-10-31,GLD,HELD,-0.08,LOW,120.67,121.11,0.365,RIGHT,2017-11-01,BACKFILL
2017-10-31,QQQ,LONG,7.86,HIGH,143.75,143.71,-0.028,WRONG,2017-11-01,BACKFILL
2017-11-01,BTC,LONG,116.98,HIGH,6767.31,7078.5,4.598,RIGHT,2017-11-02,BACKFILL
2017-11-01,GLD,HELD,0.27,LOW,121.11,121.19,0.066,RIGHT,2017-11-02,BACKFILL
2017-11-01,QQQ,LONG,7.73,HIGH,143.71,143.43,-0.195,WRONG,2017-11-02,BACKFILL
2017-11-02,BTC,LONG,124.08,HIGH,7078.5,7207.76,1.826,RIGHT,2017-11-03,BACKFILL
2017-11-02,GLD,HELD,0.32,LOW,121.19,120.62,-0.47,WRONG,2017-11-03,BACKFILL
2017-11-02,QQQ,LONG,7.42,HIGH,143.43,144.81,0.962,RIGHT,2017-11-03,BACKFILL
2017-11-03,BTC,LONG,125.29,HIGH,7207.76,7022.76,-2.567,WRONG,2017-11-06,BACKFILL
2017-11-03,GLD,HELD,-0.16,LOW,120.62,121.65,0.854,RIGHT,2017-11-06,BACKFILL
2017-11-03,QQQ,LONG,8.34,HIGH,144.81,145.3,0.338,RIGHT,2017-11-06,BACKFILL
2017-11-06,BTC,LONG,116.85,HIGH,7022.76,7144.38,1.732,RIGHT,2017-11-07,BACKFILL
2017-11-06,GLD,HELD,0.69,LOW,121.65,121.21,-0.362,WRONG,2017-11-07,BACKFILL
2017-11-06,QQQ,LONG,8.59,HIGH,145.3,145.39,0.062,RIGHT,2017-11-07,BACKFILL
2017-11-07,BTC,LONG,117.9,HIGH,7144.38,7459.69,4.413,RIGHT,2017-11-08,BACKFILL
2017-11-07,GLD,HELD,0.31,LOW,121.21,121.63,0.347,RIGHT,2017-11-08,BACKFILL
2017-11-07,QQQ,LONG,8.55,HIGH,145.39,145.97,0.399,RIGHT,2017-11-08,BACKFILL
2017-11-08,BTC,LONG,124.65,HIGH,7459.69,7143.58,-4.238,WRONG,2017-11-09,BACKFILL
2017-11-08,GLD,HELD,0.65,LOW,121.63,122.13,0.411,RIGHT,2017-11-09,BACKFILL
2017-11-08,QQQ,LONG,8.86,HIGH,145.97,145.21,-0.521,WRONG,2017-11-09,BACKFILL
2017-11-09,BTC,LONG,112.58,HIGH,7143.58,6618.14,-7.355,WRONG,2017-11-10,BACKFILL
2017-11-09,GLD,HELD,1.04,LOW,122.13,121.13,-0.819,WRONG,2017-11-10,BACKFILL
2017-11-09,QQQ,LONG,8.18,HIGH,145.21,145.2,-0.007,WRONG,2017-11-10,BACKFILL
2017-11-10,BTC,LONG,94.85,HIGH,6618.14,6559.49,-0.886,WRONG,2017-11-13,BACKFILL
2017-11-10,GLD,HELD,0.21,LOW,121.13,121.31,0.149,RIGHT,2017-11-13,BACKFILL
2017-11-10,QQQ,LONG,8.06,HIGH,145.2,145.38,0.124,RIGHT,2017-11-13,BACKFILL
2017-11-13,BTC,LONG,91.11,HIGH,6559.49,6635.75,1.163,RIGHT,2017-11-14,BACKFILL
2017-11-13,GLD,HELD,0.36,LOW,121.31,121.56,0.206,RIGHT,2017-11-14,BACKFILL
2017-11-13,QQQ,LONG,8.08,HIGH,145.38,144.85,-0.365,WRONG,2017-11-14,BACKFILL
2017-11-14,BTC,LONG,91.32,HIGH,6635.75,7315.54,10.244,RIGHT,2017-11-15,BACKFILL
2017-11-14,GLD,HELD,0.57,LOW,121.56,121.41,-0.123,WRONG,2017-11-15,BACKFILL
2017-11-14,QQQ,LONG,7.57,HIGH,144.85,144.17,-0.469,WRONG,2017-11-15,BACKFILL
2017-11-15,BTC,LONG,108.45,HIGH,7315.54,7871.69,7.602,RIGHT,2017-11-16,BACKFILL
2017-11-15,GLD,HELD,0.45,LOW,121.41,121.4,-0.008,WRONG,2017-11-16,BACKFILL
2017-11-15,QQQ,LONG,6.95,HIGH,144.17,146.01,1.276,RIGHT,2017-11-16,BACKFILL
2017-11-16,BTC,LONG,121.49,HIGH,7871.69,7708.99,-2.067,WRONG,2017-11-17,BACKFILL
2017-11-16,GLD,HELD,0.44,LOW,121.4,122.86,1.203,RIGHT,2017-11-17,BACKFILL
2017-11-16,QQQ,LONG,8.19,HIGH,146.01,145.45,-0.384,WRONG,2017-11-17,BACKFILL
2017-11-17,BTC,LONG,114.3,HIGH,7708.99,8200.64,6.378,RIGHT,2017-11-20,BACKFILL
2017-11-17,GLD,HELD,1.65,LOW,122.86,121.31,-1.262,WRONG,2017-11-20,BACKFILL
2017-11-17,QQQ,LONG,7.66,HIGH,145.45,145.34,-0.076,WRONG,2017-11-20,BACKFILL
2017-11-20,BTC,LONG,125.05,HIGH,8200.64,8071.26,-1.578,WRONG,2017-11-21,BACKFILL
2017-11-20,GLD,HELD,0.37,LOW,121.31,121.51,0.165,RIGHT,2017-11-21,BACKFILL
2017-11-20,QQQ,LONG,7.46,HIGH,145.34,146.92,1.087,RIGHT,2017-11-21,BACKFILL
2017-11-21,BTC,LONG,118.76,HIGH,8071.26,8253.55,2.259,RIGHT,2017-11-22,BACKFILL
2017-11-21,GLD,HELD,0.54,LOW,121.51,122.63,0.922,RIGHT,2017-11-22,BACKFILL
2017-11-21,QQQ,LONG,8.51,HIGH,146.92,147.1,0.123,RIGHT,2017-11-22,BACKFILL
2017-11-22,BTC,LONG,120.9,HIGH,8253.55,8253.69,0.002,RIGHT,2017-11-24,BACKFILL
2017-11-22,GLD,HELD,1.47,LOW,122.63,122.32,-0.253,WRONG,2017-11-24,BACKFILL
2017-11-22,QQQ,LONG,8.53,HIGH,147.1,147.64,0.367,RIGHT,2017-11-24,BACKFILL
2017-11-24,BTC,LONG,118.17,HIGH,8253.69,9818.35,18.957,RIGHT,2017-11-27,BACKFILL
2017-11-24,GLD,HELD,1.2,LOW,122.32,122.83,0.417,RIGHT,2017-11-27,BACKFILL
2017-11-24,QQQ,LONG,8.81,HIGH,147.64,147.57,-0.047,WRONG,2017-11-27,BACKFILL
2017-11-27,BTC,LONG,155.68,HIGH,9818.35,10058.8,2.449,RIGHT,2017-11-28,BACKFILL
2017-11-27,GLD,HELD,1.61,LOW,122.83,122.81,-0.016,WRONG,2017-11-28,BACKFILL
2017-11-27,QQQ,LONG,8.65,HIGH,147.57,147.95,0.258,RIGHT,2017-11-28,BACKFILL
2017-11-28,BTC,LONG,158.01,HIGH,10058.8,9888.61,-1.692,WRONG,2017-11-29,BACKFILL
2017-11-28,GLD,HELD,1.58,LOW,122.81,122.04,-0.627,WRONG,2017-11-29,BACKFILL
2017-11-28,QQQ,LONG,8.82,HIGH,147.95,145.37,-1.744,WRONG,2017-11-29,BACKFILL
2017-11-29,BTC,LONG,149.98,HIGH,9888.61,10233.6,3.489,RIGHT,2017-11-30,BACKFILL
2017-11-29,GLD,HELD,0.94,LOW,122.04,121.1,-0.77,WRONG,2017-11-30,BACKFILL
2017-11-29,QQQ,LONG,6.83,HIGH,145.37,146.59,0.839,RIGHT,2017-11-30,BACKFILL
2017-11-30,BTC,LONG,154.87,HIGH,10233.6,10975.6,7.251,RIGHT,2017-12-01,BACKFILL
2017-11-30,GLD,HELD,0.16,LOW,121.1,121.59,0.405,RIGHT,2017-12-01,BACKFILL
2017-11-30,QQQ,LONG,7.62,HIGH,146.59,145.96,-0.43,WRONG,2017-12-01,BACKFILL
2017-12-01,BTC,LONG,169.08,HIGH,10975.6,11657.2,6.21,RIGHT,2017-12-04,BACKFILL
2017-12-01,GLD,HELD,0.55,LOW,121.59,121.18,-0.337,WRONG,2017-12-04,BACKFILL
2017-12-01,QQQ,LONG,7.07,HIGH,145.96,144.28,-1.151,WRONG,2017-12-04,BACKFILL
2017-12-04,BTC,LONG,181.1,HIGH,11657.2,11916.7,2.226,RIGHT,2017-12-05,BACKFILL
2017-12-04,GLD,HELD,0.21,LOW,121.18,120.32,-0.71,WRONG,2017-12-05,BACKFILL
2017-12-04,QQQ,LONG,5.76,HIGH,144.28,144.38,0.069,RIGHT,2017-12-05,BACKFILL
2017-12-05,BTC,LONG,182.62,HIGH,11916.7,14291.5,19.928,RIGHT,2017-12-06,BACKFILL
2017-12-05,GLD,HELD,-0.52,LOW,120.32,120.07,-0.208,WRONG,2017-12-06,BACKFILL
2017-12-05,QQQ,LONG,5.75,HIGH,144.38,145.03,0.45,RIGHT,2017-12-06,BACKFILL
2017-12-06,BTC,LONG,232.25,HIGH,14291.5,17899.7,25.247,RIGHT,2017-12-07,BACKFILL
2017-12-06,GLD,HELD,-0.74,LOW,120.07,118.49,-1.316,WRONG,2017-12-07,BACKFILL
2017-12-06,QQQ,LONG,6.15,HIGH,145.03,145.52,0.338,RIGHT,2017-12-07,BACKFILL
2017-12-07,BTC,LONG,305.85,HIGH,17899.7,16569.4,-7.432,WRONG,2017-12-08,BACKFILL
2017-12-07,GLD,HELD,-2.06,MEDIUM,118.49,118.48,-0.008,WRONG,2017-12-08,BACKFILL
2017-12-07,QQQ,LONG,6.42,HIGH,145.52,146.16,0.44,RIGHT,2017-12-08,BACKFILL
2017-12-08,BTC,LONG,267.44,HIGH,16569.4,16936.8,2.217,RIGHT,2017-12-11,BACKFILL
2017-12-08,GLD,HELD,-2.07,MEDIUM,118.48,118.01,-0.397,WRONG,2017-12-11,BACKFILL
2017-12-08,QQQ,LONG,6.8,HIGH,146.16,147.3,0.78,RIGHT,2017-12-11,BACKFILL
2017-12-11,BTC,LONG,267.34,HIGH,16936.8,17415.4,2.826,RIGHT,2017-12-12,BACKFILL
2017-12-11,GLD,HELD,-2.47,MEDIUM,118.01,118.15,0.119,RIGHT,2017-12-12,BACKFILL
2017-12-11,QQQ,LONG,7.55,HIGH,147.3,147.1,-0.136,WRONG,2017-12-12,BACKFILL
2017-12-12,BTC,LONG,269.38,HIGH,17415.4,16408.2,-5.783,WRONG,2017-12-13,BACKFILL
2017-12-12,GLD,HELD,-2.37,MEDIUM,118.15,119.17,0.863,RIGHT,2017-12-13,BACKFILL
2017-12-12,QQQ,LONG,7.31,HIGH,147.1,147.38,0.19,RIGHT,2017-12-13,BACKFILL
2017-12-13,BTC,LONG,240.99,HIGH,16408.2,16564.0,0.95,RIGHT,2017-12-14,BACKFILL
2017-12-13,GLD,HELD,-1.54,LOW,119.17,118.93,-0.201,WRONG,2017-12-14,BACKFILL
2017-12-13,QQQ,LONG,7.42,HIGH,147.38,147.28,-0.068,WRONG,2017-12-14,BACKFILL
2017-12-14,BTC,LONG,237.3,HIGH,16564.0,17706.9,6.9,RIGHT,2017-12-15,BACKFILL
2017-12-14,GLD,HELD,-1.75,LOW,118.93,119.18,0.21,RIGHT,2017-12-15,BACKFILL
2017-12-14,QQQ,LONG,7.26,HIGH,147.28,148.95,1.134,RIGHT,2017-12-15,BACKFILL
2017-12-15,BTC,LONG,252.92,HIGH,17706.9,19114.2,7.948,RIGHT,2017-12-18,BACKFILL
2017-12-15,GLD,HELD,-1.56,LOW,119.18,119.73,0.461,RIGHT,2017-12-18,BACKFILL
2017-12-15,QQQ,LONG,8.38,HIGH,148.95,150.2,0.839,RIGHT,2017-12-18,BACKFILL
2017-12-18,BTC,LONG,272.37,HIGH,19114.2,17776.7,-6.997,WRONG,2017-12-19,BACKFILL
2017-12-18,GLD,HELD,-1.11,LOW,119.73,119.82,0.075,RIGHT,2017-12-19,BACKFILL
2017-12-18,QQQ,LONG,9.19,HIGH,150.2,149.31,-0.593,WRONG,2017-12-19,BACKFILL
2017-12-19,BTC,LONG,239.29,HIGH,17776.7,16624.6,-6.481,WRONG,2017-12-20,BACKFILL
2017-12-19,GLD,HELD,-1.04,LOW,119.82,120.14,0.267,RIGHT,2017-12-20,BACKFILL
2017-12-19,QQQ,LONG,8.43,HIGH,149.31,149.15,-0.107,WRONG,2017-12-20,BACKFILL
2017-12-20,BTC,LONG,211.46,HIGH,16624.6,15802.9,-4.943,WRONG,2017-12-21,BACKFILL
2017-12-20,GLD,HELD,-0.78,LOW,120.14,120.31,0.142,RIGHT,2017-12-21,BACKFILL
2017-12-20,QQQ,LONG,8.21,HIGH,149.15,149.17,0.013,RIGHT,2017-12-21,BACKFILL
2017-12-21,BTC,LONG,191.05,HIGH,15802.9,13831.8,-12.473,WRONG,2017-12-22,BACKFILL
2017-12-21,GLD,HELD,-0.65,LOW,120.31,120.94,0.524,RIGHT,2017-12-22,BACKFILL
2017-12-21,QQQ,LONG,8.12,HIGH,149.17,149.0,-0.114,WRONG,2017-12-22,BACKFILL
2017-12-22,BTC,LONG,151.15,HIGH,13831.8,16099.8,16.397,RIGHT,2017-12-26,BACKFILL
2017-12-22,GLD,HELD,-0.13,LOW,120.94,121.77,0.686,RIGHT,2017-12-26,BACKFILL
2017-12-22,QQQ,LONG,7.9,HIGH,149.0,148.19,-0.544,WRONG,2017-12-26,BACKFILL
2017-12-26,BTC,LONG,187.53,HIGH,16099.8,15838.5,-1.623,WRONG,2017-12-27,BACKFILL
2017-12-26,GLD,HELD,0.54,LOW,121.77,122.23,0.378,RIGHT,2017-12-27,BACKFILL
2017-12-26,QQQ,LONG,7.23,HIGH,148.19,148.21,0.013,RIGHT,2017-12-27,BACKFILL
2017-12-27,BTC,LONG,178.43,HIGH,15838.5,14606.5,-7.779,WRONG,2017-12-28,BACKFILL
2017-12-27,GLD,HELD,0.91,LOW,122.23,122.85,0.507,RIGHT,2017-12-28,BACKFILL
2017-12-27,QQQ,LONG,7.16,HIGH,148.21,148.39,0.121,RIGHT,2017-12-28,BACKFILL
2017-12-28,BTC,LONG,153.12,HIGH,14606.5,14656.2,0.34,RIGHT,2017-12-29,BACKFILL
2017-12-28,GLD,HELD,1.4,LOW,122.85,123.65,0.651,RIGHT,2017-12-29,BACKFILL
2017-12-28,QQQ,LONG,7.2,HIGH,148.39,147.47,-0.62,WRONG,2017-12-29,BACKFILL
2017-12-29,BTC,LONG,150.38,HIGH,14656.2,14982.1,2.224,RIGHT,2018-01-02,BACKFILL
2017-12-29,GLD,HELD,2.04,MEDIUM,123.65,125.15,1.213,RIGHT,2018-01-02,BACKFILL
2017-12-29,QQQ,LONG,6.46,HIGH,147.47,150.06,1.756,RIGHT,2018-01-02,BACKFILL
2018-01-02,BTC,LONG,152.27,HIGH,14982.1,15201.0,1.461,RIGHT,2018-01-03,BACKFILL
2018-01-02,GLD,HELD,3.25,MEDIUM,125.15,124.82,-0.264,WRONG,2018-01-03,BACKFILL
2018-01-02,QQQ,LONG,8.24,HIGH,150.06,151.52,0.973,RIGHT,2018-01-03,BACKFILL
2018-01-03,BTC,LONG,152.29,HIGH,15201.0,15599.2,2.62,RIGHT,2018-01-04,BACKFILL
2018-01-03,GLD,HELD,2.95,MEDIUM,124.82,125.46,0.513,RIGHT,2018-01-04,BACKFILL
2018-01-03,QQQ,LONG,9.2,HIGH,151.52,151.78,0.172,RIGHT,2018-01-04,BACKFILL
2018-01-04,BTC,LONG,155.18,HIGH,15599.2,17429.5,11.733,RIGHT,2018-01-05,BACKFILL
2018-01-04,GLD,HELD,3.46,MEDIUM,125.46,125.33,-0.104,WRONG,2018-01-05,BACKFILL
2018-01-04,QQQ,LONG,9.29,HIGH,151.78,153.3,1.001,RIGHT,2018-01-05,BACKFILL
2018-01-05,BTC,LONG,180.55,HIGH,17429.5,15170.1,-12.963,WRONG,2018-01-08,BACKFILL
2018-01-05,GLD,HELD,3.33,MEDIUM,125.33,125.31,-0.016,WRONG,2018-01-08,BACKFILL
2018-01-05,QQQ,LONG,10.29,HIGH,153.3,153.9,0.391,RIGHT,2018-01-08,BACKFILL
2018-01-08,BTC,LONG,140.95,HIGH,15170.1,14595.4,-3.788,WRONG,2018-01-09,BACKFILL
2018-01-08,GLD,HELD,3.29,MEDIUM,125.31,124.73,-0.463,WRONG,2018-01-09,BACKFILL
2018-01-08,QQQ,LONG,10.62,HIGH,153.9,153.91,0.006,RIGHT,2018-01-09,BACKFILL
2018-01-09,BTC,LONG,128.98,HIGH,14595.4,14973.3,2.589,RIGHT,2018-01-10,BACKFILL
2018-01-09,GLD,HELD,2.8,MEDIUM,124.73,125.03,0.241,RIGHT,2018-01-10,BACKFILL
2018-01-09,QQQ,LONG,10.52,HIGH,153.91,153.55,-0.234,WRONG,2018-01-10,BACKFILL
2018-01-10,BTC,LONG,131.94,HIGH,14973.3,13405.8,-10.469,WRONG,2018-01-11,BACKFILL
2018-01-10,GLD,HELD,3.04,MEDIUM,125.03,125.44,0.328,RIGHT,2018-01-11,BACKFILL
2018-01-10,QQQ,LONG,10.16,HIGH,153.55,154.6,0.684,RIGHT,2018-01-11,BACKFILL
2018-01-11,BTC,LONG,105.41,HIGH,13405.8,13980.6,4.288,RIGHT,2018-01-12,BACKFILL
2018-01-11,GLD,HELD,3.35,MEDIUM,125.44,126.96,1.212,RIGHT,2018-01-12,BACKFILL
2018-01-11,QQQ,LONG,10.81,HIGH,154.6,155.74,0.737,RIGHT,2018-01-12,BACKFILL
2018-01-12,BTC,LONG,111.8,HIGH,13980.6,11490.5,-17.811,WRONG,2018-01-16,BACKFILL
2018-01-12,GLD,HELD,4.57,MEDIUM,126.96,127.17,0.165,RIGHT,2018-01-16,BACKFILL
2018-01-12,QQQ,LONG,11.5,HIGH,155.74,155.29,-0.289,WRONG,2018-01-16,BACKFILL
2018-01-16,BTC,LONG,72.54,HIGH,11490.5,11188.6,-2.627,WRONG,2018-01-17,BACKFILL
2018-01-16,GLD,HELD,4.7,MEDIUM,127.17,126.14,-0.81,WRONG,2018-01-17,BACKFILL
2018-01-16,QQQ,LONG,11.05,HIGH,155.29,156.97,1.082,RIGHT,2018-01-17,BACKFILL
2018-01-17,BTC,LONG,66.59,HIGH,11188.6,11474.9,2.559,RIGHT,2018-01-18,BACKFILL
2018-01-17,GLD,HELD,3.82,MEDIUM,126.14,125.86,-0.222,WRONG,2018-01-18,BACKFILL
2018-01-17,QQQ,LONG,12.12,HIGH,156.97,157.0,0.019,RIGHT,2018-01-18,BACKFILL
2018-01-18,BTC,LONG,69.35,HIGH,11474.9,11607.4,1.155,RIGHT,2018-01-19,BACKFILL
2018-01-18,GLD,HELD,3.56,MEDIUM,125.86,126.42,0.445,RIGHT,2018-01-19,BACKFILL
2018-01-18,QQQ,LONG,12.0,HIGH,157.0,157.49,0.312,RIGHT,2018-01-19,BACKFILL
2018-01-19,BTC,LONG,69.78,HIGH,11607.4,10931.4,-5.824,WRONG,2018-01-22,BACKFILL
2018-01-19,GLD,HELD,3.98,MEDIUM,126.42,126.65,0.182,RIGHT,2018-01-22,BACKFILL
2018-01-19,QQQ,LONG,12.21,HIGH,157.49,159.17,1.067,RIGHT,2018-01-22,BACKFILL
2018-01-22,BTC,LONG,58.59,HIGH,10931.4,10868.4,-0.576,WRONG,2018-01-23,BACKFILL
2018-01-22,GLD,HELD,4.12,MEDIUM,126.65,127.28,0.497,RIGHT,2018-01-23,BACKFILL
2018-01-22,QQQ,LONG,13.25,HIGH,159.17,160.49,0.829,RIGHT,2018-01-23,BACKFILL
2018-01-23,BTC,LONG,56.42,HIGH,10868.4,11359.4,4.518,RIGHT,2018-01-24,BACKFILL
2018-01-23,GLD,HELD,4.59,MEDIUM,127.28,128.83,1.218,RIGHT,2018-01-24,BACKFILL
2018-01-23,QQQ,LONG,14.04,HIGH,160.49,159.45,-0.648,WRONG,2018-01-24,BACKFILL
2018-01-24,BTC,LONG,62.15,HIGH,11359.4,11259.4,-0.88,WRONG,2018-01-25,BACKFILL
2018-01-24,GLD,HELD,5.8,HIGH,128.83,127.97,-0.668,WRONG,2018-01-25,BACKFILL
2018-01-24,QQQ,LONG,13.15,HIGH,159.45,159.39,-0.038,WRONG,2018-01-25,BACKFILL
2018-01-25,BTC,LONG,59.42,HIGH,11259.4,11171.4,-0.782,WRONG,2018-01-26,BACKFILL
2018-01-25,GLD,HELD,5.04,HIGH,127.97,128.07,0.078,RIGHT,2018-01-26,BACKFILL
2018-01-25,QQQ,LONG,12.96,HIGH,159.39,161.84,1.537,RIGHT,2018-01-26,BACKFILL
2018-01-26,BTC,LONG,56.92,HIGH,11171.4,11296.4,1.119,RIGHT,2018-01-29,BACKFILL
2018-01-26,GLD,HELD,5.07,HIGH,128.07,127.35,-0.562,WRONG,2018-01-29,BACKFILL
2018-01-26,QQQ,LONG,14.54,HIGH,161.84,161.05,-0.488,WRONG,2018-01-29,BACKFILL
2018-01-29,BTC,LONG,57.41,HIGH,11296.4,10106.3,-10.535,WRONG,2018-01-30,BACKFILL
2018-01-29,GLD,HELD,4.44,MEDIUM,127.35,126.8,-0.432,WRONG,2018-01-30,BACKFILL
2018-01-29,QQQ,LONG,13.83,HIGH,161.05,159.72,-0.826,WRONG,2018-01-30,BACKFILL
2018-01-30,BTC,LONG,39.84,HIGH,10106.3,10221.1,1.136,RIGHT,2018-01-31,BACKFILL
2018-01-30,GLD,HELD,3.94,MEDIUM,126.8,127.65,0.67,RIGHT,2018-01-31,BACKFILL
2018-01-30,QQQ,LONG,12.75,HIGH,159.72,160.39,0.419,RIGHT,2018-01-31,BACKFILL
2018-01-31,BTC,LONG,40.43,HIGH,10221.1,9170.54,-10.278,WRONG,2018-02-01,BACKFILL
2018-01-31,GLD,HELD,4.58,MEDIUM,127.65,128.07,0.329,RIGHT,2018-02-01,BACKFILL
2018-01-31,QQQ,LONG,13.06,HIGH,160.39,159.02,-0.854,WRONG,2018-02-01,BACKFILL
2018-02-01,BTC,LONG,25.24,HIGH,9170.54,8830.75,-3.705,WRONG,2018-02-02,BACKFILL
2018-02-01,GLD,HELD,4.87,MEDIUM,128.07,126.39,-1.312,WRONG,2018-02-02,BACKFILL
2018-02-01,QQQ,LONG,11.95,HIGH,159.02,155.85,-1.993,WRONG,2018-02-02,BACKFILL
2018-02-02,BTC,LONG,19.92,HIGH,8830.75,6955.27,-21.238,WRONG,2018-02-05,BACKFILL
2018-02-02,GLD,HELD,3.45,MEDIUM,126.39,126.71,0.253,RIGHT,2018-02-05,BACKFILL
2018-02-02,QQQ,LONG,9.59,HIGH,155.85,149.71,-3.94,WRONG,2018-02-05,BACKFILL
2018-02-05,BTC,FLAT,-5.93,HIGH,6955.27,7754.0,11.484,WRONG,2018-02-06,BACKFILL
2018-02-05,GLD,HELD,3.67,MEDIUM,126.71,125.38,-1.05,WRONG,2018-02-06,BACKFILL
2018-02-05,QQQ,LONG,5.17,HIGH,149.71,153.67,2.645,RIGHT,2018-02-06,BACKFILL
2018-02-06,BTC,LONG,4.38,MEDIUM,7754.0,7621.3,-1.711,WRONG,2018-02-07,BACKFILL
2018-02-06,GLD,HELD,2.53,MEDIUM,125.38,124.79,-0.471,WRONG,2018-02-07,BACKFILL
2018-02-06,QQQ,LONG,7.83,HIGH,153.67,151.69,-1.288,WRONG,2018-02-07,BACKFILL
2018-02-07,BTC,LONG,2.13,MEDIUM,7621.3,8265.59,8.454,RIGHT,2018-02-08,BACKFILL
2018-02-07,GLD,HELD,2.0,LOW,124.79,124.98,0.152,RIGHT,2018-02-08,BACKFILL
2018-02-07,QQQ,LONG,6.33,HIGH,151.69,145.29,-4.219,WRONG,2018-02-08,BACKFILL
2018-02-08,BTC,LONG,10.21,HIGH,8265.59,8736.98,5.703,RIGHT,2018-02-09,BACKFILL
2018-02-08,GLD,HELD,2.11,MEDIUM,124.98,124.77,-0.168,WRONG,2018-02-09,BACKFILL
2018-02-08,QQQ,LONG,1.76,LOW,145.29,147.79,1.721,RIGHT,2018-02-09,BACKFILL
2018-02-09,BTC,LONG,15.86,HIGH,8736.98,8926.57,2.17,RIGHT,2018-02-12,BACKFILL
2018-02-09,GLD,HELD,1.88,LOW,124.77,125.37,0.481,RIGHT,2018-02-12,BACKFILL
2018-02-09,QQQ,LONG,3.43,MEDIUM,147.79,150.42,1.78,RIGHT,2018-02-12,BACKFILL
2018-02-12,BTC,LONG,17.69,HIGH,8926.57,8598.31,-3.677,WRONG,2018-02-13,BACKFILL
2018-02-12,GLD,HELD,2.32,MEDIUM,125.37,126.08,0.566,RIGHT,2018-02-13,BACKFILL
2018-02-12,QQQ,LONG,5.17,HIGH,150.42,151.19,0.512,RIGHT,2018-02-13,BACKFILL
2018-02-13,BTC,LONG,12.74,HIGH,8598.31,9494.63,10.424,RIGHT,2018-02-14,BACKFILL
2018-02-13,GLD,HELD,2.84,MEDIUM,126.08,128.23,1.705,RIGHT,2018-02-14,BACKFILL
2018-02-13,QQQ,LONG,5.61,HIGH,151.19,154.02,1.872,RIGHT,2018-02-14,BACKFILL
2018-02-14,BTC,LONG,23.73,HIGH,9494.63,10166.4,7.075,RIGHT,2018-02-15,BACKFILL
2018-02-14,GLD,HELD,4.52,MEDIUM,128.23,128.38,0.117,RIGHT,2018-02-15,BACKFILL
2018-02-14,QQQ,LONG,7.48,HIGH,154.02,156.88,1.857,RIGHT,2018-02-15,BACKFILL
2018-02-15,BTC,LONG,31.59,HIGH,10166.4,10233.9,0.664,RIGHT,2018-02-16,BACKFILL
2018-02-15,GLD,HELD,4.57,MEDIUM,128.38,127.96,-0.327,WRONG,2018-02-16,BACKFILL
2018-02-15,QQQ,LONG,9.35,HIGH,156.88,156.18,-0.446,WRONG,2018-02-16,BACKFILL
2018-02-16,BTC,LONG,31.55,HIGH,10233.9,11403.7,11.431,RIGHT,2018-02-20,BACKFILL
2018-02-16,GLD,HELD,4.17,MEDIUM,127.96,126.24,-1.344,WRONG,2018-02-20,BACKFILL
2018-02-16,QQQ,LONG,8.75,HIGH,156.18,156.5,0.205,RIGHT,2018-02-20,BACKFILL
2018-02-20,BTC,LONG,45.45,HIGH,11403.7,10690.4,-6.255,WRONG,2018-02-21,BACKFILL
2018-02-20,GLD,HELD,2.72,MEDIUM,126.24,125.66,-0.459,WRONG,2018-02-21,BACKFILL
2018-02-20,QQQ,LONG,8.86,HIGH,156.5,156.05,-0.288,WRONG,2018-02-21,BACKFILL
2018-02-21,BTC,LONG,35.38,HIGH,10690.4,10005.0,-6.411,WRONG,2018-02-22,BACKFILL
2018-02-21,GLD,HELD,2.2,MEDIUM,125.66,126.3,0.509,RIGHT,2018-02-22,BACKFILL
2018-02-21,QQQ,LONG,8.44,HIGH,156.05,156.03,-0.013,WRONG,2018-02-22,BACKFILL
2018-02-22,BTC,LONG,25.88,HIGH,10005.0,10301.1,2.96,RIGHT,2018-02-23,BACKFILL
2018-02-22,GLD,HELD,2.68,MEDIUM,126.3,126.14,-0.127,WRONG,2018-02-23,BACKFILL
2018-02-22,QQQ,LONG,8.33,HIGH,156.03,159.22,2.044,RIGHT,2018-02-23,BACKFILL
2018-02-23,BTC,LONG,28.8,HIGH,10301.1,10366.7,0.637,RIGHT,2018-02-26,BACKFILL
2018-02-23,GLD,HELD,2.5,MEDIUM,126.14,126.45,0.246,RIGHT,2018-02-26,BACKFILL
2018-02-23,QQQ,LONG,10.42,HIGH,159.22,161.33,1.325,RIGHT,2018-02-26,BACKFILL
2018-02-26,BTC,LONG,28.79,HIGH,10366.7,10725.6,3.462,RIGHT,2018-02-27,BACKFILL
2018-02-26,GLD,HELD,2.72,MEDIUM,126.45,125.13,-1.044,WRONG,2018-02-27,BACKFILL
2018-02-26,QQQ,LONG,11.75,HIGH,161.33,159.34,-1.233,WRONG,2018-02-27,BACKFILL
2018-02-27,BTC,LONG,32.38,HIGH,10725.6,10397.9,-3.055,WRONG,2018-02-28,BACKFILL
2018-02-27,GLD,HELD,1.61,LOW,125.13,125.0,-0.104,WRONG,2018-02-28,BACKFILL
2018-02-27,QQQ,LONG,10.26,HIGH,159.34,158.31,-0.646,WRONG,2018-02-28,BACKFILL
2018-02-28,BTC,LONG,27.51,HIGH,10397.9,10951.0,5.319,RIGHT,2018-03-01,BACKFILL
2018-02-28,GLD,HELD,1.47,LOW,125.0,124.72,-0.224,WRONG,2018-03-01,BACKFILL
2018-02-28,QQQ,LONG,9.43,HIGH,158.31,155.73,-1.63,WRONG,2018-03-01,BACKFILL
2018-03-01,BTC,LONG,33.38,HIGH,10951.0,11086.4,1.236,RIGHT,2018-03-02,BACKFILL
2018-03-01,GLD,HELD,1.22,LOW,124.72,125.39,0.537,RIGHT,2018-03-02,BACKFILL
2018-03-01,QQQ,LONG,7.56,HIGH,155.73,157.16,0.918,RIGHT,2018-03-02,BACKFILL
2018-03-02,BTC,LONG,34.11,HIGH,11086.4,11573.3,4.392,RIGHT,2018-03-05,BACKFILL
2018-03-02,GLD,HELD,1.73,LOW,125.39,125.18,-0.167,WRONG,2018-03-05,BACKFILL
2018-03-02,QQQ,LONG,8.44,HIGH,157.16,158.9,1.107,RIGHT,2018-03-05,BACKFILL
2018-03-05,BTC,LONG,39.02,HIGH,11573.3,10779.9,-6.855,WRONG,2018-03-06,BACKFILL
2018-03-05,GLD,HELD,1.54,LOW,125.18,126.53,1.078,RIGHT,2018-03-06,BACKFILL
2018-03-05,QQQ,LONG,9.52,HIGH,158.9,159.57,0.422,RIGHT,2018-03-06,BACKFILL
2018-03-06,BTC,LONG,28.67,HIGH,10779.9,9965.57,-7.554,WRONG,2018-03-07,BACKFILL
2018-03-06,GLD,HELD,2.6,MEDIUM,126.53,125.72,-0.64,WRONG,2018-03-07,BACKFILL
2018-03-06,QQQ,LONG,9.86,HIGH,159.57,159.94,0.232,RIGHT,2018-03-07,BACKFILL
2018-03-07,BTC,LONG,18.27,HIGH,9965.57,9395.01,-5.725,WRONG,2018-03-08,BACKFILL
2018-03-07,GLD,HELD,1.91,LOW,125.72,125.42,-0.239,WRONG,2018-03-08,BACKFILL
2018-03-07,QQQ,LONG,9.99,HIGH,159.94,160.82,0.55,RIGHT,2018-03-08,BACKFILL
2018-03-08,BTC,LONG,10.91,HIGH,9395.01,9337.55,-0.612,WRONG,2018-03-09,BACKFILL
2018-03-08,GLD,HELD,1.64,LOW,125.42,125.54,0.096,RIGHT,2018-03-09,BACKFILL
2018-03-08,QQQ,LONG,10.47,HIGH,160.82,163.95,1.946,RIGHT,2018-03-09,BACKFILL
2018-03-09,BTC,LONG,9.67,HIGH,9337.55,9205.12,-1.418,WRONG,2018-03-12,BACKFILL
2018-03-09,GLD,HELD,1.71,LOW,125.54,125.54,0.0,WRONG,2018-03-12,BACKFILL
2018-03-09,QQQ,LONG,12.47,HIGH,163.95,164.82,0.531,RIGHT,2018-03-12,BACKFILL
2018-03-12,BTC,LONG,7.58,HIGH,9205.12,9194.85,-0.112,WRONG,2018-03-13,BACKFILL
2018-03-12,GLD,HELD,1.68,LOW,125.54,125.78,0.191,RIGHT,2018-03-13,BACKFILL
2018-03-12,QQQ,LONG,12.91,HIGH,164.82,162.57,-1.365,WRONG,2018-03-13,BACKFILL
2018-03-13,BTC,LONG,6.98,HIGH,9194.85,8269.81,-10.06,WRONG,2018-03-14,BACKFILL
2018-03-13,GLD,HELD,1.84,LOW,125.78,125.7,-0.064,WRONG,2018-03-14,BACKFILL
2018-03-13,QQQ,LONG,11.24,HIGH,162.57,162.55,-0.012,WRONG,2018-03-14,BACKFILL
2018-03-14,BTC,FLAT,-4.14,MEDIUM,8269.81,8300.86,0.375,WRONG,2018-03-15,BACKFILL
2018-03-14,GLD,HELD,1.74,LOW,125.7,124.9,-0.636,WRONG,2018-03-15,BACKFILL
2018-03-14,QQQ,LONG,11.09,HIGH,162.55,162.4,-0.092,WRONG,2018-03-15,BACKFILL
2018-03-15,BTC,FLAT,-4.15,MEDIUM,8300.86,8338.35,0.452,WRONG,2018-03-16,BACKFILL
2018-03-15,GLD,HELD,1.08,LOW,124.9,124.6,-0.24,WRONG,2018-03-16,BACKFILL
2018-03-15,QQQ,LONG,10.85,HIGH,162.4,161.92,-0.296,WRONG,2018-03-16,BACKFILL
2018-03-16,BTC,FLAT,-4.08,MEDIUM,8338.35,8630.65,3.505,WRONG,2018-03-19,BACKFILL
2018-03-16,GLD,HELD,0.82,LOW,124.6,124.87,0.217,RIGHT,2018-03-19,BACKFILL
2018-03-16,QQQ,LONG,10.38,HIGH,161.92,158.47,-2.131,WRONG,2018-03-19,BACKFILL
2018-03-19,BTC,FLAT,-1.1,LOW,8630.65,8913.47,3.277,WRONG,2018-03-20,BACKFILL
2018-03-19,GLD,HELD,1.03,LOW,124.87,124.31,-0.448,WRONG,2018-03-20,BACKFILL
2018-03-19,QQQ,LONG,7.91,HIGH,158.47,158.99,0.328,RIGHT,2018-03-20,BACKFILL
2018-03-20,BTC,LONG,1.78,LOW,8913.47,8929.28,0.177,RIGHT,2018-03-21,BACKFILL
2018-03-20,GLD,HELD,0.56,LOW,124.31,126.48,1.746,RIGHT,2018-03-21,BACKFILL
2018-03-20,QQQ,LONG,8.15,HIGH,158.99,158.3,-0.434,WRONG,2018-03-21,BACKFILL
2018-03-21,BTC,LONG,1.6,LOW,8929.28,8728.47,-2.249,WRONG,2018-03-22,BACKFILL
2018-03-21,GLD,HELD,2.29,MEDIUM,126.48,125.98,-0.395,WRONG,2018-03-22,BACKFILL
2018-03-21,QQQ,LONG,7.57,HIGH,158.3,154.39,-2.47,WRONG,2018-03-22,BACKFILL
2018-03-22,BTC,FLAT,-1.01,LOW,8728.47,8879.62,1.732,WRONG,2018-03-23,BACKFILL
2018-03-22,GLD,HELD,1.86,LOW,125.98,127.61,1.294,RIGHT,2018-03-23,BACKFILL
2018-03-22,QQQ,LONG,4.82,MEDIUM,154.39,150.32,-2.636,WRONG,2018-03-23,BACKFILL
2018-03-23,BTC,LONG,0.35,LOW,8879.62,8209.4,-7.548,WRONG,2018-03-26,BACKFILL
2018-03-23,GLD,HELD,3.15,MEDIUM,127.61,128.28,0.525,RIGHT,2018-03-26,BACKFILL
2018-03-23,QQQ,LONG,1.98,LOW,150.32,155.91,3.719,RIGHT,2018-03-26,BACKFILL
2018-03-26,BTC,FLAT,-7.5,HIGH,8209.4,7833.04,-4.585,RIGHT,2018-03-27,BACKFILL
2018-03-26,GLD,HELD,3.66,MEDIUM,128.28,127.49,-0.616,WRONG,2018-03-27,BACKFILL
2018-03-26,QQQ,LONG,5.67,HIGH,155.91,150.86,-3.239,WRONG,2018-03-27,BACKFILL
2018-03-27,BTC,FLAT,-12.0,HIGH,7833.04,7954.48,1.55,WRONG,2018-03-28,BACKFILL
2018-03-27,GLD,HELD,2.99,MEDIUM,127.49,125.73,-1.381,WRONG,2018-03-28,BACKFILL
2018-03-27,QQQ,LONG,2.16,MEDIUM,150.86,149.12,-1.153,WRONG,2018-03-28,BACKFILL
2018-03-28,BTC,FLAT,-10.89,HIGH,7954.48,7165.7,-9.916,RIGHT,2018-03-29,BACKFILL
2018-03-28,GLD,HELD,1.55,LOW,125.73,125.79,0.048,RIGHT,2018-03-29,BACKFILL
2018-03-28,QQQ,LONG,0.92,LOW,149.12,151.86,1.837,RIGHT,2018-03-29,BACKFILL
2018-03-29,BTC,FLAT,-19.91,HIGH,7165.7,7083.8,-1.143,RIGHT,2018-04-02,BACKFILL
2018-03-29,GLD,HELD,1.58,LOW,125.79,127.26,1.169,RIGHT,2018-04-02,BACKFILL
2018-03-29,QQQ,LONG,2.69,MEDIUM,151.86,147.47,-2.891,WRONG,2018-04-02,BACKFILL
2018-04-02,BTC,FLAT,-20.98,HIGH,7083.8,7456.11,5.256,WRONG,2018-04-03,BACKFILL
2018-04-02,GLD,HELD,2.74,MEDIUM,127.26,126.3,-0.754,WRONG,2018-04-03,BACKFILL
2018-04-02,QQQ,FLAT,-0.34,LOW,147.47,149.13,1.126,WRONG,2018-04-03,BACKFILL
2018-04-03,BTC,FLAT,-17.02,HIGH,7456.11,6853.84,-8.078,RIGHT,2018-04-04,BACKFILL
2018-04-03,GLD,HELD,1.95,LOW,126.3,126.45,0.119,RIGHT,2018-04-04,BACKFILL
2018-04-03,QQQ,LONG,0.72,LOW,149.13,151.49,1.583,RIGHT,2018-04-04,BACKFILL
2018-04-04,BTC,FLAT,-23.86,HIGH,6853.84,6811.47,-0.618,RIGHT,2018-04-05,BACKFILL
2018-04-04,GLD,HELD,2.06,MEDIUM,126.45,125.8,-0.514,WRONG,2018-04-05,BACKFILL
2018-04-04,QQQ,LONG,2.23,MEDIUM,151.49,152.35,0.568,RIGHT,2018-04-05,BACKFILL
2018-04-05,BTC,FLAT,-24.46,HIGH,6811.47,6636.32,-2.571,RIGHT,2018-04-06,BACKFILL
2018-04-05,GLD,HELD,1.53,LOW,125.8,126.39,0.469,RIGHT,2018-04-06,BACKFILL
2018-04-05,QQQ,LONG,2.73,MEDIUM,152.35,148.54,-2.501,WRONG,2018-04-06,BACKFILL
2018-04-06,BTC,FLAT,-26.51,HIGH,6636.32,6770.73,2.025,WRONG,2018-04-09,BACKFILL
2018-04-06,GLD,HELD,1.99,LOW,126.39,126.82,0.34,RIGHT,2018-04-09,BACKFILL
2018-04-06,QQQ,LONG,0.11,LOW,148.54,149.58,0.7,RIGHT,2018-04-09,BACKFILL
2018-04-09,BTC,FLAT,-25.14,HIGH,6770.73,6834.76,0.946,WRONG,2018-04-10,BACKFILL
2018-04-09,GLD,HELD,2.34,MEDIUM,126.82,127.12,0.237,RIGHT,2018-04-10,BACKFILL
2018-04-09,QQQ,LONG,0.75,LOW,149.58,152.88,2.206,RIGHT,2018-04-10,BACKFILL
2018-04-10,BTC,FLAT,-24.54,HIGH,6834.76,6968.32,1.954,WRONG,2018-04-11,BACKFILL
2018-04-10,GLD,HELD,2.57,MEDIUM,127.12,128.11,0.779,RIGHT,2018-04-11,BACKFILL
2018-04-10,QQQ,LONG,2.91,MEDIUM,152.88,152.0,-0.576,WRONG,2018-04-11,BACKFILL
2018-04-11,BTC,FLAT,-23.21,HIGH,6968.32,7889.25,13.216,WRONG,2018-04-12,BACKFILL
2018-04-11,GLD,HELD,3.37,MEDIUM,128.11,126.62,-1.163,WRONG,2018-04-12,BACKFILL
2018-04-11,QQQ,LONG,2.24,MEDIUM,152.0,153.83,1.204,RIGHT,2018-04-12,BACKFILL
2018-04-12,BTC,FLAT,-13.27,HIGH,7889.25,7895.96,0.085,WRONG,2018-04-13,BACKFILL
2018-04-12,GLD,HELD,2.17,MEDIUM,126.62,127.45,0.656,RIGHT,2018-04-13,BACKFILL
2018-04-12,QQQ,LONG,3.39,MEDIUM,153.83,153.03,-0.52,WRONG,2018-04-13,BACKFILL
2018-04-13,BTC,FLAT,-13.41,HIGH,7895.96,8058.67,2.061,WRONG,2018-04-16,BACKFILL
2018-04-13,GLD,HELD,2.84,MEDIUM,127.45,127.63,0.141,RIGHT,2018-04-16,BACKFILL
2018-04-13,QQQ,LONG,2.78,MEDIUM,153.03,154.2,0.765,RIGHT,2018-04-16,BACKFILL
2018-04-16,BTC,FLAT,-11.87,HIGH,8058.67,7902.09,-1.943,RIGHT,2018-04-17,BACKFILL
2018-04-16,GLD,HELD,2.99,MEDIUM,127.63,127.75,0.094,RIGHT,2018-04-17,BACKFILL
2018-04-16,QQQ,LONG,3.49,MEDIUM,154.2,157.52,2.153,RIGHT,2018-04-17,BACKFILL
2018-04-17,BTC,FLAT,-13.82,HIGH,7902.09,8163.42,3.307,WRONG,2018-04-18,BACKFILL
2018-04-17,GLD,HELD,3.07,MEDIUM,127.75,127.85,0.078,RIGHT,2018-04-18,BACKFILL
2018-04-17,QQQ,LONG,5.62,HIGH,157.52,157.84,0.203,RIGHT,2018-04-18,BACKFILL
2018-04-18,BTC,FLAT,-11.23,HIGH,8163.42,8294.31,1.603,WRONG,2018-04-19,BACKFILL
2018-04-18,GLD,HELD,3.15,MEDIUM,127.85,127.6,-0.196,WRONG,2018-04-19,BACKFILL
2018-04-18,QQQ,LONG,5.74,HIGH,157.84,156.39,-0.919,WRONG,2018-04-19,BACKFILL
2018-04-19,BTC,FLAT,-10.09,HIGH,8294.31,8845.83,6.649,WRONG,2018-04-20,BACKFILL
2018-04-19,GLD,HELD,2.94,MEDIUM,127.6,126.63,-0.76,WRONG,2018-04-20,BACKFILL
2018-04-19,QQQ,LONG,4.68,MEDIUM,156.39,153.91,-1.586,WRONG,2018-04-20,BACKFILL
2018-04-20,BTC,FLAT,-4.51,MEDIUM,8845.83,8930.88,0.961,WRONG,2018-04-23,BACKFILL
2018-04-20,GLD,HELD,2.15,MEDIUM,126.63,125.62,-0.798,WRONG,2018-04-23,BACKFILL
2018-04-20,QQQ,LONG,2.94,MEDIUM,153.91,153.52,-0.253,WRONG,2018-04-23,BACKFILL
2018-04-23,BTC,FLAT,-3.95,MEDIUM,8930.88,9697.5,8.584,WRONG,2018-04-24,BACKFILL
2018-04-23,GLD,HELD,1.33,LOW,125.62,126.23,0.486,RIGHT,2018-04-24,BACKFILL
2018-04-23,QQQ,LONG,2.61,MEDIUM,153.52,150.27,-2.117,WRONG,2018-04-24,BACKFILL
2018-04-24,BTC,LONG,3.87,MEDIUM,9697.5,8845.74,-8.783,WRONG,2018-04-25,BACKFILL
2018-04-24,GLD,HELD,1.82,LOW,126.23,125.41,-0.65,WRONG,2018-04-25,BACKFILL
2018-04-24,QQQ,LONG,0.38,LOW,150.27,150.45,0.12,RIGHT,2018-04-25,BACKFILL
2018-04-25,BTC,FLAT,-5.58,HIGH,8845.74,9281.51,4.926,WRONG,2018-04-26,BACKFILL
2018-04-25,GLD,HELD,1.15,LOW,125.41,124.97,-0.351,WRONG,2018-04-26,BACKFILL
2018-04-25,QQQ,LONG,0.45,LOW,150.45,153.62,2.107,RIGHT,2018-04-26,BACKFILL
2018-04-26,BTC,FLAT,-1.31,LOW,9281.51,8987.05,-3.173,RIGHT,2018-04-27,BACKFILL
2018-04-26,GLD,HELD,0.79,LOW,124.97,125.5,0.424,RIGHT,2018-04-27,BACKFILL
2018-04-26,QQQ,LONG,2.49,MEDIUM,153.62,153.71,0.059,RIGHT,2018-04-27,BACKFILL
2018-04-27,BTC,FLAT,-4.8,MEDIUM,8987.05,9240.55,2.821,WRONG,2018-04-30,BACKFILL
2018-04-27,GLD,HELD,1.2,LOW,125.5,124.59,-0.725,WRONG,2018-04-30,BACKFILL
2018-04-27,QQQ,LONG,2.47,MEDIUM,153.71,152.62,-0.709,WRONG,2018-04-30,BACKFILL
2018-04-30,BTC,FLAT,-2.5,MEDIUM,9240.55,9119.01,-1.315,RIGHT,2018-05-01,BACKFILL
2018-04-30,GLD,HELD,0.46,LOW,124.59,123.71,-0.706,WRONG,2018-05-01,BACKFILL
2018-04-30,QQQ,LONG,1.67,LOW,152.62,154.37,1.147,RIGHT,2018-05-01,BACKFILL
2018-05-01,BTC,FLAT,-4.14,MEDIUM,9119.01,9235.92,1.282,WRONG,2018-05-02,BACKFILL
2018-05-01,GLD,HELD,-0.25,LOW,123.71,123.65,-0.049,WRONG,2018-05-02,BACKFILL
2018-05-01,QQQ,LONG,2.75,MEDIUM,154.37,153.46,-0.589,WRONG,2018-05-02,BACKFILL
2018-05-02,BTC,FLAT,-3.27,MEDIUM,9235.92,9743.86,5.5,WRONG,2018-05-03,BACKFILL
2018-05-02,GLD,HELD,-0.3,LOW,123.65,124.28,0.51,RIGHT,2018-05-03,BACKFILL
2018-05-02,QQQ,LONG,2.06,MEDIUM,153.46,153.44,-0.013,WRONG,2018-05-03,BACKFILL
2018-05-03,BTC,LONG,1.66,LOW,9743.86,9700.76,-0.442,WRONG,2018-05-04,BACKFILL
2018-05-03,GLD,HELD,0.2,LOW,124.28,124.54,0.209,RIGHT,2018-05-04,BACKFILL
2018-05-03,QQQ,LONG,1.97,LOW,153.44,156.35,1.897,RIGHT,2018-05-04,BACKFILL
2018-05-04,BTC,LONG,0.82,LOW,9700.76,9373.01,-3.379,WRONG,2018-05-07,BACKFILL
2018-05-04,GLD,HELD,0.4,LOW,124.54,124.57,0.024,RIGHT,2018-05-07,BACKFILL
2018-05-04,QQQ,LONG,3.81,MEDIUM,156.35,157.65,0.831,RIGHT,2018-05-07,BACKFILL
2018-05-07,BTC,FLAT,-2.94,MEDIUM,9373.01,9234.82,-1.474,RIGHT,2018-05-08,BACKFILL
2018-05-07,GLD,HELD,0.4,LOW,124.57,124.59,0.016,RIGHT,2018-05-08,BACKFILL
2018-05-07,QQQ,LONG,4.58,MEDIUM,157.65,157.49,-0.101,WRONG,2018-05-08,BACKFILL
2018-05-08,BTC,FLAT,-4.69,MEDIUM,9234.82,9325.18,0.978,WRONG,2018-05-09,BACKFILL
2018-05-08,GLD,HELD,0.4,LOW,124.59,124.33,-0.209,WRONG,2018-05-09,BACKFILL
2018-05-08,QQQ,LONG,4.38,MEDIUM,157.49,159.21,1.092,RIGHT,2018-05-09,BACKFILL
2018-05-09,BTC,FLAT,-4.08,MEDIUM,9325.18,9043.94,-3.016,RIGHT,2018-05-10,BACKFILL
2018-05-09,GLD,HELD,0.17,LOW,124.33,125.18,0.684,RIGHT,2018-05-10,BACKFILL
2018-05-09,QQQ,LONG,5.42,HIGH,159.21,160.86,1.036,RIGHT,2018-05-10,BACKFILL
2018-05-10,BTC,FLAT,-7.28,HIGH,9043.94,8441.49,-6.661,RIGHT,2018-05-11,BACKFILL
2018-05-10,GLD,HELD,0.83,LOW,125.18,125.0,-0.144,WRONG,2018-05-11,BACKFILL
2018-05-10,QQQ,LONG,6.41,HIGH,160.86,160.7,-0.099,WRONG,2018-05-11,BACKFILL
2018-05-11,BTC,FLAT,-13.7,HIGH,8441.49,8716.79,3.261,WRONG,2018-05-14,BACKFILL
2018-05-11,GLD,HELD,0.67,LOW,125.0,124.49,-0.408,WRONG,2018-05-14,BACKFILL
2018-05-11,QQQ,LONG,6.2,HIGH,160.7,160.98,0.174,RIGHT,2018-05-14,BACKFILL
2018-05-14,BTC,FLAT,-11.15,HIGH,8716.79,8510.38,-2.368,RIGHT,2018-05-15,BACKFILL
2018-05-14,GLD,HELD,0.24,LOW,124.49,122.48,-1.615,WRONG,2018-05-15,BACKFILL
2018-05-14,QQQ,LONG,6.29,HIGH,160.98,159.2,-1.106,WRONG,2018-05-15,BACKFILL
2018-05-15,BTC,FLAT,-13.47,HIGH,8510.38,8368.83,-1.663,RIGHT,2018-05-16,BACKFILL
2018-05-15,GLD,HELD,-1.38,LOW,122.48,122.29,-0.155,WRONG,2018-05-16,BACKFILL
2018-05-15,QQQ,LONG,5.02,HIGH,159.2,160.25,0.66,RIGHT,2018-05-16,BACKFILL
2018-05-16,BTC,FLAT,-15.12,HIGH,8368.83,8094.32,-3.28,RIGHT,2018-05-17,BACKFILL
2018-05-16,GLD,HELD,-1.54,LOW,122.29,122.36,0.057,RIGHT,2018-05-17,BACKFILL
2018-05-16,QQQ,LONG,5.62,HIGH,160.25,159.63,-0.387,WRONG,2018-05-17,BACKFILL
2018-05-17,BTC,FLAT,-18.08,HIGH,8094.32,8250.97,1.935,WRONG,2018-05-18,BACKFILL
2018-05-17,GLD,HELD,-1.48,LOW,122.36,122.41,0.041,RIGHT,2018-05-18,BACKFILL
2018-05-17,QQQ,LONG,5.12,HIGH,159.63,158.81,-0.514,WRONG,2018-05-18,BACKFILL
2018-05-18,BTC,FLAT,-16.66,HIGH,8250.97,8418.99,2.036,WRONG,2018-05-21,BACKFILL
2018-05-18,GLD,HELD,-1.44,LOW,122.41,122.48,0.057,RIGHT,2018-05-21,BACKFILL
2018-05-18,QQQ,LONG,4.49,MEDIUM,158.81,159.7,0.56,RIGHT,2018-05-21,BACKFILL
2018-05-21,BTC,FLAT,-15.12,HIGH,8418.99,8041.78,-4.48,RIGHT,2018-05-22,BACKFILL
2018-05-21,GLD,HELD,-1.37,LOW,122.48,122.41,-0.057,WRONG,2018-05-22,BACKFILL
2018-05-21,QQQ,LONG,4.98,MEDIUM,159.7,159.49,-0.131,WRONG,2018-05-22,BACKFILL
2018-05-22,BTC,FLAT,-19.05,HIGH,8041.78,7557.82,-6.018,RIGHT,2018-05-23,BACKFILL
2018-05-22,GLD,HELD,-1.43,LOW,122.41,122.54,0.106,RIGHT,2018-05-23,BACKFILL
2018-05-22,QQQ,LONG,4.76,MEDIUM,159.49,160.84,0.846,RIGHT,2018-05-23,BACKFILL
2018-05-23,BTC,FLAT,-24.02,HIGH,7557.82,7587.34,0.391,WRONG,2018-05-24,BACKFILL
2018-05-23,GLD,HELD,-1.32,LOW,122.54,123.59,0.857,RIGHT,2018-05-24,BACKFILL
2018-05-23,QQQ,LONG,5.55,HIGH,160.84,160.79,-0.031,WRONG,2018-05-24,BACKFILL
2018-05-24,BTC,FLAT,-23.82,HIGH,7587.34,7480.14,-1.413,RIGHT,2018-05-25,BACKFILL
2018-05-24,GLD,HELD,-0.49,LOW,123.59,123.21,-0.307,WRONG,2018-05-25,BACKFILL
2018-05-24,QQQ,LONG,5.43,HIGH,160.79,160.95,0.1,RIGHT,2018-05-25,BACKFILL
2018-05-25,BTC,FLAT,-24.99,HIGH,7480.14,7472.59,-0.101,RIGHT,2018-05-29,BACKFILL
2018-05-25,GLD,HELD,-0.8,LOW,123.21,123.19,-0.016,WRONG,2018-05-29,BACKFILL
2018-05-25,QQQ,LONG,5.44,HIGH,160.95,160.24,-0.441,WRONG,2018-05-29,BACKFILL
2018-05-29,BTC,FLAT,-25.14,HIGH,7472.59,7406.52,-0.884,RIGHT,2018-05-30,BACKFILL
2018-05-29,GLD,HELD,-0.82,LOW,123.19,123.37,0.146,RIGHT,2018-05-30,BACKFILL
2018-05-29,QQQ,LONG,4.88,MEDIUM,160.24,161.39,0.718,RIGHT,2018-05-30,BACKFILL
2018-05-30,BTC,FLAT,-25.87,HIGH,7406.52,7494.17,1.183,WRONG,2018-05-31,BACKFILL
2018-05-30,GLD,HELD,-0.69,LOW,123.37,123.1,-0.219,WRONG,2018-05-31,BACKFILL
2018-05-30,QQQ,LONG,5.53,HIGH,161.39,161.28,-0.068,WRONG,2018-05-31,BACKFILL
2018-05-31,BTC,FLAT,-25.09,HIGH,7494.17,7541.45,0.631,WRONG,2018-06-01,BACKFILL
2018-05-31,GLD,HELD,-0.91,LOW,123.1,122.49,-0.496,WRONG,2018-06-01,BACKFILL
2018-05-31,QQQ,LONG,5.36,HIGH,161.28,163.81,1.569,RIGHT,2018-06-01,BACKFILL
2018-06-01,BTC,FLAT,-24.71,HIGH,7541.45,7514.47,-0.358,RIGHT,2018-06-04,BACKFILL
2018-06-01,GLD,HELD,-1.41,LOW,122.49,122.37,-0.098,WRONG,2018-06-04,BACKFILL
2018-06-01,QQQ,LONG,6.9,HIGH,163.81,165.29,0.903,RIGHT,2018-06-04,BACKFILL
2018-06-04,BTC,FLAT,-25.06,HIGH,7514.47,7633.76,1.587,WRONG,2018-06-05,BACKFILL
2018-06-04,GLD,HELD,-1.52,LOW,122.37,122.85,0.392,RIGHT,2018-06-05,BACKFILL
2018-06-04,QQQ,LONG,7.74,HIGH,165.29,165.81,0.315,RIGHT,2018-06-05,BACKFILL
2018-06-05,BTC,FLAT,-23.96,HIGH,7633.76,7653.98,0.265,WRONG,2018-06-06,BACKFILL
2018-06-05,GLD,HELD,-1.14,LOW,122.85,122.92,0.057,RIGHT,2018-06-06,BACKFILL
2018-06-05,QQQ,LONG,7.97,HIGH,165.81,166.77,0.579,RIGHT,2018-06-06,BACKFILL
2018-06-06,BTC,FLAT,-23.84,HIGH,7653.98,7678.24,0.317,WRONG,2018-06-07,BACKFILL
2018-06-06,GLD,HELD,-1.09,LOW,122.92,122.86,-0.049,WRONG,2018-06-07,BACKFILL
2018-06-06,QQQ,LONG,8.49,HIGH,166.77,165.42,-0.809,WRONG,2018-06-07,BACKFILL
2018-06-07,BTC,FLAT,-23.66,HIGH,7678.24,7624.92,-0.694,RIGHT,2018-06-08,BACKFILL
2018-06-07,GLD,HELD,-1.15,LOW,122.86,123.01,0.122,RIGHT,2018-06-08,BACKFILL
2018-06-07,QQQ,LONG,7.51,HIGH,165.42,165.43,0.006,RIGHT,2018-06-08,BACKFILL
2018-06-08,BTC,FLAT,-24.23,HIGH,7624.92,6906.92,-9.416,RIGHT,2018-06-11,BACKFILL
2018-06-08,GLD,HELD,-1.04,LOW,123.01,123.23,0.179,RIGHT,2018-06-11,BACKFILL
2018-06-08,QQQ,LONG,7.41,HIGH,165.43,165.87,0.266,RIGHT,2018-06-11,BACKFILL
2018-06-11,BTC,FLAT,-31.36,HIGH,6906.92,6582.36,-4.699,RIGHT,2018-06-12,BACKFILL
2018-06-11,GLD,HELD,-0.88,LOW,123.23,122.82,-0.333,WRONG,2018-06-12,BACKFILL
2018-06-11,QQQ,LONG,7.6,HIGH,165.87,166.74,0.525,RIGHT,2018-06-12,BACKFILL
2018-06-12,BTC,FLAT,-34.56,HIGH,6582.36,6349.9,-3.532,RIGHT,2018-06-13,BACKFILL
2018-06-12,GLD,HELD,-1.22,LOW,122.82,123.19,0.301,RIGHT,2018-06-13,BACKFILL
2018-06-12,QQQ,LONG,8.06,HIGH,166.74,166.74,0.0,WRONG,2018-06-13,BACKFILL
2018-06-13,BTC,FLAT,-36.84,HIGH,6349.9,6675.35,5.125,WRONG,2018-06-14,BACKFILL
2018-06-13,GLD,HELD,-0.93,LOW,123.19,123.38,0.154,RIGHT,2018-06-14,BACKFILL
2018-06-13,QQQ,LONG,7.96,HIGH,166.74,168.42,1.008,RIGHT,2018-06-14,BACKFILL
2018-06-14,BTC,FLAT,-33.58,HIGH,6675.35,6456.58,-3.277,RIGHT,2018-06-15,BACKFILL
2018-06-14,GLD,HELD,-0.79,LOW,123.38,121.34,-1.653,WRONG,2018-06-15,BACKFILL
2018-06-14,QQQ,LONG,8.94,HIGH,168.42,167.84,-0.344,WRONG,2018-06-15,BACKFILL
2018-06-15,BTC,FLAT,-35.72,HIGH,6456.58,6734.82,4.309,WRONG,2018-06-18,BACKFILL
2018-06-15,GLD,HELD,-2.43,MEDIUM,121.34,121.11,-0.19,WRONG,2018-06-18,BACKFILL
2018-06-15,QQQ,LONG,8.46,HIGH,167.84,167.74,-0.06,WRONG,2018-06-18,BACKFILL
2018-06-18,BTC,FLAT,-32.93,HIGH,6734.82,6769.94,0.521,WRONG,2018-06-19,BACKFILL
2018-06-18,GLD,HELD,-2.61,MEDIUM,121.11,120.8,-0.256,WRONG,2018-06-19,BACKFILL
2018-06-18,QQQ,LONG,8.29,HIGH,167.74,167.26,-0.286,WRONG,2018-06-19,BACKFILL
2018-06-19,BTC,FLAT,-32.59,HIGH,6769.94,6776.55,0.098,WRONG,2018-06-20,BACKFILL
2018-06-19,GLD,HELD,-2.85,MEDIUM,120.8,120.26,-0.447,WRONG,2018-06-20,BACKFILL
2018-06-19,QQQ,LONG,7.88,HIGH,167.26,168.45,0.711,RIGHT,2018-06-20,BACKFILL
2018-06-20,BTC,FLAT,-32.53,HIGH,6776.55,6729.74,-0.691,RIGHT,2018-06-21,BACKFILL
2018-06-20,GLD,HELD,-3.28,MEDIUM,120.26,120.05,-0.175,WRONG,2018-06-21,BACKFILL
2018-06-20,QQQ,LONG,8.54,HIGH,168.45,166.99,-0.867,WRONG,2018-06-21,BACKFILL
2018-06-21,BTC,FLAT,-33.0,HIGH,6729.74,6083.69,-9.6,RIGHT,2018-06-22,BACKFILL
2018-06-21,GLD,HELD,-3.44,MEDIUM,120.05,120.34,0.242,RIGHT,2018-06-22,BACKFILL
2018-06-21,QQQ,LONG,7.49,HIGH,166.99,166.62,-0.222,WRONG,2018-06-22,BACKFILL
2018-06-22,BTC,FLAT,-39.38,HIGH,6083.69,6249.18,2.72,WRONG,2018-06-25,BACKFILL
2018-06-22,GLD,HELD,-3.21,MEDIUM,120.34,119.89,-0.374,WRONG,2018-06-25,BACKFILL
2018-06-22,QQQ,LONG,7.15,HIGH,166.62,162.86,-2.257,WRONG,2018-06-25,BACKFILL
2018-06-25,BTC,FLAT,-37.67,HIGH,6249.18,6093.67,-2.488,RIGHT,2018-06-26,BACKFILL
2018-06-25,GLD,HELD,-3.56,MEDIUM,119.89,119.26,-0.525,WRONG,2018-06-26,BACKFILL
2018-06-25,QQQ,LONG,4.66,MEDIUM,162.86,163.53,0.411,RIGHT,2018-06-26,BACKFILL
2018-06-26,BTC,FLAT,-39.15,HIGH,6093.67,6157.13,1.041,WRONG,2018-06-27,BACKFILL
2018-06-26,GLD,HELD,-4.05,MEDIUM,119.26,118.58,-0.57,WRONG,2018-06-27,BACKFILL
2018-06-26,QQQ,LONG,5.01,HIGH,163.53,161.3,-1.364,WRONG,2018-06-27,BACKFILL
2018-06-27,BTC,FLAT,-38.43,HIGH,6157.13,5903.44,-4.12,RIGHT,2018-06-28,BACKFILL
2018-06-27,GLD,HELD,-4.58,MEDIUM,118.58,118.22,-0.304,WRONG,2018-06-28,BACKFILL
2018-06-27,QQQ,LONG,3.51,MEDIUM,161.3,162.69,0.862,RIGHT,2018-06-28,BACKFILL
2018-06-28,BTC,FLAT,-40.89,HIGH,5903.44,6218.3,5.334,WRONG,2018-06-29,BACKFILL
2018-06-28,GLD,HELD,-4.85,MEDIUM,118.22,118.65,0.364,RIGHT,2018-06-29,BACKFILL
2018-06-28,QQQ,LONG,4.33,MEDIUM,162.69,163.13,0.27,RIGHT,2018-06-29,BACKFILL
2018-06-29,BTC,FLAT,-37.65,HIGH,6218.3,6614.18,6.366,WRONG,2018-07-02,BACKFILL
2018-06-29,GLD,HELD,-4.49,MEDIUM,118.65,117.46,-1.003,WRONG,2018-07-02,BACKFILL
2018-06-29,QQQ,LONG,4.54,MEDIUM,163.13,164.22,0.668,RIGHT,2018-07-02,BACKFILL
2018-07-02,BTC,FLAT,-33.61,HIGH,6614.18,6529.59,-1.279,RIGHT,2018-07-03,BACKFILL
2018-07-02,GLD,HELD,-5.42,HIGH,117.46,118.65,1.013,RIGHT,2018-07-03,BACKFILL
2018-07-02,QQQ,LONG,5.16,HIGH,164.22,162.32,-1.157,WRONG,2018-07-03,BACKFILL
2018-07-03,BTC,FLAT,-34.31,HIGH,6529.59,6639.14,1.678,WRONG,2018-07-05,BACKFILL
2018-07-03,GLD,HELD,-4.44,MEDIUM,118.65,119.05,0.337,RIGHT,2018-07-05,BACKFILL
2018-07-03,QQQ,LONG,3.88,MEDIUM,162.32,164.34,1.244,RIGHT,2018-07-05,BACKFILL
2018-07-05,BTC,FLAT,-33.06,HIGH,6639.14,6673.5,0.518,WRONG,2018-07-06,BACKFILL
2018-07-05,GLD,HELD,-4.1,MEDIUM,119.05,118.86,-0.16,WRONG,2018-07-06,BACKFILL
2018-07-05,QQQ,LONG,5.1,HIGH,164.34,166.89,1.552,RIGHT,2018-07-06,BACKFILL
2018-07-06,BTC,FLAT,-32.56,HIGH,6673.5,6741.75,1.023,WRONG,2018-07-09,BACKFILL
2018-07-06,GLD,HELD,-4.24,MEDIUM,118.86,119.15,0.244,RIGHT,2018-07-09,BACKFILL
2018-07-06,QQQ,LONG,6.63,HIGH,166.89,168.39,0.899,RIGHT,2018-07-09,BACKFILL
2018-07-09,BTC,FLAT,-31.71,HIGH,6741.75,6329.95,-6.108,RIGHT,2018-07-10,BACKFILL
2018-07-09,GLD,HELD,-3.99,MEDIUM,119.15,118.93,-0.185,WRONG,2018-07-10,BACKFILL
2018-07-09,QQQ,LONG,7.49,HIGH,168.39,168.52,0.077,RIGHT,2018-07-10,BACKFILL
2018-07-10,BTC,FLAT,-35.68,HIGH,6329.95,6394.71,1.023,WRONG,2018-07-11,BACKFILL
2018-07-10,GLD,HELD,-4.16,MEDIUM,118.93,117.64,-1.085,WRONG,2018-07-11,BACKFILL
2018-07-10,QQQ,LONG,7.47,HIGH,168.52,167.66,-0.51,WRONG,2018-07-11,BACKFILL
2018-07-11,BTC,FLAT,-34.79,HIGH,6394.71,6228.81,-2.594,RIGHT,2018-07-12,BACKFILL
2018-07-11,GLD,HELD,-5.18,HIGH,117.64,118.13,0.417,RIGHT,2018-07-12,BACKFILL
2018-07-11,QQQ,LONG,6.82,HIGH,167.66,170.55,1.724,RIGHT,2018-07-12,BACKFILL
2018-07-12,BTC,FLAT,-36.24,HIGH,6228.81,6238.05,0.148,WRONG,2018-07-13,BACKFILL
2018-07-12,GLD,HELD,-4.77,MEDIUM,118.13,117.61,-0.44,WRONG,2018-07-13,BACKFILL
2018-07-12,QQQ,LONG,8.54,HIGH,170.55,170.69,0.082,RIGHT,2018-07-13,BACKFILL
2018-07-13,BTC,FLAT,-35.79,HIGH,6238.05,6741.75,8.075,WRONG,2018-07-16,BACKFILL
2018-07-13,GLD,HELD,-5.18,HIGH,117.61,117.55,-0.051,WRONG,2018-07-16,BACKFILL
2018-07-13,QQQ,LONG,8.51,HIGH,170.69,170.29,-0.234,WRONG,2018-07-16,BACKFILL
2018-07-16,BTC,FLAT,-30.07,HIGH,6741.75,7321.04,8.593,WRONG,2018-07-17,BACKFILL
2018-07-16,GLD,HELD,-5.22,HIGH,117.55,116.28,-1.08,WRONG,2018-07-17,BACKFILL
2018-07-16,QQQ,LONG,8.14,HIGH,170.29,171.32,0.605,RIGHT,2018-07-17,BACKFILL
2018-07-17,BTC,FLAT,-23.57,HIGH,7321.04,7370.78,0.679,WRONG,2018-07-18,BACKFILL
2018-07-17,GLD,HELD,-6.23,HIGH,116.28,116.31,0.026,RIGHT,2018-07-18,BACKFILL
2018-07-17,QQQ,LONG,8.68,HIGH,171.32,171.0,-0.187,WRONG,2018-07-18,BACKFILL
2018-07-18,BTC,FLAT,-22.54,HIGH,7370.78,7466.86,1.304,WRONG,2018-07-19,BACKFILL
2018-07-18,GLD,HELD,-6.2,HIGH,116.31,115.81,-0.43,WRONG,2018-07-19,BACKFILL
2018-07-18,QQQ,LONG,8.37,HIGH,171.0,170.14,-0.503,WRONG,2018-07-19,BACKFILL
2018-07-19,BTC,FLAT,-20.98,HIGH,7466.86,7354.13,-1.51,RIGHT,2018-07-20,BACKFILL
2018-07-19,GLD,HELD,-6.59,HIGH,115.81,116.56,0.648,RIGHT,2018-07-20,BACKFILL
2018-07-19,QQQ,LONG,7.72,HIGH,170.14,170.1,-0.024,WRONG,2018-07-20,BACKFILL
2018-07-20,BTC,FLAT,-21.67,HIGH,7354.13,7711.11,4.854,WRONG,2018-07-23,BACKFILL
2018-07-20,GLD,HELD,-5.97,HIGH,116.56,116.0,-0.48,WRONG,2018-07-23,BACKFILL
2018-07-20,QQQ,LONG,7.59,HIGH,170.1,170.65,0.323,RIGHT,2018-07-23,BACKFILL
2018-07-23,BTC,FLAT,-17.35,HIGH,7711.11,8424.27,9.248,WRONG,2018-07-24,BACKFILL
2018-07-23,GLD,HELD,-6.41,HIGH,116.0,116.04,0.034,RIGHT,2018-07-24,BACKFILL
2018-07-23,QQQ,LONG,7.83,HIGH,170.65,171.35,0.41,RIGHT,2018-07-24,BACKFILL
2018-07-24,BTC,FLAT,-9.1,HIGH,8424.27,8181.39,-2.883,RIGHT,2018-07-25,BACKFILL
2018-07-24,GLD,HELD,-6.36,HIGH,116.04,116.68,0.552,RIGHT,2018-07-25,BACKFILL
2018-07-24,QQQ,LONG,8.17,HIGH,171.35,173.74,1.395,RIGHT,2018-07-25,BACKFILL
2018-07-25,BTC,FLAT,-11.02,HIGH,8181.39,7951.58,-2.809,RIGHT,2018-07-26,BACKFILL
2018-07-25,GLD,HELD,-5.83,HIGH,116.68,115.77,-0.78,WRONG,2018-07-26,BACKFILL
2018-07-25,QQQ,LONG,9.57,HIGH,173.74,171.11,-1.514,WRONG,2018-07-26,BACKFILL
2018-07-26,BTC,FLAT,-12.9,HIGH,7951.58,8165.01,2.684,WRONG,2018-07-27,BACKFILL
2018-07-26,GLD,HELD,-6.55,HIGH,115.77,115.83,0.052,RIGHT,2018-07-27,BACKFILL
2018-07-26,QQQ,LONG,7.81,HIGH,171.11,168.8,-1.35,WRONG,2018-07-27,BACKFILL
2018-07-27,BTC,FLAT,-10.01,HIGH,8165.01,8180.48,0.189,WRONG,2018-07-30,BACKFILL
2018-07-27,GLD,HELD,-6.48,HIGH,115.83,115.65,-0.155,WRONG,2018-07-30,BACKFILL
2018-07-27,QQQ,LONG,6.27,HIGH,168.8,166.42,-1.41,WRONG,2018-07-30,BACKFILL
2018-07-30,BTC,FLAT,-9.33,HIGH,8180.48,7780.44,-4.89,RIGHT,2018-07-31,BACKFILL
2018-07-30,GLD,HELD,-6.6,HIGH,115.65,115.99,0.294,RIGHT,2018-07-31,BACKFILL
2018-07-30,QQQ,LONG,4.69,MEDIUM,166.42,167.69,0.763,RIGHT,2018-07-31,BACKFILL
2018-07-31,BTC,FLAT,-13.37,HIGH,7780.44,7624.91,-1.999,RIGHT,2018-08-01,BACKFILL
2018-07-31,GLD,HELD,-6.3,HIGH,115.99,115.14,-0.733,WRONG,2018-08-01,BACKFILL
2018-07-31,QQQ,LONG,5.41,HIGH,167.69,168.33,0.382,RIGHT,2018-08-01,BACKFILL
2018-08-01,BTC,FLAT,-14.57,HIGH,7624.91,7567.15,-0.758,RIGHT,2018-08-02,BACKFILL
2018-08-01,GLD,HELD,-6.95,HIGH,115.14,114.52,-0.538,WRONG,2018-08-02,BACKFILL
2018-08-01,QQQ,LONG,5.72,HIGH,168.33,170.62,1.36,RIGHT,2018-08-02,BACKFILL
2018-08-02,BTC,FLAT,-14.69,HIGH,7567.15,7434.39,-1.754,RIGHT,2018-08-03,BACKFILL
2018-08-02,GLD,HELD,-7.41,HIGH,114.52,114.92,0.349,RIGHT,2018-08-03,BACKFILL
2018-08-02,QQQ,LONG,7.06,HIGH,170.62,171.14,0.305,RIGHT,2018-08-03,BACKFILL
2018-08-03,BTC,FLAT,-15.73,HIGH,7434.39,6951.8,-6.491,RIGHT,2018-08-06,BACKFILL
2018-08-03,GLD,HELD,-7.05,HIGH,114.92,114.33,-0.513,WRONG,2018-08-06,BACKFILL
2018-08-03,QQQ,LONG,7.29,HIGH,171.14,172.15,0.59,RIGHT,2018-08-06,BACKFILL
2018-08-06,BTC,FLAT,-20.74,HIGH,6951.8,6753.12,-2.858,RIGHT,2018-08-07,BACKFILL
2018-08-06,GLD,HELD,-7.48,HIGH,114.33,114.59,0.227,RIGHT,2018-08-07,BACKFILL
2018-08-06,QQQ,LONG,7.81,HIGH,172.15,172.78,0.366,RIGHT,2018-08-07,BACKFILL
2018-08-07,BTC,FLAT,-22.52,HIGH,6753.12,6305.8,-6.624,RIGHT,2018-08-08,BACKFILL
2018-08-07,GLD,HELD,-7.22,HIGH,114.59,114.91,0.279,RIGHT,2018-08-08,BACKFILL
2018-08-07,QQQ,LONG,8.1,HIGH,172.78,172.98,0.116,RIGHT,2018-08-08,BACKFILL
2018-08-08,BTC,FLAT,-27.16,HIGH,6305.8,6568.23,4.162,WRONG,2018-08-09,BACKFILL
2018-08-08,GLD,HELD,-6.91,HIGH,114.91,114.74,-0.148,WRONG,2018-08-09,BACKFILL
2018-08-08,QQQ,LONG,8.13,HIGH,172.98,172.88,-0.058,WRONG,2018-08-09,BACKFILL
2018-08-09,BTC,FLAT,-23.59,HIGH,6568.23,6184.71,-5.839,RIGHT,2018-08-10,BACKFILL
2018-08-09,GLD,HELD,-6.99,HIGH,114.74,114.69,-0.044,WRONG,2018-08-10,BACKFILL
2018-08-09,QQQ,LONG,7.97,HIGH,172.88,171.56,-0.764,WRONG,2018-08-10,BACKFILL
2018-08-10,BTC,FLAT,-27.42,HIGH,6184.71,6297.57,1.825,WRONG,2018-08-13,BACKFILL
2018-08-10,GLD,HELD,-6.98,HIGH,114.69,112.96,-1.508,WRONG,2018-08-13,BACKFILL
2018-08-10,QQQ,LONG,7.07,HIGH,171.56,171.37,-0.111,WRONG,2018-08-13,BACKFILL
2018-08-13,BTC,FLAT,-25.58,HIGH,6297.57,6199.71,-1.554,RIGHT,2018-08-14,BACKFILL
2018-08-13,GLD,HELD,-8.32,HIGH,112.96,113.07,0.097,RIGHT,2018-08-14,BACKFILL
2018-08-13,QQQ,LONG,6.87,HIGH,171.37,172.44,0.624,RIGHT,2018-08-14,BACKFILL
2018-08-14,BTC,FLAT,-26.25,HIGH,6199.71,6308.52,1.755,WRONG,2018-08-15,BACKFILL
2018-08-14,GLD,HELD,-8.18,HIGH,113.07,111.19,-1.663,WRONG,2018-08-15,BACKFILL
2018-08-14,QQQ,LONG,7.45,HIGH,172.44,170.33,-1.224,WRONG,2018-08-15,BACKFILL
2018-08-15,BTC,FLAT,-24.44,HIGH,6308.52,6334.73,0.415,WRONG,2018-08-16,BACKFILL
2018-08-15,GLD,HELD,-9.63,HIGH,111.19,111.1,-0.081,WRONG,2018-08-16,BACKFILL
2018-08-15,QQQ,LONG,6.06,HIGH,170.33,170.89,0.329,RIGHT,2018-08-16,BACKFILL
2018-08-16,BTC,FLAT,-23.69,HIGH,6334.73,6580.63,3.882,WRONG,2018-08-17,BACKFILL
2018-08-16,GLD,HELD,-9.64,HIGH,111.1,112.13,0.927,RIGHT,2018-08-17,BACKFILL
2018-08-16,QQQ,LONG,6.34,HIGH,170.89,170.93,0.023,RIGHT,2018-08-17,BACKFILL
2018-08-17,BTC,FLAT,-20.25,HIGH,6580.63,6308.53,-4.135,RIGHT,2018-08-20,BACKFILL
2018-08-17,GLD,HELD,-8.73,HIGH,112.13,112.69,0.499,RIGHT,2018-08-20,BACKFILL
2018-08-17,QQQ,LONG,6.3,HIGH,170.93,170.78,-0.088,WRONG,2018-08-20,BACKFILL
2018-08-20,BTC,FLAT,-23.23,HIGH,6308.53,6488.76,2.857,WRONG,2018-08-21,BACKFILL
2018-08-20,GLD,HELD,-8.2,HIGH,112.69,113.02,0.293,RIGHT,2018-08-21,BACKFILL
2018-08-20,QQQ,LONG,6.14,HIGH,170.78,171.41,0.369,RIGHT,2018-08-21,BACKFILL
2018-08-21,BTC,FLAT,-20.74,HIGH,6488.76,6376.71,-1.727,RIGHT,2018-08-22,BACKFILL
2018-08-21,GLD,HELD,-7.86,HIGH,113.02,113.27,0.221,RIGHT,2018-08-22,BACKFILL
2018-08-21,QQQ,LONG,6.47,HIGH,171.41,172.07,0.385,RIGHT,2018-08-22,BACKFILL
2018-08-22,BTC,FLAT,-21.78,HIGH,6376.71,6534.88,2.48,WRONG,2018-08-23,BACKFILL
2018-08-22,GLD,HELD,-7.6,HIGH,113.27,112.2,-0.945,WRONG,2018-08-23,BACKFILL
2018-08-22,QQQ,LONG,6.81,HIGH,172.07,171.82,-0.145,WRONG,2018-08-23,BACKFILL
2018-08-23,BTC,FLAT,-19.51,HIGH,6534.88,6719.96,2.832,WRONG,2018-08-24,BACKFILL
2018-08-23,GLD,HELD,-8.4,HIGH,112.2,114.16,1.747,RIGHT,2018-08-24,BACKFILL
2018-08-23,QQQ,LONG,6.59,HIGH,171.82,173.42,0.931,RIGHT,2018-08-24,BACKFILL
2018-08-24,BTC,FLAT,-16.94,HIGH,6719.96,6884.64,2.451,WRONG,2018-08-27,BACKFILL
2018-08-24,GLD,HELD,-6.74,HIGH,114.16,114.59,0.377,RIGHT,2018-08-27,BACKFILL
2018-08-24,QQQ,LONG,7.52,HIGH,173.42,175.19,1.021,RIGHT,2018-08-27,BACKFILL
2018-08-27,BTC,FLAT,-14.62,HIGH,6884.64,7096.28,3.074,WRONG,2018-08-28,BACKFILL
2018-08-27,GLD,HELD,-6.32,HIGH,114.59,113.68,-0.794,WRONG,2018-08-28,BACKFILL
2018-08-27,QQQ,LONG,8.55,HIGH,175.19,175.45,0.148,RIGHT,2018-08-28,BACKFILL
2018-08-28,BTC,FLAT,-11.69,HIGH,7096.28,7047.16,-0.692,RIGHT,2018-08-29,BACKFILL
2018-08-28,GLD,HELD,-6.99,HIGH,113.68,114.2,0.457,RIGHT,2018-08-29,BACKFILL
2018-08-28,QQQ,LONG,8.64,HIGH,175.45,177.47,1.151,RIGHT,2018-08-29,BACKFILL
2018-08-29,BTC,FLAT,-11.99,HIGH,7047.16,6978.23,-0.978,RIGHT,2018-08-30,BACKFILL
2018-08-29,GLD,HELD,-6.49,HIGH,114.2,113.64,-0.49,WRONG,2018-08-30,BACKFILL
2018-08-29,QQQ,LONG,9.81,HIGH,177.47,177.16,-0.175,WRONG,2018-08-30,BACKFILL
2018-08-30,BTC,FLAT,-12.55,HIGH,6978.23,7037.58,0.851,WRONG,2018-08-31,BACKFILL
2018-08-30,GLD,HELD,-6.88,HIGH,113.64,113.51,-0.114,WRONG,2018-08-31,BACKFILL
2018-08-30,QQQ,LONG,9.55,HIGH,177.16,177.38,0.124,RIGHT,2018-08-31,BACKFILL
2018-08-31,BTC,FLAT,-11.49,HIGH,7037.58,7361.66,4.605,WRONG,2018-09-04,BACKFILL
2018-08-31,GLD,HELD,-6.91,HIGH,113.51,112.93,-0.511,WRONG,2018-09-04,BACKFILL
2018-08-31,QQQ,LONG,9.61,HIGH,177.38,176.62,-0.428,WRONG,2018-09-04,BACKFILL
2018-09-04,BTC,FLAT,-7.2,HIGH,7361.66,6792.83,-7.727,RIGHT,2018-09-05,BACKFILL
2018-09-04,GLD,HELD,-7.32,HIGH,112.93,113.32,0.345,RIGHT,2018-09-05,BACKFILL
2018-09-04,QQQ,LONG,9.07,HIGH,176.62,174.34,-1.291,WRONG,2018-09-05,BACKFILL
2018-09-05,BTC,FLAT,-14.12,HIGH,6792.83,6529.17,-3.881,RIGHT,2018-09-06,BACKFILL
2018-09-05,GLD,HELD,-6.92,HIGH,113.32,113.54,0.194,RIGHT,2018-09-06,BACKFILL
2018-09-05,QQQ,LONG,7.6,HIGH,174.34,172.78,-0.895,WRONG,2018-09-06,BACKFILL
2018-09-06,BTC,FLAT,-17.27,HIGH,6529.17,6467.07,-0.951,RIGHT,2018-09-07,BACKFILL
2018-09-06,GLD,HELD,-6.67,HIGH,113.54,113.23,-0.273,WRONG,2018-09-07,BACKFILL
2018-09-06,QQQ,LONG,6.57,HIGH,172.78,172.12,-0.382,WRONG,2018-09-07,BACKFILL
2018-09-07,BTC,FLAT,-17.89,HIGH,6467.07,6329.7,-2.124,RIGHT,2018-09-10,BACKFILL
2018-09-07,GLD,HELD,-6.86,HIGH,113.23,113.15,-0.071,WRONG,2018-09-10,BACKFILL
2018-09-07,QQQ,LONG,6.09,HIGH,172.12,172.7,0.337,RIGHT,2018-09-10,BACKFILL
2018-09-10,BTC,FLAT,-19.59,HIGH,6329.7,6321.2,-0.134,RIGHT,2018-09-11,BACKFILL
2018-09-10,GLD,HELD,-6.85,HIGH,113.15,113.22,0.062,RIGHT,2018-09-11,BACKFILL
2018-09-10,QQQ,LONG,6.35,HIGH,172.7,174.03,0.77,RIGHT,2018-09-11,BACKFILL
2018-09-11,BTC,FLAT,-19.6,HIGH,6321.2,6351.8,0.484,WRONG,2018-09-12,BACKFILL
2018-09-11,GLD,HELD,-6.73,HIGH,113.22,114.17,0.839,RIGHT,2018-09-12,BACKFILL
2018-09-11,QQQ,LONG,7.08,HIGH,174.03,173.52,-0.293,WRONG,2018-09-12,BACKFILL
2018-09-12,BTC,FLAT,-19.13,HIGH,6351.8,6517.31,2.606,WRONG,2018-09-13,BACKFILL
2018-09-12,GLD,HELD,-5.9,HIGH,114.17,113.76,-0.359,WRONG,2018-09-13,BACKFILL
2018-09-12,QQQ,LONG,6.67,HIGH,173.52,175.37,1.066,RIGHT,2018-09-13,BACKFILL
2018-09-13,BTC,FLAT,-16.9,HIGH,6517.31,6512.71,-0.071,RIGHT,2018-09-14,BACKFILL
2018-09-13,GLD,HELD,-6.18,HIGH,113.76,113.02,-0.65,WRONG,2018-09-14,BACKFILL
2018-09-13,QQQ,LONG,7.68,HIGH,175.37,174.86,-0.291,WRONG,2018-09-14,BACKFILL
2018-09-14,BTC,FLAT,-16.8,HIGH,6512.71,6281.2,-3.555,RIGHT,2018-09-17,BACKFILL
2018-09-14,GLD,HELD,-6.73,HIGH,113.02,113.61,0.522,RIGHT,2018-09-17,BACKFILL
2018-09-14,QQQ,LONG,7.24,HIGH,174.86,172.34,-1.441,WRONG,2018-09-17,BACKFILL
2018-09-17,BTC,FLAT,-19.58,HIGH,6281.2,6371.3,1.434,WRONG,2018-09-18,BACKFILL
2018-09-17,GLD,HELD,-6.18,HIGH,113.61,113.44,-0.15,WRONG,2018-09-18,BACKFILL
2018-09-17,QQQ,LONG,5.6,HIGH,172.34,173.76,0.824,RIGHT,2018-09-18,BACKFILL
2018-09-18,BTC,FLAT,-18.27,HIGH,6371.3,6398.54,0.428,WRONG,2018-09-19,BACKFILL
2018-09-18,GLD,HELD,-6.25,HIGH,113.44,113.88,0.388,RIGHT,2018-09-19,BACKFILL
2018-09-18,QQQ,LONG,6.38,HIGH,173.76,173.63,-0.075,WRONG,2018-09-19,BACKFILL
2018-09-19,BTC,FLAT,-17.7,HIGH,6398.54,6519.67,1.893,WRONG,2018-09-20,BACKFILL
2018-09-19,GLD,HELD,-5.82,HIGH,113.88,114.27,0.342,RIGHT,2018-09-20,BACKFILL
2018-09-19,QQQ,LONG,6.21,HIGH,173.63,175.55,1.106,RIGHT,2018-09-20,BACKFILL
2018-09-20,BTC,FLAT,-15.88,HIGH,6519.67,6734.95,3.302,WRONG,2018-09-21,BACKFILL
2018-09-20,GLD,HELD,-5.42,HIGH,114.27,113.49,-0.683,WRONG,2018-09-21,BACKFILL
2018-09-20,QQQ,LONG,7.3,HIGH,175.55,174.59,-0.547,WRONG,2018-09-21,BACKFILL
2018-09-21,BTC,FLAT,-12.84,HIGH,6734.95,6595.41,-2.072,RIGHT,2018-09-24,BACKFILL
2018-09-21,GLD,HELD,-5.99,HIGH,113.49,113.47,-0.018,WRONG,2018-09-24,BACKFILL
2018-09-21,QQQ,LONG,6.64,HIGH,174.59,175.08,0.281,RIGHT,2018-09-24,BACKFILL
2018-09-24,BTC,FLAT,-14.29,HIGH,6595.41,6446.47,-2.258,RIGHT,2018-09-25,BACKFILL
2018-09-24,GLD,HELD,-5.94,HIGH,113.47,113.65,0.159,RIGHT,2018-09-25,BACKFILL
2018-09-24,QQQ,LONG,6.86,HIGH,175.08,175.31,0.131,RIGHT,2018-09-25,BACKFILL
2018-09-25,BTC,FLAT,-15.92,HIGH,6446.47,6495.0,0.753,WRONG,2018-09-26,BACKFILL
2018-09-25,GLD,HELD,-5.73,HIGH,113.65,113.05,-0.528,WRONG,2018-09-26,BACKFILL
2018-09-25,QQQ,LONG,6.91,HIGH,175.31,175.44,0.074,RIGHT,2018-09-26,BACKFILL
2018-09-26,BTC,FLAT,-15.02,HIGH,6495.0,6676.75,2.798,WRONG,2018-09-27,BACKFILL
2018-09-26,GLD,HELD,-6.16,HIGH,113.05,112.05,-0.885,WRONG,2018-09-27,BACKFILL
2018-09-26,QQQ,LONG,6.91,HIGH,175.44,176.92,0.844,RIGHT,2018-09-27,BACKFILL
2018-09-27,BTC,FLAT,-12.37,HIGH,6676.75,6644.13,-0.489,RIGHT,2018-09-28,BACKFILL
2018-09-27,GLD,HELD,-6.92,HIGH,112.05,112.76,0.634,RIGHT,2018-09-28,BACKFILL
2018-09-27,QQQ,LONG,7.73,HIGH,176.92,176.88,-0.023,WRONG,2018-09-28,BACKFILL
2018-09-28,BTC,FLAT,-12.51,HIGH,6644.13,6589.62,-0.82,RIGHT,2018-10-01,BACKFILL
2018-09-28,GLD,HELD,-6.25,HIGH,112.76,112.57,-0.168,WRONG,2018-10-01,BACKFILL
2018-09-28,QQQ,LONG,7.64,HIGH,176.88,177.25,0.209,RIGHT,2018-10-01,BACKFILL
2018-10-01,BTC,FLAT,-12.91,HIGH,6589.62,6556.1,-0.509,RIGHT,2018-10-02,BACKFILL
2018-10-01,GLD,HELD,-6.35,HIGH,112.57,113.87,1.155,RIGHT,2018-10-02,BACKFILL
2018-10-01,QQQ,LONG,7.79,HIGH,177.25,176.85,-0.226,WRONG,2018-10-02,BACKFILL
2018-10-02,BTC,FLAT,-13.06,HIGH,6556.1,6502.59,-0.816,RIGHT,2018-10-03,BACKFILL
2018-10-02,GLD,HELD,-5.21,HIGH,113.87,113.42,-0.395,WRONG,2018-10-03,BACKFILL
2018-10-02,QQQ,LONG,7.46,HIGH,176.85,177.04,0.107,RIGHT,2018-10-03,BACKFILL
2018-10-03,BTC,FLAT,-13.43,HIGH,6502.59,6576.69,1.14,WRONG,2018-10-04,BACKFILL
2018-10-03,GLD,HELD,-5.52,HIGH,113.42,113.48,0.053,RIGHT,2018-10-04,BACKFILL
2018-10-03,QQQ,LONG,7.49,HIGH,177.04,173.64,-1.92,WRONG,2018-10-04,BACKFILL
2018-10-04,BTC,FLAT,-12.09,HIGH,6576.69,6622.48,0.696,WRONG,2018-10-05,BACKFILL
2018-10-04,GLD,HELD,-5.41,HIGH,113.48,113.8,0.282,RIGHT,2018-10-05,BACKFILL
2018-10-04,QQQ,LONG,5.35,HIGH,173.64,171.52,-1.221,WRONG,2018-10-05,BACKFILL
2018-10-05,BTC,FLAT,-11.09,HIGH,6622.48,6652.23,0.449,WRONG,2018-10-08,BACKFILL
2018-10-05,GLD,HELD,-5.08,HIGH,113.8,112.54,-1.107,WRONG,2018-10-08,BACKFILL
2018-10-05,QQQ,LONG,4.01,MEDIUM,171.52,170.47,-0.612,WRONG,2018-10-08,BACKFILL
2018-10-08,BTC,FLAT,-10.36,HIGH,6652.23,6642.64,-0.144,RIGHT,2018-10-09,BACKFILL
2018-10-08,GLD,HELD,-6.06,HIGH,112.54,112.6,0.053,RIGHT,2018-10-09,BACKFILL
2018-10-08,QQQ,LONG,3.33,MEDIUM,170.47,171.02,0.323,RIGHT,2018-10-09,BACKFILL
2018-10-09,BTC,FLAT,-10.22,HIGH,6642.64,6585.53,-0.86,RIGHT,2018-10-10,BACKFILL
2018-10-09,GLD,HELD,-5.94,HIGH,112.6,112.88,0.249,RIGHT,2018-10-10,BACKFILL
2018-10-09,QQQ,LONG,3.62,MEDIUM,171.02,163.5,-4.397,WRONG,2018-10-10,BACKFILL
2018-10-10,BTC,FLAT,-10.76,HIGH,6585.53,6256.24,-5.0,RIGHT,2018-10-11,BACKFILL
2018-10-10,GLD,HELD,-5.64,HIGH,112.88,115.78,2.569,RIGHT,2018-10-11,BACKFILL
2018-10-10,QQQ,FLAT,-0.95,LOW,163.5,161.47,-1.242,RIGHT,2018-10-11,BACKFILL
2018-10-11,BTC,FLAT,-14.99,HIGH,6256.24,6274.58,0.293,WRONG,2018-10-12,BACKFILL
2018-10-11,GLD,HELD,-3.17,MEDIUM,115.78,115.23,-0.475,WRONG,2018-10-12,BACKFILL
2018-10-11,QQQ,FLAT,-2.17,MEDIUM,161.47,165.96,2.781,WRONG,2018-10-12,BACKFILL
2018-10-12,BTC,FLAT,-14.51,HIGH,6274.58,6596.54,5.131,WRONG,2018-10-15,BACKFILL
2018-10-12,GLD,HELD,-3.57,MEDIUM,115.23,116.0,0.668,RIGHT,2018-10-15,BACKFILL
2018-10-12,QQQ,LONG,0.54,LOW,165.96,163.96,-1.205,WRONG,2018-10-15,BACKFILL
2018-10-15,BTC,FLAT,-9.91,HIGH,6596.54,6596.11,-0.007,RIGHT,2018-10-16,BACKFILL
2018-10-15,GLD,HELD,-2.87,MEDIUM,116.0,115.8,-0.172,WRONG,2018-10-16,BACKFILL
2018-10-15,QQQ,FLAT,-0.67,LOW,163.96,168.73,2.909,WRONG,2018-10-16,BACKFILL
2018-10-16,BTC,FLAT,-9.78,HIGH,6596.11,6544.43,-0.783,RIGHT,2018-10-17,BACKFILL
2018-10-16,GLD,HELD,-2.99,MEDIUM,115.8,115.79,-0.009,WRONG,2018-10-17,BACKFILL
2018-10-16,QQQ,LONG,2.19,MEDIUM,168.73,168.79,0.036,RIGHT,2018-10-17,BACKFILL
2018-10-17,BTC,FLAT,-10.35,HIGH,6544.43,6476.71,-1.035,RIGHT,2018-10-18,BACKFILL
2018-10-17,GLD,HELD,-2.95,MEDIUM,115.79,115.92,0.112,RIGHT,2018-10-18,BACKFILL
2018-10-17,QQQ,LONG,2.2,MEDIUM,168.79,164.88,-2.316,WRONG,2018-10-18,BACKFILL
2018-10-18,BTC,FLAT,-11.12,HIGH,6476.71,6465.41,-0.174,RIGHT,2018-10-19,BACKFILL
2018-10-18,GLD,HELD,-2.79,MEDIUM,115.92,116.01,0.078,RIGHT,2018-10-19,BACKFILL
2018-10-18,QQQ,FLAT,-0.18,LOW,164.88,164.73,-0.091,RIGHT,2018-10-19,BACKFILL
2018-10-19,BTC,FLAT,-11.1,HIGH,6465.41,6487.16,0.336,WRONG,2018-10-22,BACKFILL
2018-10-19,GLD,HELD,-2.67,MEDIUM,116.01,115.71,-0.259,WRONG,2018-10-22,BACKFILL
2018-10-19,QQQ,FLAT,-0.29,LOW,164.73,165.57,0.51,WRONG,2018-10-22,BACKFILL
2018-10-22,BTC,FLAT,-10.6,HIGH,6487.16,6475.74,-0.176,RIGHT,2018-10-23,BACKFILL
2018-10-22,GLD,HELD,-2.87,MEDIUM,115.71,116.39,0.588,RIGHT,2018-10-23,BACKFILL
2018-10-22,QQQ,LONG,0.19,LOW,165.57,164.96,-0.368,WRONG,2018-10-23,BACKFILL
2018-10-23,BTC,FLAT,-10.56,HIGH,6475.74,6495.84,0.31,WRONG,2018-10-24,BACKFILL
2018-10-23,GLD,HELD,-2.24,MEDIUM,116.39,116.66,0.232,RIGHT,2018-10-24,BACKFILL
2018-10-23,QQQ,FLAT,-0.21,LOW,164.96,157.42,-4.571,RIGHT,2018-10-24,BACKFILL
2018-10-24,BTC,FLAT,-10.1,HIGH,6495.84,6476.29,-0.301,RIGHT,2018-10-25,BACKFILL
2018-10-24,GLD,HELD,-1.97,LOW,116.66,116.4,-0.223,WRONG,2018-10-25,BACKFILL
2018-10-24,QQQ,FLAT,-4.78,MEDIUM,157.42,162.86,3.456,WRONG,2018-10-25,BACKFILL
2018-10-25,BTC,FLAT,-10.17,HIGH,6476.29,6474.75,-0.024,RIGHT,2018-10-26,BACKFILL
2018-10-25,GLD,HELD,-2.12,MEDIUM,116.4,116.77,0.318,RIGHT,2018-10-26,BACKFILL
2018-10-25,QQQ,FLAT,-1.54,LOW,162.86,158.67,-2.573,RIGHT,2018-10-26,BACKFILL
2018-10-26,BTC,FLAT,-10.05,HIGH,6474.75,6332.63,-2.195,RIGHT,2018-10-29,BACKFILL
2018-10-26,GLD,HELD,-1.75,LOW,116.77,116.31,-0.394,WRONG,2018-10-29,BACKFILL
2018-10-26,QQQ,FLAT,-4.08,MEDIUM,158.67,155.41,-2.055,RIGHT,2018-10-29,BACKFILL
2018-10-29,BTC,FLAT,-11.9,HIGH,6332.63,6334.27,0.026,WRONG,2018-10-30,BACKFILL
2018-10-29,GLD,HELD,-2.07,MEDIUM,116.31,115.8,-0.438,WRONG,2018-10-30,BACKFILL
2018-10-29,QQQ,FLAT,-6.07,HIGH,155.41,157.97,1.647,WRONG,2018-10-30,BACKFILL
2018-10-30,BTC,FLAT,-11.74,HIGH,6334.27,6317.61,-0.263,RIGHT,2018-10-31,BACKFILL
2018-10-30,GLD,HELD,-2.45,MEDIUM,115.8,115.15,-0.561,WRONG,2018-10-31,BACKFILL
2018-10-30,QQQ,FLAT,-4.56,MEDIUM,157.97,161.68,2.349,WRONG,2018-10-31,BACKFILL
2018-10-31,BTC,FLAT,-11.9,HIGH,6317.61,6377.78,0.952,WRONG,2018-11-01,BACKFILL
2018-10-31,GLD,HELD,-2.94,MEDIUM,115.15,116.63,1.285,RIGHT,2018-11-01,BACKFILL
2018-10-31,QQQ,FLAT,-2.36,MEDIUM,161.68,163.81,1.317,WRONG,2018-11-01,BACKFILL
2018-11-01,BTC,FLAT,-11.01,HIGH,6377.78,6388.44,0.167,WRONG,2018-11-02,BACKFILL
2018-11-01,GLD,HELD,-1.63,LOW,116.63,116.65,0.017,RIGHT,2018-11-02,BACKFILL
2018-11-01,QQQ,FLAT,-1.13,LOW,163.81,161.26,-1.557,RIGHT,2018-11-02,BACKFILL
2018-11-02,BTC,FLAT,-10.77,HIGH,6388.44,6419.66,0.489,WRONG,2018-11-05,BACKFILL
2018-11-02,GLD,HELD,-1.56,LOW,116.65,116.37,-0.24,WRONG,2018-11-05,BACKFILL
2018-11-02,QQQ,FLAT,-2.72,MEDIUM,161.26,160.86,-0.248,RIGHT,2018-11-05,BACKFILL
2018-11-05,BTC,FLAT,-10.3,HIGH,6419.66,6461.01,0.644,WRONG,2018-11-06,BACKFILL
2018-11-05,GLD,HELD,-1.74,LOW,116.37,116.04,-0.284,WRONG,2018-11-06,BACKFILL
2018-11-05,QQQ,FLAT,-3.0,MEDIUM,160.86,162.08,0.758,WRONG,2018-11-06,BACKFILL
2018-11-06,BTC,FLAT,-9.69,HIGH,6461.01,6530.14,1.07,WRONG,2018-11-07,BACKFILL
2018-11-06,GLD,HELD,-1.97,LOW,116.04,116.03,-0.009,WRONG,2018-11-07,BACKFILL
2018-11-06,QQQ,FLAT,-2.3,MEDIUM,162.08,167.16,3.134,WRONG,2018-11-07,BACKFILL
2018-11-07,BTC,FLAT,-8.72,HIGH,6530.14,6453.72,-1.17,RIGHT,2018-11-08,BACKFILL
2018-11-07,GLD,HELD,-1.92,LOW,116.03,115.78,-0.215,WRONG,2018-11-08,BACKFILL
2018-11-07,QQQ,LONG,0.69,LOW,167.16,166.1,-0.634,WRONG,2018-11-08,BACKFILL
2018-11-08,BTC,FLAT,-9.76,HIGH,6453.72,6385.62,-1.055,RIGHT,2018-11-09,BACKFILL
2018-11-08,GLD,HELD,-2.07,MEDIUM,115.78,114.48,-1.123,WRONG,2018-11-09,BACKFILL
2018-11-08,QQQ,FLAT,-0.02,LOW,166.1,163.3,-1.686,RIGHT,2018-11-09,BACKFILL
2018-11-09,BTC,FLAT,-10.67,HIGH,6385.62,6371.27,-0.225,RIGHT,2018-11-12,BACKFILL
2018-11-09,GLD,HELD,-3.1,MEDIUM,114.48,113.66,-0.716,WRONG,2018-11-12,BACKFILL
2018-11-09,QQQ,FLAT,-1.75,LOW,163.3,158.36,-3.025,RIGHT,2018-11-12,BACKFILL
2018-11-12,BTC,FLAT,-10.82,HIGH,6371.27,6359.49,-0.185,RIGHT,2018-11-13,BACKFILL
2018-11-12,GLD,HELD,-3.72,MEDIUM,113.66,113.7,0.035,RIGHT,2018-11-13,BACKFILL
2018-11-12,QQQ,FLAT,-4.74,MEDIUM,158.36,158.49,0.082,WRONG,2018-11-13,BACKFILL
2018-11-13,BTC,FLAT,-10.86,HIGH,6359.49,5738.35,-9.767,RIGHT,2018-11-14,BACKFILL
2018-11-13,GLD,HELD,-3.61,MEDIUM,113.7,114.64,0.827,RIGHT,2018-11-14,BACKFILL
2018-11-13,QQQ,FLAT,-4.68,MEDIUM,158.49,157.28,-0.763,RIGHT,2018-11-14,BACKFILL
2018-11-14,BTC,FLAT,-19.4,HIGH,5738.35,5648.03,-1.574,RIGHT,2018-11-15,BACKFILL
2018-11-14,GLD,HELD,-2.74,MEDIUM,114.64,114.77,0.113,RIGHT,2018-11-15,BACKFILL
2018-11-14,QQQ,FLAT,-5.43,HIGH,157.28,160.03,1.748,WRONG,2018-11-15,BACKFILL
2018-11-15,BTC,FLAT,-20.49,HIGH,5648.03,5575.55,-1.283,RIGHT,2018-11-16,BACKFILL
2018-11-15,GLD,HELD,-2.56,MEDIUM,114.77,115.62,0.741,RIGHT,2018-11-16,BACKFILL
2018-11-15,QQQ,FLAT,-3.79,MEDIUM,160.03,159.47,-0.35,RIGHT,2018-11-16,BACKFILL
2018-11-16,BTC,FLAT,-21.34,HIGH,5575.55,4871.49,-12.628,RIGHT,2018-11-19,BACKFILL
2018-11-16,GLD,HELD,-1.77,LOW,115.62,115.67,0.043,RIGHT,2018-11-19,BACKFILL
2018-11-16,QQQ,FLAT,-4.14,MEDIUM,159.47,154.29,-3.248,RIGHT,2018-11-19,BACKFILL
2018-11-19,BTC,FLAT,-31.06,HIGH,4871.49,4451.87,-8.614,RIGHT,2018-11-20,BACKFILL
2018-11-19,GLD,HELD,-1.66,LOW,115.67,115.67,0.0,WRONG,2018-11-20,BACKFILL
2018-11-19,QQQ,FLAT,-7.24,HIGH,154.29,151.53,-1.789,RIGHT,2018-11-20,BACKFILL
2018-11-20,BTC,FLAT,-36.77,HIGH,4451.87,4602.17,3.376,WRONG,2018-11-21,BACKFILL
2018-11-20,GLD,HELD,-1.6,LOW,115.67,115.86,0.164,RIGHT,2018-11-21,BACKFILL
2018-11-20,QQQ,FLAT,-8.88,HIGH,151.53,152.68,0.759,WRONG,2018-11-21,BACKFILL
2018-11-21,BTC,FLAT,-34.37,HIGH,4602.17,4347.11,-5.542,RIGHT,2018-11-23,BACKFILL
2018-11-21,GLD,HELD,-1.38,LOW,115.86,115.77,-0.078,WRONG,2018-11-23,BACKFILL
2018-11-21,QQQ,FLAT,-8.18,HIGH,152.68,151.58,-0.72,RIGHT,2018-11-23,BACKFILL
2018-11-23,BTC,FLAT,-37.74,HIGH,4347.11,3779.13,-13.066,RIGHT,2018-11-26,BACKFILL
2018-11-23,GLD,HELD,-1.4,LOW,115.77,115.64,-0.112,WRONG,2018-11-26,BACKFILL
2018-11-23,QQQ,FLAT,-8.84,HIGH,151.58,155.08,2.309,WRONG,2018-11-26,BACKFILL
2018-11-26,BTC,FLAT,-45.57,HIGH,3779.13,3820.72,1.101,WRONG,2018-11-27,BACKFILL
2018-11-26,GLD,HELD,-1.45,LOW,115.64,114.95,-0.597,WRONG,2018-11-27,BACKFILL
2018-11-26,QQQ,FLAT,-6.75,HIGH,155.08,155.61,0.342,WRONG,2018-11-27,BACKFILL
2018-11-27,BTC,FLAT,-44.7,HIGH,3820.72,4257.42,11.43,WRONG,2018-11-28,BACKFILL
2018-11-27,GLD,HELD,-1.98,LOW,114.95,115.38,0.374,RIGHT,2018-11-28,BACKFILL
2018-11-27,QQQ,FLAT,-6.45,HIGH,155.61,160.61,3.213,WRONG,2018-11-28,BACKFILL
2018-11-28,BTC,FLAT,-38.08,HIGH,4257.42,4278.85,0.503,WRONG,2018-11-29,BACKFILL
2018-11-28,GLD,HELD,-1.56,LOW,115.38,115.74,0.312,RIGHT,2018-11-29,BACKFILL
2018-11-28,QQQ,FLAT,-3.47,MEDIUM,160.61,160.09,-0.324,RIGHT,2018-11-29,BACKFILL
2018-11-29,BTC,FLAT,-37.48,HIGH,4278.85,4017.27,-6.113,RIGHT,2018-11-30,BACKFILL
2018-11-29,GLD,HELD,-1.2,LOW,115.74,115.54,-0.173,WRONG,2018-11-30,BACKFILL
2018-11-29,QQQ,FLAT,-3.81,MEDIUM,160.09,161.25,0.725,WRONG,2018-11-30,BACKFILL
2018-11-30,BTC,FLAT,-41.0,HIGH,4017.27,3894.13,-3.065,RIGHT,2018-12-03,BACKFILL
2018-11-30,GLD,HELD,-1.32,LOW,115.54,116.41,0.753,RIGHT,2018-12-03,BACKFILL
2018-11-30,QQQ,FLAT,-3.15,MEDIUM,161.25,164.07,1.749,WRONG,2018-12-03,BACKFILL
2018-12-03,BTC,FLAT,-42.52,HIGH,3894.13,3956.89,1.612,WRONG,2018-12-04,BACKFILL
2018-12-03,GLD,HELD,-0.53,LOW,116.41,117.12,0.61,RIGHT,2018-12-04,BACKFILL
2018-12-03,QQQ,FLAT,-1.49,LOW,164.07,157.78,-3.834,RIGHT,2018-12-04,BACKFILL
2018-12-04,BTC,FLAT,-41.29,HIGH,3956.89,3521.1,-11.013,RIGHT,2018-12-06,BACKFILL
2018-12-04,GLD,HELD,0.11,LOW,117.12,117.14,0.017,RIGHT,2018-12-06,BACKFILL
2018-12-04,QQQ,FLAT,-5.29,HIGH,157.78,158.89,0.704,WRONG,2018-12-06,BACKFILL
2018-12-06,BTC,FLAT,-47.43,HIGH,3521.1,3419.94,-2.873,RIGHT,2018-12-07,BACKFILL
2018-12-06,GLD,HELD,0.17,LOW,117.14,118.09,0.811,RIGHT,2018-12-07,BACKFILL
2018-12-06,QQQ,FLAT,-4.64,MEDIUM,158.89,153.64,-3.304,RIGHT,2018-12-07,BACKFILL
2018-12-07,BTC,FLAT,-48.62,HIGH,3419.94,3502.66,2.419,WRONG,2018-12-10,BACKFILL
2018-12-07,GLD,HELD,1.02,LOW,118.09,117.68,-0.347,WRONG,2018-12-10,BACKFILL
2018-12-07,QQQ,FLAT,-7.78,HIGH,153.64,155.25,1.048,WRONG,2018-12-10,BACKFILL
2018-12-10,BTC,FLAT,-47.06,HIGH,3502.66,3424.59,-2.229,RIGHT,2018-12-11,BACKFILL
2018-12-10,GLD,HELD,0.71,LOW,117.68,117.54,-0.119,WRONG,2018-12-11,BACKFILL
2018-12-10,QQQ,FLAT,-6.81,HIGH,155.25,155.77,0.335,WRONG,2018-12-11,BACKFILL
2018-12-11,BTC,FLAT,-47.94,HIGH,3424.59,3486.95,1.821,WRONG,2018-12-12,BACKFILL
2018-12-11,GLD,HELD,0.63,LOW,117.54,117.79,0.213,RIGHT,2018-12-12,BACKFILL
2018-12-11,QQQ,FLAT,-6.49,HIGH,155.77,157.14,0.88,WRONG,2018-12-12,BACKFILL
2018-12-12,BTC,FLAT,-46.68,HIGH,3486.95,3313.68,-4.969,RIGHT,2018-12-13,BACKFILL
2018-12-12,GLD,HELD,0.88,LOW,117.79,117.53,-0.221,WRONG,2018-12-13,BACKFILL
2018-12-12,QQQ,FLAT,-5.66,HIGH,157.14,157.19,0.032,WRONG,2018-12-13,BACKFILL
2018-12-13,BTC,FLAT,-49.03,HIGH,3313.68,3242.48,-2.149,RIGHT,2018-12-14,BACKFILL
2018-12-13,GLD,HELD,0.7,LOW,117.53,117.06,-0.4,WRONG,2018-12-14,BACKFILL
2018-12-13,QQQ,FLAT,-5.61,HIGH,157.19,153.36,-2.437,RIGHT,2018-12-14,BACKFILL
2018-12-14,BTC,FLAT,-49.86,HIGH,3242.48,3545.86,9.356,WRONG,2018-12-17,BACKFILL
2018-12-14,GLD,HELD,0.35,LOW,117.06,117.87,0.692,RIGHT,2018-12-17,BACKFILL
2018-12-14,QQQ,FLAT,-7.89,HIGH,153.36,149.88,-2.269,RIGHT,2018-12-17,BACKFILL
2018-12-17,BTC,FLAT,-44.87,HIGH,3545.86,3696.06,4.236,WRONG,2018-12-18,BACKFILL
2018-12-17,GLD,HELD,1.08,LOW,117.87,118.15,0.238,RIGHT,2018-12-18,BACKFILL
2018-12-17,QQQ,FLAT,-9.94,HIGH,149.88,150.83,0.634,WRONG,2018-12-18,BACKFILL
2018-12-18,BTC,FLAT,-42.25,HIGH,3696.06,3745.95,1.35,WRONG,2018-12-19,BACKFILL
2018-12-18,GLD,HELD,1.34,LOW,118.15,117.43,-0.609,WRONG,2018-12-19,BACKFILL
2018-12-18,QQQ,FLAT,-9.33,HIGH,150.83,147.12,-2.46,RIGHT,2018-12-19,BACKFILL
2018-12-19,BTC,FLAT,-41.18,HIGH,3745.95,4134.44,10.371,WRONG,2018-12-20,BACKFILL
2018-12-19,GLD,HELD,0.75,LOW,117.43,119.24,1.541,RIGHT,2018-12-20,BACKFILL
2018-12-19,QQQ,FLAT,-11.52,HIGH,147.12,144.99,-1.448,RIGHT,2018-12-20,BACKFILL
2018-12-20,BTC,FLAT,-34.81,HIGH,4134.44,3896.54,-5.754,RIGHT,2018-12-21,BACKFILL
2018-12-20,GLD,HELD,2.32,MEDIUM,119.24,118.72,-0.436,WRONG,2018-12-21,BACKFILL
2018-12-20,QQQ,FLAT,-12.75,HIGH,144.99,140.5,-3.097,RIGHT,2018-12-21,BACKFILL
2018-12-21,BTC,FLAT,-38.28,HIGH,3896.54,4078.6,4.672,WRONG,2018-12-24,BACKFILL
2018-12-21,GLD,HELD,1.9,LOW,118.72,120.02,1.095,RIGHT,2018-12-24,BACKFILL
2018-12-21,QQQ,FLAT,-15.39,HIGH,140.5,137.01,-2.484,RIGHT,2018-12-24,BACKFILL
2018-12-24,BTC,FLAT,-35.1,HIGH,4078.6,3857.3,-5.426,RIGHT,2018-12-26,BACKFILL
2018-12-24,GLD,HELD,3.03,MEDIUM,120.02,119.66,-0.3,WRONG,2018-12-26,BACKFILL
2018-12-24,QQQ,FLAT,-17.41,HIGH,137.01,145.57,6.248,WRONG,2018-12-26,BACKFILL
2018-12-26,BTC,FLAT,-38.35,HIGH,3857.3,3654.83,-5.249,RIGHT,2018-12-27,BACKFILL
2018-12-26,GLD,HELD,2.74,MEDIUM,119.66,120.57,0.76,RIGHT,2018-12-27,BACKFILL
2018-12-26,QQQ,FLAT,-12.21,HIGH,145.57,146.13,0.385,WRONG,2018-12-27,BACKFILL
2018-12-27,BTC,FLAT,-41.34,HIGH,3654.83,3923.92,7.363,WRONG,2018-12-28,BACKFILL
2018-12-27,GLD,HELD,3.53,MEDIUM,120.57,121.06,0.406,RIGHT,2018-12-28,BACKFILL
2018-12-27,QQQ,FLAT,-11.82,HIGH,146.13,146.05,-0.055,RIGHT,2018-12-28,BACKFILL
2018-12-28,BTC,FLAT,-36.77,HIGH,3923.92,3742.7,-4.618,RIGHT,2018-12-31,BACKFILL
2018-12-28,GLD,HELD,3.97,MEDIUM,121.06,121.25,0.157,RIGHT,2018-12-31,BACKFILL
2018-12-28,QQQ,FLAT,-11.81,HIGH,146.05,147.29,0.849,WRONG,2018-12-31,BACKFILL
2018-12-31,BTC,FLAT,-39.45,HIGH,3742.7,3943.41,5.363,WRONG,2019-01-02,BACKFILL
2018-12-31,GLD,HELD,4.14,MEDIUM,121.25,121.33,0.066,RIGHT,2019-01-02,BACKFILL
2018-12-31,QQQ,FLAT,-11.01,HIGH,147.29,147.88,0.401,WRONG,2019-01-02,BACKFILL
2019-01-02,BTC,FLAT,-35.96,HIGH,3943.41,3836.74,-2.705,RIGHT,2019-01-03,BACKFILL
2019-01-02,GLD,HELD,4.22,MEDIUM,121.33,122.43,0.907,RIGHT,2019-01-03,BACKFILL
2019-01-02,QQQ,FLAT,-10.61,HIGH,147.88,143.05,-3.266,RIGHT,2019-01-03,BACKFILL
2019-01-03,BTC,FLAT,-37.45,HIGH,3836.74,3857.72,0.547,WRONG,2019-01-04,BACKFILL
2019-01-03,GLD,HELD,5.17,HIGH,122.43,121.44,-0.809,WRONG,2019-01-04,BACKFILL
2019-01-03,QQQ,FLAT,-13.47,HIGH,143.05,149.17,4.278,WRONG,2019-01-04,BACKFILL
2019-01-04,BTC,FLAT,-36.86,HIGH,3857.72,4025.25,4.343,WRONG,2019-01-07,BACKFILL
2019-01-04,GLD,HELD,4.33,MEDIUM,121.44,121.86,0.346,RIGHT,2019-01-07,BACKFILL
2019-01-04,QQQ,FLAT,-9.72,HIGH,149.17,150.94,1.187,WRONG,2019-01-07,BACKFILL
2019-01-07,BTC,FLAT,-33.86,HIGH,4025.25,4030.85,0.139,WRONG,2019-01-08,BACKFILL
2019-01-07,GLD,HELD,4.7,MEDIUM,121.86,121.53,-0.271,WRONG,2019-01-08,BACKFILL
2019-01-07,QQQ,FLAT,-8.6,HIGH,150.94,152.31,0.908,WRONG,2019-01-08,BACKFILL
2019-01-08,BTC,FLAT,-33.52,HIGH,4030.85,4035.3,0.11,WRONG,2019-01-09,BACKFILL
2019-01-08,GLD,HELD,4.42,MEDIUM,121.53,122.31,0.642,RIGHT,2019-01-09,BACKFILL
2019-01-08,QQQ,FLAT,-7.73,HIGH,152.31,153.55,0.814,WRONG,2019-01-09,BACKFILL
2019-01-09,BTC,FLAT,-33.18,HIGH,4035.3,3678.92,-8.832,RIGHT,2019-01-10,BACKFILL
2019-01-09,GLD,HELD,5.09,HIGH,122.31,121.59,-0.589,WRONG,2019-01-10,BACKFILL
2019-01-09,QQQ,FLAT,-6.93,HIGH,153.55,153.99,0.287,WRONG,2019-01-10,BACKFILL
2019-01-10,BTC,FLAT,-38.81,HIGH,3678.92,3687.37,0.23,WRONG,2019-01-11,BACKFILL
2019-01-10,GLD,HELD,4.48,MEDIUM,121.59,121.8,0.173,RIGHT,2019-01-11,BACKFILL
2019-01-10,QQQ,FLAT,-6.61,HIGH,153.99,153.43,-0.364,RIGHT,2019-01-11,BACKFILL
2019-01-11,BTC,FLAT,-38.4,HIGH,3687.37,3706.05,0.507,WRONG,2019-01-14,BACKFILL
2019-01-11,GLD,HELD,4.67,MEDIUM,121.8,122.09,0.238,RIGHT,2019-01-14,BACKFILL
2019-01-11,QQQ,FLAT,-6.91,HIGH,153.43,152.07,-0.886,RIGHT,2019-01-14,BACKFILL
2019-01-14,BTC,FLAT,-37.82,HIGH,3706.05,3630.68,-2.034,RIGHT,2019-01-15,BACKFILL
2019-01-14,GLD,HELD,4.92,MEDIUM,122.09,121.88,-0.172,WRONG,2019-01-15,BACKFILL
2019-01-14,QQQ,FLAT,-7.68,HIGH,152.07,155.04,1.953,WRONG,2019-01-15,BACKFILL
2019-01-15,BTC,FLAT,-38.86,HIGH,3630.68,3655.01,0.67,WRONG,2019-01-16,BACKFILL
2019-01-15,GLD,HELD,4.75,MEDIUM,121.88,122.27,0.32,RIGHT,2019-01-16,BACKFILL
2019-01-15,QQQ,FLAT,-5.84,HIGH,155.04,155.01,-0.019,RIGHT,2019-01-16,BACKFILL
2019-01-16,BTC,FLAT,-38.24,HIGH,3655.01,3678.56,0.644,WRONG,2019-01-17,BACKFILL
2019-01-16,GLD,HELD,5.09,HIGH,122.27,122.11,-0.131,WRONG,2019-01-17,BACKFILL
2019-01-16,QQQ,FLAT,-5.81,HIGH,155.01,156.23,0.787,WRONG,2019-01-17,BACKFILL
2019-01-17,BTC,FLAT,-37.66,HIGH,3678.56,3657.84,-0.563,RIGHT,2019-01-18,BACKFILL
2019-01-17,GLD,HELD,4.96,MEDIUM,122.11,121.02,-0.893,WRONG,2019-01-18,BACKFILL
2019-01-17,QQQ,FLAT,-5.03,HIGH,156.23,157.78,0.992,WRONG,2019-01-18,BACKFILL
2019-01-18,BTC,FLAT,-37.8,HIGH,3657.84,3604.58,-1.456,RIGHT,2019-01-22,BACKFILL
2019-01-18,GLD,HELD,4.03,MEDIUM,121.02,121.45,0.355,RIGHT,2019-01-22,BACKFILL
2019-01-18,QQQ,FLAT,-4.05,MEDIUM,157.78,154.62,-2.003,RIGHT,2019-01-22,BACKFILL
2019-01-22,BTC,FLAT,-38.5,HIGH,3604.58,3585.12,-0.54,RIGHT,2019-01-23,BACKFILL
2019-01-22,GLD,HELD,4.4,MEDIUM,121.45,121.28,-0.14,WRONG,2019-01-23,BACKFILL
2019-01-22,QQQ,FLAT,-5.92,HIGH,154.62,154.82,0.129,WRONG,2019-01-23,BACKFILL
2019-01-23,BTC,FLAT,-38.62,HIGH,3585.12,3600.87,0.439,WRONG,2019-01-24,BACKFILL
2019-01-23,GLD,HELD,4.26,MEDIUM,121.28,121.09,-0.157,WRONG,2019-01-24,BACKFILL
2019-01-23,QQQ,FLAT,-5.75,HIGH,154.82,155.82,0.646,WRONG,2019-01-24,BACKFILL
2019-01-24,BTC,FLAT,-38.12,HIGH,3600.87,3599.77,-0.031,RIGHT,2019-01-25,BACKFILL
2019-01-24,GLD,HELD,4.09,MEDIUM,121.09,122.86,1.462,RIGHT,2019-01-25,BACKFILL
2019-01-24,QQQ,FLAT,-5.09,HIGH,155.82,157.68,1.194,WRONG,2019-01-25,BACKFILL
2019-01-25,BTC,FLAT,-37.92,HIGH,3599.77,3470.45,-3.592,RIGHT,2019-01-28,BACKFILL
2019-01-25,GLD,HELD,5.6,HIGH,122.86,123.29,0.35,RIGHT,2019-01-28,BACKFILL
2019-01-25,QQQ,FLAT,-3.92,MEDIUM,157.68,155.74,-1.23,RIGHT,2019-01-28,BACKFILL
2019-01-28,BTC,FLAT,-39.92,HIGH,3470.45,3448.12,-0.643,RIGHT,2019-01-29,BACKFILL
2019-01-28,GLD,HELD,5.95,HIGH,123.29,123.98,0.56,RIGHT,2019-01-29,BACKFILL
2019-01-28,QQQ,FLAT,-5.06,HIGH,155.74,154.27,-0.944,RIGHT,2019-01-29,BACKFILL
2019-01-29,BTC,FLAT,-40.12,HIGH,3448.12,3486.18,1.104,WRONG,2019-01-30,BACKFILL
2019-01-29,GLD,HELD,6.52,HIGH,123.98,124.69,0.573,RIGHT,2019-01-30,BACKFILL
2019-01-29,QQQ,FLAT,-5.91,HIGH,154.27,158.19,2.541,WRONG,2019-01-30,BACKFILL
2019-01-30,BTC,FLAT,-39.27,HIGH,3486.18,3457.79,-0.814,RIGHT,2019-01-31,BACKFILL
2019-01-30,GLD,HELD,7.1,HIGH,124.69,124.75,0.048,RIGHT,2019-01-31,BACKFILL
2019-01-30,QQQ,FLAT,-3.5,MEDIUM,158.19,160.56,1.498,WRONG,2019-01-31,BACKFILL
2019-01-31,BTC,FLAT,-39.58,HIGH,3457.79,3487.95,0.872,WRONG,2019-02-01,BACKFILL
2019-01-31,GLD,HELD,7.12,HIGH,124.75,124.5,-0.2,WRONG,2019-02-01,BACKFILL
2019-01-31,QQQ,FLAT,-2.04,MEDIUM,160.56,159.88,-0.424,RIGHT,2019-02-01,BACKFILL
2019-02-01,BTC,FLAT,-38.86,HIGH,3487.95,3459.15,-0.826,RIGHT,2019-02-04,BACKFILL
2019-02-01,GLD,HELD,6.86,HIGH,124.5,123.96,-0.434,WRONG,2019-02-04,BACKFILL
2019-02-01,QQQ,FLAT,-2.45,MEDIUM,159.88,161.87,1.245,WRONG,2019-02-04,BACKFILL
2019-02-04,BTC,FLAT,-39.19,HIGH,3459.15,3466.36,0.208,WRONG,2019-02-05,BACKFILL
2019-02-04,GLD,HELD,6.37,HIGH,123.96,124.28,0.258,RIGHT,2019-02-05,BACKFILL
2019-02-04,QQQ,FLAT,-1.23,LOW,161.87,163.3,0.883,WRONG,2019-02-05,BACKFILL
2019-02-05,BTC,FLAT,-38.87,HIGH,3466.36,3413.77,-1.517,RIGHT,2019-02-06,BACKFILL
2019-02-05,GLD,HELD,6.61,HIGH,124.28,123.44,-0.676,WRONG,2019-02-06,BACKFILL
2019-02-05,QQQ,FLAT,-0.36,LOW,163.3,162.81,-0.3,RIGHT,2019-02-06,BACKFILL
2019-02-06,BTC,FLAT,-39.57,HIGH,3413.77,3399.47,-0.419,RIGHT,2019-02-07,BACKFILL
2019-02-06,GLD,HELD,5.85,HIGH,123.44,123.74,0.243,RIGHT,2019-02-07,BACKFILL
2019-02-06,QQQ,FLAT,-0.65,LOW,162.81,160.62,-1.345,RIGHT,2019-02-07,BACKFILL
2019-02-07,BTC,FLAT,-39.6,HIGH,3399.47,3666.78,7.863,WRONG,2019-02-08,BACKFILL
2019-02-07,GLD,HELD,6.08,HIGH,123.74,124.21,0.38,RIGHT,2019-02-08,BACKFILL
2019-02-07,QQQ,FLAT,-1.98,LOW,160.62,160.94,0.199,WRONG,2019-02-08,BACKFILL
2019-02-08,BTC,FLAT,-34.62,HIGH,3666.78,3648.43,-0.5,RIGHT,2019-02-11,BACKFILL
2019-02-08,GLD,HELD,6.45,HIGH,124.21,123.6,-0.491,WRONG,2019-02-11,BACKFILL
2019-02-08,QQQ,FLAT,-1.77,LOW,160.94,160.79,-0.093,RIGHT,2019-02-11,BACKFILL
2019-02-11,BTC,FLAT,-34.71,HIGH,3648.43,3653.53,0.14,WRONG,2019-02-12,BACKFILL
2019-02-11,GLD,HELD,5.9,HIGH,123.6,123.86,0.21,RIGHT,2019-02-12,BACKFILL
2019-02-11,QQQ,FLAT,-1.84,LOW,160.79,163.16,1.474,WRONG,2019-02-12,BACKFILL
2019-02-12,BTC,FLAT,-34.38,HIGH,3653.53,3632.07,-0.587,RIGHT,2019-02-13,BACKFILL
2019-02-12,GLD,HELD,6.09,HIGH,123.86,123.37,-0.396,WRONG,2019-02-13,BACKFILL
2019-02-12,QQQ,FLAT,-0.37,LOW,163.16,163.28,0.074,WRONG,2019-02-13,BACKFILL
2019-02-13,BTC,FLAT,-34.55,HIGH,3632.07,3616.88,-0.418,RIGHT,2019-02-14,BACKFILL
2019-02-13,GLD,HELD,5.64,HIGH,123.37,124.06,0.559,RIGHT,2019-02-14,BACKFILL
2019-02-13,QQQ,FLAT,-0.28,LOW,163.28,163.48,0.122,WRONG,2019-02-14,BACKFILL
2019-02-14,BTC,FLAT,-34.61,HIGH,3616.88,3620.81,0.109,WRONG,2019-02-15,BACKFILL
2019-02-14,GLD,HELD,6.2,HIGH,124.06,124.8,0.596,RIGHT,2019-02-15,BACKFILL
2019-02-14,QQQ,FLAT,-0.14,LOW,163.48,164.17,0.422,WRONG,2019-02-15,BACKFILL
2019-02-15,BTC,FLAT,-34.33,HIGH,3620.81,3947.09,9.011,WRONG,2019-02-19,BACKFILL
2019-02-15,GLD,HELD,6.79,HIGH,124.8,126.7,1.522,RIGHT,2019-02-19,BACKFILL
2019-02-15,QQQ,LONG,0.31,LOW,164.17,164.49,0.195,RIGHT,2019-02-19,BACKFILL
2019-02-19,BTC,FLAT,-28.22,HIGH,3947.09,3999.82,1.336,WRONG,2019-02-20,BACKFILL
2019-02-19,GLD,HELD,8.36,HIGH,126.7,126.48,-0.174,WRONG,2019-02-20,BACKFILL
2019-02-19,QQQ,LONG,0.53,LOW,164.49,164.46,-0.018,WRONG,2019-02-20,BACKFILL
2019-02-20,BTC,FLAT,-27.01,HIGH,3999.82,3954.12,-1.143,RIGHT,2019-02-21,BACKFILL
2019-02-20,GLD,HELD,8.11,HIGH,126.48,125.05,-1.131,WRONG,2019-02-21,BACKFILL
2019-02-20,QQQ,LONG,0.53,LOW,164.46,163.86,-0.365,WRONG,2019-02-21,BACKFILL
2019-02-21,BTC,FLAT,-27.55,HIGH,3954.12,4005.53,1.3,WRONG,2019-02-22,BACKFILL
2019-02-21,GLD,HELD,6.84,HIGH,125.05,125.5,0.36,RIGHT,2019-02-22,BACKFILL
2019-02-21,QQQ,LONG,0.2,LOW,163.86,165.07,0.738,RIGHT,2019-02-22,BACKFILL
2019-02-22,BTC,FLAT,-26.31,HIGH,4005.53,3882.7,-3.067,RIGHT,2019-02-25,BACKFILL
2019-02-22,GLD,HELD,7.17,HIGH,125.5,125.37,-0.104,WRONG,2019-02-25,BACKFILL
2019-02-22,QQQ,LONG,0.96,LOW,165.07,165.68,0.37,RIGHT,2019-02-25,BACKFILL
2019-02-25,BTC,FLAT,-28.25,HIGH,3882.7,3854.36,-0.73,RIGHT,2019-02-26,BACKFILL
2019-02-25,GLD,HELD,7.0,HIGH,125.37,125.58,0.168,RIGHT,2019-02-26,BACKFILL
2019-02-25,QQQ,LONG,1.35,LOW,165.68,165.85,0.103,RIGHT,2019-02-26,BACKFILL
2019-02-26,BTC,FLAT,-28.47,HIGH,3854.36,3851.05,-0.086,RIGHT,2019-02-27,BACKFILL
2019-02-26,GLD,HELD,7.12,HIGH,125.58,124.69,-0.709,WRONG,2019-02-27,BACKFILL
2019-02-26,QQQ,LONG,1.48,LOW,165.85,165.74,-0.066,WRONG,2019-02-27,BACKFILL
2019-02-27,BTC,FLAT,-28.18,HIGH,3851.05,3854.79,0.097,WRONG,2019-02-28,BACKFILL
2019-02-27,GLD,HELD,6.31,HIGH,124.69,123.99,-0.561,WRONG,2019-02-28,BACKFILL
2019-02-27,QQQ,LONG,1.43,LOW,165.74,165.36,-0.229,WRONG,2019-02-28,BACKFILL
2019-02-28,BTC,FLAT,-27.7,HIGH,3854.79,3859.58,0.124,WRONG,2019-03-01,BACKFILL
2019-02-28,GLD,HELD,5.67,HIGH,123.99,121.88,-1.702,WRONG,2019-03-01,BACKFILL
2019-02-28,QQQ,LONG,1.22,LOW,165.36,166.51,0.695,RIGHT,2019-03-01,BACKFILL
2019-03-01,BTC,FLAT,-27.22,HIGH,3859.58,3761.56,-2.54,RIGHT,2019-03-04,BACKFILL
2019-03-01,GLD,HELD,3.84,MEDIUM,121.88,121.56,-0.263,WRONG,2019-03-04,BACKFILL
2019-03-01,QQQ,LONG,1.95,LOW,166.51,166.53,0.012,RIGHT,2019-03-04,BACKFILL
2019-03-04,BTC,FLAT,-28.69,HIGH,3761.56,3896.38,3.584,WRONG,2019-03-05,BACKFILL
2019-03-04,GLD,HELD,3.53,MEDIUM,121.56,121.72,0.132,RIGHT,2019-03-05,BACKFILL
2019-03-04,QQQ,LONG,1.99,LOW,166.53,166.66,0.078,RIGHT,2019-03-05,BACKFILL
2019-03-05,BTC,FLAT,-25.74,HIGH,3896.38,3903.94,0.194,WRONG,2019-03-06,BACKFILL
2019-03-05,GLD,HELD,3.63,MEDIUM,121.72,121.61,-0.09,WRONG,2019-03-06,BACKFILL
2019-03-05,QQQ,LONG,2.07,MEDIUM,166.66,165.71,-0.57,WRONG,2019-03-06,BACKFILL
2019-03-06,BTC,FLAT,-25.19,HIGH,3903.94,3911.48,0.193,WRONG,2019-03-07,BACKFILL
2019-03-06,GLD,HELD,3.5,MEDIUM,121.61,121.51,-0.082,WRONG,2019-03-07,BACKFILL
2019-03-06,QQQ,LONG,1.5,LOW,165.71,163.68,-1.225,WRONG,2019-03-07,BACKFILL
2019-03-07,BTC,FLAT,-24.67,HIGH,3911.48,3901.13,-0.265,RIGHT,2019-03-08,BACKFILL
2019-03-07,GLD,HELD,3.39,MEDIUM,121.51,122.84,1.095,RIGHT,2019-03-08,BACKFILL
2019-03-07,QQQ,LONG,0.27,LOW,163.68,163.43,-0.153,WRONG,2019-03-08,BACKFILL
2019-03-08,BTC,FLAT,-24.51,HIGH,3901.13,3905.23,0.105,WRONG,2019-03-11,BACKFILL
2019-03-08,GLD,HELD,4.47,MEDIUM,122.84,122.24,-0.488,WRONG,2019-03-11,BACKFILL
2019-03-08,QQQ,LONG,0.14,LOW,163.43,166.83,2.08,RIGHT,2019-03-11,BACKFILL
2019-03-11,BTC,FLAT,-24.07,HIGH,3905.23,3909.16,0.101,WRONG,2019-03-12,BACKFILL
2019-03-11,GLD,HELD,3.92,MEDIUM,122.24,122.98,0.605,RIGHT,2019-03-12,BACKFILL
2019-03-11,QQQ,LONG,2.23,MEDIUM,166.83,167.75,0.551,RIGHT,2019-03-12,BACKFILL
2019-03-12,BTC,FLAT,-23.64,HIGH,3909.16,3906.72,-0.062,RIGHT,2019-03-13,BACKFILL
2019-03-12,GLD,HELD,4.5,MEDIUM,122.98,123.84,0.699,RIGHT,2019-03-13,BACKFILL
2019-03-12,QQQ,LONG,2.81,MEDIUM,167.75,169.01,0.751,RIGHT,2019-03-13,BACKFILL
2019-03-13,BTC,FLAT,-23.39,HIGH,3906.72,3924.37,0.452,WRONG,2019-03-14,BACKFILL
2019-03-13,GLD,HELD,5.17,HIGH,123.84,122.41,-1.155,WRONG,2019-03-14,BACKFILL
2019-03-13,QQQ,LONG,3.6,MEDIUM,169.01,168.72,-0.172,WRONG,2019-03-14,BACKFILL
2019-03-14,BTC,FLAT,-22.76,HIGH,3924.37,3960.91,0.931,WRONG,2019-03-15,BACKFILL
2019-03-14,GLD,HELD,3.91,MEDIUM,122.41,122.97,0.457,RIGHT,2019-03-15,BACKFILL
2019-03-14,QQQ,LONG,3.44,MEDIUM,168.72,170.29,0.931,RIGHT,2019-03-15,BACKFILL
2019-03-15,BTC,FLAT,-21.8,HIGH,3960.91,4032.51,1.808,WRONG,2019-03-18,BACKFILL
2019-03-15,GLD,HELD,4.34,MEDIUM,122.97,123.04,0.057,RIGHT,2019-03-18,BACKFILL
2019-03-15,QQQ,LONG,4.41,MEDIUM,170.29,170.69,0.235,RIGHT,2019-03-18,BACKFILL
2019-03-18,BTC,FLAT,-20.12,HIGH,4032.51,4071.19,0.959,WRONG,2019-03-19,BACKFILL
2019-03-18,GLD,HELD,4.35,MEDIUM,123.04,123.38,0.276,RIGHT,2019-03-19,BACKFILL
2019-03-18,QQQ,LONG,4.67,MEDIUM,170.69,171.27,0.34,RIGHT,2019-03-19,BACKFILL
2019-03-19,BTC,FLAT,-19.12,HIGH,4071.19,4087.48,0.4,WRONG,2019-03-20,BACKFILL
2019-03-19,GLD,HELD,4.59,MEDIUM,123.38,124.18,0.648,RIGHT,2019-03-20,BACKFILL
2019-03-19,QQQ,LONG,5.02,HIGH,171.27,171.95,0.397,RIGHT,2019-03-20,BACKFILL
2019-03-20,BTC,FLAT,-18.56,HIGH,4087.48,4029.33,-1.423,RIGHT,2019-03-21,BACKFILL
2019-03-20,GLD,HELD,5.2,HIGH,124.18,123.68,-0.403,WRONG,2019-03-21,BACKFILL
2019-03-20,QQQ,LONG,5.44,HIGH,171.95,174.63,1.559,RIGHT,2019-03-21,BACKFILL
2019-03-21,BTC,FLAT,-19.49,HIGH,4029.33,4023.97,-0.133,RIGHT,2019-03-22,BACKFILL
2019-03-21,GLD,HELD,4.71,MEDIUM,123.68,123.97,0.234,RIGHT,2019-03-22,BACKFILL
2019-03-21,QQQ,LONG,7.07,HIGH,174.63,170.8,-2.193,WRONG,2019-03-22,BACKFILL
2019-03-22,BTC,FLAT,-19.35,HIGH,4023.97,3963.07,-1.513,RIGHT,2019-03-25,BACKFILL
2019-03-22,GLD,HELD,4.88,MEDIUM,123.97,124.92,0.766,RIGHT,2019-03-25,BACKFILL
2019-03-22,QQQ,LONG,4.72,MEDIUM,170.8,170.47,-0.193,WRONG,2019-03-25,BACKFILL
2019-03-25,BTC,FLAT,-20.32,HIGH,3963.07,3985.08,0.555,WRONG,2019-03-26,BACKFILL
2019-03-25,GLD,HELD,5.6,HIGH,124.92,124.3,-0.496,WRONG,2019-03-26,BACKFILL
2019-03-25,QQQ,LONG,4.52,MEDIUM,170.47,171.27,0.469,RIGHT,2019-03-26,BACKFILL
2019-03-26,BTC,FLAT,-19.6,HIGH,3985.08,4087.07,2.559,WRONG,2019-03-27,BACKFILL
2019-03-26,GLD,HELD,5.01,HIGH,124.3,123.65,-0.523,WRONG,2019-03-27,BACKFILL
2019-03-26,QQQ,LONG,5.01,HIGH,171.27,170.17,-0.642,WRONG,2019-03-27,BACKFILL
2019-03-27,BTC,FLAT,-17.29,HIGH,4087.07,4069.11,-0.439,RIGHT,2019-03-28,BACKFILL
2019-03-27,GLD,HELD,4.39,MEDIUM,123.65,121.9,-1.415,WRONG,2019-03-28,BACKFILL
2019-03-27,QQQ,LONG,4.34,MEDIUM,170.17,170.56,0.229,RIGHT,2019-03-28,BACKFILL
2019-03-28,BTC,FLAT,-17.39,HIGH,4069.11,4098.37,0.719,WRONG,2019-03-29,BACKFILL
2019-03-28,GLD,HELD,2.86,MEDIUM,121.9,122.01,0.09,RIGHT,2019-03-29,BACKFILL
2019-03-28,QQQ,LONG,4.58,MEDIUM,170.56,171.85,0.756,RIGHT,2019-03-29,BACKFILL
2019-03-29,BTC,FLAT,-16.53,HIGH,4098.37,4158.18,1.459,WRONG,2019-04-01,BACKFILL
2019-03-29,GLD,HELD,2.91,MEDIUM,122.01,121.53,-0.393,WRONG,2019-04-01,BACKFILL
2019-03-29,QQQ,LONG,5.37,HIGH,171.85,174.13,1.327,RIGHT,2019-04-01,BACKFILL
2019-04-01,BTC,FLAT,-15.04,HIGH,4158.18,4879.88,17.356,WRONG,2019-04-02,BACKFILL
2019-04-01,GLD,HELD,2.45,MEDIUM,121.53,121.98,0.37,RIGHT,2019-04-02,BACKFILL
2019-04-01,QQQ,LONG,6.76,HIGH,174.13,174.79,0.379,RIGHT,2019-04-02,BACKFILL
2019-04-02,BTC,FLAT,-0.05,LOW,4879.88,4973.02,1.909,WRONG,2019-04-03,BACKFILL
2019-04-02,GLD,HELD,2.78,MEDIUM,121.98,121.8,-0.148,WRONG,2019-04-03,BACKFILL
2019-04-02,QQQ,LONG,7.16,HIGH,174.79,175.79,0.572,RIGHT,2019-04-03,BACKFILL
2019-04-03,BTC,LONG,2.13,MEDIUM,4973.02,4922.8,-1.01,WRONG,2019-04-04,BACKFILL
2019-04-03,GLD,HELD,2.59,MEDIUM,121.8,122.11,0.255,RIGHT,2019-04-04,BACKFILL
2019-04-03,QQQ,LONG,7.77,HIGH,175.79,175.72,-0.04,WRONG,2019-04-04,BACKFILL
2019-04-04,BTC,LONG,1.4,LOW,4922.8,5036.68,2.313,RIGHT,2019-04-05,BACKFILL
2019-04-04,GLD,HELD,2.8,MEDIUM,122.11,121.98,-0.106,WRONG,2019-04-05,BACKFILL
2019-04-04,QQQ,LONG,7.73,HIGH,175.72,176.63,0.518,RIGHT,2019-04-05,BACKFILL
2019-04-05,BTC,LONG,4.03,MEDIUM,5036.68,5289.77,5.025,RIGHT,2019-04-08,BACKFILL
2019-04-05,GLD,HELD,2.65,MEDIUM,121.98,122.51,0.434,RIGHT,2019-04-08,BACKFILL
2019-04-05,QQQ,LONG,8.29,HIGH,176.63,177.08,0.255,RIGHT,2019-04-08,BACKFILL
2019-04-08,BTC,LONG,9.51,HIGH,5289.77,5204.96,-1.603,WRONG,2019-04-09,BACKFILL
2019-04-08,GLD,HELD,3.04,MEDIUM,122.51,123.15,0.522,RIGHT,2019-04-09,BACKFILL
2019-04-08,QQQ,LONG,8.56,HIGH,177.08,176.46,-0.35,WRONG,2019-04-09,BACKFILL
2019-04-09,BTC,LONG,8.03,HIGH,5204.96,5324.55,2.298,RIGHT,2019-04-10,BACKFILL
2019-04-09,GLD,HELD,3.52,MEDIUM,123.15,123.53,0.309,RIGHT,2019-04-10,BACKFILL
2019-04-09,QQQ,LONG,8.19,HIGH,176.46,177.41,0.538,RIGHT,2019-04-10,BACKFILL
2019-04-10,BTC,LONG,10.83,HIGH,5324.55,5064.49,-4.884,WRONG,2019-04-11,BACKFILL
2019-04-10,GLD,HELD,3.78,MEDIUM,123.53,121.95,-1.279,WRONG,2019-04-11,BACKFILL
2019-04-10,QQQ,LONG,8.77,HIGH,177.41,176.99,-0.237,WRONG,2019-04-11,BACKFILL
2019-04-11,BTC,LONG,5.67,HIGH,5064.49,5089.54,0.495,RIGHT,2019-04-12,BACKFILL
2019-04-11,GLD,HELD,2.4,MEDIUM,121.95,121.83,-0.098,WRONG,2019-04-12,BACKFILL
2019-04-11,QQQ,LONG,8.5,HIGH,176.99,177.75,0.429,RIGHT,2019-04-12,BACKFILL
2019-04-12,BTC,LONG,6.4,HIGH,5089.54,5067.11,-0.441,WRONG,2019-04-15,BACKFILL
2019-04-12,GLD,HELD,2.26,MEDIUM,121.83,121.6,-0.189,WRONG,2019-04-15,BACKFILL
2019-04-12,QQQ,LONG,8.94,HIGH,177.75,177.78,0.017,RIGHT,2019-04-15,BACKFILL
2019-04-15,BTC,LONG,6.14,HIGH,5067.11,5235.56,3.324,RIGHT,2019-04-16,BACKFILL
2019-04-15,GLD,HELD,2.02,MEDIUM,121.6,120.51,-0.896,WRONG,2019-04-16,BACKFILL
2019-04-15,QQQ,LONG,8.93,HIGH,177.78,178.39,0.343,RIGHT,2019-04-16,BACKFILL
2019-04-16,BTC,LONG,9.84,HIGH,5235.56,5251.94,0.313,RIGHT,2019-04-17,BACKFILL
2019-04-16,GLD,HELD,1.06,LOW,120.51,120.28,-0.191,WRONG,2019-04-17,BACKFILL
2019-04-16,QQQ,LONG,9.28,HIGH,178.39,179.01,0.348,RIGHT,2019-04-17,BACKFILL
2019-04-17,BTC,LONG,10.35,HIGH,5251.94,5298.39,0.884,RIGHT,2019-04-18,BACKFILL
2019-04-17,GLD,HELD,0.83,LOW,120.28,120.37,0.075,RIGHT,2019-04-18,BACKFILL
2019-04-17,QQQ,LONG,9.64,HIGH,179.01,179.24,0.128,RIGHT,2019-04-18,BACKFILL
2019-04-18,BTC,LONG,11.49,HIGH,5298.39,5399.37,1.906,RIGHT,2019-04-22,BACKFILL
2019-04-18,GLD,HELD,0.87,LOW,120.37,120.37,0.0,WRONG,2019-04-22,BACKFILL
2019-04-18,QQQ,LONG,9.76,HIGH,179.24,179.75,0.285,RIGHT,2019-04-22,BACKFILL
2019-04-22,BTC,LONG,13.79,HIGH,5399.37,5572.36,3.204,RIGHT,2019-04-23,BACKFILL
2019-04-22,GLD,HELD,0.83,LOW,120.37,120.12,-0.208,WRONG,2019-04-23,BACKFILL
2019-04-22,QQQ,LONG,10.05,HIGH,179.75,182.04,1.274,RIGHT,2019-04-23,BACKFILL
2019-04-23,BTC,LONG,17.59,HIGH,5572.36,5464.87,-1.929,WRONG,2019-04-24,BACKFILL
2019-04-23,GLD,HELD,0.58,LOW,120.12,120.47,0.291,RIGHT,2019-04-24,BACKFILL
2019-04-23,QQQ,LONG,11.42,HIGH,182.04,181.46,-0.319,WRONG,2019-04-24,BACKFILL
2019-04-24,BTC,LONG,15.45,HIGH,5464.87,5210.52,-4.654,WRONG,2019-04-25,BACKFILL
2019-04-24,GLD,HELD,0.84,LOW,120.47,120.57,0.083,RIGHT,2019-04-25,BACKFILL
2019-04-24,QQQ,LONG,11.02,HIGH,181.46,182.2,0.408,RIGHT,2019-04-25,BACKFILL
2019-04-25,BTC,LONG,10.26,HIGH,5210.52,5279.35,1.321,RIGHT,2019-04-26,BACKFILL
2019-04-25,GLD,HELD,0.88,LOW,120.57,121.37,0.664,RIGHT,2019-04-26,BACKFILL
2019-04-25,QQQ,LONG,11.44,HIGH,182.2,182.36,0.088,RIGHT,2019-04-26,BACKFILL
2019-04-26,BTC,LONG,11.89,HIGH,5279.35,5247.35,-0.606,WRONG,2019-04-29,BACKFILL
2019-04-26,GLD,HELD,1.51,LOW,121.37,120.83,-0.445,WRONG,2019-04-29,BACKFILL
2019-04-26,QQQ,LONG,11.49,HIGH,182.36,182.72,0.197,RIGHT,2019-04-29,BACKFILL
2019-04-29,BTC,LONG,11.42,HIGH,5247.35,5350.73,1.97,RIGHT,2019-04-30,BACKFILL
2019-04-29,GLD,HELD,1.02,LOW,120.83,121.2,0.306,RIGHT,2019-04-30,BACKFILL
2019-04-29,QQQ,LONG,11.68,HIGH,182.72,181.3,-0.777,WRONG,2019-04-30,BACKFILL
2019-04-30,BTC,LONG,13.83,HIGH,5350.73,5402.7,0.971,RIGHT,2019-05-01,BACKFILL
2019-04-30,GLD,HELD,1.28,LOW,121.2,120.4,-0.66,WRONG,2019-05-01,BACKFILL
2019-04-30,QQQ,LONG,10.78,HIGH,181.3,180.72,-0.32,WRONG,2019-05-01,BACKFILL
2019-05-01,BTC,LONG,15.14,HIGH,5402.7,5505.28,1.899,RIGHT,2019-05-02,BACKFILL
2019-05-01,GLD,HELD,0.58,LOW,120.4,119.94,-0.382,WRONG,2019-05-02,BACKFILL
2019-05-01,QQQ,LONG,10.4,HIGH,180.72,179.93,-0.437,WRONG,2019-05-02,BACKFILL
2019-05-02,BTC,LONG,17.48,HIGH,5505.28,5768.29,4.777,RIGHT,2019-05-03,BACKFILL
2019-05-02,GLD,HELD,0.16,LOW,119.94,120.65,0.592,RIGHT,2019-05-03,BACKFILL
2019-05-02,QQQ,LONG,9.9,HIGH,179.93,182.8,1.595,RIGHT,2019-05-03,BACKFILL
2019-05-03,BTC,LONG,23.22,HIGH,5768.29,5746.81,-0.372,WRONG,2019-05-06,BACKFILL
2019-05-03,GLD,HELD,0.71,LOW,120.65,120.81,0.133,RIGHT,2019-05-06,BACKFILL
2019-05-03,QQQ,LONG,11.62,HIGH,182.8,181.68,-0.613,WRONG,2019-05-06,BACKFILL
2019-05-06,BTC,LONG,22.92,HIGH,5746.81,5829.5,1.439,RIGHT,2019-05-07,BACKFILL
2019-05-06,GLD,HELD,0.79,LOW,120.81,121.21,0.331,RIGHT,2019-05-07,BACKFILL
2019-05-06,QQQ,LONG,10.91,HIGH,181.68,178.14,-1.948,WRONG,2019-05-07,BACKFILL
2019-05-07,BTC,LONG,24.84,HIGH,5829.5,5982.46,2.624,RIGHT,2019-05-08,BACKFILL
2019-05-07,GLD,HELD,1.08,LOW,121.21,120.91,-0.248,WRONG,2019-05-08,BACKFILL
2019-05-07,QQQ,LONG,8.75,HIGH,178.14,177.69,-0.253,WRONG,2019-05-08,BACKFILL
2019-05-08,BTC,LONG,28.22,HIGH,5982.46,6174.53,3.211,RIGHT,2019-05-09,BACKFILL
2019-05-08,GLD,HELD,0.78,LOW,120.91,121.2,0.24,RIGHT,2019-05-09,BACKFILL
2019-05-08,QQQ,LONG,8.47,HIGH,177.69,176.74,-0.535,WRONG,2019-05-09,BACKFILL
2019-05-09,BTC,LONG,32.41,HIGH,6174.53,6378.85,3.309,RIGHT,2019-05-10,BACKFILL
2019-05-09,GLD,HELD,0.98,LOW,121.2,121.43,0.19,RIGHT,2019-05-10,BACKFILL
2019-05-09,QQQ,LONG,7.89,HIGH,176.74,176.96,0.124,RIGHT,2019-05-10,BACKFILL
2019-05-10,BTC,LONG,36.82,HIGH,6378.85,7814.92,22.513,RIGHT,2019-05-13,BACKFILL
2019-05-10,GLD,HELD,1.13,LOW,121.43,122.67,1.021,RIGHT,2019-05-13,BACKFILL
2019-05-10,QQQ,LONG,8.03,HIGH,176.96,170.82,-3.47,WRONG,2019-05-13,BACKFILL
2019-05-13,BTC,LONG,67.32,HIGH,7814.92,7994.42,2.297,RIGHT,2019-05-14,BACKFILL
2019-05-13,GLD,HELD,2.11,MEDIUM,122.67,122.46,-0.171,WRONG,2019-05-14,BACKFILL
2019-05-13,QQQ,LONG,4.29,MEDIUM,170.82,172.69,1.095,RIGHT,2019-05-14,BACKFILL
2019-05-14,BTC,LONG,70.83,HIGH,7994.42,8205.17,2.636,RIGHT,2019-05-15,BACKFILL
2019-05-14,GLD,HELD,1.88,LOW,122.46,122.39,-0.057,WRONG,2019-05-15,BACKFILL
2019-05-14,QQQ,LONG,5.43,HIGH,172.69,175.13,1.413,RIGHT,2019-05-15,BACKFILL
2019-05-15,BTC,LONG,74.95,HIGH,8205.17,7884.91,-3.903,WRONG,2019-05-16,BACKFILL
2019-05-15,GLD,HELD,1.77,LOW,122.39,121.51,-0.719,WRONG,2019-05-16,BACKFILL
2019-05-15,QQQ,LONG,6.9,HIGH,175.13,176.89,1.005,RIGHT,2019-05-16,BACKFILL
2019-05-16,BTC,LONG,67.82,HIGH,7884.91,7343.9,-6.861,WRONG,2019-05-17,BACKFILL
2019-05-16,GLD,HELD,0.99,LOW,121.51,120.65,-0.708,WRONG,2019-05-17,BACKFILL
2019-05-16,QQQ,LONG,7.94,HIGH,176.89,175.08,-1.023,WRONG,2019-05-17,BACKFILL
2019-05-17,BTC,LONG,56.14,HIGH,7343.9,7978.31,8.639,RIGHT,2019-05-20,BACKFILL
2019-05-17,GLD,HELD,0.23,LOW,120.65,120.64,-0.008,WRONG,2019-05-20,BACKFILL
2019-05-17,QQQ,LONG,6.79,HIGH,175.08,172.13,-1.685,WRONG,2019-05-20,BACKFILL
2019-05-20,BTC,LONG,69.22,HIGH,7978.31,7963.33,-0.188,WRONG,2019-05-21,BACKFILL
2019-05-20,GLD,HELD,0.2,LOW,120.64,120.36,-0.232,WRONG,2019-05-21,BACKFILL
2019-05-20,QQQ,LONG,4.94,MEDIUM,172.13,173.93,1.046,RIGHT,2019-05-21,BACKFILL
2019-05-21,BTC,LONG,68.5,HIGH,7963.33,7680.07,-3.557,WRONG,2019-05-22,BACKFILL
2019-05-21,GLD,HELD,-0.06,LOW,120.36,120.24,-0.1,WRONG,2019-05-22,BACKFILL
2019-05-21,QQQ,LONG,6.01,HIGH,173.93,173.15,-0.448,WRONG,2019-05-22,BACKFILL
2019-05-22,BTC,LONG,62.25,HIGH,7680.07,7881.85,2.627,RIGHT,2019-05-23,BACKFILL
2019-05-22,GLD,HELD,-0.19,LOW,120.24,121.17,0.773,RIGHT,2019-05-23,BACKFILL
2019-05-22,QQQ,LONG,5.49,HIGH,173.15,170.5,-1.53,WRONG,2019-05-23,BACKFILL
2019-05-23,BTC,LONG,66.22,HIGH,7881.85,7987.37,1.339,RIGHT,2019-05-24,BACKFILL
2019-05-23,GLD,HELD,0.55,LOW,121.17,121.3,0.107,RIGHT,2019-05-24,BACKFILL
2019-05-23,QQQ,LONG,3.87,MEDIUM,170.5,170.42,-0.047,WRONG,2019-05-24,BACKFILL
2019-05-24,BTC,LONG,68.1,HIGH,7987.37,8719.96,9.172,RIGHT,2019-05-28,BACKFILL
2019-05-24,GLD,HELD,0.63,LOW,121.3,120.83,-0.387,WRONG,2019-05-28,BACKFILL
2019-05-24,QQQ,LONG,3.81,MEDIUM,170.42,169.77,-0.381,WRONG,2019-05-28,BACKFILL
2019-05-28,BTC,LONG,82.94,HIGH,8719.96,8659.49,-0.693,WRONG,2019-05-29,BACKFILL
2019-05-28,GLD,HELD,0.21,LOW,120.83,120.87,0.033,RIGHT,2019-05-29,BACKFILL
2019-05-28,QQQ,LONG,3.4,MEDIUM,169.77,168.38,-0.819,WRONG,2019-05-29,BACKFILL
2019-05-29,BTC,LONG,81.12,HIGH,8659.49,8319.47,-3.927,WRONG,2019-05-30,BACKFILL
2019-05-29,GLD,HELD,0.22,LOW,120.87,121.69,0.678,RIGHT,2019-05-30,BACKFILL
2019-05-29,QQQ,LONG,2.54,MEDIUM,168.38,169.09,0.422,RIGHT,2019-05-30,BACKFILL
2019-05-30,BTC,LONG,73.56,HIGH,8319.47,8574.5,3.065,RIGHT,2019-05-31,BACKFILL
2019-05-30,GLD,HELD,0.87,LOW,121.69,123.33,1.348,RIGHT,2019-05-31,BACKFILL
2019-05-30,QQQ,LONG,2.95,MEDIUM,169.09,166.39,-1.597,WRONG,2019-05-31,BACKFILL
2019-05-31,BTC,LONG,78.36,HIGH,8574.5,8209.0,-4.263,WRONG,2019-06-03,BACKFILL
2019-05-31,GLD,HELD,2.19,MEDIUM,123.33,125.11,1.443,RIGHT,2019-06-03,BACKFILL
2019-05-31,QQQ,LONG,1.3,LOW,166.39,162.72,-2.206,WRONG,2019-06-03,BACKFILL
2019-06-03,BTC,LONG,70.35,HIGH,8209.0,7707.77,-6.106,WRONG,2019-06-04,BACKFILL
2019-06-03,GLD,HELD,3.61,MEDIUM,125.11,125.15,0.032,RIGHT,2019-06-04,BACKFILL
2019-06-03,QQQ,FLAT,-0.95,LOW,162.72,167.31,2.821,WRONG,2019-06-04,BACKFILL
2019-06-04,BTC,LONG,59.68,HIGH,7707.77,7824.23,1.511,RIGHT,2019-06-05,BACKFILL
2019-06-04,GLD,HELD,3.6,MEDIUM,125.15,125.47,0.256,RIGHT,2019-06-05,BACKFILL
2019-06-04,QQQ,LONG,1.82,LOW,167.31,168.55,0.741,RIGHT,2019-06-05,BACKFILL
2019-06-05,BTC,LONG,61.79,HIGH,7824.23,7822.02,-0.028,WRONG,2019-06-06,BACKFILL
2019-06-05,GLD,HELD,3.81,MEDIUM,125.47,125.88,0.327,RIGHT,2019-06-06,BACKFILL
2019-06-05,QQQ,LONG,2.54,MEDIUM,168.55,169.89,0.795,RIGHT,2019-06-06,BACKFILL
2019-06-06,BTC,LONG,61.42,HIGH,7822.02,8043.95,2.837,RIGHT,2019-06-07,BACKFILL
2019-06-06,GLD,HELD,4.1,MEDIUM,125.88,126.59,0.564,RIGHT,2019-06-07,BACKFILL
2019-06-06,QQQ,LONG,3.29,MEDIUM,169.89,173.17,1.931,RIGHT,2019-06-07,BACKFILL
2019-06-07,BTC,LONG,65.61,HIGH,8043.95,8000.33,-0.542,WRONG,2019-06-10,BACKFILL
2019-06-07,GLD,HELD,4.62,MEDIUM,126.59,125.33,-0.995,WRONG,2019-06-10,BACKFILL
2019-06-07,QQQ,LONG,5.22,HIGH,173.17,175.19,1.166,RIGHT,2019-06-10,BACKFILL
2019-06-10,BTC,LONG,64.33,HIGH,8000.33,7927.71,-0.908,WRONG,2019-06-11,BACKFILL
2019-06-10,GLD,HELD,3.52,MEDIUM,125.33,125.18,-0.12,WRONG,2019-06-11,BACKFILL
2019-06-10,QQQ,LONG,6.39,HIGH,175.19,175.43,0.137,RIGHT,2019-06-11,BACKFILL
2019-06-11,BTC,LONG,62.49,HIGH,7927.71,8145.86,2.752,RIGHT,2019-06-12,BACKFILL
2019-06-11,GLD,HELD,3.35,MEDIUM,125.18,125.83,0.519,RIGHT,2019-06-12,BACKFILL
2019-06-11,QQQ,LONG,6.49,HIGH,175.43,174.41,-0.581,WRONG,2019-06-12,BACKFILL
2019-06-12,BTC,LONG,66.56,HIGH,8145.86,8230.92,1.044,RIGHT,2019-06-13,BACKFILL
2019-06-12,GLD,HELD,3.83,MEDIUM,125.83,126.6,0.612,RIGHT,2019-06-13,BACKFILL
2019-06-12,QQQ,LONG,5.81,HIGH,174.41,175.45,0.596,RIGHT,2019-06-13,BACKFILL
2019-06-13,BTC,LONG,67.89,HIGH,8230.92,8693.83,5.624,RIGHT,2019-06-14,BACKFILL
2019-06-13,GLD,HELD,4.41,MEDIUM,126.6,126.56,-0.032,WRONG,2019-06-14,BACKFILL
2019-06-13,QQQ,LONG,6.38,HIGH,175.45,174.7,-0.427,WRONG,2019-06-14,BACKFILL
2019-06-14,BTC,LONG,76.79,HIGH,8693.83,9320.35,7.206,RIGHT,2019-06-17,BACKFILL
2019-06-14,GLD,HELD,4.32,MEDIUM,126.56,126.48,-0.063,WRONG,2019-06-17,BACKFILL
2019-06-14,QQQ,LONG,5.87,HIGH,174.7,175.75,0.601,RIGHT,2019-06-17,BACKFILL
2019-06-17,BTC,LONG,88.82,HIGH,9320.35,9081.76,-2.56,WRONG,2019-06-18,BACKFILL
2019-06-17,GLD,HELD,4.19,MEDIUM,126.48,127.12,0.506,RIGHT,2019-06-18,BACKFILL
2019-06-17,QQQ,LONG,6.47,HIGH,175.75,178.31,1.457,RIGHT,2019-06-18,BACKFILL
2019-06-18,BTC,LONG,83.33,HIGH,9081.76,9273.52,2.111,RIGHT,2019-06-19,BACKFILL
2019-06-18,GLD,HELD,4.65,MEDIUM,127.12,127.89,0.606,RIGHT,2019-06-19,BACKFILL
2019-06-18,QQQ,LONG,7.97,HIGH,178.31,178.98,0.376,RIGHT,2019-06-19,BACKFILL
2019-06-19,BTC,LONG,86.48,HIGH,9273.52,9527.16,2.735,RIGHT,2019-06-20,BACKFILL
2019-06-19,GLD,HELD,5.21,HIGH,127.89,131.11,2.518,RIGHT,2019-06-20,BACKFILL
2019-06-19,QQQ,LONG,8.3,HIGH,178.98,180.64,0.927,RIGHT,2019-06-20,BACKFILL
2019-06-20,BTC,LONG,90.77,HIGH,9527.16,10144.56,6.48,RIGHT,2019-06-21,BACKFILL
2019-06-20,GLD,HELD,7.76,HIGH,131.11,131.98,0.664,RIGHT,2019-06-21,BACKFILL
2019-06-20,QQQ,LONG,9.21,HIGH,180.64,180.37,-0.149,WRONG,2019-06-21,BACKFILL
2019-06-21,BTC,LONG,102.12,HIGH,10144.56,11011.1,8.542,RIGHT,2019-06-24,BACKFILL
2019-06-21,GLD,HELD,8.36,HIGH,131.98,133.94,1.485,RIGHT,2019-06-24,BACKFILL
2019-06-21,QQQ,LONG,8.95,HIGH,180.37,180.38,0.006,RIGHT,2019-06-24,BACKFILL
2019-06-24,BTC,LONG,117.86,HIGH,11011.1,11790.92,7.082,RIGHT,2019-06-25,BACKFILL
2019-06-24,GLD,HELD,9.85,HIGH,133.94,134.2,0.194,RIGHT,2019-06-25,BACKFILL
2019-06-24,QQQ,LONG,8.86,HIGH,180.38,177.28,-1.719,WRONG,2019-06-25,BACKFILL
2019-06-25,BTC,LONG,131.41,HIGH,11790.92,13016.23,10.392,RIGHT,2019-06-26,BACKFILL
2019-06-25,GLD,HELD,9.95,HIGH,134.2,132.97,-0.917,WRONG,2019-06-26,BACKFILL
2019-06-25,QQQ,LONG,6.91,HIGH,177.28,178.11,0.468,RIGHT,2019-06-26,BACKFILL
2019-06-26,BTC,LONG,152.99,HIGH,13016.23,11182.81,-14.086,WRONG,2019-06-27,BACKFILL
2019-06-26,GLD,HELD,8.84,HIGH,132.97,132.84,-0.098,WRONG,2019-06-27,BACKFILL
2019-06-26,QQQ,LONG,7.33,HIGH,178.11,178.79,0.382,RIGHT,2019-06-27,BACKFILL
2019-06-27,BTC,LONG,115.59,HIGH,11182.81,12407.33,10.95,RIGHT,2019-06-28,BACKFILL
2019-06-27,GLD,HELD,8.63,HIGH,132.84,133.2,0.271,RIGHT,2019-06-28,BACKFILL
2019-06-27,QQQ,LONG,7.64,HIGH,178.79,179.02,0.129,RIGHT,2019-06-28,BACKFILL
2019-06-28,BTC,LONG,136.78,HIGH,12407.33,10583.13,-14.703,WRONG,2019-07-01,BACKFILL
2019-06-28,GLD,HELD,8.82,HIGH,133.2,130.62,-1.937,WRONG,2019-07-01,BACKFILL
2019-06-28,QQQ,LONG,7.65,HIGH,179.02,181.43,1.346,RIGHT,2019-07-01,BACKFILL
2019-07-01,BTC,LONG,100.44,HIGH,10583.13,10801.68,2.065,RIGHT,2019-07-02,BACKFILL
2019-07-01,GLD,HELD,6.63,HIGH,130.62,133.41,2.136,RIGHT,2019-07-02,BACKFILL
2019-07-01,QQQ,LONG,8.98,HIGH,181.43,182.15,0.397,RIGHT,2019-07-02,BACKFILL
2019-07-02,BTC,LONG,102.93,HIGH,10801.68,11961.27,10.735,RIGHT,2019-07-03,BACKFILL
2019-07-02,GLD,HELD,8.8,HIGH,133.41,133.63,0.165,RIGHT,2019-07-03,BACKFILL
2019-07-02,QQQ,LONG,9.28,HIGH,182.15,183.52,0.752,RIGHT,2019-07-03,BACKFILL
2019-07-03,BTC,LONG,122.43,HIGH,11961.27,10978.46,-8.217,WRONG,2019-07-05,BACKFILL
2019-07-03,GLD,HELD,8.87,HIGH,133.63,132.14,-1.115,WRONG,2019-07-05,BACKFILL
2019-07-03,QQQ,LONG,9.97,HIGH,183.52,183.15,-0.202,WRONG,2019-07-05,BACKFILL
2019-07-05,BTC,LONG,102.36,HIGH,10978.46,12285.96,11.91,RIGHT,2019-07-08,BACKFILL
2019-07-05,GLD,HELD,7.56,HIGH,132.14,131.29,-0.643,WRONG,2019-07-08,BACKFILL
2019-07-05,QQQ,LONG,9.63,HIGH,183.15,181.86,-0.704,WRONG,2019-07-08,BACKFILL
2019-07-08,BTC,LONG,124.25,HIGH,12285.96,12573.81,2.343,RIGHT,2019-07-09,BACKFILL
2019-07-08,GLD,HELD,6.78,HIGH,131.29,131.75,0.35,RIGHT,2019-07-09,BACKFILL
2019-07-08,QQQ,LONG,8.77,HIGH,181.86,182.78,0.506,RIGHT,2019-07-09,BACKFILL
2019-07-09,BTC,LONG,127.21,HIGH,12573.81,12156.51,-3.319,WRONG,2019-07-10,BACKFILL
2019-07-09,GLD,HELD,7.06,HIGH,131.75,133.83,1.579,RIGHT,2019-07-10,BACKFILL
2019-07-09,QQQ,LONG,9.22,HIGH,182.78,184.6,0.996,RIGHT,2019-07-10,BACKFILL
2019-07-10,BTC,LONG,117.54,HIGH,12156.51,11358.66,-6.563,WRONG,2019-07-11,BACKFILL
2019-07-10,GLD,HELD,8.64,HIGH,133.83,132.7,-0.844,WRONG,2019-07-11,BACKFILL
2019-07-10,QQQ,LONG,10.2,HIGH,184.6,184.46,-0.076,WRONG,2019-07-11,BACKFILL
2019-07-11,BTC,LONG,101.47,HIGH,11358.66,11815.99,4.026,RIGHT,2019-07-12,BACKFILL
2019-07-11,GLD,HELD,7.63,HIGH,132.7,133.53,0.625,RIGHT,2019-07-12,BACKFILL
2019-07-11,QQQ,LONG,10.03,HIGH,184.46,185.53,0.58,RIGHT,2019-07-12,BACKFILL
2019-07-12,BTC,LONG,107.65,HIGH,11815.99,10895.09,-7.794,WRONG,2019-07-15,BACKFILL
2019-07-12,GLD,HELD,8.21,HIGH,133.53,133.53,0.0,WRONG,2019-07-15,BACKFILL
2019-07-12,QQQ,LONG,10.55,HIGH,185.53,186.12,0.318,RIGHT,2019-07-15,BACKFILL
2019-07-15,BTC,LONG,89.82,HIGH,10895.09,9477.64,-13.01,WRONG,2019-07-16,BACKFILL
2019-07-15,GLD,HELD,8.11,HIGH,133.53,132.4,-0.846,WRONG,2019-07-16,BACKFILL
2019-07-15,QQQ,LONG,10.78,HIGH,186.12,185.16,-0.516,WRONG,2019-07-16,BACKFILL
2019-07-16,BTC,LONG,63.97,HIGH,9477.64,9693.8,2.281,RIGHT,2019-07-17,BACKFILL
2019-07-16,GLD,HELD,7.11,HIGH,132.4,134.58,1.647,RIGHT,2019-07-17,BACKFILL
2019-07-16,QQQ,LONG,10.07,HIGH,185.16,184.25,-0.491,WRONG,2019-07-17,BACKFILL
2019-07-17,BTC,LONG,66.53,HIGH,9693.8,10666.48,10.034,RIGHT,2019-07-18,BACKFILL
2019-07-17,GLD,HELD,8.78,HIGH,134.58,136.48,1.412,RIGHT,2019-07-18,BACKFILL
2019-07-17,QQQ,LONG,9.4,HIGH,184.25,184.46,0.114,RIGHT,2019-07-18,BACKFILL
2019-07-18,BTC,LONG,81.73,HIGH,10666.48,10530.73,-1.273,WRONG,2019-07-19,BACKFILL
2019-07-18,GLD,HELD,10.2,HIGH,136.48,134.47,-1.473,WRONG,2019-07-19,BACKFILL
2019-07-18,QQQ,LONG,9.4,HIGH,184.46,183.11,-0.732,WRONG,2019-07-19,BACKFILL
2019-07-19,BTC,LONG,77.99,HIGH,10530.73,10343.11,-1.782,WRONG,2019-07-22,BACKFILL
2019-07-19,GLD,HELD,8.48,HIGH,134.47,134.45,-0.015,WRONG,2019-07-22,BACKFILL
2019-07-19,QQQ,LONG,8.49,HIGH,183.11,184.57,0.797,RIGHT,2019-07-22,BACKFILL
2019-07-22,BTC,LONG,73.45,HIGH,10343.11,9900.77,-4.277,WRONG,2019-07-23,BACKFILL
2019-07-22,GLD,HELD,8.36,HIGH,134.45,133.69,-0.565,WRONG,2019-07-23,BACKFILL
2019-07-22,QQQ,LONG,9.24,HIGH,184.57,185.78,0.656,RIGHT,2019-07-23,BACKFILL
2019-07-23,BTC,LONG,64.8,HIGH,9900.77,9811.93,-0.897,WRONG,2019-07-24,BACKFILL
2019-07-23,GLD,HELD,7.66,HIGH,133.69,134.37,0.509,RIGHT,2019-07-24,BACKFILL
2019-07-23,QQQ,LONG,9.81,HIGH,185.78,187.08,0.7,RIGHT,2019-07-24,BACKFILL
2019-07-24,BTC,LONG,62.19,HIGH,9811.93,9911.84,1.018,RIGHT,2019-07-25,BACKFILL
2019-07-24,GLD,HELD,8.11,HIGH,134.37,133.42,-0.707,WRONG,2019-07-25,BACKFILL
2019-07-24,QQQ,LONG,10.42,HIGH,187.08,185.31,-0.946,WRONG,2019-07-25,BACKFILL
2019-07-25,BTC,LONG,62.73,HIGH,9911.84,9870.3,-0.419,WRONG,2019-07-26,BACKFILL
2019-07-25,GLD,HELD,7.26,HIGH,133.42,133.64,0.165,RIGHT,2019-07-26,BACKFILL
2019-07-25,QQQ,LONG,9.23,HIGH,185.31,187.21,1.025,RIGHT,2019-07-26,BACKFILL
2019-07-26,BTC,LONG,60.97,HIGH,9870.3,9519.15,-3.558,WRONG,2019-07-29,BACKFILL
2019-07-26,GLD,HELD,7.34,HIGH,133.64,134.53,0.666,RIGHT,2019-07-29,BACKFILL
2019-07-26,QQQ,LONG,10.17,HIGH,187.21,186.57,-0.342,WRONG,2019-07-29,BACKFILL
2019-07-29,BTC,LONG,54.34,HIGH,9519.15,9607.42,0.927,RIGHT,2019-07-30,BACKFILL
2019-07-29,GLD,HELD,7.97,HIGH,134.53,134.98,0.334,RIGHT,2019-07-30,BACKFILL
2019-07-29,QQQ,LONG,9.62,HIGH,186.57,185.77,-0.429,WRONG,2019-07-30,BACKFILL
2019-07-30,BTC,LONG,54.82,HIGH,9607.42,10085.63,4.978,RIGHT,2019-07-31,BACKFILL
2019-07-30,GLD,HELD,8.23,HIGH,134.98,133.21,-1.311,WRONG,2019-07-31,BACKFILL
2019-07-30,QQQ,LONG,8.96,HIGH,185.77,183.2,-1.383,WRONG,2019-07-31,BACKFILL
2019-07-31,BTC,LONG,61.48,HIGH,10085.63,10399.67,3.114,RIGHT,2019-08-01,BACKFILL
2019-07-31,GLD,HELD,6.74,HIGH,133.21,136.41,2.402,RIGHT,2019-08-01,BACKFILL
2019-07-31,QQQ,LONG,7.25,HIGH,183.2,182.29,-0.497,WRONG,2019-08-01,BACKFILL
2019-08-01,BTC,LONG,65.35,HIGH,10399.67,10518.17,1.139,RIGHT,2019-08-02,BACKFILL
2019-08-01,GLD,HELD,9.2,HIGH,136.41,135.89,-0.381,WRONG,2019-08-02,BACKFILL
2019-08-01,QQQ,LONG,6.57,HIGH,182.29,179.6,-1.476,WRONG,2019-08-02,BACKFILL
2019-08-02,BTC,LONG,66.03,HIGH,10518.17,11805.65,12.241,RIGHT,2019-08-05,BACKFILL
2019-08-02,GLD,HELD,8.7,HIGH,135.89,137.79,1.398,RIGHT,2019-08-05,BACKFILL
2019-08-02,QQQ,LONG,4.86,MEDIUM,179.6,173.26,-3.53,WRONG,2019-08-05,BACKFILL
2019-08-05,BTC,LONG,84.82,HIGH,11805.65,11478.17,-2.774,WRONG,2019-08-06,BACKFILL
2019-08-05,GLD,HELD,10.12,HIGH,137.79,138.91,0.813,RIGHT,2019-08-06,BACKFILL
2019-08-05,QQQ,LONG,1.05,LOW,173.26,175.68,1.397,RIGHT,2019-08-06,BACKFILL
2019-08-06,BTC,LONG,78.25,HIGH,11478.17,11941.97,4.041,RIGHT,2019-08-07,BACKFILL
2019-08-06,GLD,HELD,10.91,HIGH,138.91,141.02,1.519,RIGHT,2019-08-07,BACKFILL
2019-08-06,QQQ,LONG,2.35,MEDIUM,175.68,176.63,0.541,RIGHT,2019-08-07,BACKFILL
2019-08-07,BTC,LONG,83.93,HIGH,11941.97,11966.41,0.205,RIGHT,2019-08-08,BACKFILL
2019-08-07,GLD,HELD,12.48,HIGH,141.02,141.73,0.503,RIGHT,2019-08-08,BACKFILL
2019-08-07,QQQ,LONG,2.79,MEDIUM,176.63,180.47,2.174,RIGHT,2019-08-08,BACKFILL
2019-08-08,BTC,LONG,82.78,HIGH,11966.41,11862.94,-0.865,WRONG,2019-08-09,BACKFILL
2019-08-08,GLD,HELD,12.93,HIGH,141.73,141.26,-0.332,WRONG,2019-08-09,BACKFILL
2019-08-08,QQQ,LONG,4.87,MEDIUM,180.47,178.78,-0.936,WRONG,2019-08-09,BACKFILL
2019-08-09,BTC,LONG,79.74,HIGH,11862.94,11382.62,-4.049,WRONG,2019-08-12,BACKFILL
2019-08-09,GLD,HELD,12.44,HIGH,141.26,142.63,0.97,RIGHT,2019-08-12,BACKFILL
2019-08-09,QQQ,LONG,3.77,MEDIUM,178.78,176.73,-1.147,WRONG,2019-08-12,BACKFILL
2019-08-12,BTC,LONG,71.19,HIGH,11382.62,10895.83,-4.277,WRONG,2019-08-13,BACKFILL
2019-08-12,GLD,HELD,13.4,HIGH,142.63,141.78,-0.596,WRONG,2019-08-13,BACKFILL
2019-08-12,QQQ,LONG,2.48,MEDIUM,176.73,180.6,2.19,RIGHT,2019-08-13,BACKFILL
2019-08-13,BTC,LONG,62.75,HIGH,10895.83,10051.7,-7.747,WRONG,2019-08-14,BACKFILL
2019-08-13,GLD,HELD,12.6,HIGH,141.78,142.75,0.684,RIGHT,2019-08-14,BACKFILL
2019-08-13,QQQ,LONG,4.61,MEDIUM,180.6,175.2,-2.99,WRONG,2019-08-14,BACKFILL
2019-08-14,BTC,LONG,49.24,HIGH,10051.7,10311.55,2.585,RIGHT,2019-08-15,BACKFILL
2019-08-14,GLD,HELD,13.25,HIGH,142.75,143.7,0.665,RIGHT,2019-08-15,BACKFILL
2019-08-14,QQQ,LONG,1.39,LOW,175.2,175.0,-0.114,WRONG,2019-08-15,BACKFILL
2019-08-15,BTC,LONG,52.1,HIGH,10311.55,10374.34,0.609,RIGHT,2019-08-16,BACKFILL
2019-08-15,GLD,HELD,13.87,HIGH,143.7,142.78,-0.64,WRONG,2019-08-16,BACKFILL
2019-08-15,QQQ,LONG,1.2,LOW,175.0,177.81,1.606,RIGHT,2019-08-16,BACKFILL
2019-08-16,BTC,LONG,52.03,HIGH,10374.34,10916.05,5.222,RIGHT,2019-08-19,BACKFILL
2019-08-16,GLD,HELD,13.02,HIGH,142.78,141.11,-1.17,WRONG,2019-08-19,BACKFILL
2019-08-16,QQQ,LONG,2.72,MEDIUM,177.81,180.64,1.592,RIGHT,2019-08-19,BACKFILL
2019-08-19,BTC,LONG,58.85,HIGH,10916.05,10763.23,-1.4,WRONG,2019-08-20,BACKFILL
2019-08-19,GLD,HELD,11.58,HIGH,141.11,142.21,0.78,RIGHT,2019-08-20,BACKFILL
2019-08-19,QQQ,LONG,4.25,MEDIUM,180.64,179.24,-0.775,WRONG,2019-08-20,BACKFILL
2019-08-20,BTC,LONG,55.55,HIGH,10763.23,10138.05,-5.808,WRONG,2019-08-21,BACKFILL
2019-08-20,GLD,HELD,12.33,HIGH,142.21,141.76,-0.316,WRONG,2019-08-21,BACKFILL
2019-08-20,QQQ,LONG,3.34,MEDIUM,179.24,180.83,0.887,RIGHT,2019-08-21,BACKFILL
2019-08-21,BTC,LONG,45.6,HIGH,10138.05,10131.06,-0.069,WRONG,2019-08-22,BACKFILL
2019-08-21,GLD,HELD,11.86,HIGH,141.76,141.4,-0.254,WRONG,2019-08-22,BACKFILL
2019-08-21,QQQ,LONG,4.15,MEDIUM,180.83,180.24,-0.326,WRONG,2019-08-22,BACKFILL
2019-08-22,BTC,LONG,44.61,HIGH,10131.06,10407.96,2.733,RIGHT,2019-08-23,BACKFILL
2019-08-22,GLD,HELD,11.47,HIGH,141.4,144.17,1.959,RIGHT,2019-08-23,BACKFILL
2019-08-22,QQQ,LONG,3.72,MEDIUM,180.24,174.54,-3.162,WRONG,2019-08-23,BACKFILL
2019-08-23,BTC,LONG,47.62,HIGH,10407.96,10370.82,-0.357,WRONG,2019-08-26,BACKFILL
2019-08-23,GLD,HELD,13.51,HIGH,144.17,144.19,0.014,RIGHT,2019-08-26,BACKFILL
2019-08-23,QQQ,LONG,0.37,LOW,174.54,177.18,1.513,RIGHT,2019-08-26,BACKFILL
2019-08-26,BTC,LONG,46.15,HIGH,10370.82,10185.5,-1.787,WRONG,2019-08-27,BACKFILL
2019-08-26,GLD,HELD,13.39,HIGH,144.19,145.57,0.957,RIGHT,2019-08-27,BACKFILL
2019-08-26,QQQ,LONG,1.8,LOW,177.18,176.8,-0.214,WRONG,2019-08-27,BACKFILL
2019-08-27,BTC,LONG,42.66,HIGH,10185.5,9754.42,-4.232,WRONG,2019-08-28,BACKFILL
2019-08-27,GLD,HELD,14.33,HIGH,145.57,145.16,-0.282,WRONG,2019-08-28,BACKFILL
2019-08-27,QQQ,LONG,1.5,LOW,176.8,177.44,0.362,RIGHT,2019-08-28,BACKFILL
2019-08-28,BTC,LONG,35.84,HIGH,9754.42,9510.2,-2.504,WRONG,2019-08-29,BACKFILL
2019-08-28,GLD,HELD,13.87,HIGH,145.16,144.12,-0.716,WRONG,2019-08-29,BACKFILL
2019-08-28,QQQ,LONG,1.78,LOW,177.44,180.15,1.527,RIGHT,2019-08-29,BACKFILL
2019-08-29,BTC,LONG,31.72,HIGH,9510.2,9598.17,0.925,RIGHT,2019-08-30,BACKFILL
2019-08-29,GLD,HELD,12.93,HIGH,144.12,143.75,-0.257,WRONG,2019-08-30,BACKFILL
2019-08-29,QQQ,LONG,3.25,MEDIUM,180.15,179.72,-0.239,WRONG,2019-08-30,BACKFILL
2019-08-30,BTC,LONG,32.19,HIGH,9598.17,10623.54,10.683,RIGHT,2019-09-03,BACKFILL
2019-08-30,GLD,HELD,12.52,HIGH,143.75,145.75,1.391,RIGHT,2019-09-03,BACKFILL
2019-08-30,QQQ,LONG,2.91,MEDIUM,179.72,177.97,-0.974,WRONG,2019-09-03,BACKFILL
2019-09-03,BTC,LONG,45.35,HIGH,10623.54,10594.49,-0.273,WRONG,2019-09-04,BACKFILL
2019-09-03,GLD,HELD,13.95,HIGH,145.75,146.66,0.624,RIGHT,2019-09-04,BACKFILL
2019-09-03,QQQ,LONG,1.81,LOW,177.97,180.54,1.444,RIGHT,2019-09-04,BACKFILL
2019-09-04,BTC,LONG,44.02,HIGH,10594.49,10575.53,-0.179,WRONG,2019-09-05,BACKFILL
2019-09-04,GLD,HELD,14.53,HIGH,146.66,143.14,-2.4,WRONG,2019-09-05,BACKFILL
2019-09-04,QQQ,LONG,3.2,MEDIUM,180.54,183.85,1.833,RIGHT,2019-09-05,BACKFILL
2019-09-05,BTC,LONG,42.84,HIGH,10575.53,10353.3,-2.101,WRONG,2019-09-06,BACKFILL
2019-09-05,GLD,HELD,11.68,HIGH,143.14,141.92,-0.852,WRONG,2019-09-06,BACKFILL
2019-09-05,QQQ,LONG,5.0,MEDIUM,183.85,183.67,-0.098,WRONG,2019-09-06,BACKFILL
2019-09-06,BTC,LONG,38.98,HIGH,10353.3,10334.97,-0.177,WRONG,2019-09-09,BACKFILL
2019-09-06,GLD,HELD,10.62,HIGH,141.92,141.39,-0.373,WRONG,2019-09-09,BACKFILL
2019-09-06,QQQ,LONG,4.8,MEDIUM,183.67,183.28,-0.212,WRONG,2019-09-09,BACKFILL
2019-09-09,BTC,LONG,37.88,HIGH,10334.97,10115.98,-2.119,WRONG,2019-09-10,BACKFILL
2019-09-09,GLD,HELD,10.11,HIGH,141.39,140.18,-0.856,WRONG,2019-09-10,BACKFILL
2019-09-09,QQQ,LONG,4.49,MEDIUM,183.28,182.76,-0.284,WRONG,2019-09-10,BACKFILL
2019-09-10,BTC,LONG,34.17,HIGH,10115.98,10178.37,0.617,RIGHT,2019-09-11,BACKFILL
2019-09-10,GLD,HELD,9.08,HIGH,140.18,141.03,0.606,RIGHT,2019-09-11,BACKFILL
2019-09-10,QQQ,LONG,4.12,MEDIUM,182.76,184.47,0.936,RIGHT,2019-09-11,BACKFILL
2019-09-11,BTC,LONG,34.19,HIGH,10178.37,10410.13,2.277,RIGHT,2019-09-12,BACKFILL
2019-09-11,GLD,HELD,9.64,HIGH,141.03,141.32,0.206,RIGHT,2019-09-12,BACKFILL
2019-09-11,QQQ,LONG,5.0,HIGH,184.47,185.24,0.417,RIGHT,2019-09-12,BACKFILL
2019-09-12,BTC,LONG,36.41,HIGH,10410.13,10360.55,-0.476,WRONG,2019-09-13,BACKFILL
2019-09-12,GLD,HELD,9.77,HIGH,141.32,140.15,-0.828,WRONG,2019-09-13,BACKFILL
2019-09-12,QQQ,LONG,5.34,HIGH,185.24,184.58,-0.356,WRONG,2019-09-13,BACKFILL
2019-09-13,BTC,LONG,34.97,HIGH,10360.55,10276.79,-0.808,WRONG,2019-09-16,BACKFILL
2019-09-13,GLD,HELD,8.77,HIGH,140.15,141.32,0.835,RIGHT,2019-09-16,BACKFILL
2019-09-13,QQQ,LONG,4.88,MEDIUM,184.58,183.75,-0.45,WRONG,2019-09-16,BACKFILL
2019-09-16,BTC,LONG,33.11,HIGH,10276.79,10241.27,-0.346,WRONG,2019-09-17,BACKFILL
2019-09-16,GLD,HELD,9.57,HIGH,141.32,141.6,0.198,RIGHT,2019-09-17,BACKFILL
2019-09-16,QQQ,LONG,4.31,MEDIUM,183.75,184.64,0.484,RIGHT,2019-09-17,BACKFILL
2019-09-17,BTC,LONG,31.9,HIGH,10241.27,10198.25,-0.42,WRONG,2019-09-18,BACKFILL
2019-09-17,GLD,HELD,9.69,HIGH,141.6,140.71,-0.629,WRONG,2019-09-18,BACKFILL
2019-09-17,QQQ,LONG,4.73,MEDIUM,184.64,184.56,-0.043,WRONG,2019-09-18,BACKFILL
2019-09-18,BTC,LONG,30.61,HIGH,10198.25,10266.42,0.668,RIGHT,2019-09-19,BACKFILL
2019-09-18,GLD,HELD,8.9,HIGH,140.71,141.28,0.405,RIGHT,2019-09-19,BACKFILL
2019-09-18,QQQ,LONG,4.6,MEDIUM,184.56,184.87,0.168,RIGHT,2019-09-19,BACKFILL
2019-09-19,BTC,LONG,30.74,HIGH,10266.42,10181.64,-0.826,WRONG,2019-09-20,BACKFILL
2019-09-19,GLD,HELD,9.25,HIGH,141.28,142.95,1.182,RIGHT,2019-09-20,BACKFILL
2019-09-19,QQQ,LONG,4.69,MEDIUM,184.87,182.91,-1.06,WRONG,2019-09-20,BACKFILL
2019-09-20,BTC,LONG,28.94,HIGH,10181.64,9729.32,-4.443,WRONG,2019-09-23,BACKFILL
2019-09-20,GLD,HELD,10.44,HIGH,142.95,143.75,0.56,RIGHT,2019-09-23,BACKFILL
2019-09-20,QQQ,LONG,3.51,MEDIUM,182.91,182.99,0.044,RIGHT,2019-09-23,BACKFILL
2019-09-23,BTC,LONG,22.62,HIGH,9729.32,8620.57,-11.396,WRONG,2019-09-24,BACKFILL
2019-09-23,GLD,HELD,10.96,HIGH,143.75,144.51,0.529,RIGHT,2019-09-24,BACKFILL
2019-09-23,QQQ,LONG,3.48,MEDIUM,182.99,180.56,-1.328,WRONG,2019-09-24,BACKFILL
2019-09-24,BTC,LONG,8.22,HIGH,8620.57,8486.99,-1.55,WRONG,2019-09-25,BACKFILL
2019-09-24,GLD,HELD,11.44,HIGH,144.51,141.83,-1.855,WRONG,2019-09-25,BACKFILL
2019-09-24,QQQ,LONG,2.05,MEDIUM,180.56,182.59,1.124,RIGHT,2019-09-25,BACKFILL
2019-09-25,BTC,LONG,6.14,HIGH,8486.99,8118.97,-4.336,WRONG,2019-09-26,BACKFILL
2019-09-25,GLD,HELD,9.28,HIGH,141.83,141.79,-0.028,WRONG,2019-09-26,BACKFILL
2019-09-25,QQQ,LONG,3.12,MEDIUM,182.59,181.91,-0.372,WRONG,2019-09-26,BACKFILL
2019-09-26,BTC,LONG,1.19,LOW,8118.97,8251.85,1.637,RIGHT,2019-09-27,BACKFILL
2019-09-26,GLD,HELD,9.16,HIGH,141.79,141.06,-0.515,WRONG,2019-09-27,BACKFILL
2019-09-26,QQQ,LONG,2.67,MEDIUM,181.91,179.66,-1.237,WRONG,2019-09-27,BACKFILL
2019-09-27,BTC,LONG,2.48,MEDIUM,8251.85,8293.87,0.509,RIGHT,2019-09-30,BACKFILL
2019-09-27,GLD,HELD,8.51,HIGH,141.06,138.87,-1.553,WRONG,2019-09-30,BACKFILL
2019-09-27,QQQ,LONG,1.35,LOW,179.66,181.37,0.952,RIGHT,2019-09-30,BACKFILL
2019-09-30,BTC,LONG,2.62,MEDIUM,8293.87,8343.28,0.596,RIGHT,2019-10-01,BACKFILL
2019-09-30,GLD,HELD,6.75,HIGH,138.87,139.63,0.547,RIGHT,2019-10-01,BACKFILL
2019-09-30,QQQ,LONG,2.26,MEDIUM,181.37,179.89,-0.816,WRONG,2019-10-01,BACKFILL
2019-10-01,BTC,LONG,2.85,MEDIUM,8343.28,8393.04,0.596,RIGHT,2019-10-02,BACKFILL
2019-10-01,GLD,HELD,7.25,HIGH,139.63,141.26,1.167,RIGHT,2019-10-02,BACKFILL
2019-10-01,QQQ,LONG,1.37,LOW,179.89,176.79,-1.723,WRONG,2019-10-02,BACKFILL
2019-10-02,BTC,LONG,3.08,MEDIUM,8393.04,8259.99,-1.585,WRONG,2019-10-03,BACKFILL
2019-10-02,GLD,HELD,8.41,HIGH,141.26,141.9,0.453,RIGHT,2019-10-03,BACKFILL
2019-10-02,QQQ,FLAT,-0.42,LOW,176.79,178.73,1.097,WRONG,2019-10-03,BACKFILL
2019-10-03,BTC,LONG,1.08,LOW,8259.99,8205.94,-0.654,WRONG,2019-10-04,BACKFILL
2019-10-03,GLD,HELD,8.79,HIGH,141.9,141.9,0.0,WRONG,2019-10-04,BACKFILL
2019-10-03,QQQ,LONG,0.62,LOW,178.73,181.37,1.477,RIGHT,2019-10-04,BACKFILL
2019-10-04,BTC,LONG,0.06,LOW,8205.94,8245.62,0.484,RIGHT,2019-10-07,BACKFILL
2019-10-04,GLD,HELD,8.67,HIGH,141.9,140.69,-0.853,WRONG,2019-10-07,BACKFILL
2019-10-04,QQQ,LONG,2.05,MEDIUM,181.37,180.82,-0.303,WRONG,2019-10-07,BACKFILL
2019-10-07,BTC,LONG,0.19,LOW,8245.62,8228.78,-0.204,WRONG,2019-10-08,BACKFILL
2019-10-07,GLD,HELD,7.64,HIGH,140.69,141.92,0.874,RIGHT,2019-10-08,BACKFILL
2019-10-07,QQQ,LONG,1.69,LOW,180.82,178.11,-1.499,WRONG,2019-10-08,BACKFILL
2019-10-08,BTC,FLAT,-0.36,LOW,8228.78,8595.74,4.459,WRONG,2019-10-09,BACKFILL
2019-10-08,GLD,HELD,8.47,HIGH,141.92,142.05,0.092,RIGHT,2019-10-09,BACKFILL
2019-10-08,QQQ,LONG,0.12,LOW,178.11,179.85,0.977,RIGHT,2019-10-09,BACKFILL
2019-10-09,BTC,LONG,3.69,MEDIUM,8595.74,8586.47,-0.108,WRONG,2019-10-10,BACKFILL
2019-10-09,GLD,HELD,8.46,HIGH,142.05,140.81,-0.873,WRONG,2019-10-10,BACKFILL
2019-10-09,QQQ,LONG,1.04,LOW,179.85,181.24,0.773,RIGHT,2019-10-10,BACKFILL
2019-10-10,BTC,LONG,3.19,MEDIUM,8586.47,8321.76,-3.083,WRONG,2019-10-11,BACKFILL
2019-10-10,GLD,HELD,7.41,HIGH,140.81,140.03,-0.554,WRONG,2019-10-11,BACKFILL
2019-10-10,QQQ,LONG,1.75,LOW,181.24,183.58,1.291,RIGHT,2019-10-11,BACKFILL
2019-10-11,BTC,FLAT,-0.35,LOW,8321.76,8374.69,0.636,WRONG,2019-10-14,BACKFILL
2019-10-11,GLD,HELD,6.72,HIGH,140.03,140.59,0.4,RIGHT,2019-10-14,BACKFILL
2019-10-11,QQQ,LONG,3.0,MEDIUM,183.58,183.56,-0.011,WRONG,2019-10-14,BACKFILL
2019-10-14,BTC,FLAT,-0.07,LOW,8374.69,8205.37,-2.022,RIGHT,2019-10-15,BACKFILL
2019-10-14,GLD,HELD,7.05,HIGH,140.59,139.61,-0.697,WRONG,2019-10-15,BACKFILL
2019-10-14,QQQ,LONG,2.93,MEDIUM,183.56,185.89,1.269,RIGHT,2019-10-15,BACKFILL
2019-10-15,BTC,FLAT,-2.42,MEDIUM,8205.37,8047.53,-1.924,RIGHT,2019-10-16,BACKFILL
2019-10-15,GLD,HELD,6.22,HIGH,139.61,140.41,0.573,RIGHT,2019-10-16,BACKFILL
2019-10-15,QQQ,LONG,4.17,MEDIUM,185.89,185.43,-0.247,WRONG,2019-10-16,BACKFILL
2019-10-16,BTC,FLAT,-4.61,MEDIUM,8047.53,8103.91,0.701,WRONG,2019-10-17,BACKFILL
2019-10-16,GLD,HELD,6.73,HIGH,140.41,140.61,0.142,RIGHT,2019-10-17,BACKFILL
2019-10-16,QQQ,LONG,3.84,MEDIUM,185.43,185.92,0.264,RIGHT,2019-10-17,BACKFILL
2019-10-17,BTC,FLAT,-4.26,MEDIUM,8103.91,7973.21,-1.613,RIGHT,2019-10-18,BACKFILL
2019-10-17,GLD,HELD,6.79,HIGH,140.61,140.46,-0.107,WRONG,2019-10-18,BACKFILL
2019-10-17,QQQ,LONG,4.06,MEDIUM,185.92,184.13,-0.963,WRONG,2019-10-18,BACKFILL
2019-10-18,BTC,FLAT,-6.09,HIGH,7973.21,8243.72,3.393,WRONG,2019-10-21,BACKFILL
2019-10-18,GLD,HELD,6.58,HIGH,140.46,139.79,-0.477,WRONG,2019-10-21,BACKFILL
2019-10-18,QQQ,LONG,3.0,MEDIUM,184.13,185.77,0.891,RIGHT,2019-10-21,BACKFILL
2019-10-21,BTC,FLAT,-3.22,MEDIUM,8243.72,8078.2,-2.008,RIGHT,2019-10-22,BACKFILL
2019-10-21,GLD,HELD,5.99,HIGH,139.79,140.2,0.293,RIGHT,2019-10-22,BACKFILL
2019-10-21,QQQ,LONG,3.87,MEDIUM,185.77,184.29,-0.797,WRONG,2019-10-22,BACKFILL
2019-10-22,BTC,FLAT,-5.46,HIGH,8078.2,7514.67,-6.976,RIGHT,2019-10-23,BACKFILL
2019-10-22,GLD,HELD,6.21,HIGH,140.2,140.53,0.235,RIGHT,2019-10-23,BACKFILL
2019-10-22,QQQ,LONG,2.99,MEDIUM,184.29,184.64,0.19,RIGHT,2019-10-23,BACKFILL
2019-10-23,BTC,FLAT,-12.3,HIGH,7514.67,7493.49,-0.282,RIGHT,2019-10-24,BACKFILL
2019-10-23,GLD,HELD,6.37,HIGH,140.53,141.53,0.712,RIGHT,2019-10-24,BACKFILL
2019-10-23,QQQ,LONG,3.15,MEDIUM,184.64,186.44,0.975,RIGHT,2019-10-24,BACKFILL
2019-10-24,BTC,FLAT,-12.78,HIGH,7493.49,8660.7,15.576,WRONG,2019-10-25,BACKFILL
2019-10-24,GLD,HELD,7.03,HIGH,141.53,141.86,0.233,RIGHT,2019-10-25,BACKFILL
2019-10-24,QQQ,LONG,4.09,MEDIUM,186.44,187.93,0.799,RIGHT,2019-10-25,BACKFILL
2019-10-25,BTC,LONG,0.44,LOW,8660.7,9256.15,6.875,RIGHT,2019-10-28,BACKFILL
2019-10-25,GLD,HELD,7.19,HIGH,141.86,140.64,-0.86,WRONG,2019-10-28,BACKFILL
2019-10-25,QQQ,LONG,4.86,MEDIUM,187.93,189.78,0.984,RIGHT,2019-10-28,BACKFILL
2019-10-28,BTC,LONG,6.91,HIGH,9256.15,9427.69,1.853,RIGHT,2019-10-29,BACKFILL
2019-10-28,GLD,HELD,6.18,HIGH,140.64,140.25,-0.277,WRONG,2019-10-29,BACKFILL
2019-10-28,QQQ,LONG,5.82,HIGH,189.78,188.31,-0.775,WRONG,2019-10-29,BACKFILL
2019-10-29,BTC,LONG,8.45,HIGH,9427.69,9205.73,-2.354,WRONG,2019-10-30,BACKFILL
2019-10-29,GLD,HELD,5.8,HIGH,140.25,141.02,0.549,RIGHT,2019-10-30,BACKFILL
2019-10-29,QQQ,LONG,4.93,MEDIUM,188.31,189.22,0.483,RIGHT,2019-10-30,BACKFILL
2019-10-30,BTC,LONG,5.48,HIGH,9205.73,9199.58,-0.067,WRONG,2019-10-31,BACKFILL
2019-10-30,GLD,HELD,6.28,HIGH,141.02,142.43,1.0,RIGHT,2019-10-31,BACKFILL
2019-10-30,QQQ,LONG,5.36,HIGH,189.22,189.31,0.048,RIGHT,2019-10-31,BACKFILL
2019-10-31,BTC,LONG,5.0,MEDIUM,9199.58,9261.1,0.669,RIGHT,2019-11-01,BACKFILL
2019-10-31,GLD,HELD,7.23,HIGH,142.43,142.56,0.091,RIGHT,2019-11-01,BACKFILL
2019-10-31,QQQ,LONG,5.34,HIGH,189.31,191.03,0.909,RIGHT,2019-11-01,BACKFILL
2019-11-01,BTC,LONG,5.29,HIGH,9261.1,9412.61,1.636,RIGHT,2019-11-04,BACKFILL
2019-11-01,GLD,HELD,7.21,HIGH,142.56,142.15,-0.288,WRONG,2019-11-04,BACKFILL
2019-11-01,QQQ,LONG,6.23,HIGH,191.03,192.21,0.618,RIGHT,2019-11-04,BACKFILL
2019-11-04,BTC,LONG,6.65,HIGH,9412.61,9342.53,-0.745,WRONG,2019-11-05,BACKFILL
2019-11-04,GLD,HELD,6.8,HIGH,142.15,139.85,-1.618,WRONG,2019-11-05,BACKFILL
2019-11-04,QQQ,LONG,6.82,HIGH,192.21,192.32,0.057,RIGHT,2019-11-05,BACKFILL
2019-11-05,BTC,LONG,5.51,HIGH,9342.53,9360.88,0.196,RIGHT,2019-11-06,BACKFILL
2019-11-05,GLD,HELD,4.97,MEDIUM,139.85,140.45,0.429,RIGHT,2019-11-06,BACKFILL
2019-11-05,QQQ,LONG,6.82,HIGH,192.32,191.89,-0.224,WRONG,2019-11-06,BACKFILL
2019-11-06,BTC,LONG,5.36,HIGH,9360.88,9267.56,-0.997,WRONG,2019-11-07,BACKFILL
2019-11-06,GLD,HELD,5.33,HIGH,140.45,138.27,-1.552,WRONG,2019-11-07,BACKFILL
2019-11-06,QQQ,LONG,6.51,HIGH,191.89,192.53,0.334,RIGHT,2019-11-07,BACKFILL
2019-11-07,BTC,LONG,3.98,MEDIUM,9267.56,8804.88,-4.992,WRONG,2019-11-08,BACKFILL
2019-11-07,GLD,HELD,3.61,MEDIUM,138.27,137.39,-0.636,WRONG,2019-11-08,BACKFILL
2019-11-07,QQQ,LONG,6.8,HIGH,192.53,193.3,0.4,RIGHT,2019-11-08,BACKFILL
2019-11-08,BTC,FLAT,-1.47,LOW,8804.88,8757.79,-0.535,RIGHT,2019-11-11,BACKFILL
2019-11-08,GLD,HELD,2.87,MEDIUM,137.39,137.06,-0.24,WRONG,2019-11-11,BACKFILL
2019-11-08,QQQ,LONG,7.17,HIGH,193.3,193.04,-0.135,WRONG,2019-11-11,BACKFILL
2019-11-11,BTC,FLAT,-2.26,MEDIUM,8757.79,8815.66,0.661,WRONG,2019-11-12,BACKFILL
2019-11-11,GLD,HELD,2.55,MEDIUM,137.06,137.43,0.27,RIGHT,2019-11-12,BACKFILL
2019-11-11,QQQ,LONG,6.96,HIGH,193.04,193.6,0.29,RIGHT,2019-11-12,BACKFILL
2019-11-12,BTC,FLAT,-1.87,LOW,8815.66,8808.26,-0.084,RIGHT,2019-11-13,BACKFILL
2019-11-12,GLD,HELD,2.76,MEDIUM,137.43,137.98,0.4,RIGHT,2019-11-13,BACKFILL
2019-11-12,QQQ,LONG,7.2,HIGH,193.6,193.64,0.021,RIGHT,2019-11-13,BACKFILL
2019-11-13,BTC,FLAT,-2.22,MEDIUM,8808.26,8708.09,-1.137,RIGHT,2019-11-14,BACKFILL
2019-11-13,GLD,HELD,3.09,MEDIUM,137.98,138.56,0.42,RIGHT,2019-11-14,BACKFILL
2019-11-13,QQQ,LONG,7.16,HIGH,193.64,193.49,-0.077,WRONG,2019-11-14,BACKFILL
2019-11-14,BTC,FLAT,-3.59,MEDIUM,8708.09,8491.99,-2.482,RIGHT,2019-11-15,BACKFILL
2019-11-14,GLD,HELD,3.44,MEDIUM,138.56,138.21,-0.253,WRONG,2019-11-15,BACKFILL
2019-11-14,QQQ,LONG,7.02,HIGH,193.49,194.91,0.734,RIGHT,2019-11-15,BACKFILL
2019-11-15,BTC,FLAT,-6.22,HIGH,8491.99,8309.29,-2.151,RIGHT,2019-11-18,BACKFILL
2019-11-15,GLD,HELD,3.09,MEDIUM,138.21,138.62,0.297,RIGHT,2019-11-18,BACKFILL
2019-11-15,QQQ,LONG,7.73,HIGH,194.91,195.06,0.077,RIGHT,2019-11-18,BACKFILL
2019-11-18,BTC,FLAT,-8.44,HIGH,8309.29,8206.15,-1.241,RIGHT,2019-11-19,BACKFILL
2019-11-18,GLD,HELD,3.3,MEDIUM,138.62,138.69,0.05,RIGHT,2019-11-19,BACKFILL
2019-11-18,QQQ,LONG,7.75,HIGH,195.06,195.35,0.149,RIGHT,2019-11-19,BACKFILL
2019-11-19,BTC,FLAT,-9.78,HIGH,8206.15,8027.27,-2.18,RIGHT,2019-11-20,BACKFILL
2019-11-19,GLD,HELD,3.26,MEDIUM,138.69,138.76,0.05,RIGHT,2019-11-20,BACKFILL
2019-11-19,QQQ,LONG,7.84,HIGH,195.35,194.18,-0.599,WRONG,2019-11-20,BACKFILL
2019-11-20,BTC,FLAT,-11.92,HIGH,8027.27,7642.75,-4.79,RIGHT,2019-11-21,BACKFILL
2019-11-20,GLD,HELD,3.22,MEDIUM,138.76,138.0,-0.548,WRONG,2019-11-21,BACKFILL
2019-11-20,QQQ,LONG,7.14,HIGH,194.18,193.75,-0.221,WRONG,2019-11-21,BACKFILL
2019-11-21,BTC,FLAT,-16.28,HIGH,7642.75,7296.58,-4.529,RIGHT,2019-11-22,BACKFILL
2019-11-21,GLD,HELD,2.56,MEDIUM,138.0,137.74,-0.188,WRONG,2019-11-22,BACKFILL
2019-11-21,QQQ,LONG,6.85,HIGH,193.75,193.87,0.062,RIGHT,2019-11-22,BACKFILL
2019-11-22,BTC,FLAT,-20.17,HIGH,7296.58,7146.13,-2.062,RIGHT,2019-11-25,BACKFILL
2019-11-22,GLD,HELD,2.28,MEDIUM,137.74,137.08,-0.479,WRONG,2019-11-25,BACKFILL
2019-11-22,QQQ,LONG,6.87,HIGH,193.87,196.17,1.186,RIGHT,2019-11-25,BACKFILL
2019-11-25,BTC,FLAT,-21.91,HIGH,7146.13,7218.37,1.011,WRONG,2019-11-26,BACKFILL
2019-11-25,GLD,HELD,1.71,LOW,137.08,137.74,0.481,RIGHT,2019-11-26,BACKFILL
2019-11-25,QQQ,LONG,8.08,HIGH,196.17,196.54,0.189,RIGHT,2019-11-26,BACKFILL
2019-11-26,BTC,FLAT,-21.24,HIGH,7218.37,7531.66,4.34,WRONG,2019-11-27,BACKFILL
2019-11-26,GLD,HELD,2.11,MEDIUM,137.74,137.01,-0.53,WRONG,2019-11-27,BACKFILL
2019-11-26,QQQ,LONG,8.22,HIGH,196.54,197.92,0.702,RIGHT,2019-11-27,BACKFILL
2019-11-27,BTC,FLAT,-17.95,HIGH,7531.66,7761.24,3.048,WRONG,2019-11-29,BACKFILL
2019-11-27,GLD,HELD,1.49,LOW,137.01,137.86,0.62,RIGHT,2019-11-29,BACKFILL
2019-11-27,QQQ,LONG,8.92,HIGH,197.92,197.01,-0.46,WRONG,2019-11-29,BACKFILL
2019-11-29,BTC,FLAT,-15.61,HIGH,7761.24,7321.99,-5.66,RIGHT,2019-12-02,BACKFILL
2019-11-29,GLD,HELD,2.03,MEDIUM,137.86,137.79,-0.051,WRONG,2019-12-02,BACKFILL
2019-11-29,QQQ,LONG,8.36,HIGH,197.01,195.0,-1.02,WRONG,2019-12-02,BACKFILL
2019-12-02,BTC,FLAT,-20.5,HIGH,7321.99,7320.15,-0.025,RIGHT,2019-12-03,BACKFILL
2019-12-02,GLD,HELD,1.9,LOW,137.79,139.11,0.958,RIGHT,2019-12-03,BACKFILL
2019-12-02,QQQ,LONG,7.2,HIGH,195.0,193.47,-0.785,WRONG,2019-12-03,BACKFILL
2019-12-03,BTC,FLAT,-20.63,HIGH,7320.15,7252.03,-0.931,RIGHT,2019-12-04,BACKFILL
2019-12-03,GLD,HELD,2.78,MEDIUM,139.11,138.92,-0.137,WRONG,2019-12-04,BACKFILL
2019-12-03,QQQ,LONG,6.31,HIGH,193.47,194.45,0.507,RIGHT,2019-12-04,BACKFILL
2019-12-04,BTC,FLAT,-21.46,HIGH,7252.03,7448.31,2.707,WRONG,2019-12-05,BACKFILL
2019-12-04,GLD,HELD,2.54,MEDIUM,138.92,139.0,0.058,RIGHT,2019-12-05,BACKFILL
2019-12-04,QQQ,LONG,6.8,HIGH,194.45,194.83,0.195,RIGHT,2019-12-05,BACKFILL
2019-12-05,BTC,FLAT,-19.44,HIGH,7448.31,7547.0,1.325,WRONG,2019-12-06,BACKFILL
2019-12-05,GLD,HELD,2.51,MEDIUM,139.0,137.62,-0.993,WRONG,2019-12-06,BACKFILL
2019-12-05,QQQ,LONG,6.96,HIGH,194.83,196.92,1.073,RIGHT,2019-12-06,BACKFILL
2019-12-06,BTC,FLAT,-18.47,HIGH,7547.0,7400.9,-1.936,RIGHT,2019-12-09,BACKFILL
2019-12-06,GLD,HELD,1.41,LOW,137.62,137.58,-0.029,WRONG,2019-12-09,BACKFILL
2019-12-06,QQQ,LONG,8.04,HIGH,196.92,196.03,-0.452,WRONG,2019-12-09,BACKFILL
2019-12-09,BTC,FLAT,-20.14,HIGH,7400.9,7278.12,-1.659,RIGHT,2019-12-10,BACKFILL
2019-12-09,GLD,HELD,1.3,LOW,137.58,137.97,0.283,RIGHT,2019-12-10,BACKFILL
2019-12-09,QQQ,LONG,7.49,HIGH,196.03,195.86,-0.087,WRONG,2019-12-10,BACKFILL
2019-12-10,BTC,FLAT,-21.54,HIGH,7278.12,7217.43,-0.834,RIGHT,2019-12-11,BACKFILL
2019-12-10,GLD,HELD,1.5,LOW,137.97,138.92,0.689,RIGHT,2019-12-11,BACKFILL
2019-12-10,QQQ,LONG,7.32,HIGH,195.86,196.9,0.531,RIGHT,2019-12-11,BACKFILL
2019-12-11,BTC,FLAT,-22.25,HIGH,7217.43,7243.13,0.356,WRONG,2019-12-12,BACKFILL
2019-12-11,GLD,HELD,2.11,MEDIUM,138.92,138.43,-0.353,WRONG,2019-12-12,BACKFILL
2019-12-11,QQQ,LONG,7.81,HIGH,196.9,198.37,0.747,RIGHT,2019-12-12,BACKFILL
2019-12-12,BTC,FLAT,-22.02,HIGH,7243.13,7269.68,0.367,WRONG,2019-12-13,BACKFILL
2019-12-12,GLD,HELD,1.67,LOW,138.43,139.05,0.448,RIGHT,2019-12-13,BACKFILL
2019-12-12,QQQ,LONG,8.53,HIGH,198.37,199.02,0.328,RIGHT,2019-12-13,BACKFILL
2019-12-13,BTC,FLAT,-21.71,HIGH,7269.68,6932.48,-4.638,RIGHT,2019-12-16,BACKFILL
2019-12-13,GLD,HELD,2.04,MEDIUM,139.05,139.04,-0.007,WRONG,2019-12-16,BACKFILL
2019-12-13,QQQ,LONG,8.77,HIGH,199.02,201.02,1.005,RIGHT,2019-12-16,BACKFILL
2019-12-16,BTC,FLAT,-25.28,HIGH,6932.48,6640.52,-4.211,RIGHT,2019-12-17,BACKFILL
2019-12-16,GLD,HELD,1.95,LOW,139.04,139.01,-0.022,WRONG,2019-12-17,BACKFILL
2019-12-16,QQQ,LONG,9.75,HIGH,201.02,201.14,0.06,RIGHT,2019-12-17,BACKFILL
2019-12-17,BTC,FLAT,-28.35,HIGH,6640.52,7276.8,9.582,WRONG,2019-12-18,BACKFILL
2019-12-17,GLD,HELD,1.84,LOW,139.01,139.02,0.007,RIGHT,2019-12-18,BACKFILL
2019-12-17,QQQ,LONG,9.72,HIGH,201.14,201.29,0.075,RIGHT,2019-12-18,BACKFILL
2019-12-18,BTC,FLAT,-21.45,HIGH,7276.8,7202.84,-1.016,RIGHT,2019-12-19,BACKFILL
2019-12-18,GLD,HELD,1.76,LOW,139.02,139.38,0.259,RIGHT,2019-12-19,BACKFILL
2019-12-18,QQQ,LONG,9.7,HIGH,201.29,202.55,0.626,RIGHT,2019-12-19,BACKFILL
2019-12-19,BTC,FLAT,-22.24,HIGH,7202.84,7218.82,0.222,WRONG,2019-12-20,BACKFILL
2019-12-19,GLD,HELD,1.93,LOW,139.38,139.52,0.1,RIGHT,2019-12-20,BACKFILL
2019-12-19,QQQ,LONG,10.28,HIGH,202.55,203.36,0.4,RIGHT,2019-12-20,BACKFILL
2019-12-20,BTC,FLAT,-22.02,HIGH,7218.82,7355.63,1.895,WRONG,2019-12-23,BACKFILL
2019-12-20,GLD,HELD,1.94,LOW,139.52,139.95,0.308,RIGHT,2019-12-23,BACKFILL
2019-12-20,QQQ,LONG,10.59,HIGH,203.36,203.9,0.266,RIGHT,2019-12-23,BACKFILL
2019-12-23,BTC,FLAT,-20.51,HIGH,7355.63,7322.53,-0.45,RIGHT,2019-12-24,BACKFILL
2019-12-23,GLD,HELD,2.16,MEDIUM,139.95,141.27,0.943,RIGHT,2019-12-24,BACKFILL
2019-12-23,QQQ,LONG,10.77,HIGH,203.9,204.01,0.054,RIGHT,2019-12-24,BACKFILL
2019-12-24,BTC,FLAT,-20.85,HIGH,7322.53,7238.97,-1.141,RIGHT,2019-12-26,BACKFILL
2019-12-24,GLD,HELD,3.02,MEDIUM,141.27,142.38,0.786,RIGHT,2019-12-26,BACKFILL
2019-12-24,QQQ,LONG,10.7,HIGH,204.01,205.81,0.882,RIGHT,2019-12-26,BACKFILL
2019-12-26,BTC,FLAT,-21.72,HIGH,7238.97,7290.09,0.706,WRONG,2019-12-27,BACKFILL
2019-12-26,GLD,HELD,3.72,MEDIUM,142.38,142.33,-0.035,WRONG,2019-12-27,BACKFILL
2019-12-26,QQQ,LONG,11.54,HIGH,205.81,205.63,-0.087,WRONG,2019-12-27,BACKFILL
2019-12-27,BTC,FLAT,-21.12,HIGH,7290.09,7293.0,0.04,WRONG,2019-12-30,BACKFILL
2019-12-27,GLD,HELD,3.58,MEDIUM,142.33,142.63,0.211,RIGHT,2019-12-30,BACKFILL
2019-12-27,QQQ,LONG,11.3,HIGH,205.63,204.29,-0.652,WRONG,2019-12-30,BACKFILL
2019-12-30,BTC,FLAT,-21.01,HIGH,7293.0,7193.6,-1.363,RIGHT,2019-12-31,BACKFILL
2019-12-30,GLD,HELD,3.69,MEDIUM,142.63,142.9,0.189,RIGHT,2019-12-31,BACKFILL
2019-12-30,QQQ,LONG,10.43,HIGH,204.29,204.67,0.186,RIGHT,2019-12-31,BACKFILL
2019-12-31,BTC,FLAT,-22.0,HIGH,7193.6,6985.47,-2.893,RIGHT,2020-01-02,BACKFILL
2019-12-31,GLD,HELD,3.77,MEDIUM,142.9,143.95,0.735,RIGHT,2020-01-02,BACKFILL
2019-12-31,QQQ,LONG,10.5,HIGH,204.67,208.09,1.671,RIGHT,2020-01-02,BACKFILL
2020-01-02,BTC,FLAT,-24.19,HIGH,6985.47,7344.88,5.145,WRONG,2020-01-03,BACKFILL
2020-01-02,GLD,HELD,4.42,MEDIUM,143.95,145.86,1.327,RIGHT,2020-01-03,BACKFILL
2020-01-02,QQQ,LONG,12.18,HIGH,208.09,206.18,-0.918,WRONG,2020-01-03,BACKFILL
2020-01-03,BTC,FLAT,-20.22,HIGH,7344.88,7769.22,5.777,WRONG,2020-01-06,BACKFILL
2020-01-03,GLD,HELD,5.69,HIGH,145.86,147.39,1.049,RIGHT,2020-01-06,BACKFILL
2020-01-03,QQQ,LONG,11.0,HIGH,206.18,207.51,0.645,RIGHT,2020-01-06,BACKFILL
2020-01-06,BTC,FLAT,-15.58,HIGH,7769.22,8163.69,5.077,WRONG,2020-01-07,BACKFILL
2020-01-06,GLD,HELD,6.69,HIGH,147.39,147.97,0.394,RIGHT,2020-01-07,BACKFILL
2020-01-06,QQQ,LONG,11.53,HIGH,207.51,207.48,-0.014,WRONG,2020-01-07,BACKFILL
2020-01-07,BTC,FLAT,-11.32,HIGH,8163.69,8079.86,-1.027,RIGHT,2020-01-08,BACKFILL
2020-01-07,GLD,HELD,6.99,HIGH,147.97,146.86,-0.75,WRONG,2020-01-08,BACKFILL
2020-01-07,QQQ,LONG,11.36,HIGH,207.48,209.04,0.752,RIGHT,2020-01-08,BACKFILL
2020-01-08,BTC,FLAT,-12.25,HIGH,8079.86,7879.07,-2.485,RIGHT,2020-01-09,BACKFILL
2020-01-08,GLD,HELD,6.08,HIGH,146.86,146.03,-0.565,WRONG,2020-01-09,BACKFILL
2020-01-08,QQQ,LONG,12.03,HIGH,209.04,210.81,0.847,RIGHT,2020-01-09,BACKFILL
2020-01-09,BTC,FLAT,-14.43,HIGH,7879.07,8166.55,3.649,WRONG,2020-01-10,BACKFILL
2020-01-09,GLD,HELD,5.38,HIGH,146.03,146.91,0.603,RIGHT,2020-01-10,BACKFILL
2020-01-09,QQQ,LONG,12.82,HIGH,210.81,210.27,-0.256,WRONG,2020-01-10,BACKFILL
2020-01-10,BTC,FLAT,-11.32,HIGH,8166.55,8144.19,-0.274,RIGHT,2020-01-13,BACKFILL
2020-01-10,GLD,HELD,5.91,HIGH,146.91,145.82,-0.742,WRONG,2020-01-13,BACKFILL
2020-01-10,QQQ,LONG,12.38,HIGH,210.27,212.7,1.156,RIGHT,2020-01-13,BACKFILL
2020-01-13,BTC,FLAT,-11.57,HIGH,8144.19,8827.76,8.393,WRONG,2020-01-14,BACKFILL
2020-01-13,GLD,HELD,5.02,HIGH,145.82,145.69,-0.089,WRONG,2020-01-14,BACKFILL
2020-01-13,QQQ,LONG,13.52,HIGH,212.7,211.86,-0.395,WRONG,2020-01-14,BACKFILL
2020-01-14,BTC,FLAT,-4.21,MEDIUM,8827.76,8807.01,-0.235,RIGHT,2020-01-15,BACKFILL
2020-01-14,GLD,HELD,4.82,MEDIUM,145.69,146.54,0.583,RIGHT,2020-01-15,BACKFILL
2020-01-14,QQQ,LONG,12.93,HIGH,211.86,211.95,0.042,RIGHT,2020-01-15,BACKFILL
2020-01-15,BTC,FLAT,-4.48,MEDIUM,8807.01,8723.79,-0.945,RIGHT,2020-01-16,BACKFILL
2020-01-15,GLD,HELD,5.33,HIGH,146.54,146.31,-0.157,WRONG,2020-01-16,BACKFILL
2020-01-15,QQQ,LONG,12.83,HIGH,211.95,213.98,0.958,RIGHT,2020-01-16,BACKFILL
2020-01-16,BTC,FLAT,-5.42,HIGH,8723.79,8929.04,2.353,WRONG,2020-01-17,BACKFILL
2020-01-16,GLD,HELD,5.06,HIGH,146.31,146.58,0.185,RIGHT,2020-01-17,BACKFILL
2020-01-16,QQQ,LONG,13.75,HIGH,213.98,215.04,0.495,RIGHT,2020-01-17,BACKFILL
2020-01-17,BTC,FLAT,-3.21,MEDIUM,8929.04,8745.89,-2.051,RIGHT,2020-01-21,BACKFILL
2020-01-17,GLD,HELD,5.16,HIGH,146.58,146.74,0.109,RIGHT,2020-01-21,BACKFILL
2020-01-17,QQQ,LONG,14.15,HIGH,215.04,214.94,-0.047,WRONG,2020-01-21,BACKFILL
2020-01-21,BTC,FLAT,-5.16,HIGH,8745.89,8680.88,-0.743,RIGHT,2020-01-22,BACKFILL
2020-01-21,GLD,HELD,5.17,HIGH,146.74,146.79,0.034,RIGHT,2020-01-22,BACKFILL
2020-01-21,QQQ,LONG,13.94,HIGH,214.94,215.51,0.265,RIGHT,2020-01-22,BACKFILL
2020-01-22,BTC,FLAT,-5.83,HIGH,8680.88,8406.52,-3.161,RIGHT,2020-01-23,BACKFILL
2020-01-22,GLD,HELD,5.11,HIGH,146.79,147.12,0.225,RIGHT,2020-01-23,BACKFILL
2020-01-22,QQQ,LONG,14.09,HIGH,215.51,216.2,0.32,RIGHT,2020-01-23,BACKFILL
2020-01-23,BTC,FLAT,-8.75,HIGH,8406.52,8445.43,0.463,WRONG,2020-01-24,BACKFILL
2020-01-23,GLD,HELD,5.25,HIGH,147.12,147.98,0.585,RIGHT,2020-01-24,BACKFILL
2020-01-23,QQQ,LONG,14.31,HIGH,216.2,214.38,-0.842,WRONG,2020-01-24,BACKFILL
2020-01-24,BTC,FLAT,-8.26,HIGH,8445.43,8909.82,5.499,WRONG,2020-01-27,BACKFILL
2020-01-24,GLD,HELD,5.78,HIGH,147.98,148.99,0.683,RIGHT,2020-01-27,BACKFILL
2020-01-24,QQQ,LONG,13.21,HIGH,214.38,209.96,-2.062,WRONG,2020-01-27,BACKFILL
2020-01-27,BTC,FLAT,-3.13,MEDIUM,8909.82,9358.59,5.037,WRONG,2020-01-28,BACKFILL
2020-01-27,GLD,HELD,6.41,HIGH,148.99,147.66,-0.893,WRONG,2020-01-28,BACKFILL
2020-01-27,QQQ,LONG,10.76,HIGH,209.96,213.18,1.534,RIGHT,2020-01-28,BACKFILL
2020-01-28,BTC,LONG,1.87,LOW,9358.59,9316.63,-0.448,WRONG,2020-01-29,BACKFILL
2020-01-28,GLD,HELD,5.39,HIGH,147.66,148.46,0.542,RIGHT,2020-01-29,BACKFILL
2020-01-28,QQQ,LONG,12.33,HIGH,213.18,213.53,0.164,RIGHT,2020-01-29,BACKFILL
2020-01-29,BTC,LONG,1.6,LOW,9316.63,9508.99,2.065,RIGHT,2020-01-30,BACKFILL
2020-01-29,GLD,HELD,5.89,HIGH,148.46,148.47,0.007,RIGHT,2020-01-30,BACKFILL
2020-01-29,QQQ,LONG,12.37,HIGH,213.53,214.29,0.356,RIGHT,2020-01-30,BACKFILL
2020-01-30,BTC,LONG,3.96,MEDIUM,9508.99,9350.53,-1.666,WRONG,2020-01-31,BACKFILL
2020-01-30,GLD,HELD,5.82,HIGH,148.47,149.33,0.579,RIGHT,2020-01-31,BACKFILL
2020-01-30,QQQ,LONG,12.63,HIGH,214.29,210.89,-1.587,WRONG,2020-01-31,BACKFILL
2020-01-31,BTC,LONG,2.37,MEDIUM,9350.53,9293.52,-0.61,WRONG,2020-02-03,BACKFILL
2020-01-31,GLD,HELD,6.35,HIGH,149.33,148.36,-0.65,WRONG,2020-02-03,BACKFILL
2020-01-31,QQQ,LONG,10.72,HIGH,210.89,214.08,1.513,RIGHT,2020-02-03,BACKFILL
2020-02-03,BTC,LONG,1.97,LOW,9293.52,9180.96,-1.211,WRONG,2020-02-04,BACKFILL
2020-02-03,GLD,HELD,5.58,HIGH,148.36,146.43,-1.301,WRONG,2020-02-04,BACKFILL
2020-02-03,QQQ,LONG,12.26,HIGH,214.08,218.98,2.289,RIGHT,2020-02-04,BACKFILL
2020-02-04,BTC,LONG,0.84,LOW,9180.96,9613.42,4.71,RIGHT,2020-02-05,BACKFILL
2020-02-04,GLD,HELD,4.13,MEDIUM,146.43,146.61,0.123,RIGHT,2020-02-05,BACKFILL
2020-02-04,QQQ,LONG,14.67,HIGH,218.98,219.7,0.329,RIGHT,2020-02-05,BACKFILL
2020-02-05,BTC,LONG,5.68,HIGH,9613.42,9729.8,1.211,RIGHT,2020-02-06,BACKFILL
2020-02-05,GLD,HELD,4.19,MEDIUM,146.61,147.4,0.539,RIGHT,2020-02-06,BACKFILL
2020-02-05,QQQ,LONG,14.9,HIGH,219.7,221.59,0.86,RIGHT,2020-02-06,BACKFILL
2020-02-06,BTC,LONG,7.14,HIGH,9729.8,9795.94,0.68,RIGHT,2020-02-07,BACKFILL
2020-02-06,GLD,HELD,4.69,MEDIUM,147.4,147.79,0.265,RIGHT,2020-02-07,BACKFILL
2020-02-06,QQQ,LONG,15.74,HIGH,221.59,220.64,-0.429,WRONG,2020-02-07,BACKFILL
2020-02-07,BTC,LONG,7.96,HIGH,9795.94,9856.61,0.619,RIGHT,2020-02-10,BACKFILL
2020-02-07,GLD,HELD,4.89,MEDIUM,147.79,148.17,0.257,RIGHT,2020-02-10,BACKFILL
2020-02-07,QQQ,LONG,15.09,HIGH,220.64,223.31,1.21,RIGHT,2020-02-10,BACKFILL
2020-02-10,BTC,LONG,8.82,HIGH,9856.61,10208.24,3.567,RIGHT,2020-02-11,BACKFILL
2020-02-10,GLD,HELD,5.07,HIGH,148.17,147.66,-0.344,WRONG,2020-02-11,BACKFILL
2020-02-10,QQQ,LONG,16.31,HIGH,223.31,223.35,0.018,RIGHT,2020-02-11,BACKFILL
2020-02-11,BTC,LONG,12.9,HIGH,10208.24,10326.05,1.154,RIGHT,2020-02-12,BACKFILL
2020-02-11,GLD,HELD,4.63,MEDIUM,147.66,147.54,-0.081,WRONG,2020-02-12,BACKFILL
2020-02-11,QQQ,LONG,16.17,HIGH,223.35,225.52,0.972,RIGHT,2020-02-12,BACKFILL
2020-02-12,BTC,LONG,14.36,HIGH,10326.05,10214.38,-1.081,WRONG,2020-02-13,BACKFILL
2020-02-12,GLD,HELD,4.48,MEDIUM,147.54,148.38,0.569,RIGHT,2020-02-13,BACKFILL
2020-02-12,QQQ,LONG,17.13,HIGH,225.52,225.23,-0.129,WRONG,2020-02-13,BACKFILL
2020-02-13,BTC,LONG,13.22,HIGH,10214.38,10312.12,0.957,RIGHT,2020-02-14,BACKFILL
2020-02-13,GLD,HELD,5.0,MEDIUM,148.38,149.0,0.418,RIGHT,2020-02-14,BACKFILL
2020-02-13,QQQ,LONG,16.82,HIGH,225.23,225.88,0.289,RIGHT,2020-02-14,BACKFILL
2020-02-14,BTC,LONG,14.43,HIGH,10312.12,10142.0,-1.65,WRONG,2020-02-18,BACKFILL
2020-02-14,GLD,HELD,5.36,HIGH,149.0,150.91,1.282,RIGHT,2020-02-18,BACKFILL
2020-02-14,QQQ,LONG,16.99,HIGH,225.88,225.97,0.04,RIGHT,2020-02-18,BACKFILL
2020-02-18,BTC,LONG,12.6,HIGH,10142.0,9633.39,-5.015,WRONG,2020-02-19,BACKFILL
2020-02-18,GLD,HELD,6.62,HIGH,150.91,151.79,0.583,RIGHT,2020-02-19,BACKFILL
2020-02-18,QQQ,LONG,16.88,HIGH,225.97,228.13,0.956,RIGHT,2020-02-19,BACKFILL
2020-02-19,BTC,LONG,6.95,HIGH,9633.39,9608.48,-0.259,WRONG,2020-02-20,BACKFILL
2020-02-19,GLD,HELD,7.15,HIGH,151.79,152.41,0.408,RIGHT,2020-02-20,BACKFILL
2020-02-19,QQQ,LONG,17.82,HIGH,228.13,226.01,-0.929,WRONG,2020-02-20,BACKFILL
2020-02-20,BTC,LONG,6.68,HIGH,9608.48,9686.44,0.811,RIGHT,2020-02-21,BACKFILL
2020-02-20,GLD,HELD,7.49,HIGH,152.41,154.7,1.503,RIGHT,2020-02-21,BACKFILL
2020-02-20,QQQ,LONG,16.56,HIGH,226.01,221.67,-1.92,WRONG,2020-02-21,BACKFILL
2020-02-21,BTC,LONG,7.62,HIGH,9686.44,9650.17,-0.374,WRONG,2020-02-24,BACKFILL
2020-02-21,GLD,HELD,9.02,HIGH,154.7,156.09,0.899,RIGHT,2020-02-24,BACKFILL
2020-02-21,QQQ,LONG,14.17,HIGH,221.67,213.12,-3.857,WRONG,2020-02-24,BACKFILL
2020-02-24,BTC,LONG,7.29,HIGH,9650.17,9341.71,-3.196,WRONG,2020-02-25,BACKFILL
2020-02-24,GLD,HELD,9.88,HIGH,156.09,153.3,-1.787,WRONG,2020-02-25,BACKFILL
2020-02-24,QQQ,LONG,9.66,HIGH,213.12,207.33,-2.717,WRONG,2020-02-25,BACKFILL
2020-02-25,BTC,LONG,3.93,MEDIUM,9341.71,8820.52,-5.579,WRONG,2020-02-26,BACKFILL
2020-02-25,GLD,HELD,7.82,HIGH,153.3,153.97,0.437,RIGHT,2020-02-26,BACKFILL
2020-02-25,QQQ,LONG,6.59,HIGH,207.33,208.4,0.516,RIGHT,2020-02-26,BACKFILL
2020-02-26,BTC,FLAT,-1.79,LOW,8820.52,8784.49,-0.408,RIGHT,2020-02-27,BACKFILL
2020-02-26,GLD,HELD,8.19,HIGH,153.97,154.0,0.019,RIGHT,2020-02-27,BACKFILL
2020-02-26,QQQ,LONG,7.06,HIGH,208.4,197.96,-5.01,WRONG,2020-02-27,BACKFILL
2020-02-27,BTC,FLAT,-2.11,MEDIUM,8784.49,8672.46,-1.275,RIGHT,2020-02-28,BACKFILL
2020-02-27,GLD,HELD,8.11,HIGH,154.0,148.38,-3.649,WRONG,2020-02-28,BACKFILL
2020-02-27,QQQ,LONG,1.66,LOW,197.96,198.12,0.081,RIGHT,2020-02-28,BACKFILL
2020-02-28,BTC,FLAT,-3.27,MEDIUM,8672.46,8869.67,2.274,WRONG,2020-03-02,BACKFILL
2020-02-28,GLD,HELD,4.1,MEDIUM,148.38,149.2,0.553,RIGHT,2020-03-02,BACKFILL
2020-02-28,QQQ,LONG,1.7,LOW,198.12,208.34,5.158,RIGHT,2020-03-02,BACKFILL
2020-03-02,BTC,FLAT,-1.0,LOW,8869.67,8787.79,-0.923,RIGHT,2020-03-03,BACKFILL
2020-03-02,GLD,HELD,4.59,MEDIUM,149.2,153.89,3.143,RIGHT,2020-03-03,BACKFILL
2020-03-02,QQQ,LONG,6.87,HIGH,208.34,201.66,-3.206,WRONG,2020-03-03,BACKFILL
2020-03-03,BTC,FLAT,-1.86,LOW,8787.79,8755.25,-0.37,RIGHT,2020-03-04,BACKFILL
2020-03-03,GLD,HELD,7.78,HIGH,153.89,154.16,0.175,RIGHT,2020-03-04,BACKFILL
2020-03-03,QQQ,LONG,3.39,MEDIUM,201.66,210.07,4.17,RIGHT,2020-03-04,BACKFILL
2020-03-04,BTC,FLAT,-2.16,MEDIUM,8755.25,9078.76,3.695,WRONG,2020-03-05,BACKFILL
2020-03-04,GLD,HELD,7.88,HIGH,154.16,157.49,2.16,RIGHT,2020-03-05,BACKFILL
2020-03-04,QQQ,LONG,7.61,HIGH,210.07,203.69,-3.037,WRONG,2020-03-05,BACKFILL
2020-03-05,BTC,LONG,1.53,LOW,9078.76,9122.55,0.482,RIGHT,2020-03-06,BACKFILL
2020-03-05,GLD,HELD,10.08,HIGH,157.49,157.55,0.038,RIGHT,2020-03-06,BACKFILL
2020-03-05,QQQ,LONG,4.27,MEDIUM,203.69,200.25,-1.689,WRONG,2020-03-06,BACKFILL
2020-03-06,BTC,LONG,2.12,MEDIUM,9122.55,7923.64,-13.142,WRONG,2020-03-09,BACKFILL
2020-03-06,GLD,HELD,10.02,HIGH,157.55,157.81,0.165,RIGHT,2020-03-09,BACKFILL
2020-03-06,QQQ,LONG,2.44,MEDIUM,200.25,186.34,-6.946,WRONG,2020-03-09,BACKFILL
2020-03-09,BTC,FLAT,-11.13,HIGH,7923.64,7909.73,-0.176,RIGHT,2020-03-10,BACKFILL
2020-03-09,GLD,HELD,10.09,HIGH,157.81,154.48,-2.11,WRONG,2020-03-10,BACKFILL
2020-03-09,QQQ,FLAT,-4.69,MEDIUM,186.34,196.49,5.447,WRONG,2020-03-10,BACKFILL
2020-03-10,BTC,FLAT,-11.03,HIGH,7909.73,7911.43,0.021,WRONG,2020-03-11,BACKFILL
2020-03-10,GLD,HELD,7.68,HIGH,154.48,153.93,-0.356,WRONG,2020-03-11,BACKFILL
2020-03-10,QQQ,LONG,0.42,LOW,196.49,187.93,-4.356,WRONG,2020-03-11,BACKFILL
2020-03-11,BTC,FLAT,-10.77,HIGH,7911.43,4970.79,-37.17,RIGHT,2020-03-12,BACKFILL
2020-03-11,GLD,HELD,7.22,HIGH,153.93,147.79,-3.989,WRONG,2020-03-12,BACKFILL
2020-03-11,QQQ,FLAT,-4.0,MEDIUM,187.93,170.7,-9.168,RIGHT,2020-03-12,BACKFILL
2020-03-12,BTC,FLAT,-43.64,HIGH,4970.79,5563.71,11.928,WRONG,2020-03-13,BACKFILL
2020-03-12,GLD,HELD,2.91,MEDIUM,147.79,143.28,-3.052,WRONG,2020-03-13,BACKFILL
2020-03-12,QQQ,FLAT,-12.78,HIGH,170.7,185.16,8.471,WRONG,2020-03-13,BACKFILL
2020-03-13,BTC,FLAT,-36.61,HIGH,5563.71,5014.48,-9.872,RIGHT,2020-03-16,BACKFILL
2020-03-13,GLD,HELD,-0.24,LOW,143.28,141.64,-1.145,WRONG,2020-03-16,BACKFILL
2020-03-13,QQQ,FLAT,-5.41,HIGH,185.16,162.98,-11.979,RIGHT,2020-03-16,BACKFILL
2020-03-16,BTC,FLAT,-42.57,HIGH,5014.48,5225.63,4.211,WRONG,2020-03-17,BACKFILL
2020-03-16,GLD,HELD,-1.38,LOW,141.64,143.56,1.356,RIGHT,2020-03-17,BACKFILL
2020-03-16,QQQ,FLAT,-16.69,HIGH,162.98,175.34,7.584,WRONG,2020-03-17,BACKFILL
2020-03-17,BTC,FLAT,-39.87,HIGH,5225.63,5238.44,0.245,WRONG,2020-03-18,BACKFILL
2020-03-17,GLD,HELD,-0.05,LOW,143.56,140.7,-1.992,WRONG,2020-03-18,BACKFILL
2020-03-17,QQQ,FLAT,-10.37,HIGH,175.34,170.01,-3.04,RIGHT,2020-03-18,BACKFILL
2020-03-18,BTC,FLAT,-39.46,HIGH,5238.44,6191.19,18.188,WRONG,2020-03-19,BACKFILL
2020-03-18,GLD,HELD,-2.03,MEDIUM,140.7,138.04,-1.891,WRONG,2020-03-19,BACKFILL
2020-03-18,QQQ,FLAT,-13.07,HIGH,170.01,171.03,0.6,WRONG,2020-03-19,BACKFILL
2020-03-19,BTC,FLAT,-28.23,HIGH,6191.19,6198.78,0.123,WRONG,2020-03-20,BACKFILL
2020-03-19,GLD,HELD,-3.86,MEDIUM,138.04,140.11,1.5,RIGHT,2020-03-20,BACKFILL
2020-03-19,QQQ,FLAT,-12.53,HIGH,171.03,164.33,-3.917,RIGHT,2020-03-20,BACKFILL
2020-03-20,BTC,FLAT,-27.92,HIGH,6198.78,6416.31,3.509,WRONG,2020-03-23,BACKFILL
2020-03-20,GLD,HELD,-2.41,MEDIUM,140.11,146.3,4.418,RIGHT,2020-03-23,BACKFILL
2020-03-20,QQQ,FLAT,-15.93,HIGH,164.33,164.44,0.067,WRONG,2020-03-23,BACKFILL
2020-03-23,BTC,FLAT,-25.16,HIGH,6416.31,6734.8,4.964,WRONG,2020-03-24,BACKFILL
2020-03-23,GLD,HELD,1.89,LOW,146.3,153.4,4.853,RIGHT,2020-03-24,BACKFILL
2020-03-23,QQQ,FLAT,-15.83,HIGH,164.44,177.18,7.748,WRONG,2020-03-24,BACKFILL
2020-03-24,BTC,FLAT,-21.19,HIGH,6734.8,6681.06,-0.798,RIGHT,2020-03-25,BACKFILL
2020-03-24,GLD,HELD,6.77,HIGH,153.4,151.3,-1.369,WRONG,2020-03-25,BACKFILL
2020-03-24,QQQ,FLAT,-9.3,HIGH,177.18,175.87,-0.739,RIGHT,2020-03-25,BACKFILL
2020-03-25,BTC,FLAT,-21.57,HIGH,6681.06,6716.44,0.53,WRONG,2020-03-26,BACKFILL
2020-03-25,GLD,HELD,5.27,HIGH,151.3,153.24,1.282,RIGHT,2020-03-26,BACKFILL
2020-03-25,QQQ,FLAT,-9.96,HIGH,175.87,185.13,5.265,WRONG,2020-03-26,BACKFILL
2020-03-26,BTC,FLAT,-20.94,HIGH,6716.44,6469.8,-3.672,RIGHT,2020-03-27,BACKFILL
2020-03-26,GLD,HELD,6.56,HIGH,153.24,152.25,-0.646,WRONG,2020-03-27,BACKFILL
2020-03-26,QQQ,FLAT,-5.23,HIGH,185.13,178.76,-3.441,RIGHT,2020-03-27,BACKFILL
2020-03-27,BTC,FLAT,-23.62,HIGH,6469.8,6429.84,-0.618,RIGHT,2020-03-30,BACKFILL
2020-03-27,GLD,HELD,5.82,HIGH,152.25,152.92,0.44,RIGHT,2020-03-30,BACKFILL
2020-03-27,QQQ,FLAT,-8.49,HIGH,178.76,185.26,3.636,WRONG,2020-03-30,BACKFILL
2020-03-30,BTC,FLAT,-23.86,HIGH,6429.84,6438.64,0.137,WRONG,2020-03-31,BACKFILL
2020-03-30,GLD,HELD,6.24,HIGH,152.92,148.05,-3.185,WRONG,2020-03-31,BACKFILL
2020-03-30,QQQ,FLAT,-5.2,HIGH,185.26,183.68,-0.853,RIGHT,2020-03-31,BACKFILL
2020-03-31,BTC,FLAT,-23.51,HIGH,6438.64,6606.78,2.611,WRONG,2020-04-01,BACKFILL
2020-03-31,GLD,HELD,2.84,MEDIUM,148.05,149.45,0.946,RIGHT,2020-04-01,BACKFILL
2020-03-31,QQQ,FLAT,-6.03,HIGH,183.68,175.88,-4.247,RIGHT,2020-04-01,BACKFILL
2020-04-01,BTC,FLAT,-21.29,HIGH,6606.78,6793.62,2.828,WRONG,2020-04-02,BACKFILL
2020-04-01,GLD,HELD,3.79,MEDIUM,149.45,151.9,1.639,RIGHT,2020-04-02,BACKFILL
2020-04-01,QQQ,FLAT,-10.01,HIGH,175.88,179.45,2.03,WRONG,2020-04-02,BACKFILL
2020-04-02,BTC,FLAT,-18.88,HIGH,6793.62,6733.39,-0.887,RIGHT,2020-04-03,BACKFILL
2020-04-02,GLD,HELD,5.46,HIGH,151.9,152.65,0.494,RIGHT,2020-04-03,BACKFILL
2020-04-02,QQQ,FLAT,-8.19,HIGH,179.45,176.9,-1.421,RIGHT,2020-04-03,BACKFILL
2020-04-03,BTC,FLAT,-19.42,HIGH,6733.39,7271.78,7.996,WRONG,2020-04-06,BACKFILL
2020-04-03,GLD,HELD,5.94,HIGH,152.65,156.88,2.771,RIGHT,2020-04-06,BACKFILL
2020-04-03,QQQ,FLAT,-9.49,HIGH,176.9,189.55,7.151,WRONG,2020-04-06,BACKFILL
2020-04-06,BTC,FLAT,-12.81,HIGH,7271.78,7176.41,-1.312,RIGHT,2020-04-07,BACKFILL
2020-04-06,GLD,HELD,8.81,HIGH,156.88,156.04,-0.535,WRONG,2020-04-07,BACKFILL
2020-04-06,QQQ,FLAT,-3.05,MEDIUM,189.55,189.47,-0.042,RIGHT,2020-04-07,BACKFILL
2020-04-07,BTC,FLAT,-13.72,HIGH,7176.41,7334.1,2.197,WRONG,2020-04-08,BACKFILL
2020-04-07,GLD,HELD,8.18,HIGH,156.04,154.65,-0.891,WRONG,2020-04-08,BACKFILL
2020-04-07,QQQ,FLAT,-3.13,MEDIUM,189.47,193.49,2.122,WRONG,2020-04-08,BACKFILL
2020-04-08,BTC,FLAT,-11.59,HIGH,7334.1,7302.09,-0.436,RIGHT,2020-04-09,BACKFILL
2020-04-08,GLD,HELD,7.17,HIGH,154.65,158.69,2.612,RIGHT,2020-04-09,BACKFILL
2020-04-08,QQQ,FLAT,-1.12,LOW,193.49,193.77,0.145,WRONG,2020-04-09,BACKFILL
2020-04-09,BTC,FLAT,-11.75,HIGH,7302.09,6845.04,-6.259,RIGHT,2020-04-13,BACKFILL
2020-04-09,GLD,HELD,9.89,HIGH,158.69,161.41,1.714,RIGHT,2020-04-13,BACKFILL
2020-04-09,QQQ,FLAT,-1.01,LOW,193.77,195.87,1.084,WRONG,2020-04-13,BACKFILL
2020-04-13,BTC,FLAT,-17.04,HIGH,6845.04,6842.43,-0.038,RIGHT,2020-04-14,BACKFILL
2020-04-13,GLD,HELD,11.68,HIGH,161.41,162.68,0.787,RIGHT,2020-04-14,BACKFILL
2020-04-13,QQQ,LONG,0.02,LOW,195.87,204.38,4.345,RIGHT,2020-04-14,BACKFILL
2020-04-14,BTC,FLAT,-16.83,HIGH,6842.43,6642.11,-2.928,RIGHT,2020-04-15,BACKFILL
2020-04-14,GLD,HELD,12.44,HIGH,162.68,161.85,-0.51,WRONG,2020-04-15,BACKFILL
2020-04-14,QQQ,LONG,4.3,MEDIUM,204.38,202.04,-1.145,WRONG,2020-04-15,BACKFILL
2020-04-15,BTC,FLAT,-19.04,HIGH,6642.11,7116.8,7.147,WRONG,2020-04-16,BACKFILL
2020-04-15,GLD,HELD,11.76,HIGH,161.85,161.71,-0.086,WRONG,2020-04-16,BACKFILL
2020-04-15,QQQ,LONG,3.03,MEDIUM,202.04,205.72,1.821,RIGHT,2020-04-16,BACKFILL
2020-04-16,BTC,FLAT,-13.04,HIGH,7116.8,7096.18,-0.29,RIGHT,2020-04-17,BACKFILL
2020-04-16,GLD,HELD,11.56,HIGH,161.71,158.57,-1.942,WRONG,2020-04-17,BACKFILL
2020-04-16,QQQ,LONG,4.83,MEDIUM,205.72,207.69,0.958,RIGHT,2020-04-17,BACKFILL
2020-04-17,BTC,FLAT,-13.05,HIGH,7096.18,6881.96,-3.019,RIGHT,2020-04-20,BACKFILL
2020-04-17,GLD,HELD,9.3,HIGH,158.57,159.7,0.713,RIGHT,2020-04-20,BACKFILL
2020-04-17,QQQ,LONG,5.76,HIGH,207.69,205.23,-1.184,WRONG,2020-04-20,BACKFILL
2020-04-20,BTC,FLAT,-15.44,HIGH,6881.96,6880.32,-0.024,RIGHT,2020-04-21,BACKFILL
2020-04-20,GLD,HELD,9.98,HIGH,159.7,158.61,-0.683,WRONG,2020-04-21,BACKFILL
2020-04-20,QQQ,LONG,4.43,MEDIUM,205.23,197.66,-3.689,WRONG,2020-04-21,BACKFILL
2020-04-21,BTC,FLAT,-15.22,HIGH,6880.32,7117.21,3.443,WRONG,2020-04-22,BACKFILL
2020-04-21,GLD,HELD,9.15,HIGH,158.61,161.73,1.967,RIGHT,2020-04-22,BACKFILL
2020-04-21,QQQ,LONG,0.53,LOW,197.66,203.53,2.97,RIGHT,2020-04-22,BACKFILL
2020-04-22,BTC,FLAT,-12.08,HIGH,7117.21,7429.72,4.391,WRONG,2020-04-23,BACKFILL
2020-04-22,GLD,HELD,11.19,HIGH,161.73,163.34,0.995,RIGHT,2020-04-23,BACKFILL
2020-04-22,QQQ,LONG,3.45,MEDIUM,203.53,203.09,-0.216,WRONG,2020-04-23,BACKFILL
2020-04-23,BTC,FLAT,-8.01,HIGH,7429.72,7550.9,1.631,WRONG,2020-04-24,BACKFILL
2020-04-23,GLD,HELD,12.18,HIGH,163.34,162.64,-0.429,WRONG,2020-04-24,BACKFILL
2020-04-23,QQQ,LONG,3.16,MEDIUM,203.09,206.29,1.576,RIGHT,2020-04-24,BACKFILL
2020-04-24,BTC,FLAT,-6.3,HIGH,7550.9,7795.6,3.241,WRONG,2020-04-27,BACKFILL
2020-04-24,GLD,HELD,11.59,HIGH,162.64,161.56,-0.664,WRONG,2020-04-27,BACKFILL
2020-04-24,QQQ,LONG,4.71,MEDIUM,206.29,207.95,0.805,RIGHT,2020-04-27,BACKFILL
2020-04-27,BTC,FLAT,-3.07,MEDIUM,7795.6,7807.06,0.147,WRONG,2020-04-28,BACKFILL
2020-04-27,GLD,HELD,10.76,HIGH,161.56,160.84,-0.446,WRONG,2020-04-28,BACKFILL
2020-04-27,QQQ,LONG,5.47,HIGH,207.95,204.04,-1.88,WRONG,2020-04-28,BACKFILL
2020-04-28,BTC,FLAT,-2.77,MEDIUM,7807.06,8801.04,12.732,WRONG,2020-04-29,BACKFILL
2020-04-28,GLD,HELD,10.18,HIGH,160.84,161.73,0.553,RIGHT,2020-04-29,BACKFILL
2020-04-28,QQQ,LONG,3.41,MEDIUM,204.04,211.27,3.543,RIGHT,2020-04-29,BACKFILL
2020-04-29,BTC,LONG,9.59,HIGH,8801.04,8658.55,-1.619,WRONG,2020-04-30,BACKFILL
2020-04-29,GLD,HELD,10.7,HIGH,161.73,158.8,-1.812,WRONG,2020-04-30,BACKFILL
2020-04-29,QQQ,LONG,6.96,HIGH,211.27,211.19,-0.038,WRONG,2020-04-30,BACKFILL
2020-04-30,BTC,LONG,7.8,HIGH,8658.55,8864.77,2.382,RIGHT,2020-05-01,BACKFILL
2020-04-30,GLD,HELD,8.61,HIGH,158.8,159.78,0.617,RIGHT,2020-05-01,BACKFILL
2020-04-30,QQQ,LONG,6.82,HIGH,211.19,205.23,-2.822,WRONG,2020-05-01,BACKFILL
2020-05-01,BTC,LONG,10.3,HIGH,8864.77,8912.65,0.54,RIGHT,2020-05-04,BACKFILL
2020-05-01,GLD,HELD,9.19,HIGH,159.78,160.34,0.35,RIGHT,2020-05-04,BACKFILL
2020-05-01,QQQ,LONG,3.72,MEDIUM,205.23,207.63,1.169,RIGHT,2020-05-04,BACKFILL
2020-05-04,BTC,LONG,10.83,HIGH,8912.65,9003.07,1.015,RIGHT,2020-05-05,BACKFILL
2020-05-04,GLD,HELD,9.48,HIGH,160.34,161.02,0.424,RIGHT,2020-05-05,BACKFILL
2020-05-04,QQQ,LONG,4.84,MEDIUM,207.63,209.98,1.132,RIGHT,2020-05-05,BACKFILL
2020-05-05,BTC,LONG,11.89,HIGH,9003.07,9268.76,2.951,RIGHT,2020-05-06,BACKFILL
2020-05-05,GLD,HELD,9.83,HIGH,161.02,158.95,-1.286,WRONG,2020-05-06,BACKFILL
2020-05-05,QQQ,LONG,5.92,HIGH,209.98,211.27,0.614,RIGHT,2020-05-06,BACKFILL
2020-05-06,BTC,LONG,15.11,HIGH,9268.76,9951.52,7.366,RIGHT,2020-05-07,BACKFILL
2020-05-06,GLD,HELD,8.32,HIGH,158.95,161.39,1.535,RIGHT,2020-05-07,BACKFILL
2020-05-06,QQQ,LONG,6.46,HIGH,211.27,213.99,1.287,RIGHT,2020-05-07,BACKFILL
2020-05-07,BTC,LONG,23.43,HIGH,9951.52,9842.67,-1.094,WRONG,2020-05-08,BACKFILL
2020-05-07,GLD,HELD,9.88,HIGH,161.39,160.42,-0.601,WRONG,2020-05-08,BACKFILL
2020-05-07,QQQ,LONG,7.7,HIGH,213.99,216.93,1.374,RIGHT,2020-05-08,BACKFILL
2020-05-08,BTC,LONG,21.92,HIGH,9842.67,8601.8,-12.607,WRONG,2020-05-11,BACKFILL
2020-05-08,GLD,HELD,9.13,HIGH,160.42,159.42,-0.623,WRONG,2020-05-11,BACKFILL
2020-05-08,QQQ,LONG,9.04,HIGH,216.93,218.86,0.89,RIGHT,2020-05-11,BACKFILL
2020-05-11,BTC,LONG,6.51,HIGH,8601.8,8804.48,2.356,RIGHT,2020-05-12,BACKFILL
2020-05-11,GLD,HELD,8.37,HIGH,159.42,160.04,0.389,RIGHT,2020-05-12,BACKFILL
2020-05-11,QQQ,LONG,9.87,HIGH,218.86,214.28,-2.093,WRONG,2020-05-12,BACKFILL
2020-05-12,BTC,LONG,8.97,HIGH,8804.48,9269.99,5.287,RIGHT,2020-05-13,BACKFILL
2020-05-12,GLD,HELD,8.69,HIGH,160.04,161.58,0.962,RIGHT,2020-05-13,BACKFILL
2020-05-12,QQQ,LONG,7.45,HIGH,214.28,211.6,-1.251,WRONG,2020-05-13,BACKFILL
2020-05-13,BTC,LONG,14.63,HIGH,9269.99,9733.72,5.002,RIGHT,2020-05-14,BACKFILL
2020-05-13,GLD,HELD,9.64,HIGH,161.58,163.01,0.885,RIGHT,2020-05-14,BACKFILL
2020-05-13,QQQ,LONG,5.99,HIGH,211.6,214.0,1.134,RIGHT,2020-05-14,BACKFILL
2020-05-14,BTC,LONG,20.26,HIGH,9733.72,9328.2,-4.166,WRONG,2020-05-15,BACKFILL
2020-05-14,GLD,HELD,10.51,HIGH,163.01,163.93,0.564,RIGHT,2020-05-15,BACKFILL
2020-05-14,QQQ,LONG,7.07,HIGH,214.0,215.39,0.65,RIGHT,2020-05-15,BACKFILL
2020-05-15,BTC,LONG,15.18,HIGH,9328.2,9726.58,4.271,RIGHT,2020-05-18,BACKFILL
2020-05-15,GLD,HELD,11.01,HIGH,163.93,162.69,-0.756,WRONG,2020-05-18,BACKFILL
2020-05-15,QQQ,LONG,7.64,HIGH,215.39,219.4,1.862,RIGHT,2020-05-18,BACKFILL
2020-05-18,BTC,LONG,19.96,HIGH,9726.58,9729.04,0.025,RIGHT,2020-05-19,BACKFILL
2020-05-18,GLD,HELD,10.06,HIGH,162.69,164.26,0.965,RIGHT,2020-05-19,BACKFILL
2020-05-18,QQQ,LONG,9.51,HIGH,219.4,218.85,-0.251,WRONG,2020-05-19,BACKFILL
2020-05-19,BTC,LONG,19.85,HIGH,9729.04,9522.98,-2.118,WRONG,2020-05-20,BACKFILL
2020-05-19,GLD,HELD,11.01,HIGH,164.26,164.65,0.237,RIGHT,2020-05-20,BACKFILL
2020-05-19,QQQ,LONG,9.11,HIGH,218.85,223.22,1.997,RIGHT,2020-05-20,BACKFILL
2020-05-20,BTC,LONG,17.19,HIGH,9522.98,9081.76,-4.633,WRONG,2020-05-21,BACKFILL
2020-05-20,GLD,HELD,11.14,HIGH,164.65,162.25,-1.458,WRONG,2020-05-21,BACKFILL
2020-05-20,QQQ,LONG,11.15,HIGH,223.22,220.79,-1.089,WRONG,2020-05-21,BACKFILL
2020-05-21,BTC,LONG,11.66,HIGH,9081.76,9182.58,1.11,RIGHT,2020-05-22,BACKFILL
2020-05-21,GLD,HELD,9.42,HIGH,162.25,163.21,0.592,RIGHT,2020-05-22,BACKFILL
2020-05-21,QQQ,LONG,9.81,HIGH,220.79,221.56,0.349,RIGHT,2020-05-22,BACKFILL
2020-05-22,BTC,LONG,12.8,HIGH,9182.58,8835.05,-3.785,WRONG,2020-05-26,BACKFILL
2020-05-22,GLD,HELD,9.95,HIGH,163.21,160.89,-1.421,WRONG,2020-05-26,BACKFILL
2020-05-22,QQQ,LONG,10.06,HIGH,221.56,220.96,-0.271,WRONG,2020-05-26,BACKFILL
2020-05-26,BTC,LONG,8.46,HIGH,8835.05,9181.02,3.916,RIGHT,2020-05-27,BACKFILL
2020-05-26,GLD,HELD,8.29,HIGH,160.89,161.18,0.18,RIGHT,2020-05-27,BACKFILL
2020-05-26,QQQ,LONG,9.63,HIGH,220.96,222.16,0.543,RIGHT,2020-05-27,BACKFILL
2020-05-27,BTC,LONG,12.62,HIGH,9181.02,9525.75,3.755,RIGHT,2020-05-28,BACKFILL
2020-05-27,GLD,HELD,8.38,HIGH,161.18,161.72,0.335,RIGHT,2020-05-28,BACKFILL
2020-05-27,QQQ,LONG,10.1,HIGH,222.16,221.87,-0.131,WRONG,2020-05-28,BACKFILL
2020-05-28,BTC,LONG,16.71,HIGH,9525.75,9439.12,-0.909,WRONG,2020-05-29,BACKFILL
2020-05-28,GLD,HELD,8.64,HIGH,161.72,162.91,0.736,RIGHT,2020-05-29,BACKFILL
2020-05-28,QQQ,LONG,9.82,HIGH,221.87,225.13,1.469,RIGHT,2020-05-29,BACKFILL
2020-05-29,BTC,LONG,15.47,HIGH,9439.12,10167.27,7.714,RIGHT,2020-06-01,BACKFILL
2020-05-29,GLD,HELD,9.33,HIGH,162.91,163.66,0.46,RIGHT,2020-06-01,BACKFILL
2020-05-29,QQQ,LONG,11.28,HIGH,225.13,225.8,0.298,RIGHT,2020-06-01,BACKFILL
2020-06-01,BTC,LONG,24.1,HIGH,10167.27,9529.8,-6.27,WRONG,2020-06-02,BACKFILL
2020-06-01,GLD,HELD,9.72,HIGH,163.66,162.6,-0.648,WRONG,2020-06-02,BACKFILL
2020-06-01,QQQ,LONG,11.47,HIGH,225.8,227.32,0.673,RIGHT,2020-06-02,BACKFILL
2020-06-02,BTC,LONG,16.24,HIGH,9529.8,9656.72,1.332,RIGHT,2020-06-03,BACKFILL
2020-06-02,GLD,HELD,8.91,HIGH,162.6,159.6,-1.845,WRONG,2020-06-03,BACKFILL
2020-06-02,QQQ,LONG,12.07,HIGH,227.32,228.34,0.449,RIGHT,2020-06-03,BACKFILL
2020-06-03,BTC,LONG,17.75,HIGH,9656.72,9800.64,1.49,RIGHT,2020-06-04,BACKFILL
2020-06-03,GLD,HELD,6.81,HIGH,159.6,161.28,1.053,RIGHT,2020-06-04,BACKFILL
2020-06-03,QQQ,LONG,12.43,HIGH,228.34,226.74,-0.701,WRONG,2020-06-04,BACKFILL
2020-06-04,BTC,LONG,19.47,HIGH,9800.64,9665.53,-1.379,WRONG,2020-06-05,BACKFILL
2020-06-04,GLD,HELD,7.83,HIGH,161.28,158.01,-2.028,WRONG,2020-06-05,BACKFILL
2020-06-04,QQQ,LONG,11.5,HIGH,226.74,231.23,1.98,RIGHT,2020-06-05,BACKFILL
2020-06-05,BTC,LONG,17.78,HIGH,9665.53,9771.49,1.096,RIGHT,2020-06-08,BACKFILL
2020-06-05,GLD,HELD,5.57,HIGH,158.01,159.72,1.082,RIGHT,2020-06-08,BACKFILL
2020-06-05,QQQ,LONG,13.56,HIGH,231.23,233.03,0.778,RIGHT,2020-06-08,BACKFILL
2020-06-08,BTC,LONG,19.01,HIGH,9771.49,9795.7,0.248,RIGHT,2020-06-09,BACKFILL
2020-06-08,GLD,HELD,6.63,HIGH,159.72,161.26,0.964,RIGHT,2020-06-09,BACKFILL
2020-06-08,QQQ,LONG,14.28,HIGH,233.03,234.71,0.721,RIGHT,2020-06-09,BACKFILL
2020-06-09,BTC,LONG,19.25,HIGH,9795.7,9870.09,0.759,RIGHT,2020-06-10,BACKFILL
2020-06-09,GLD,HELD,7.57,HIGH,161.26,163.57,1.432,RIGHT,2020-06-10,BACKFILL
2020-06-09,QQQ,LONG,14.94,HIGH,234.71,237.53,1.201,RIGHT,2020-06-10,BACKFILL
2020-06-10,BTC,LONG,20.12,HIGH,9870.09,9321.78,-5.555,WRONG,2020-06-11,BACKFILL
2020-06-10,GLD,HELD,9.0,HIGH,163.57,162.39,-0.721,WRONG,2020-06-11,BACKFILL
2020-06-10,QQQ,LONG,16.14,HIGH,237.53,225.76,-4.955,WRONG,2020-06-11,BACKFILL
2020-06-11,BTC,LONG,13.45,HIGH,9321.78,9480.84,1.706,RIGHT,2020-06-12,BACKFILL
2020-06-11,GLD,HELD,8.11,HIGH,162.39,162.62,0.142,RIGHT,2020-06-12,BACKFILL
2020-06-11,QQQ,LONG,10.27,HIGH,225.76,227.56,0.797,RIGHT,2020-06-12,BACKFILL
2020-06-12,BTC,LONG,15.37,HIGH,9480.84,9450.7,-0.318,WRONG,2020-06-15,BACKFILL
2020-06-12,GLD,HELD,8.16,HIGH,162.62,162.33,-0.178,WRONG,2020-06-15,BACKFILL
2020-06-12,QQQ,LONG,11.02,HIGH,227.56,230.33,1.217,RIGHT,2020-06-15,BACKFILL
2020-06-15,BTC,LONG,14.99,HIGH,9450.7,9538.02,0.924,RIGHT,2020-06-16,BACKFILL
2020-06-15,GLD,HELD,7.85,HIGH,162.33,162.25,-0.049,WRONG,2020-06-16,BACKFILL
2020-06-15,QQQ,LONG,12.23,HIGH,230.33,234.28,1.715,RIGHT,2020-06-16,BACKFILL
2020-06-16,BTC,LONG,15.98,HIGH,9538.02,9480.25,-0.606,WRONG,2020-06-17,BACKFILL
2020-06-16,GLD,HELD,7.68,HIGH,162.25,162.56,0.191,RIGHT,2020-06-17,BACKFILL
2020-06-16,QQQ,LONG,14.01,HIGH,234.28,235.02,0.316,RIGHT,2020-06-17,BACKFILL
2020-06-17,BTC,LONG,15.21,HIGH,9480.25,9411.84,-0.722,WRONG,2020-06-18,BACKFILL
2020-06-17,GLD,HELD,7.76,HIGH,162.56,162.24,-0.197,WRONG,2020-06-18,BACKFILL
2020-06-17,QQQ,LONG,14.21,HIGH,235.02,235.66,0.272,RIGHT,2020-06-18,BACKFILL
2020-06-18,BTC,LONG,14.32,HIGH,9411.84,9288.02,-1.316,WRONG,2020-06-19,BACKFILL
2020-06-18,GLD,HELD,7.43,HIGH,162.24,164.03,1.103,RIGHT,2020-06-19,BACKFILL
2020-06-18,QQQ,LONG,14.37,HIGH,235.66,235.62,-0.017,WRONG,2020-06-19,BACKFILL
2020-06-19,BTC,LONG,12.77,HIGH,9288.02,9648.72,3.883,RIGHT,2020-06-22,BACKFILL
2020-06-19,GLD,HELD,8.49,HIGH,164.03,165.09,0.646,RIGHT,2020-06-22,BACKFILL
2020-06-19,QQQ,LONG,14.19,HIGH,235.62,238.45,1.201,RIGHT,2020-06-22,BACKFILL
2020-06-22,BTC,LONG,17.07,HIGH,9648.72,9629.66,-0.198,WRONG,2020-06-23,BACKFILL
2020-06-22,GLD,HELD,9.07,HIGH,165.09,166.48,0.842,RIGHT,2020-06-23,BACKFILL
2020-06-22,QQQ,LONG,15.4,HIGH,238.45,240.48,0.851,RIGHT,2020-06-23,BACKFILL
2020-06-23,BTC,LONG,16.73,HIGH,9629.66,9313.61,-3.282,WRONG,2020-06-24,BACKFILL
2020-06-23,GLD,HELD,9.85,HIGH,166.48,165.9,-0.348,WRONG,2020-06-24,BACKFILL
2020-06-23,QQQ,LONG,16.21,HIGH,240.48,235.52,-2.063,WRONG,2020-06-24,BACKFILL
2020-06-24,BTC,LONG,12.8,HIGH,9313.61,9264.81,-0.524,WRONG,2020-06-25,BACKFILL
2020-06-24,GLD,HELD,9.33,HIGH,165.9,165.8,-0.06,WRONG,2020-06-25,BACKFILL
2020-06-24,QQQ,LONG,13.66,HIGH,235.52,237.76,0.951,RIGHT,2020-06-25,BACKFILL
2020-06-25,BTC,LONG,12.12,HIGH,9264.81,9162.92,-1.1,WRONG,2020-06-26,BACKFILL
2020-06-25,GLD,HELD,9.14,HIGH,165.8,166.54,0.446,RIGHT,2020-06-26,BACKFILL
2020-06-25,QQQ,LONG,14.59,HIGH,237.76,232.15,-2.36,WRONG,2020-06-26,BACKFILL
2020-06-26,BTC,LONG,10.78,HIGH,9162.92,9190.85,0.305,RIGHT,2020-06-29,BACKFILL
2020-06-26,GLD,HELD,9.49,HIGH,166.54,166.63,0.054,RIGHT,2020-06-29,BACKFILL
2020-06-26,QQQ,LONG,11.75,HIGH,232.15,234.68,1.09,RIGHT,2020-06-29,BACKFILL
2020-06-29,BTC,LONG,10.98,HIGH,9190.85,9137.99,-0.575,WRONG,2020-06-30,BACKFILL
2020-06-29,GLD,HELD,9.41,HIGH,166.63,167.37,0.444,RIGHT,2020-06-30,BACKFILL
2020-06-29,QQQ,LONG,12.82,HIGH,234.68,239.28,1.96,RIGHT,2020-06-30,BACKFILL
2020-06-30,BTC,LONG,10.18,HIGH,9137.99,9228.33,0.989,RIGHT,2020-07-01,BACKFILL
2020-06-30,GLD,HELD,9.76,HIGH,167.37,166.62,-0.448,WRONG,2020-07-01,BACKFILL
2020-06-30,QQQ,LONG,14.86,HIGH,239.28,242.07,1.166,RIGHT,2020-07-01,BACKFILL
2020-07-01,BTC,LONG,11.08,HIGH,9228.33,9123.41,-1.137,WRONG,2020-07-02,BACKFILL
2020-07-01,GLD,HELD,9.12,HIGH,166.62,166.98,0.216,RIGHT,2020-07-02,BACKFILL
2020-07-01,QQQ,LONG,16.03,HIGH,242.07,243.71,0.677,RIGHT,2020-07-02,BACKFILL
2020-07-02,BTC,LONG,9.65,HIGH,9123.41,9375.47,2.763,RIGHT,2020-07-06,BACKFILL
2020-07-02,GLD,HELD,9.22,HIGH,166.98,167.98,0.599,RIGHT,2020-07-06,BACKFILL
2020-07-02,QQQ,LONG,16.64,HIGH,243.71,249.71,2.462,RIGHT,2020-07-06,BACKFILL
2020-07-06,BTC,LONG,12.52,HIGH,9375.47,9252.28,-1.314,WRONG,2020-07-07,BACKFILL
2020-07-06,GLD,HELD,9.73,HIGH,167.98,169.04,0.631,RIGHT,2020-07-07,BACKFILL
2020-07-06,QQQ,LONG,19.31,HIGH,249.71,247.99,-0.689,WRONG,2020-07-07,BACKFILL
2020-07-07,BTC,LONG,10.91,HIGH,9252.28,9428.33,1.903,RIGHT,2020-07-08,BACKFILL
2020-07-07,GLD,HELD,10.27,HIGH,169.04,170.09,0.621,RIGHT,2020-07-08,BACKFILL
2020-07-07,QQQ,LONG,18.3,HIGH,247.99,251.25,1.315,RIGHT,2020-07-08,BACKFILL
2020-07-08,BTC,LONG,12.83,HIGH,9428.33,9277.97,-1.595,WRONG,2020-07-09,BACKFILL
2020-07-08,GLD,HELD,10.8,HIGH,170.09,169.63,-0.27,WRONG,2020-07-09,BACKFILL
2020-07-08,QQQ,LONG,19.64,HIGH,251.25,253.37,0.844,RIGHT,2020-07-09,BACKFILL
2020-07-09,BTC,LONG,10.85,HIGH,9277.97,9278.81,0.009,RIGHT,2020-07-10,BACKFILL
2020-07-09,GLD,HELD,10.35,HIGH,169.63,169.19,-0.259,WRONG,2020-07-10,BACKFILL
2020-07-09,QQQ,LONG,20.42,HIGH,253.37,255.1,0.683,RIGHT,2020-07-10,BACKFILL
2020-07-10,BTC,LONG,10.68,HIGH,9278.81,9243.61,-0.379,WRONG,2020-07-13,BACKFILL
2020-07-10,GLD,HELD,9.92,HIGH,169.19,169.4,0.124,RIGHT,2020-07-13,BACKFILL
2020-07-10,QQQ,LONG,21.01,HIGH,255.1,249.85,-2.058,WRONG,2020-07-13,BACKFILL
2020-07-13,BTC,LONG,10.11,HIGH,9243.61,9243.21,-0.004,WRONG,2020-07-14,BACKFILL
2020-07-13,GLD,HELD,9.91,HIGH,169.4,170.19,0.466,RIGHT,2020-07-14,BACKFILL
2020-07-13,QQQ,LONG,18.31,HIGH,249.85,251.62,0.708,RIGHT,2020-07-14,BACKFILL
2020-07-14,BTC,LONG,9.95,HIGH,9243.21,9192.84,-0.545,WRONG,2020-07-15,BACKFILL
2020-07-14,GLD,HELD,10.27,HIGH,170.19,170.34,0.088,RIGHT,2020-07-15,BACKFILL
2020-07-14,QQQ,LONG,18.95,HIGH,251.62,252.13,0.203,RIGHT,2020-07-15,BACKFILL
2020-07-15,BTC,LONG,9.2,HIGH,9192.84,9132.23,-0.659,WRONG,2020-07-16,BACKFILL
2020-07-15,GLD,HELD,10.21,HIGH,170.34,168.73,-0.945,WRONG,2020-07-16,BACKFILL
2020-07-15,QQQ,LONG,18.98,HIGH,252.13,250.41,-0.682,WRONG,2020-07-16,BACKFILL
2020-07-16,BTC,LONG,8.32,HIGH,9132.23,9151.39,0.21,RIGHT,2020-07-17,BACKFILL
2020-07-16,GLD,HELD,9.02,HIGH,168.73,170.12,0.824,RIGHT,2020-07-17,BACKFILL
2020-07-16,QQQ,LONG,17.96,HIGH,250.41,250.7,0.116,RIGHT,2020-07-17,BACKFILL
2020-07-17,BTC,LONG,8.38,HIGH,9151.39,9164.23,0.14,RIGHT,2020-07-20,BACKFILL
2020-07-17,GLD,HELD,9.78,HIGH,170.12,170.94,0.482,RIGHT,2020-07-20,BACKFILL
2020-07-17,QQQ,LONG,17.9,HIGH,250.7,257.81,2.836,RIGHT,2020-07-20,BACKFILL
2020-07-20,BTC,LONG,8.37,HIGH,9164.23,9374.89,2.299,RIGHT,2020-07-21,BACKFILL
2020-07-20,GLD,HELD,10.15,HIGH,170.94,173.0,1.205,RIGHT,2020-07-21,BACKFILL
2020-07-20,QQQ,LONG,21.02,HIGH,257.81,255.13,-1.04,WRONG,2020-07-21,BACKFILL
2020-07-21,BTC,LONG,10.68,HIGH,9374.89,9525.36,1.605,RIGHT,2020-07-22,BACKFILL
2020-07-21,GLD,HELD,11.32,HIGH,173.0,175.63,1.52,RIGHT,2020-07-22,BACKFILL
2020-07-21,QQQ,LONG,19.55,HIGH,255.13,256.03,0.353,RIGHT,2020-07-22,BACKFILL
2020-07-22,BTC,LONG,12.23,HIGH,9525.36,9581.07,0.585,RIGHT,2020-07-23,BACKFILL
2020-07-22,GLD,HELD,12.83,HIGH,175.63,177.18,0.883,RIGHT,2020-07-23,BACKFILL
2020-07-22,QQQ,LONG,19.77,HIGH,256.03,249.34,-2.613,WRONG,2020-07-23,BACKFILL
2020-07-23,BTC,LONG,12.62,HIGH,9581.07,9536.89,-0.461,WRONG,2020-07-24,BACKFILL
2020-07-23,GLD,HELD,13.64,HIGH,177.18,178.7,0.858,RIGHT,2020-07-24,BACKFILL
2020-07-23,QQQ,LONG,16.46,HIGH,249.34,246.97,-0.951,WRONG,2020-07-24,BACKFILL
2020-07-24,BTC,LONG,11.9,HIGH,9536.89,10990.87,15.246,RIGHT,2020-07-27,BACKFILL
2020-07-24,GLD,HELD,14.42,HIGH,178.7,182.23,1.975,RIGHT,2020-07-27,BACKFILL
2020-07-24,QQQ,LONG,15.19,HIGH,246.97,251.38,1.786,RIGHT,2020-07-27,BACKFILL
2020-07-27,BTC,LONG,28.58,HIGH,10990.87,10912.82,-0.71,WRONG,2020-07-28,BACKFILL
2020-07-27,GLD,HELD,16.47,HIGH,182.23,183.75,0.834,RIGHT,2020-07-28,BACKFILL
2020-07-27,QQQ,LONG,17.07,HIGH,251.38,248.18,-1.273,WRONG,2020-07-28,BACKFILL
2020-07-28,BTC,LONG,27.3,HIGH,10912.82,11100.47,1.72,RIGHT,2020-07-29,BACKFILL
2020-07-28,GLD,HELD,17.22,HIGH,183.75,185.13,0.751,RIGHT,2020-07-29,BACKFILL
2020-07-28,QQQ,LONG,15.42,HIGH,248.18,251.04,1.152,RIGHT,2020-07-29,BACKFILL
2020-07-29,BTC,LONG,29.12,HIGH,11100.47,11111.21,0.097,RIGHT,2020-07-30,BACKFILL
2020-07-29,GLD,HELD,17.87,HIGH,185.13,183.76,-0.74,WRONG,2020-07-30,BACKFILL
2020-07-29,QQQ,LONG,16.58,HIGH,251.04,252.35,0.522,RIGHT,2020-07-30,BACKFILL
2020-07-30,BTC,LONG,28.86,HIGH,11111.21,11323.47,1.91,RIGHT,2020-07-31,BACKFILL
2020-07-30,GLD,HELD,16.79,HIGH,183.76,185.43,0.909,RIGHT,2020-07-31,BACKFILL
2020-07-30,QQQ,LONG,17.01,HIGH,252.35,256.86,1.787,RIGHT,2020-07-31,BACKFILL
2020-07-31,BTC,LONG,30.91,HIGH,11323.47,11246.35,-0.681,WRONG,2020-08-03,BACKFILL
2020-07-31,GLD,HELD,17.64,HIGH,185.43,185.64,0.113,RIGHT,2020-08-03,BACKFILL
2020-07-31,QQQ,LONG,18.92,HIGH,256.86,260.33,1.351,RIGHT,2020-08-03,BACKFILL
2020-08-03,BTC,LONG,29.62,HIGH,11246.35,11205.89,-0.36,WRONG,2020-08-04,BACKFILL
2020-08-03,GLD,HELD,17.55,HIGH,185.64,189.59,2.128,RIGHT,2020-08-04,BACKFILL
2020-08-03,QQQ,LONG,20.32,HIGH,260.33,261.29,0.369,RIGHT,2020-08-04,BACKFILL
2020-08-04,BTC,LONG,28.77,HIGH,11205.89,11747.02,4.829,RIGHT,2020-08-05,BACKFILL
2020-08-04,GLD,HELD,19.82,HIGH,189.59,191.35,0.928,RIGHT,2020-08-05,BACKFILL
2020-08-04,QQQ,LONG,20.55,HIGH,261.29,261.94,0.249,RIGHT,2020-08-05,BACKFILL
2020-08-05,BTC,LONG,34.52,HIGH,11747.02,11779.77,0.279,RIGHT,2020-08-06,BACKFILL
2020-08-05,GLD,HELD,20.68,HIGH,191.35,193.89,1.327,RIGHT,2020-08-06,BACKFILL
2020-08-05,QQQ,LONG,20.64,HIGH,261.94,265.41,1.325,RIGHT,2020-08-06,BACKFILL
2020-08-06,BTC,LONG,34.4,HIGH,11779.77,11601.47,-1.514,WRONG,2020-08-07,BACKFILL
2020-08-06,GLD,HELD,22.03,HIGH,193.89,190.81,-1.589,WRONG,2020-08-07,BACKFILL
2020-08-06,QQQ,LONG,22.02,HIGH,265.41,262.35,-1.153,WRONG,2020-08-07,BACKFILL
2020-08-07,BTC,LONG,31.94,HIGH,11601.47,11878.11,2.385,RIGHT,2020-08-10,BACKFILL
2020-08-07,GLD,HELD,19.87,HIGH,190.81,190.15,-0.346,WRONG,2020-08-10,BACKFILL
2020-08-07,QQQ,LONG,20.41,HIGH,262.35,261.22,-0.431,WRONG,2020-08-10,BACKFILL
2020-08-10,BTC,LONG,34.67,HIGH,11878.11,11410.53,-3.936,WRONG,2020-08-11,BACKFILL
2020-08-10,GLD,HELD,19.24,HIGH,190.15,179.94,-5.369,WRONG,2020-08-11,BACKFILL
2020-08-10,QQQ,LONG,19.69,HIGH,261.22,256.28,-1.891,WRONG,2020-08-11,BACKFILL
2020-08-11,BTC,LONG,29.05,HIGH,11410.53,11584.93,1.528,RIGHT,2020-08-12,BACKFILL
2020-08-11,GLD,HELD,12.68,HIGH,179.94,179.1,-0.467,WRONG,2020-08-12,BACKFILL
2020-08-11,QQQ,LONG,17.26,HIGH,256.28,262.72,2.513,RIGHT,2020-08-12,BACKFILL
2020-08-12,BTC,LONG,30.68,HIGH,11584.93,11784.14,1.72,RIGHT,2020-08-13,BACKFILL
2020-08-12,GLD,HELD,12.01,HIGH,179.1,183.33,2.362,RIGHT,2020-08-13,BACKFILL
2020-08-12,QQQ,LONG,20.01,HIGH,262.72,263.32,0.228,RIGHT,2020-08-13,BACKFILL
2020-08-13,BTC,LONG,32.54,HIGH,11784.14,11768.87,-0.13,WRONG,2020-08-14,BACKFILL
2020-08-13,GLD,HELD,14.48,HIGH,183.33,182.54,-0.431,WRONG,2020-08-14,BACKFILL
2020-08-13,QQQ,LONG,20.09,HIGH,263.32,263.01,-0.118,WRONG,2020-08-14,BACKFILL
2020-08-14,BTC,LONG,32.01,HIGH,11768.87,12254.4,4.126,RIGHT,2020-08-17,BACKFILL
2020-08-14,GLD,HELD,13.81,HIGH,182.54,186.5,2.169,RIGHT,2020-08-17,BACKFILL
2020-08-14,QQQ,LONG,19.75,HIGH,263.01,266.07,1.163,RIGHT,2020-08-17,BACKFILL
2020-08-17,BTC,LONG,37.03,HIGH,12254.4,11991.23,-2.148,WRONG,2020-08-18,BACKFILL
2020-08-17,GLD,HELD,16.09,HIGH,186.5,188.18,0.901,RIGHT,2020-08-18,BACKFILL
2020-08-17,QQQ,LONG,20.95,HIGH,266.07,268.63,0.962,RIGHT,2020-08-18,BACKFILL
2020-08-18,BTC,LONG,33.77,HIGH,11991.23,11758.28,-1.943,WRONG,2020-08-19,BACKFILL
2020-08-18,GLD,HELD,16.93,HIGH,188.18,182.24,-3.157,WRONG,2020-08-19,BACKFILL
2020-08-18,QQQ,LONG,21.91,HIGH,268.63,266.82,-0.674,WRONG,2020-08-19,BACKFILL
2020-08-19,BTC,LONG,30.89,HIGH,11758.28,11878.37,1.021,RIGHT,2020-08-20,BACKFILL
2020-08-19,GLD,HELD,13.07,HIGH,182.24,183.5,0.691,RIGHT,2020-08-20,BACKFILL
2020-08-19,QQQ,LONG,20.88,HIGH,266.82,270.52,1.387,RIGHT,2020-08-20,BACKFILL
2020-08-20,BTC,LONG,31.92,HIGH,11878.37,11592.49,-2.407,WRONG,2020-08-21,BACKFILL
2020-08-20,GLD,HELD,13.67,HIGH,183.5,182.03,-0.801,WRONG,2020-08-21,BACKFILL
2020-08-20,QQQ,LONG,22.35,HIGH,270.52,272.4,0.695,RIGHT,2020-08-21,BACKFILL
2020-08-21,BTC,LONG,28.49,HIGH,11592.49,11774.6,1.571,RIGHT,2020-08-24,BACKFILL
2020-08-21,GLD,HELD,12.6,HIGH,182.03,181.0,-0.566,WRONG,2020-08-24,BACKFILL
2020-08-21,QQQ,LONG,22.99,HIGH,272.4,274.1,0.624,RIGHT,2020-08-24,BACKFILL
2020-08-24,BTC,LONG,30.21,HIGH,11774.6,11366.13,-3.469,WRONG,2020-08-25,BACKFILL
2020-08-24,GLD,HELD,11.8,HIGH,181.0,181.22,0.122,RIGHT,2020-08-25,BACKFILL
2020-08-24,QQQ,LONG,23.54,HIGH,274.1,276.25,0.784,RIGHT,2020-08-25,BACKFILL
2020-08-25,BTC,LONG,25.45,HIGH,11366.13,11488.36,1.075,RIGHT,2020-08-26,BACKFILL
2020-08-25,GLD,HELD,11.78,HIGH,181.22,183.36,1.181,RIGHT,2020-08-26,BACKFILL
2020-08-25,QQQ,LONG,24.28,HIGH,276.25,282.15,2.136,RIGHT,2020-08-26,BACKFILL
2020-08-26,BTC,LONG,26.51,HIGH,11488.36,11323.4,-1.436,WRONG,2020-08-27,BACKFILL
2020-08-26,GLD,HELD,12.93,HIGH,183.36,181.24,-1.156,WRONG,2020-08-27,BACKFILL
2020-08-26,QQQ,LONG,26.68,HIGH,282.15,281.27,-0.312,WRONG,2020-08-27,BACKFILL
2020-08-27,BTC,LONG,24.43,HIGH,11323.4,11542.5,1.935,RIGHT,2020-08-28,BACKFILL
2020-08-27,GLD,HELD,11.47,HIGH,181.24,184.39,1.738,RIGHT,2020-08-28,BACKFILL
2020-08-27,QQQ,LONG,26.03,HIGH,281.27,282.7,0.508,RIGHT,2020-08-28,BACKFILL
2020-08-28,BTC,LONG,26.6,HIGH,11542.5,11680.82,1.198,RIGHT,2020-08-31,BACKFILL
2020-08-28,GLD,HELD,13.25,HIGH,184.39,184.83,0.239,RIGHT,2020-08-31,BACKFILL
2020-08-28,QQQ,LONG,26.4,HIGH,282.7,284.97,0.803,RIGHT,2020-08-31,BACKFILL
2020-08-31,BTC,LONG,27.9,HIGH,11680.82,11970.48,2.48,RIGHT,2020-09-01,BACKFILL
2020-08-31,GLD,HELD,13.35,HIGH,184.83,185.05,0.119,RIGHT,2020-09-01,BACKFILL
2020-08-31,QQQ,LONG,27.14,HIGH,284.97,289.84,1.709,RIGHT,2020-09-01,BACKFILL
2020-09-01,BTC,LONG,30.81,HIGH,11970.48,11414.03,-4.649,WRONG,2020-09-02,BACKFILL
2020-09-01,GLD,HELD,13.31,HIGH,185.05,182.62,-1.313,WRONG,2020-09-02,BACKFILL
2020-09-01,QQQ,LONG,29.02,HIGH,289.84,292.58,0.945,RIGHT,2020-09-02,BACKFILL
2020-09-02,BTC,LONG,24.56,HIGH,11414.03,10245.3,-10.239,WRONG,2020-09-03,BACKFILL
2020-09-02,GLD,HELD,11.67,HIGH,182.62,181.14,-0.81,WRONG,2020-09-03,BACKFILL
2020-09-02,QQQ,LONG,29.94,HIGH,292.58,277.75,-5.069,WRONG,2020-09-03,BACKFILL
2020-09-03,BTC,LONG,11.73,HIGH,10245.3,10511.81,2.601,RIGHT,2020-09-04,BACKFILL
2020-09-03,GLD,HELD,10.62,HIGH,181.14,181.64,0.276,RIGHT,2020-09-04,BACKFILL
2020-09-03,QQQ,LONG,23.11,HIGH,277.75,274.05,-1.332,WRONG,2020-09-04,BACKFILL
2020-09-04,BTC,LONG,14.54,HIGH,10511.81,10131.52,-3.618,WRONG,2020-09-08,BACKFILL
2020-09-04,GLD,HELD,10.77,HIGH,181.64,181.29,-0.193,WRONG,2020-09-08,BACKFILL
2020-09-04,QQQ,LONG,21.26,HIGH,274.05,260.88,-4.806,WRONG,2020-09-08,BACKFILL
2020-09-08,BTC,LONG,10.32,HIGH,10131.52,10242.35,1.094,RIGHT,2020-09-09,BACKFILL
2020-09-08,GLD,HELD,10.4,HIGH,181.29,183.05,0.971,RIGHT,2020-09-09,BACKFILL
2020-09-08,QQQ,LONG,15.29,HIGH,260.88,268.54,2.936,RIGHT,2020-09-09,BACKFILL
2020-09-09,BTC,LONG,11.47,HIGH,10242.35,10363.14,1.179,RIGHT,2020-09-10,BACKFILL
2020-09-09,GLD,HELD,11.31,HIGH,183.05,182.46,-0.322,WRONG,2020-09-10,BACKFILL
2020-09-09,QQQ,LONG,18.5,HIGH,268.54,263.19,-1.992,WRONG,2020-09-10,BACKFILL
2020-09-10,BTC,LONG,12.74,HIGH,10363.14,10400.92,0.365,RIGHT,2020-09-11,BACKFILL
2020-09-10,GLD,HELD,10.8,HIGH,182.46,182.45,-0.005,WRONG,2020-09-11,BACKFILL
2020-09-10,QQQ,LONG,16.0,HIGH,263.19,261.36,-0.695,WRONG,2020-09-11,BACKFILL
2020-09-11,BTC,LONG,13.1,HIGH,10400.92,10680.84,2.691,RIGHT,2020-09-14,BACKFILL
2020-09-11,GLD,HELD,10.63,HIGH,182.45,183.89,0.789,RIGHT,2020-09-14,BACKFILL
2020-09-11,QQQ,LONG,15.05,HIGH,261.36,265.91,1.741,RIGHT,2020-09-14,BACKFILL
2020-09-14,BTC,LONG,16.07,HIGH,10680.84,10796.95,1.087,RIGHT,2020-09-15,BACKFILL
2020-09-14,GLD,HELD,11.35,HIGH,183.89,183.45,-0.239,WRONG,2020-09-15,BACKFILL
2020-09-14,QQQ,LONG,16.91,HIGH,265.91,269.68,1.418,RIGHT,2020-09-15,BACKFILL
2020-09-15,BTC,LONG,17.28,HIGH,10796.95,10974.91,1.648,RIGHT,2020-09-16,BACKFILL
2020-09-15,GLD,HELD,10.92,HIGH,183.45,183.97,0.283,RIGHT,2020-09-16,BACKFILL
2020-09-15,QQQ,LONG,18.41,HIGH,269.68,265.38,-1.594,WRONG,2020-09-16,BACKFILL
2020-09-16,BTC,LONG,19.16,HIGH,10974.91,10948.99,-0.236,WRONG,2020-09-17,BACKFILL
2020-09-16,GLD,HELD,11.07,HIGH,183.97,182.96,-0.549,WRONG,2020-09-17,BACKFILL
2020-09-16,QQQ,LONG,16.38,HIGH,265.38,261.23,-1.564,WRONG,2020-09-17,BACKFILL
2020-09-17,BTC,LONG,18.82,HIGH,10948.99,10944.59,-0.04,WRONG,2020-09-18,BACKFILL
2020-09-17,GLD,HELD,10.31,HIGH,182.96,183.2,0.131,RIGHT,2020-09-18,BACKFILL
2020-09-17,QQQ,LONG,14.44,HIGH,261.23,257.9,-1.275,WRONG,2020-09-18,BACKFILL
2020-09-18,BTC,LONG,18.71,HIGH,10944.59,10462.26,-4.407,WRONG,2020-09-21,BACKFILL
2020-09-18,GLD,HELD,10.3,HIGH,183.2,179.52,-2.009,WRONG,2020-09-21,BACKFILL
2020-09-18,QQQ,LONG,12.88,HIGH,257.9,258.52,0.24,RIGHT,2020-09-21,BACKFILL
2020-09-21,BTC,LONG,13.46,HIGH,10462.26,10538.46,0.728,RIGHT,2020-09-22,BACKFILL
2020-09-21,GLD,HELD,7.96,HIGH,179.52,178.65,-0.485,WRONG,2020-09-22,BACKFILL
2020-09-21,QQQ,LONG,13.04,HIGH,258.52,263.32,1.857,RIGHT,2020-09-22,BACKFILL
2020-09-22,BTC,LONG,14.21,HIGH,10538.46,10246.19,-2.773,WRONG,2020-09-23,BACKFILL
2020-09-22,GLD,HELD,7.32,HIGH,178.65,174.79,-2.161,WRONG,2020-09-23,BACKFILL
2020-09-22,QQQ,LONG,15.02,HIGH,263.32,255.28,-3.053,WRONG,2020-09-23,BACKFILL
2020-09-23,BTC,LONG,10.99,HIGH,10246.19,10760.07,5.015,RIGHT,2020-09-24,BACKFILL
2020-09-23,GLD,HELD,4.91,MEDIUM,174.79,175.44,0.372,RIGHT,2020-09-24,BACKFILL
2020-09-23,QQQ,LONG,11.42,HIGH,255.28,256.47,0.466,RIGHT,2020-09-24,BACKFILL
2020-09-24,BTC,LONG,16.47,HIGH,10760.07,10692.72,-0.626,WRONG,2020-09-25,BACKFILL
2020-09-24,GLD,HELD,5.21,HIGH,175.44,174.94,-0.285,WRONG,2020-09-25,BACKFILL
2020-09-24,QQQ,LONG,11.82,HIGH,256.47,262.43,2.324,RIGHT,2020-09-25,BACKFILL
2020-09-25,BTC,LONG,15.65,HIGH,10692.72,10709.65,0.158,RIGHT,2020-09-28,BACKFILL
2020-09-25,GLD,HELD,4.83,MEDIUM,174.94,176.7,1.006,RIGHT,2020-09-28,BACKFILL
2020-09-25,QQQ,LONG,14.26,HIGH,262.43,267.88,2.077,RIGHT,2020-09-28,BACKFILL
2020-09-28,BTC,LONG,15.72,HIGH,10709.65,10844.64,1.26,RIGHT,2020-09-29,BACKFILL
2020-09-28,GLD,HELD,5.79,HIGH,176.7,178.19,0.843,RIGHT,2020-09-29,BACKFILL
2020-09-28,QQQ,LONG,16.43,HIGH,267.88,266.68,-0.448,WRONG,2020-09-29,BACKFILL
2020-09-29,BTC,LONG,17.01,HIGH,10844.64,10784.49,-0.555,WRONG,2020-09-30,BACKFILL
2020-09-29,GLD,HELD,6.58,HIGH,178.19,177.12,-0.6,WRONG,2020-09-30,BACKFILL
2020-09-29,QQQ,LONG,15.71,HIGH,266.68,268.5,0.682,RIGHT,2020-09-30,BACKFILL
2020-09-30,BTC,LONG,16.19,HIGH,10784.49,10619.45,-1.53,WRONG,2020-10-01,BACKFILL
2020-09-30,GLD,HELD,5.84,HIGH,177.12,178.7,0.892,RIGHT,2020-10-01,BACKFILL
2020-09-30,QQQ,LONG,16.26,HIGH,268.5,272.76,1.587,RIGHT,2020-10-01,BACKFILL
2020-10-01,BTC,LONG,14.25,HIGH,10619.45,10575.97,-0.409,WRONG,2020-10-02,BACKFILL
2020-10-01,GLD,HELD,6.66,HIGH,178.7,178.54,-0.09,WRONG,2020-10-02,BACKFILL
2020-10-01,QQQ,LONG,17.85,HIGH,272.76,265.09,-2.812,WRONG,2020-10-02,BACKFILL
2020-10-02,BTC,LONG,13.65,HIGH,10575.97,10793.34,2.055,RIGHT,2020-10-05,BACKFILL
2020-10-02,GLD,HELD,6.44,HIGH,178.54,179.41,0.487,RIGHT,2020-10-05,BACKFILL
2020-10-02,QQQ,LONG,14.35,HIGH,265.09,270.74,2.131,RIGHT,2020-10-05,BACKFILL
2020-10-05,BTC,LONG,15.82,HIGH,10793.34,10604.41,-1.75,WRONG,2020-10-06,BACKFILL
2020-10-05,GLD,HELD,6.85,HIGH,179.41,177.3,-1.176,WRONG,2020-10-06,BACKFILL
2020-10-05,QQQ,LONG,16.56,HIGH,270.74,265.91,-1.784,WRONG,2020-10-06,BACKFILL
2020-10-06,BTC,LONG,13.64,HIGH,10604.41,10668.97,0.609,RIGHT,2020-10-07,BACKFILL
2020-10-06,GLD,HELD,5.49,HIGH,177.3,177.22,-0.045,WRONG,2020-10-07,BACKFILL
2020-10-06,QQQ,LONG,14.29,HIGH,265.91,270.51,1.73,RIGHT,2020-10-07,BACKFILL
2020-10-07,BTC,LONG,14.2,HIGH,10668.97,10915.69,2.313,RIGHT,2020-10-08,BACKFILL
2020-10-07,GLD,HELD,5.36,HIGH,177.22,177.85,0.355,RIGHT,2020-10-08,BACKFILL
2020-10-07,QQQ,LONG,16.05,HIGH,270.51,271.95,0.532,RIGHT,2020-10-08,BACKFILL
2020-10-08,BTC,LONG,16.69,HIGH,10915.69,11064.46,1.363,RIGHT,2020-10-09,BACKFILL
2020-10-08,GLD,HELD,5.65,HIGH,177.85,181.08,1.816,RIGHT,2020-10-09,BACKFILL
2020-10-08,QQQ,LONG,16.43,HIGH,271.95,276.11,1.53,RIGHT,2020-10-09,BACKFILL
2020-10-09,BTC,LONG,18.02,HIGH,11064.46,11555.36,4.437,RIGHT,2020-10-12,BACKFILL
2020-10-09,GLD,HELD,7.47,HIGH,181.08,180.56,-0.287,WRONG,2020-10-12,BACKFILL
2020-10-09,QQQ,LONG,17.91,HIGH,276.11,284.63,3.086,RIGHT,2020-10-12,BACKFILL
2020-10-12,BTC,LONG,22.93,HIGH,11555.36,11425.9,-1.12,WRONG,2020-10-13,BACKFILL
2020-10-12,GLD,HELD,7.05,HIGH,180.56,177.72,-1.573,WRONG,2020-10-13,BACKFILL
2020-10-12,QQQ,LONG,21.24,HIGH,284.63,284.62,-0.004,WRONG,2020-10-13,BACKFILL
2020-10-13,BTC,LONG,21.26,HIGH,11425.9,11429.51,0.032,RIGHT,2020-10-14,BACKFILL
2020-10-13,GLD,HELD,5.27,HIGH,177.72,178.27,0.309,RIGHT,2020-10-14,BACKFILL
2020-10-13,QQQ,LONG,20.91,HIGH,284.62,282.24,-0.836,WRONG,2020-10-14,BACKFILL
2020-10-14,BTC,LONG,20.74,HIGH,11429.51,11495.35,0.576,RIGHT,2020-10-15,BACKFILL
2020-10-14,GLD,HELD,5.47,HIGH,178.27,178.92,0.365,RIGHT,2020-10-15,BACKFILL
2020-10-14,QQQ,LONG,19.52,HIGH,282.24,280.35,-0.67,WRONG,2020-10-15,BACKFILL
2020-10-15,BTC,LONG,20.93,HIGH,11495.35,11322.12,-1.507,WRONG,2020-10-16,BACKFILL
2020-10-15,GLD,HELD,5.71,HIGH,178.92,178.3,-0.347,WRONG,2020-10-16,BACKFILL
2020-10-15,QQQ,LONG,18.4,HIGH,280.35,278.81,-0.549,WRONG,2020-10-16,BACKFILL
2020-10-16,BTC,LONG,18.59,HIGH,11322.12,11742.04,3.709,RIGHT,2020-10-19,BACKFILL
2020-10-16,GLD,HELD,5.19,HIGH,178.3,178.39,0.05,RIGHT,2020-10-19,BACKFILL
2020-10-16,QQQ,LONG,17.37,HIGH,278.81,274.26,-1.632,WRONG,2020-10-19,BACKFILL
2020-10-19,BTC,LONG,22.43,HIGH,11742.04,11916.33,1.484,RIGHT,2020-10-20,BACKFILL
2020-10-19,GLD,HELD,5.1,HIGH,178.39,179.25,0.482,RIGHT,2020-10-20,BACKFILL
2020-10-19,QQQ,LONG,15.13,HIGH,274.26,274.85,0.215,RIGHT,2020-10-20,BACKFILL
2020-10-20,BTC,LONG,23.67,HIGH,11916.33,12823.69,7.614,RIGHT,2020-10-21,BACKFILL
2020-10-20,GLD,HELD,5.44,HIGH,179.25,180.6,0.753,RIGHT,2020-10-21,BACKFILL
2020-10-20,QQQ,LONG,15.04,HIGH,274.85,274.64,-0.076,WRONG,2020-10-21,BACKFILL
2020-10-21,BTC,LONG,32.48,HIGH,12823.69,12965.89,1.109,RIGHT,2020-10-22,BACKFILL
2020-10-21,GLD,HELD,6.06,HIGH,180.6,178.83,-0.98,WRONG,2020-10-22,BACKFILL
2020-10-21,QQQ,LONG,14.62,HIGH,274.64,274.63,-0.004,WRONG,2020-10-22,BACKFILL
2020-10-22,BTC,LONG,33.33,HIGH,12965.89,12931.54,-0.265,WRONG,2020-10-23,BACKFILL
2020-10-22,GLD,HELD,4.86,MEDIUM,178.83,178.64,-0.106,WRONG,2020-10-23,BACKFILL
2020-10-22,QQQ,LONG,14.27,HIGH,274.63,275.17,0.197,RIGHT,2020-10-23,BACKFILL
2020-10-23,BTC,LONG,32.38,HIGH,12931.54,13075.25,1.111,RIGHT,2020-10-26,BACKFILL
2020-10-23,GLD,HELD,4.62,MEDIUM,178.64,178.55,-0.05,WRONG,2020-10-26,BACKFILL
2020-10-23,QQQ,LONG,14.14,HIGH,275.17,271.04,-1.501,WRONG,2020-10-26,BACKFILL
2020-10-26,BTC,LONG,33.28,HIGH,13075.25,13654.22,4.428,RIGHT,2020-10-27,BACKFILL
2020-10-26,GLD,HELD,4.46,MEDIUM,178.55,179.02,0.263,RIGHT,2020-10-27,BACKFILL
2020-10-26,QQQ,LONG,12.14,HIGH,271.04,273.16,0.782,RIGHT,2020-10-27,BACKFILL
2020-10-27,BTC,LONG,38.52,HIGH,13654.22,13271.29,-2.804,WRONG,2020-10-28,BACKFILL
2020-10-27,GLD,HELD,4.62,MEDIUM,179.02,176.13,-1.614,WRONG,2020-10-28,BACKFILL
2020-10-27,QQQ,LONG,12.71,HIGH,273.16,262.51,-3.899,WRONG,2020-10-28,BACKFILL
2020-10-28,BTC,LONG,34.04,HIGH,13271.29,13437.88,1.255,RIGHT,2020-10-29,BACKFILL
2020-10-28,GLD,HELD,2.84,MEDIUM,176.13,175.4,-0.414,WRONG,2020-10-29,BACKFILL
2020-10-28,QQQ,LONG,8.09,HIGH,262.51,267.1,1.749,RIGHT,2020-10-29,BACKFILL
2020-10-29,BTC,LONG,35.09,HIGH,13437.88,13546.52,0.808,RIGHT,2020-10-30,BACKFILL
2020-10-29,GLD,HELD,2.33,MEDIUM,175.4,176.2,0.456,RIGHT,2020-10-30,BACKFILL
2020-10-29,QQQ,LONG,9.71,HIGH,267.1,260.33,-2.535,WRONG,2020-10-30,BACKFILL
2020-10-30,BTC,LONG,35.54,HIGH,13546.52,13550.49,0.029,RIGHT,2020-11-02,BACKFILL
2020-10-30,GLD,HELD,2.7,MEDIUM,176.2,177.91,0.97,RIGHT,2020-11-02,BACKFILL
2020-10-30,QQQ,LONG,6.71,HIGH,260.33,260.91,0.223,RIGHT,2020-11-02,BACKFILL
2020-11-02,BTC,LONG,34.94,HIGH,13550.49,13950.3,2.951,RIGHT,2020-11-03,BACKFILL
2020-11-02,GLD,HELD,3.58,MEDIUM,177.91,178.92,0.568,RIGHT,2020-11-03,BACKFILL
2020-11-02,QQQ,LONG,6.72,HIGH,260.91,265.42,1.729,RIGHT,2020-11-03,BACKFILL
2020-11-03,BTC,LONG,38.24,HIGH,13950.3,14133.71,1.315,RIGHT,2020-11-04,BACKFILL
2020-11-03,GLD,HELD,4.04,MEDIUM,178.92,178.82,-0.056,WRONG,2020-11-04,BACKFILL
2020-11-03,QQQ,LONG,8.3,HIGH,265.42,277.27,4.465,RIGHT,2020-11-04,BACKFILL
2020-11-04,BTC,LONG,39.39,HIGH,14133.71,15579.85,10.232,RIGHT,2020-11-05,BACKFILL
2020-11-04,GLD,HELD,3.88,MEDIUM,178.82,182.93,2.298,RIGHT,2020-11-05,BACKFILL
2020-11-04,QQQ,LONG,12.84,HIGH,277.27,284.5,2.608,RIGHT,2020-11-05,BACKFILL
2020-11-05,BTC,LONG,52.76,HIGH,15579.85,15565.88,-0.09,WRONG,2020-11-06,BACKFILL
2020-11-05,GLD,HELD,6.14,HIGH,182.93,183.19,0.142,RIGHT,2020-11-06,BACKFILL
2020-11-05,QQQ,LONG,15.44,HIGH,284.5,284.71,0.074,RIGHT,2020-11-06,BACKFILL
2020-11-06,BTC,LONG,51.8,HIGH,15565.88,15332.32,-1.5,WRONG,2020-11-09,BACKFILL
2020-11-06,GLD,HELD,6.18,HIGH,183.19,175.08,-4.427,WRONG,2020-11-09,BACKFILL
2020-11-06,QQQ,LONG,15.23,HIGH,284.71,278.89,-2.044,WRONG,2020-11-09,BACKFILL
2020-11-09,BTC,LONG,48.73,HIGH,15332.32,15290.9,-0.27,WRONG,2020-11-10,BACKFILL
2020-11-09,GLD,HELD,1.41,LOW,175.08,175.66,0.331,RIGHT,2020-11-10,BACKFILL
2020-11-09,QQQ,LONG,12.6,HIGH,278.89,273.89,-1.793,WRONG,2020-11-10,BACKFILL
2020-11-10,BTC,LONG,47.57,HIGH,15290.9,15701.34,2.684,RIGHT,2020-11-11,BACKFILL
2020-11-10,GLD,HELD,1.66,LOW,175.66,174.9,-0.433,WRONG,2020-11-11,BACKFILL
2020-11-10,QQQ,LONG,10.35,HIGH,273.89,280.02,2.238,RIGHT,2020-11-11,BACKFILL
2020-11-11,BTC,LONG,50.72,HIGH,15701.34,16276.34,3.662,RIGHT,2020-11-12,BACKFILL
2020-11-11,GLD,HELD,1.16,LOW,174.9,175.96,0.606,RIGHT,2020-11-12,BACKFILL
2020-11-11,QQQ,LONG,12.56,HIGH,280.02,278.71,-0.468,WRONG,2020-11-12,BACKFILL
2020-11-12,BTC,LONG,55.3,HIGH,16276.34,16317.81,0.255,RIGHT,2020-11-13,BACKFILL
2020-11-12,GLD,HELD,1.71,LOW,175.96,177.16,0.682,RIGHT,2020-11-13,BACKFILL
2020-11-12,QQQ,LONG,11.78,HIGH,278.71,281.15,0.875,RIGHT,2020-11-13,BACKFILL
2020-11-13,BTC,LONG,54.76,HIGH,16317.81,16716.11,2.441,RIGHT,2020-11-16,BACKFILL
2020-11-13,GLD,HELD,2.35,MEDIUM,177.16,177.15,-0.006,WRONG,2020-11-16,BACKFILL
2020-11-13,QQQ,LONG,12.53,HIGH,281.15,283.35,0.783,RIGHT,2020-11-16,BACKFILL
2020-11-16,BTC,LONG,57.54,HIGH,16716.11,17645.41,5.559,RIGHT,2020-11-17,BACKFILL
2020-11-16,GLD,HELD,2.29,MEDIUM,177.15,176.5,-0.367,WRONG,2020-11-17,BACKFILL
2020-11-16,QQQ,LONG,13.16,HIGH,283.35,282.45,-0.318,WRONG,2020-11-17,BACKFILL
2020-11-17,BTC,LONG,65.2,HIGH,17645.41,17804.01,0.899,RIGHT,2020-11-18,BACKFILL
2020-11-17,GLD,HELD,1.85,LOW,176.5,175.49,-0.572,WRONG,2020-11-18,BACKFILL
2020-11-17,QQQ,LONG,12.57,HIGH,282.45,280.36,-0.74,WRONG,2020-11-18,BACKFILL
2020-11-18,BTC,LONG,65.58,HIGH,17804.01,17817.09,0.073,RIGHT,2020-11-19,BACKFILL
2020-11-18,GLD,HELD,1.2,LOW,175.49,175.16,-0.188,WRONG,2020-11-19,BACKFILL
2020-11-18,QQQ,LONG,11.53,HIGH,280.36,282.55,0.781,RIGHT,2020-11-19,BACKFILL
2020-11-19,BTC,LONG,64.59,HIGH,17817.09,18621.31,4.514,RIGHT,2020-11-20,BACKFILL
2020-11-19,GLD,HELD,0.95,LOW,175.16,175.69,0.303,RIGHT,2020-11-20,BACKFILL
2020-11-19,QQQ,LONG,12.17,HIGH,282.55,280.62,-0.683,WRONG,2020-11-20,BACKFILL
2020-11-20,BTC,LONG,70.78,HIGH,18621.31,18364.12,-1.381,WRONG,2020-11-23,BACKFILL
2020-11-20,GLD,HELD,1.19,LOW,175.69,172.23,-1.969,WRONG,2020-11-23,BACKFILL
2020-11-20,QQQ,LONG,11.16,HIGH,280.62,280.63,0.004,RIGHT,2020-11-23,BACKFILL
2020-11-23,BTC,LONG,67.27,HIGH,18364.12,19107.46,4.048,RIGHT,2020-11-24,BACKFILL
2020-11-23,GLD,HELD,-0.84,LOW,172.23,169.59,-1.533,WRONG,2020-11-24,BACKFILL
2020-11-23,QQQ,LONG,10.94,HIGH,280.63,284.57,1.404,RIGHT,2020-11-24,BACKFILL
2020-11-24,BTC,LONG,72.82,HIGH,19107.46,18732.12,-1.964,WRONG,2020-11-25,BACKFILL
2020-11-24,GLD,HELD,-2.38,MEDIUM,169.59,169.51,-0.047,WRONG,2020-11-25,BACKFILL
2020-11-24,QQQ,LONG,12.25,HIGH,284.57,286.32,0.615,RIGHT,2020-11-25,BACKFILL
2020-11-25,BTC,LONG,68.29,HIGH,18732.12,17108.4,-8.668,WRONG,2020-11-27,BACKFILL
2020-11-25,GLD,HELD,-2.46,MEDIUM,169.51,167.79,-1.015,WRONG,2020-11-27,BACKFILL
2020-11-25,QQQ,LONG,12.7,HIGH,286.32,288.96,0.922,RIGHT,2020-11-27,BACKFILL
2020-11-27,BTC,LONG,52.85,HIGH,17108.4,19625.84,14.715,RIGHT,2020-11-30,BACKFILL
2020-11-27,GLD,HELD,-3.47,MEDIUM,167.79,166.67,-0.668,WRONG,2020-11-30,BACKFILL
2020-11-27,QQQ,LONG,13.5,HIGH,288.96,289.55,0.204,RIGHT,2020-11-30,BACKFILL
2020-11-30,BTC,LONG,74.11,HIGH,19625.84,18803.0,-4.193,WRONG,2020-12-01,BACKFILL
2020-11-30,GLD,HELD,-4.13,MEDIUM,166.67,170.18,2.106,RIGHT,2020-12-01,BACKFILL
2020-11-30,QQQ,LONG,13.48,HIGH,289.55,293.26,1.281,RIGHT,2020-12-01,BACKFILL
2020-12-01,BTC,LONG,65.83,HIGH,18803.0,19201.09,2.117,RIGHT,2020-12-02,BACKFILL
2020-12-01,GLD,HELD,-2.15,MEDIUM,170.18,171.46,0.752,RIGHT,2020-12-02,BACKFILL
2020-12-01,QQQ,LONG,14.69,HIGH,293.26,293.64,0.13,RIGHT,2020-12-02,BACKFILL
2020-12-02,BTC,LONG,68.3,HIGH,19201.09,19445.4,1.272,RIGHT,2020-12-03,BACKFILL
2020-12-02,GLD,HELD,-1.46,LOW,171.46,172.81,0.787,RIGHT,2020-12-03,BACKFILL
2020-12-02,QQQ,LONG,14.59,HIGH,293.64,294.05,0.14,RIGHT,2020-12-03,BACKFILL
2020-12-03,BTC,LONG,69.39,HIGH,19445.4,18699.77,-3.834,WRONG,2020-12-04,BACKFILL
2020-12-03,GLD,HELD,-0.73,LOW,172.81,172.32,-0.284,WRONG,2020-12-04,BACKFILL
2020-12-03,QQQ,LONG,14.49,HIGH,294.05,295.25,0.408,RIGHT,2020-12-04,BACKFILL
2020-12-04,BTC,LONG,61.98,HIGH,18699.77,19191.63,2.63,RIGHT,2020-12-07,BACKFILL
2020-12-04,GLD,HELD,-1.06,LOW,172.32,174.89,1.491,RIGHT,2020-12-07,BACKFILL
2020-12-04,QQQ,LONG,14.69,HIGH,295.25,296.92,0.566,RIGHT,2020-12-07,BACKFILL
2020-12-07,BTC,LONG,65.27,HIGH,19191.63,18321.14,-4.536,WRONG,2020-12-08,BACKFILL
2020-12-07,GLD,HELD,0.36,LOW,174.89,175.5,0.349,RIGHT,2020-12-08,BACKFILL
2020-12-07,QQQ,LONG,15.08,HIGH,296.92,297.93,0.34,RIGHT,2020-12-08,BACKFILL
2020-12-08,BTC,LONG,56.95,HIGH,18321.14,18553.92,1.271,RIGHT,2020-12-09,BACKFILL
2020-12-08,GLD,HELD,0.65,LOW,175.5,172.5,-1.709,WRONG,2020-12-09,BACKFILL
2020-12-08,QQQ,LONG,15.22,HIGH,297.93,291.18,-2.266,WRONG,2020-12-09,BACKFILL
2020-12-09,BTC,LONG,58.17,HIGH,18553.92,18264.99,-1.557,WRONG,2020-12-10,BACKFILL
2020-12-09,GLD,HELD,-1.11,LOW,172.5,172.17,-0.191,WRONG,2020-12-10,BACKFILL
2020-12-09,QQQ,LONG,12.38,HIGH,291.18,292.35,0.402,RIGHT,2020-12-10,BACKFILL
2020-12-10,BTC,LONG,54.97,HIGH,18264.99,18058.9,-1.128,WRONG,2020-12-11,BACKFILL
2020-12-10,GLD,HELD,-1.35,LOW,172.17,172.49,0.186,RIGHT,2020-12-11,BACKFILL
2020-12-10,QQQ,LONG,12.61,HIGH,292.35,291.7,-0.222,WRONG,2020-12-11,BACKFILL
2020-12-11,BTC,LONG,52.4,HIGH,18058.9,19246.64,6.577,RIGHT,2020-12-14,BACKFILL
2020-12-11,GLD,HELD,-1.21,LOW,172.49,171.54,-0.551,WRONG,2020-12-14,BACKFILL
2020-12-11,QQQ,LONG,12.15,HIGH,291.7,293.82,0.727,RIGHT,2020-12-14,BACKFILL
2020-12-14,BTC,LONG,61.48,HIGH,19246.64,19417.08,0.886,RIGHT,2020-12-15,BACKFILL
2020-12-14,GLD,HELD,-1.8,LOW,171.54,173.94,1.399,RIGHT,2020-12-15,BACKFILL
2020-12-14,QQQ,LONG,12.74,HIGH,293.82,296.96,1.069,RIGHT,2020-12-15,BACKFILL
2020-12-15,BTC,LONG,61.99,HIGH,19417.08,21310.6,9.752,RIGHT,2020-12-16,BACKFILL
2020-12-15,GLD,HELD,-0.47,LOW,173.94,174.9,0.552,RIGHT,2020-12-16,BACKFILL
2020-12-15,QQQ,LONG,13.7,HIGH,296.96,298.6,0.552,RIGHT,2020-12-16,BACKFILL
2020-12-16,BTC,LONG,76.65,HIGH,21310.6,22805.16,7.013,RIGHT,2020-12-17,BACKFILL
2020-12-16,GLD,HELD,0.03,LOW,174.9,176.74,1.052,RIGHT,2020-12-17,BACKFILL
2020-12-16,QQQ,LONG,14.08,HIGH,298.6,300.55,0.653,RIGHT,2020-12-17,BACKFILL
2020-12-17,BTC,LONG,87.64,HIGH,22805.16,23137.96,1.459,RIGHT,2020-12-18,BACKFILL
2020-12-17,GLD,HELD,1.03,LOW,176.74,176.44,-0.17,WRONG,2020-12-18,BACKFILL
2020-12-17,QQQ,LONG,14.57,HIGH,300.55,299.64,-0.303,WRONG,2020-12-18,BACKFILL
2020-12-18,BTC,LONG,88.99,HIGH,23137.96,22803.08,-1.447,WRONG,2020-12-21,BACKFILL
2020-12-18,GLD,HELD,0.81,LOW,176.44,175.88,-0.317,WRONG,2020-12-21,BACKFILL
2020-12-18,QQQ,LONG,14.0,HIGH,299.64,299.08,-0.187,WRONG,2020-12-21,BACKFILL
2020-12-21,BTC,LONG,84.93,HIGH,22803.08,23783.03,4.297,RIGHT,2020-12-22,BACKFILL
2020-12-21,GLD,HELD,0.45,LOW,175.88,174.49,-0.79,WRONG,2020-12-22,BACKFILL
2020-12-21,QQQ,LONG,13.55,HIGH,299.08,299.89,0.271,RIGHT,2020-12-22,BACKFILL
2020-12-22,BTC,LONG,91.41,HIGH,23783.03,23241.35,-2.278,WRONG,2020-12-23,BACKFILL
2020-12-22,GLD,HELD,-0.39,LOW,174.49,175.65,0.665,RIGHT,2020-12-23,BACKFILL
2020-12-22,QQQ,LONG,13.64,HIGH,299.89,298.38,-0.504,WRONG,2020-12-23,BACKFILL
2020-12-23,BTC,LONG,85.64,HIGH,23241.35,23735.95,2.128,RIGHT,2020-12-24,BACKFILL
2020-12-23,GLD,HELD,0.23,LOW,175.65,176.35,0.399,RIGHT,2020-12-24,BACKFILL
2020-12-23,QQQ,LONG,12.84,HIGH,298.38,299.7,0.442,RIGHT,2020-12-24,BACKFILL
2020-12-24,BTC,LONG,88.13,HIGH,23735.95,27084.81,14.109,RIGHT,2020-12-28,BACKFILL
2020-12-24,GLD,HELD,0.57,LOW,176.35,175.71,-0.363,WRONG,2020-12-28,BACKFILL
2020-12-24,QQQ,LONG,13.12,HIGH,299.7,302.72,1.008,RIGHT,2020-12-28,BACKFILL
2020-12-28,BTC,LONG,112.62,HIGH,27084.81,27362.44,1.025,RIGHT,2020-12-29,BACKFILL
2020-12-28,GLD,HELD,0.15,LOW,175.71,176.35,0.364,RIGHT,2020-12-29,BACKFILL
2020-12-28,QQQ,LONG,14.03,HIGH,302.72,302.99,0.089,RIGHT,2020-12-29,BACKFILL
2020-12-29,BTC,LONG,112.78,HIGH,27362.44,28840.95,5.403,RIGHT,2020-12-30,BACKFILL
2020-12-29,GLD,HELD,0.46,LOW,176.35,177.7,0.766,RIGHT,2020-12-30,BACKFILL
2020-12-29,QQQ,LONG,13.9,HIGH,302.99,303.0,0.003,RIGHT,2020-12-30,BACKFILL
2020-12-30,BTC,LONG,122.05,HIGH,28840.95,29001.72,0.557,RIGHT,2020-12-31,BACKFILL
2020-12-30,GLD,HELD,1.17,LOW,177.7,178.36,0.371,RIGHT,2020-12-31,BACKFILL
2020-12-30,QQQ,LONG,13.67,HIGH,303.0,303.74,0.244,RIGHT,2020-12-31,BACKFILL
2020-12-31,BTC,LONG,121.07,HIGH,29001.72,31971.91,10.241,RIGHT,2021-01-04,BACKFILL
2020-12-31,GLD,HELD,1.48,LOW,178.36,182.33,2.226,RIGHT,2021-01-04,BACKFILL
2020-12-31,QQQ,LONG,13.72,HIGH,303.74,299.46,-1.409,WRONG,2021-01-04,BACKFILL
2021-01-04,BTC,LONG,141.04,HIGH,31971.91,33992.43,6.32,RIGHT,2021-01-05,BACKFILL
2021-01-04,GLD,HELD,3.67,MEDIUM,182.33,182.87,0.296,RIGHT,2021-01-05,BACKFILL
2021-01-04,QQQ,LONG,11.92,HIGH,299.46,301.92,0.821,RIGHT,2021-01-05,BACKFILL
2021-01-05,BTC,LONG,153.16,HIGH,33992.43,36824.36,8.331,RIGHT,2021-01-06,BACKFILL
2021-01-05,GLD,HELD,3.9,MEDIUM,182.87,179.9,-1.624,WRONG,2021-01-06,BACKFILL
2021-01-05,QQQ,LONG,12.63,HIGH,301.92,297.74,-1.384,WRONG,2021-01-06,BACKFILL
2021-01-06,BTC,LONG,170.6,HIGH,36824.36,39371.04,6.916,RIGHT,2021-01-07,BACKFILL
2021-01-06,GLD,HELD,2.13,MEDIUM,179.9,179.48,-0.233,WRONG,2021-01-07,BACKFILL
2021-01-06,QQQ,LONG,10.87,HIGH,297.74,304.95,2.422,RIGHT,2021-01-07,BACKFILL
2021-01-07,BTC,LONG,185.18,HIGH,39371.04,40797.61,3.623,RIGHT,2021-01-08,BACKFILL
2021-01-07,GLD,HELD,1.82,LOW,179.48,173.34,-3.421,WRONG,2021-01-08,BACKFILL
2021-01-07,QQQ,LONG,13.34,HIGH,304.95,308.87,1.285,RIGHT,2021-01-08,BACKFILL
2021-01-08,BTC,LONG,191.14,HIGH,40797.61,35566.66,-12.822,WRONG,2021-01-11,BACKFILL
2021-01-08,GLD,HELD,-1.72,LOW,173.34,173.0,-0.196,WRONG,2021-01-11,BACKFILL
2021-01-08,QQQ,LONG,14.58,HIGH,308.87,304.4,-1.447,WRONG,2021-01-11,BACKFILL
2021-01-11,BTC,LONG,150.73,HIGH,35566.66,33922.96,-4.621,WRONG,2021-01-12,BACKFILL
2021-01-11,GLD,HELD,-1.96,LOW,173.0,174.12,0.647,RIGHT,2021-01-12,BACKFILL
2021-01-11,QQQ,LONG,12.72,HIGH,304.4,303.92,-0.158,WRONG,2021-01-12,BACKFILL
2021-01-12,BTC,LONG,136.46,HIGH,33922.96,37316.36,10.003,RIGHT,2021-01-13,BACKFILL
2021-01-12,GLD,HELD,-1.37,LOW,174.12,173.37,-0.431,WRONG,2021-01-13,BACKFILL
2021-01-12,QQQ,LONG,12.35,HIGH,303.92,305.97,0.675,RIGHT,2021-01-13,BACKFILL
2021-01-13,BTC,LONG,156.84,HIGH,37316.36,39187.33,5.014,RIGHT,2021-01-14,BACKFILL
2021-01-13,GLD,HELD,-1.83,LOW,173.37,173.28,-0.052,WRONG,2021-01-14,BACKFILL
2021-01-13,QQQ,LONG,12.92,HIGH,305.97,304.34,-0.533,WRONG,2021-01-14,BACKFILL
2021-01-14,BTC,LONG,166.07,HIGH,39187.33,36825.37,-6.027,WRONG,2021-01-15,BACKFILL
2021-01-14,GLD,HELD,-1.93,LOW,173.28,171.13,-1.241,WRONG,2021-01-15,BACKFILL
2021-01-14,QQQ,LONG,12.1,HIGH,304.34,301.92,-0.795,WRONG,2021-01-15,BACKFILL
2021-01-15,BTC,LONG,146.98,HIGH,36825.37,36069.8,-2.052,WRONG,2021-01-19,BACKFILL
2021-01-15,GLD,HELD,-3.17,MEDIUM,171.13,172.58,0.847,RIGHT,2021-01-19,BACKFILL
2021-01-15,QQQ,LONG,11.0,HIGH,301.92,306.33,1.461,RIGHT,2021-01-19,BACKFILL
2021-01-19,BTC,LONG,139.07,HIGH,36069.8,35547.75,-1.447,WRONG,2021-01-20,BACKFILL
2021-01-19,GLD,HELD,-2.39,MEDIUM,172.58,175.39,1.628,RIGHT,2021-01-20,BACKFILL
2021-01-19,QQQ,LONG,12.42,HIGH,306.33,313.46,2.328,RIGHT,2021-01-20,BACKFILL
2021-01-20,BTC,LONG,132.93,HIGH,35547.75,30825.7,-13.284,WRONG,2021-01-21,BACKFILL
2021-01-20,GLD,HELD,-0.85,LOW,175.39,175.28,-0.063,WRONG,2021-01-21,BACKFILL
2021-01-20,QQQ,LONG,14.81,HIGH,313.46,315.96,0.798,RIGHT,2021-01-21,BACKFILL
2021-01-21,BTC,LONG,100.12,HIGH,30825.7,33005.76,7.072,RIGHT,2021-01-22,BACKFILL
2021-01-21,GLD,HELD,-0.96,LOW,175.28,173.9,-0.787,WRONG,2021-01-22,BACKFILL
2021-01-21,QQQ,LONG,15.5,HIGH,315.96,315.05,-0.288,WRONG,2021-01-22,BACKFILL
2021-01-22,BTC,LONG,112.11,HIGH,33005.76,32366.39,-1.937,WRONG,2021-01-25,BACKFILL
2021-01-22,GLD,HELD,-1.78,LOW,173.9,174.05,0.086,RIGHT,2021-01-25,BACKFILL
2021-01-22,QQQ,LONG,14.94,HIGH,315.05,317.66,0.828,RIGHT,2021-01-25,BACKFILL
2021-01-25,BTC,LONG,105.96,HIGH,32366.39,32569.85,0.629,RIGHT,2021-01-26,BACKFILL
2021-01-25,GLD,HELD,-1.74,LOW,174.05,173.62,-0.247,WRONG,2021-01-26,BACKFILL
2021-01-25,QQQ,LONG,15.66,HIGH,317.66,318.12,0.145,RIGHT,2021-01-26,BACKFILL
2021-01-26,BTC,LONG,105.26,HIGH,32569.85,30432.55,-6.562,WRONG,2021-01-27,BACKFILL
2021-01-26,GLD,HELD,-2.01,MEDIUM,173.62,172.52,-0.634,WRONG,2021-01-27,BACKFILL
2021-01-26,QQQ,LONG,15.61,HIGH,318.12,309.25,-2.788,WRONG,2021-01-27,BACKFILL
2021-01-27,BTC,LONG,90.13,HIGH,30432.55,33466.1,9.968,RIGHT,2021-01-28,BACKFILL
2021-01-27,GLD,HELD,-2.65,MEDIUM,172.52,172.68,0.093,RIGHT,2021-01-28,BACKFILL
2021-01-27,QQQ,LONG,12.2,HIGH,309.25,311.08,0.592,RIGHT,2021-01-28,BACKFILL
2021-01-28,BTC,LONG,107.0,HIGH,33466.1,34316.39,2.541,RIGHT,2021-01-29,BACKFILL
2021-01-28,GLD,HELD,-2.59,MEDIUM,172.68,172.61,-0.041,WRONG,2021-01-29,BACKFILL
2021-01-28,QQQ,LONG,12.66,HIGH,311.08,304.54,-2.102,WRONG,2021-01-29,BACKFILL
2021-01-29,BTC,LONG,110.09,HIGH,34316.39,33537.18,-2.271,WRONG,2021-02-01,BACKFILL
2021-01-29,GLD,HELD,-2.65,MEDIUM,172.61,174.23,0.939,RIGHT,2021-02-01,BACKFILL
2021-01-29,QQQ,LONG,10.11,HIGH,304.54,312.15,2.499,RIGHT,2021-02-01,BACKFILL
2021-02-01,BTC,LONG,103.3,HIGH,33537.18,35510.29,5.883,RIGHT,2021-02-02,BACKFILL
2021-02-01,GLD,HELD,-1.77,LOW,174.23,172.11,-1.217,WRONG,2021-02-02,BACKFILL
2021-02-01,QQQ,LONG,12.64,HIGH,312.15,317.24,1.631,RIGHT,2021-02-02,BACKFILL
2021-02-02,BTC,LONG,112.99,HIGH,35510.29,37472.09,5.525,RIGHT,2021-02-03,BACKFILL
2021-02-02,GLD,HELD,-2.98,MEDIUM,172.11,171.85,-0.151,WRONG,2021-02-03,BACKFILL
2021-02-02,QQQ,LONG,14.25,HIGH,317.24,315.98,-0.397,WRONG,2021-02-03,BACKFILL
2021-02-03,BTC,LONG,122.24,HIGH,37472.09,36926.07,-1.457,WRONG,2021-02-04,BACKFILL
2021-02-03,GLD,HELD,-3.15,MEDIUM,171.85,168.15,-2.153,WRONG,2021-02-04,BACKFILL
2021-02-03,QQQ,LONG,13.59,HIGH,315.98,319.72,1.184,RIGHT,2021-02-04,BACKFILL
2021-02-04,BTC,LONG,116.63,HIGH,36926.07,38144.31,3.299,RIGHT,2021-02-05,BACKFILL
2021-02-04,GLD,HELD,-5.24,HIGH,168.15,169.81,0.987,RIGHT,2021-02-05,BACKFILL
2021-02-04,QQQ,LONG,14.72,HIGH,319.72,320.8,0.338,RIGHT,2021-02-05,BACKFILL
2021-02-05,BTC,LONG,121.27,HIGH,38144.31,46196.46,21.11,RIGHT,2021-02-08,BACKFILL
2021-02-05,GLD,HELD,-4.31,MEDIUM,169.81,171.52,1.007,RIGHT,2021-02-08,BACKFILL
2021-02-05,QQQ,LONG,14.9,HIGH,320.8,322.95,0.67,RIGHT,2021-02-08,BACKFILL
2021-02-08,BTC,LONG,164.21,HIGH,46196.46,46481.11,0.616,RIGHT,2021-02-09,BACKFILL
2021-02-08,GLD,HELD,-3.36,MEDIUM,171.52,172.08,0.326,RIGHT,2021-02-09,BACKFILL
2021-02-08,QQQ,LONG,15.47,HIGH,322.95,322.89,-0.019,WRONG,2021-02-09,BACKFILL
2021-02-09,BTC,LONG,162.12,HIGH,46481.11,44918.18,-3.363,WRONG,2021-02-10,BACKFILL
2021-02-09,GLD,HELD,-3.06,MEDIUM,172.08,172.71,0.366,RIGHT,2021-02-10,BACKFILL
2021-02-09,QQQ,LONG,15.24,HIGH,322.89,322.15,-0.229,WRONG,2021-02-10,BACKFILL
2021-02-10,BTC,LONG,149.97,HIGH,44918.18,47909.33,6.659,RIGHT,2021-02-11,BACKFILL
2021-02-10,GLD,HELD,-2.71,MEDIUM,172.71,171.21,-0.869,WRONG,2021-02-11,BACKFILL
2021-02-10,QQQ,LONG,14.78,HIGH,322.15,323.92,0.549,RIGHT,2021-02-11,BACKFILL
2021-02-11,BTC,LONG,162.85,HIGH,47909.33,47504.85,-0.844,WRONG,2021-02-12,BACKFILL
2021-02-11,GLD,HELD,-3.56,MEDIUM,171.21,170.69,-0.304,WRONG,2021-02-12,BACKFILL
2021-02-11,QQQ,LONG,15.22,HIGH,323.92,325.73,0.559,RIGHT,2021-02-12,BACKFILL
2021-02-12,BTC,LONG,157.04,HIGH,47504.85,49199.87,3.568,RIGHT,2021-02-16,BACKFILL
2021-02-12,GLD,HELD,-3.86,MEDIUM,170.69,168.24,-1.435,WRONG,2021-02-16,BACKFILL
2021-02-12,QQQ,LONG,15.67,HIGH,325.73,324.85,-0.27,WRONG,2021-02-16,BACKFILL
2021-02-16,BTC,LONG,162.42,HIGH,49199.87,52149.01,5.994,RIGHT,2021-02-17,BACKFILL
2021-02-16,GLD,HELD,-5.24,HIGH,168.24,166.33,-1.135,WRONG,2021-02-17,BACKFILL
2021-02-16,QQQ,LONG,15.15,HIGH,324.85,323.29,-0.48,WRONG,2021-02-17,BACKFILL
2021-02-17,BTC,LONG,173.98,HIGH,52149.01,51679.8,-0.9,WRONG,2021-02-18,BACKFILL
2021-02-17,GLD,HELD,-6.3,HIGH,166.33,166.32,-0.006,WRONG,2021-02-18,BACKFILL
2021-02-17,QQQ,LONG,14.4,HIGH,323.29,321.88,-0.436,WRONG,2021-02-18,BACKFILL
2021-02-18,BTC,LONG,167.53,HIGH,51679.8,55888.13,8.143,RIGHT,2021-02-19,BACKFILL
2021-02-18,GLD,HELD,-6.29,HIGH,166.32,167.01,0.415,RIGHT,2021-02-19,BACKFILL
2021-02-18,QQQ,LONG,13.72,HIGH,321.88,320.47,-0.438,WRONG,2021-02-19,BACKFILL
2021-02-19,BTC,LONG,184.72,HIGH,55888.13,54207.32,-3.007,WRONG,2021-02-22,BACKFILL
2021-02-19,GLD,HELD,-5.89,HIGH,167.01,169.51,1.497,RIGHT,2021-02-22,BACKFILL
2021-02-19,QQQ,LONG,13.03,HIGH,320.47,312.17,-2.59,WRONG,2021-02-22,BACKFILL
2021-02-22,BTC,LONG,171.99,HIGH,54207.32,48824.43,-9.93,WRONG,2021-02-23,BACKFILL
2021-02-22,GLD,HELD,-4.48,MEDIUM,169.51,169.12,-0.23,WRONG,2021-02-23,BACKFILL
2021-02-22,QQQ,LONG,9.95,HIGH,312.17,311.24,-0.298,WRONG,2021-02-23,BACKFILL
2021-02-23,BTC,LONG,141.78,HIGH,48824.43,49705.33,1.804,RIGHT,2021-02-24,BACKFILL
2021-02-23,GLD,HELD,-4.7,MEDIUM,169.12,169.0,-0.071,WRONG,2021-02-24,BACKFILL
2021-02-23,QQQ,LONG,9.48,HIGH,311.24,313.8,0.823,RIGHT,2021-02-24,BACKFILL
2021-02-24,BTC,LONG,142.91,HIGH,49705.33,47093.85,-5.254,WRONG,2021-02-25,BACKFILL
2021-02-24,GLD,HELD,-4.75,MEDIUM,169.0,165.82,-1.882,WRONG,2021-02-25,BACKFILL
2021-02-24,QQQ,LONG,10.23,HIGH,313.8,302.86,-3.486,WRONG,2021-02-25,BACKFILL
2021-02-25,BTC,LONG,127.36,HIGH,47093.85,46339.76,-1.601,WRONG,2021-02-26,BACKFILL
2021-02-25,GLD,HELD,-6.51,HIGH,165.82,161.81,-2.418,WRONG,2021-02-26,BACKFILL
2021-02-25,QQQ,LONG,6.27,HIGH,302.86,304.13,0.419,RIGHT,2021-02-26,BACKFILL
2021-02-26,BTC,LONG,121.1,HIGH,46339.76,49631.24,7.103,RIGHT,2021-03-01,BACKFILL
2021-02-26,GLD,HELD,-8.72,HIGH,161.81,161.53,-0.173,WRONG,2021-03-01,BACKFILL
2021-02-26,QQQ,LONG,6.58,HIGH,304.13,313.28,3.009,RIGHT,2021-03-01,BACKFILL
2021-03-01,BTC,LONG,133.83,HIGH,49631.24,48378.99,-2.523,WRONG,2021-03-02,BACKFILL
2021-03-01,GLD,HELD,-8.81,HIGH,161.53,162.41,0.545,RIGHT,2021-03-02,BACKFILL
2021-03-01,QQQ,LONG,9.62,HIGH,313.28,308.26,-1.602,WRONG,2021-03-02,BACKFILL
2021-03-02,BTC,LONG,125.28,HIGH,48378.99,50538.24,4.463,RIGHT,2021-03-03,BACKFILL
2021-03-02,GLD,HELD,-8.25,HIGH,162.41,160.62,-1.102,WRONG,2021-03-03,BACKFILL
2021-03-02,QQQ,LONG,7.72,HIGH,308.26,299.31,-2.903,WRONG,2021-03-03,BACKFILL
2021-03-03,BTC,LONG,132.48,HIGH,50538.24,48561.17,-3.912,WRONG,2021-03-04,BACKFILL
2021-03-03,GLD,HELD,-9.18,HIGH,160.62,159.04,-0.984,WRONG,2021-03-04,BACKFILL
2021-03-03,QQQ,LONG,4.47,MEDIUM,299.31,294.41,-1.637,WRONG,2021-03-04,BACKFILL
2021-03-04,BTC,LONG,120.85,HIGH,48561.17,48927.3,0.754,RIGHT,2021-03-05,BACKFILL
2021-03-04,GLD,HELD,-9.99,HIGH,159.04,159.14,0.063,RIGHT,2021-03-05,BACKFILL
2021-03-04,QQQ,LONG,2.65,MEDIUM,294.41,298.85,1.508,RIGHT,2021-03-05,BACKFILL
2021-03-05,BTC,LONG,119.99,HIGH,48927.3,52246.52,6.784,RIGHT,2021-03-08,BACKFILL
2021-03-05,GLD,HELD,-9.85,HIGH,159.14,157.49,-1.037,WRONG,2021-03-08,BACKFILL
2021-03-05,QQQ,LONG,4.09,MEDIUM,298.85,290.38,-2.834,WRONG,2021-03-08,BACKFILL
2021-03-08,BTC,LONG,132.07,HIGH,52246.52,54824.12,4.934,RIGHT,2021-03-09,BACKFILL
2021-03-08,GLD,HELD,-10.69,HIGH,157.49,160.84,2.127,RIGHT,2021-03-09,BACKFILL
2021-03-08,QQQ,LONG,1.06,LOW,290.38,301.84,3.947,RIGHT,2021-03-09,BACKFILL
2021-03-09,BTC,LONG,140.41,HIGH,54824.12,56008.55,2.16,RIGHT,2021-03-10,BACKFILL
2021-03-09,GLD,HELD,-8.7,HIGH,160.84,161.66,0.51,RIGHT,2021-03-10,BACKFILL
2021-03-09,QQQ,LONG,4.95,MEDIUM,301.84,300.98,-0.285,WRONG,2021-03-10,BACKFILL
2021-03-10,BTC,LONG,142.43,HIGH,56008.55,57805.12,3.208,RIGHT,2021-03-11,BACKFILL
2021-03-10,GLD,HELD,-8.14,HIGH,161.66,161.52,-0.087,WRONG,2021-03-11,BACKFILL
2021-03-10,QQQ,LONG,4.55,MEDIUM,300.98,307.91,2.302,RIGHT,2021-03-11,BACKFILL
2021-03-11,BTC,LONG,146.93,HIGH,57805.12,57332.09,-0.818,WRONG,2021-03-12,BACKFILL
2021-03-11,GLD,HELD,-8.11,HIGH,161.52,161.49,-0.019,WRONG,2021-03-12,BACKFILL
2021-03-11,QQQ,LONG,6.85,HIGH,307.91,305.41,-0.812,WRONG,2021-03-12,BACKFILL
2021-03-12,BTC,LONG,141.77,HIGH,57332.09,55907.2,-2.485,WRONG,2021-03-15,BACKFILL
2021-03-12,GLD,HELD,-8.02,HIGH,161.49,162.2,0.44,RIGHT,2021-03-15,BACKFILL
2021-03-12,QQQ,LONG,5.88,HIGH,305.41,308.67,1.067,RIGHT,2021-03-15,BACKFILL
2021-03-15,BTC,LONG,132.86,HIGH,55907.2,56804.9,1.606,RIGHT,2021-03-16,BACKFILL
2021-03-15,GLD,HELD,-7.51,HIGH,162.2,162.35,0.092,RIGHT,2021-03-16,BACKFILL
2021-03-15,QQQ,LONG,6.9,HIGH,308.67,310.37,0.551,RIGHT,2021-03-16,BACKFILL
2021-03-16,BTC,LONG,133.68,HIGH,56804.9,58870.89,3.637,RIGHT,2021-03-17,BACKFILL
2021-03-16,GLD,HELD,-7.33,HIGH,162.35,163.51,0.715,RIGHT,2021-03-17,BACKFILL
2021-03-16,QQQ,LONG,7.36,HIGH,310.37,311.64,0.409,RIGHT,2021-03-17,BACKFILL
2021-03-17,BTC,LONG,139.07,HIGH,58870.89,57858.92,-1.719,WRONG,2021-03-18,BACKFILL
2021-03-17,GLD,HELD,-6.61,HIGH,163.51,162.56,-0.581,WRONG,2021-03-18,BACKFILL
2021-03-17,QQQ,LONG,7.66,HIGH,311.64,302.1,-3.061,WRONG,2021-03-18,BACKFILL
2021-03-18,BTC,LONG,132.05,HIGH,57858.92,58346.65,0.843,RIGHT,2021-03-19,BACKFILL
2021-03-18,GLD,HELD,-7.09,HIGH,162.56,163.24,0.418,RIGHT,2021-03-19,BACKFILL
2021-03-18,QQQ,LONG,4.27,MEDIUM,302.1,303.16,0.351,RIGHT,2021-03-19,BACKFILL
2021-03-19,BTC,LONG,131.13,HIGH,58346.65,54529.14,-6.543,WRONG,2021-03-22,BACKFILL
2021-03-19,GLD,HELD,-6.63,HIGH,163.24,163.0,-0.147,WRONG,2021-03-22,BACKFILL
2021-03-19,QQQ,LONG,4.54,MEDIUM,303.16,308.85,1.877,RIGHT,2021-03-22,BACKFILL
2021-03-22,BTC,LONG,113.6,HIGH,54529.14,54738.95,0.385,RIGHT,2021-03-23,BACKFILL
2021-03-22,GLD,HELD,-6.7,HIGH,163.0,161.81,-0.73,WRONG,2021-03-23,BACKFILL
2021-03-22,QQQ,LONG,6.39,HIGH,308.85,307.5,-0.437,WRONG,2021-03-23,BACKFILL
2021-03-23,BTC,LONG,112.07,HIGH,54738.95,52774.27,-3.589,WRONG,2021-03-24,BACKFILL
2021-03-23,GLD,HELD,-7.3,HIGH,161.81,162.37,0.346,RIGHT,2021-03-24,BACKFILL
2021-03-23,QQQ,LONG,5.83,HIGH,307.5,302.32,-1.685,WRONG,2021-03-24,BACKFILL
2021-03-24,BTC,LONG,102.32,HIGH,52774.27,51704.16,-2.028,WRONG,2021-03-25,BACKFILL
2021-03-24,GLD,HELD,-6.88,HIGH,162.37,161.78,-0.363,WRONG,2021-03-25,BACKFILL
2021-03-24,QQQ,LONG,3.96,MEDIUM,302.32,301.79,-0.175,WRONG,2021-03-25,BACKFILL
2021-03-25,BTC,LONG,96.22,HIGH,51704.16,55137.31,6.64,RIGHT,2021-03-26,BACKFILL
2021-03-25,GLD,HELD,-7.15,HIGH,161.78,162.24,0.284,RIGHT,2021-03-26,BACKFILL
2021-03-25,QQQ,LONG,3.7,MEDIUM,301.79,306.32,1.501,RIGHT,2021-03-26,BACKFILL
2021-03-26,BTC,LONG,106.98,HIGH,55137.31,57750.2,4.739,RIGHT,2021-03-29,BACKFILL
2021-03-26,GLD,HELD,-6.81,HIGH,162.24,160.31,-1.19,WRONG,2021-03-29,BACKFILL
2021-03-26,QQQ,LONG,5.17,HIGH,306.32,306.23,-0.029,WRONG,2021-03-29,BACKFILL
2021-03-29,BTC,LONG,114.31,HIGH,57750.2,58917.69,2.022,RIGHT,2021-03-30,BACKFILL
2021-03-29,GLD,HELD,-7.84,HIGH,160.31,157.57,-1.709,WRONG,2021-03-30,BACKFILL
2021-03-29,QQQ,LONG,5.06,HIGH,306.23,304.69,-0.503,WRONG,2021-03-30,BACKFILL
2021-03-30,BTC,LONG,116.13,HIGH,58917.69,58918.83,0.002,RIGHT,2021-03-31,BACKFILL
2021-03-30,GLD,HELD,-9.33,HIGH,157.57,159.96,1.517,RIGHT,2021-03-31,BACKFILL
2021-03-30,QQQ,LONG,4.46,MEDIUM,304.69,309.35,1.529,RIGHT,2021-03-31,BACKFILL
2021-03-31,BTC,LONG,113.65,HIGH,58918.83,59095.81,0.3,RIGHT,2021-04-01,BACKFILL
2021-03-31,GLD,HELD,-7.88,HIGH,159.96,161.98,1.263,RIGHT,2021-04-01,BACKFILL
2021-03-31,QQQ,LONG,5.97,HIGH,309.35,314.63,1.707,RIGHT,2021-04-01,BACKFILL
2021-04-01,BTC,LONG,111.85,HIGH,59095.81,59057.88,-0.064,WRONG,2021-04-05,BACKFILL
2021-04-01,GLD,HELD,-6.64,HIGH,161.98,161.92,-0.037,WRONG,2021-04-05,BACKFILL
2021-04-01,QQQ,LONG,7.7,HIGH,314.63,320.91,1.996,RIGHT,2021-04-05,BACKFILL
2021-04-05,BTC,LONG,109.33,HIGH,59057.88,58192.36,-1.466,WRONG,2021-04-06,BACKFILL
2021-04-05,GLD,HELD,-6.61,HIGH,161.92,163.22,0.803,RIGHT,2021-04-06,BACKFILL
2021-04-05,QQQ,LONG,9.75,HIGH,320.91,320.69,-0.069,WRONG,2021-04-06,BACKFILL
2021-04-06,BTC,LONG,104.01,HIGH,58192.36,56048.94,-3.683,WRONG,2021-04-07,BACKFILL
2021-04-06,GLD,HELD,-5.78,HIGH,163.22,162.76,-0.282,WRONG,2021-04-07,BACKFILL
2021-04-06,QQQ,LONG,9.58,HIGH,320.69,321.46,0.24,RIGHT,2021-04-07,BACKFILL
2021-04-07,BTC,LONG,94.48,HIGH,56048.94,58323.95,4.059,RIGHT,2021-04-08,BACKFILL
2021-04-07,GLD,HELD,-5.97,HIGH,162.76,164.51,1.075,RIGHT,2021-04-08,BACKFILL
2021-04-07,QQQ,LONG,9.75,HIGH,321.46,324.81,1.042,RIGHT,2021-04-08,BACKFILL
2021-04-08,BTC,LONG,100.23,HIGH,58323.95,58245.0,-0.135,WRONG,2021-04-09,BACKFILL
2021-04-08,GLD,HELD,-4.88,MEDIUM,164.51,163.27,-0.754,WRONG,2021-04-09,BACKFILL
2021-04-08,QQQ,LONG,10.81,HIGH,324.81,326.78,0.607,RIGHT,2021-04-09,BACKFILL
2021-04-09,BTC,LONG,97.83,HIGH,58245.0,59893.45,2.83,RIGHT,2021-04-12,BACKFILL
2021-04-09,GLD,HELD,-5.53,HIGH,163.27,162.28,-0.606,WRONG,2021-04-12,BACKFILL
2021-04-09,QQQ,LONG,11.4,HIGH,326.78,326.36,-0.129,WRONG,2021-04-12,BACKFILL
2021-04-12,BTC,LONG,101.17,HIGH,59893.45,63503.46,6.027,RIGHT,2021-04-13,BACKFILL
2021-04-12,GLD,HELD,-6.03,HIGH,162.28,163.43,0.709,RIGHT,2021-04-13,BACKFILL
2021-04-12,QQQ,LONG,11.13,HIGH,326.36,330.17,1.167,RIGHT,2021-04-13,BACKFILL
2021-04-13,BTC,LONG,110.8,HIGH,63503.46,63109.7,-0.62,WRONG,2021-04-14,BACKFILL
2021-04-13,GLD,HELD,-5.3,HIGH,163.43,162.72,-0.434,WRONG,2021-04-14,BACKFILL
2021-04-13,QQQ,LONG,12.28,HIGH,330.17,326.2,-1.202,WRONG,2021-04-14,BACKFILL
2021-04-14,BTC,LONG,107.06,HIGH,63109.7,63314.01,0.324,RIGHT,2021-04-15,BACKFILL
2021-04-14,GLD,HELD,-5.64,HIGH,162.72,165.35,1.616,RIGHT,2021-04-15,BACKFILL
2021-04-14,QQQ,LONG,10.77,HIGH,326.2,331.14,1.514,RIGHT,2021-04-15,BACKFILL
2021-04-15,BTC,LONG,105.35,HIGH,63314.01,61572.79,-2.75,WRONG,2021-04-16,BACKFILL
2021-04-15,GLD,HELD,-4.05,MEDIUM,165.35,166.35,0.605,RIGHT,2021-04-16,BACKFILL
2021-04-15,QQQ,LONG,12.29,HIGH,331.14,331.53,0.118,RIGHT,2021-04-16,BACKFILL
2021-04-16,BTC,LONG,97.51,HIGH,61572.79,55724.27,-9.499,WRONG,2021-04-19,BACKFILL
2021-04-16,GLD,HELD,-3.41,MEDIUM,166.35,165.89,-0.277,WRONG,2021-04-19,BACKFILL
2021-04-16,QQQ,LONG,12.25,HIGH,331.53,328.5,-0.914,WRONG,2021-04-19,BACKFILL
2021-04-19,BTC,LONG,77.04,HIGH,55724.27,56473.03,1.344,RIGHT,2021-04-20,BACKFILL
2021-04-19,GLD,HELD,-3.62,MEDIUM,165.89,166.48,0.356,RIGHT,2021-04-20,BACKFILL
2021-04-19,QQQ,LONG,11.05,HIGH,328.5,326.1,-0.731,WRONG,2021-04-20,BACKFILL
2021-04-20,BTC,LONG,77.69,HIGH,56473.03,53906.09,-4.545,WRONG,2021-04-21,BACKFILL
2021-04-20,GLD,HELD,-3.21,MEDIUM,166.48,168.13,0.991,RIGHT,2021-04-21,BACKFILL
2021-04-20,QQQ,LONG,10.09,HIGH,326.1,328.9,0.859,RIGHT,2021-04-21,BACKFILL
2021-04-21,BTC,LONG,68.09,HIGH,53906.09,51762.27,-3.977,WRONG,2021-04-22,BACKFILL
2021-04-21,GLD,HELD,-2.19,MEDIUM,168.13,167.04,-0.648,WRONG,2021-04-22,BACKFILL
2021-04-21,QQQ,LONG,10.89,HIGH,328.9,324.93,-1.207,WRONG,2021-04-22,BACKFILL
2021-04-22,BTC,LONG,60.05,HIGH,51762.27,51093.65,-1.292,WRONG,2021-04-23,BACKFILL
2021-04-22,GLD,HELD,-2.76,MEDIUM,167.04,166.4,-0.383,WRONG,2021-04-23,BACKFILL
2021-04-22,QQQ,LONG,9.4,HIGH,324.93,329.02,1.259,RIGHT,2021-04-23,BACKFILL
2021-04-23,BTC,LONG,56.69,HIGH,51093.65,54021.75,5.731,RIGHT,2021-04-26,BACKFILL
2021-04-23,GLD,HELD,-3.07,MEDIUM,166.4,166.84,0.264,RIGHT,2021-04-26,BACKFILL
2021-04-23,QQQ,LONG,10.61,HIGH,329.02,331.16,0.65,RIGHT,2021-04-26,BACKFILL
2021-04-26,BTC,LONG,64.22,HIGH,54021.75,55033.12,1.872,RIGHT,2021-04-27,BACKFILL
2021-04-26,GLD,HELD,-2.76,MEDIUM,166.84,166.42,-0.252,WRONG,2021-04-27,BACKFILL
2021-04-26,QQQ,LONG,11.15,HIGH,331.16,329.73,-0.432,WRONG,2021-04-27,BACKFILL
2021-04-27,BTC,LONG,65.8,HIGH,55033.12,54824.7,-0.379,WRONG,2021-04-28,BACKFILL
2021-04-27,GLD,HELD,-2.95,MEDIUM,166.42,166.91,0.294,RIGHT,2021-04-28,BACKFILL
2021-04-27,QQQ,LONG,10.49,HIGH,329.73,328.61,-0.34,WRONG,2021-04-28,BACKFILL
2021-04-28,BTC,LONG,63.71,HIGH,54824.7,53555.11,-2.316,WRONG,2021-04-29,BACKFILL
2021-04-28,GLD,HELD,-2.62,MEDIUM,166.91,166.22,-0.413,WRONG,2021-04-29,BACKFILL
2021-04-28,QQQ,LONG,9.96,HIGH,328.61,329.8,0.362,RIGHT,2021-04-29,BACKFILL
2021-04-29,BTC,LONG,58.56,HIGH,53555.11,57750.18,7.833,RIGHT,2021-04-30,BACKFILL
2021-04-29,GLD,HELD,-2.99,MEDIUM,166.22,165.66,-0.337,WRONG,2021-04-30,BACKFILL
2021-04-29,QQQ,LONG,10.17,HIGH,329.8,327.64,-0.655,WRONG,2021-04-30,BACKFILL
2021-04-30,BTC,LONG,69.41,HIGH,57750.18,57200.29,-0.952,WRONG,2021-05-03,BACKFILL
2021-04-30,GLD,HELD,-3.28,MEDIUM,165.66,167.81,1.298,RIGHT,2021-05-03,BACKFILL
2021-04-30,QQQ,LONG,9.28,HIGH,327.64,325.89,-0.534,WRONG,2021-05-03,BACKFILL
2021-05-03,BTC,LONG,66.28,HIGH,57200.29,53333.54,-6.76,WRONG,2021-05-04,BACKFILL
2021-05-03,GLD,HELD,-2.0,LOW,167.81,166.58,-0.733,WRONG,2021-05-04,BACKFILL
2021-05-03,QQQ,LONG,8.54,HIGH,325.89,320.03,-1.798,WRONG,2021-05-04,BACKFILL
2021-05-04,BTC,LONG,53.77,HIGH,53333.54,57424.01,7.67,RIGHT,2021-05-05,BACKFILL
2021-05-04,GLD,HELD,-2.68,MEDIUM,166.58,167.27,0.414,RIGHT,2021-05-05,BACKFILL
2021-05-04,QQQ,LONG,6.47,HIGH,320.03,318.95,-0.337,WRONG,2021-05-05,BACKFILL
2021-05-05,BTC,LONG,64.09,HIGH,57424.01,56396.52,-1.789,WRONG,2021-05-06,BACKFILL
2021-05-05,GLD,HELD,-2.23,MEDIUM,167.27,170.06,1.668,RIGHT,2021-05-06,BACKFILL
2021-05-05,QQQ,LONG,5.99,HIGH,318.95,321.35,0.752,RIGHT,2021-05-06,BACKFILL
2021-05-06,BTC,LONG,59.77,HIGH,56396.52,57356.4,1.702,RIGHT,2021-05-07,BACKFILL
2021-05-06,GLD,HELD,-0.58,LOW,170.06,171.59,0.9,RIGHT,2021-05-07,BACKFILL
2021-05-06,QQQ,LONG,6.66,HIGH,321.35,323.96,0.812,RIGHT,2021-05-07,BACKFILL
2021-05-07,BTC,LONG,61.07,HIGH,57356.4,55859.8,-2.609,WRONG,2021-05-10,BACKFILL
2021-05-07,GLD,HELD,0.35,LOW,171.59,172.11,0.303,RIGHT,2021-05-10,BACKFILL
2021-05-07,QQQ,LONG,7.4,HIGH,323.96,315.78,-2.525,WRONG,2021-05-10,BACKFILL
2021-05-10,BTC,LONG,55.55,HIGH,55859.8,56704.57,1.512,RIGHT,2021-05-11,BACKFILL
2021-05-10,GLD,HELD,0.68,LOW,172.11,172.14,0.017,RIGHT,2021-05-11,BACKFILL
2021-05-10,QQQ,LONG,4.57,MEDIUM,315.78,315.34,-0.139,WRONG,2021-05-11,BACKFILL
2021-05-11,BTC,LONG,56.56,HIGH,56704.57,49150.54,-13.322,WRONG,2021-05-12,BACKFILL
2021-05-11,GLD,HELD,0.72,LOW,172.14,170.43,-0.993,WRONG,2021-05-12,BACKFILL
2021-05-11,QQQ,LONG,4.32,MEDIUM,315.34,307.18,-2.588,WRONG,2021-05-12,BACKFILL
2021-05-12,BTC,LONG,34.75,HIGH,49150.54,49716.19,1.151,RIGHT,2021-05-13,BACKFILL
2021-05-12,GLD,HELD,-0.25,LOW,170.43,171.13,0.411,RIGHT,2021-05-13,BACKFILL
2021-05-12,QQQ,LONG,1.53,LOW,307.18,309.56,0.775,RIGHT,2021-05-13,BACKFILL
2021-05-13,BTC,LONG,35.34,HIGH,49716.19,49880.54,0.331,RIGHT,2021-05-14,BACKFILL
2021-05-13,GLD,HELD,0.18,LOW,171.13,172.69,0.912,RIGHT,2021-05-14,BACKFILL
2021-05-13,QQQ,LONG,2.23,MEDIUM,309.56,316.39,2.206,RIGHT,2021-05-14,BACKFILL
2021-05-14,BTC,LONG,34.83,HIGH,49880.54,43537.51,-12.716,WRONG,2021-05-17,BACKFILL
2021-05-14,GLD,HELD,1.12,LOW,172.69,174.7,1.164,RIGHT,2021-05-17,BACKFILL
2021-05-14,QQQ,LONG,4.38,MEDIUM,316.39,314.47,-0.607,WRONG,2021-05-17,BACKFILL
2021-05-17,BTC,LONG,17.0,HIGH,43537.51,42909.4,-1.443,WRONG,2021-05-18,BACKFILL
2021-05-17,GLD,HELD,2.32,MEDIUM,174.7,175.04,0.195,RIGHT,2021-05-18,BACKFILL
2021-05-17,QQQ,LONG,3.66,MEDIUM,314.47,312.35,-0.674,WRONG,2021-05-18,BACKFILL
2021-05-18,BTC,LONG,14.67,HIGH,42909.4,37002.44,-13.766,WRONG,2021-05-19,BACKFILL
2021-05-18,GLD,HELD,2.54,MEDIUM,175.04,175.16,0.069,RIGHT,2021-05-19,BACKFILL
2021-05-18,QQQ,LONG,2.9,MEDIUM,312.35,312.71,0.115,RIGHT,2021-05-19,BACKFILL
2021-05-19,BTC,FLAT,-1.57,LOW,37002.44,40782.74,10.216,WRONG,2021-05-20,BACKFILL
2021-05-19,GLD,HELD,2.62,MEDIUM,175.16,175.96,0.457,RIGHT,2021-05-20,BACKFILL
2021-05-19,QQQ,LONG,2.96,MEDIUM,312.71,318.76,1.935,RIGHT,2021-05-20,BACKFILL
2021-05-20,BTC,LONG,7.93,HIGH,40782.74,37304.69,-8.528,WRONG,2021-05-21,BACKFILL
2021-05-20,GLD,HELD,3.1,MEDIUM,175.96,176.04,0.045,RIGHT,2021-05-21,BACKFILL
2021-05-20,QQQ,LONG,4.87,MEDIUM,318.76,316.99,-0.555,WRONG,2021-05-21,BACKFILL
2021-05-21,BTC,FLAT,-1.72,LOW,37304.69,38705.98,3.756,WRONG,2021-05-24,BACKFILL
2021-05-21,GLD,HELD,3.16,MEDIUM,176.04,176.35,0.176,RIGHT,2021-05-24,BACKFILL
2021-05-21,QQQ,LONG,4.2,MEDIUM,316.99,322.32,1.681,RIGHT,2021-05-24,BACKFILL
2021-05-24,BTC,LONG,1.48,LOW,38705.98,38402.22,-0.785,WRONG,2021-05-25,BACKFILL
2021-05-24,GLD,HELD,3.35,MEDIUM,176.35,177.95,0.907,RIGHT,2021-05-25,BACKFILL
2021-05-24,QQQ,LONG,5.85,HIGH,322.32,322.77,0.14,RIGHT,2021-05-25,BACKFILL
2021-05-25,BTC,LONG,0.22,LOW,38402.22,39294.2,2.323,RIGHT,2021-05-26,BACKFILL
2021-05-25,GLD,HELD,4.29,MEDIUM,177.95,177.64,-0.174,WRONG,2021-05-26,BACKFILL
2021-05-25,QQQ,LONG,5.89,HIGH,322.77,323.89,0.347,RIGHT,2021-05-26,BACKFILL
2021-05-26,BTC,LONG,2.06,MEDIUM,39294.2,38436.97,-2.182,WRONG,2021-05-27,BACKFILL
2021-05-26,GLD,HELD,4.11,MEDIUM,177.64,177.71,0.039,RIGHT,2021-05-27,BACKFILL
2021-05-26,QQQ,LONG,6.14,HIGH,323.89,322.68,-0.374,WRONG,2021-05-27,BACKFILL
2021-05-27,BTC,FLAT,-0.61,LOW,38436.97,35697.61,-7.127,RIGHT,2021-05-28,BACKFILL
2021-05-27,GLD,HELD,4.16,MEDIUM,177.71,178.38,0.377,RIGHT,2021-05-28,BACKFILL
2021-05-27,QQQ,LONG,5.63,HIGH,322.68,323.7,0.316,RIGHT,2021-05-28,BACKFILL
2021-05-28,BTC,FLAT,-8.05,HIGH,35697.61,36684.93,2.766,WRONG,2021-06-01,BACKFILL
2021-05-28,GLD,HELD,4.56,MEDIUM,178.38,177.9,-0.269,WRONG,2021-06-01,BACKFILL
2021-05-28,QQQ,LONG,5.85,HIGH,323.7,322.62,-0.334,WRONG,2021-06-01,BACKFILL
2021-06-01,BTC,FLAT,-5.89,HIGH,36684.93,37575.18,2.427,WRONG,2021-06-02,BACKFILL
2021-06-01,GLD,HELD,4.28,MEDIUM,177.9,178.77,0.489,RIGHT,2021-06-02,BACKFILL
2021-06-01,QQQ,LONG,5.39,HIGH,322.62,323.25,0.195,RIGHT,2021-06-02,BACKFILL
2021-06-02,BTC,FLAT,-4.01,MEDIUM,37575.18,39208.77,4.348,WRONG,2021-06-03,BACKFILL
2021-06-02,GLD,HELD,4.79,MEDIUM,178.77,175.27,-1.958,WRONG,2021-06-03,BACKFILL
2021-06-02,QQQ,LONG,5.48,HIGH,323.25,319.89,-1.039,WRONG,2021-06-03,BACKFILL
2021-06-03,BTC,FLAT,-0.27,LOW,39208.77,36894.41,-5.903,RIGHT,2021-06-04,BACKFILL
2021-06-03,GLD,HELD,2.75,MEDIUM,175.27,177.16,1.078,RIGHT,2021-06-04,BACKFILL
2021-06-03,QQQ,LONG,4.27,MEDIUM,319.89,325.32,1.697,RIGHT,2021-06-04,BACKFILL
2021-06-04,BTC,FLAT,-6.53,HIGH,36894.41,33560.71,-9.036,RIGHT,2021-06-07,BACKFILL
2021-06-04,GLD,HELD,3.86,MEDIUM,177.16,177.87,0.401,RIGHT,2021-06-07,BACKFILL
2021-06-04,QQQ,LONG,5.9,HIGH,325.32,326.29,0.298,RIGHT,2021-06-07,BACKFILL
2021-06-07,BTC,FLAT,-15.27,HIGH,33560.71,33472.63,-0.262,RIGHT,2021-06-08,BACKFILL
2021-06-07,GLD,HELD,4.26,MEDIUM,177.87,177.32,-0.309,WRONG,2021-06-08,BACKFILL
2021-06-07,QQQ,LONG,6.08,HIGH,326.29,326.44,0.046,RIGHT,2021-06-08,BACKFILL
2021-06-08,BTC,FLAT,-15.77,HIGH,33472.63,37345.12,11.569,WRONG,2021-06-09,BACKFILL
2021-06-08,GLD,HELD,3.93,MEDIUM,177.32,176.98,-0.192,WRONG,2021-06-09,BACKFILL
2021-06-08,QQQ,LONG,5.98,HIGH,326.44,326.52,0.025,RIGHT,2021-06-09,BACKFILL
2021-06-09,BTC,FLAT,-6.4,HIGH,37345.12,36702.6,-1.72,RIGHT,2021-06-10,BACKFILL
2021-06-09,GLD,HELD,3.74,MEDIUM,176.98,177.74,0.429,RIGHT,2021-06-10,BACKFILL
2021-06-09,QQQ,LONG,5.85,HIGH,326.52,329.92,1.041,RIGHT,2021-06-10,BACKFILL
2021-06-10,BTC,FLAT,-8.36,HIGH,36702.6,37334.4,1.721,WRONG,2021-06-11,BACKFILL
2021-06-10,GLD,HELD,4.19,MEDIUM,177.74,175.74,-1.125,WRONG,2021-06-11,BACKFILL
2021-06-10,QQQ,LONG,6.8,HIGH,329.92,330.79,0.264,RIGHT,2021-06-11,BACKFILL
2021-06-11,BTC,FLAT,-7.14,HIGH,37334.4,40218.48,7.725,WRONG,2021-06-14,BACKFILL
2021-06-11,GLD,HELD,3.03,MEDIUM,175.74,174.71,-0.586,WRONG,2021-06-14,BACKFILL
2021-06-11,QQQ,LONG,6.96,HIGH,330.79,333.96,0.958,RIGHT,2021-06-14,BACKFILL
2021-06-14,BTC,FLAT,-0.38,LOW,40218.48,40406.27,0.467,WRONG,2021-06-15,BACKFILL
2021-06-14,GLD,HELD,2.46,MEDIUM,174.71,174.05,-0.378,WRONG,2021-06-15,BACKFILL
2021-06-14,QQQ,LONG,7.87,HIGH,333.96,331.77,-0.656,WRONG,2021-06-15,BACKFILL
2021-06-15,BTC,FLAT,-0.32,LOW,40406.27,38347.06,-5.096,RIGHT,2021-06-16,BACKFILL
2021-06-15,GLD,HELD,2.11,MEDIUM,174.05,171.11,-1.689,WRONG,2021-06-16,BACKFILL
2021-06-15,QQQ,LONG,7.06,HIGH,331.77,330.56,-0.365,WRONG,2021-06-16,BACKFILL
2021-06-16,BTC,FLAT,-5.76,HIGH,38347.06,38053.5,-0.766,RIGHT,2021-06-17,BACKFILL
2021-06-16,GLD,HELD,0.4,LOW,171.11,165.85,-3.074,WRONG,2021-06-17,BACKFILL
2021-06-16,QQQ,LONG,6.55,HIGH,330.56,334.76,1.271,RIGHT,2021-06-17,BACKFILL
2021-06-17,BTC,FLAT,-6.82,HIGH,38053.5,35787.25,-5.955,RIGHT,2021-06-18,BACKFILL
2021-06-17,GLD,HELD,-2.65,MEDIUM,165.85,164.93,-0.555,WRONG,2021-06-18,BACKFILL
2021-06-17,QQQ,LONG,7.76,HIGH,334.76,332.13,-0.786,WRONG,2021-06-18,BACKFILL
2021-06-18,BTC,FLAT,-12.66,HIGH,35787.25,31676.69,-11.486,RIGHT,2021-06-21,BACKFILL
2021-06-18,GLD,HELD,-3.15,MEDIUM,164.93,166.95,1.225,RIGHT,2021-06-21,BACKFILL
2021-06-18,QQQ,LONG,6.79,HIGH,332.13,334.2,0.623,RIGHT,2021-06-21,BACKFILL
2021-06-21,BTC,FLAT,-22.89,HIGH,31676.69,32505.66,2.617,WRONG,2021-06-22,BACKFILL
2021-06-21,GLD,HELD,-1.93,LOW,166.95,166.25,-0.419,WRONG,2021-06-22,BACKFILL
2021-06-21,QQQ,LONG,7.33,HIGH,334.2,337.31,0.931,RIGHT,2021-06-22,BACKFILL
2021-06-22,BTC,FLAT,-21.07,HIGH,32505.66,33723.03,3.745,WRONG,2021-06-23,BACKFILL
2021-06-22,GLD,HELD,-2.3,MEDIUM,166.25,166.14,-0.066,WRONG,2021-06-23,BACKFILL
2021-06-22,QQQ,LONG,8.2,HIGH,337.31,337.48,0.05,RIGHT,2021-06-23,BACKFILL
2021-06-23,BTC,FLAT,-18.34,HIGH,33723.03,34662.44,2.786,WRONG,2021-06-24,BACKFILL
2021-06-23,GLD,HELD,-2.32,MEDIUM,166.14,166.04,-0.06,WRONG,2021-06-24,BACKFILL
2021-06-23,QQQ,LONG,8.13,HIGH,337.48,339.56,0.616,RIGHT,2021-06-24,BACKFILL
2021-06-24,BTC,FLAT,-16.3,HIGH,34662.44,31637.78,-8.726,RIGHT,2021-06-25,BACKFILL
2021-06-24,GLD,HELD,-2.34,MEDIUM,166.04,166.59,0.331,RIGHT,2021-06-25,BACKFILL
2021-06-24,QQQ,LONG,8.66,HIGH,339.56,339.15,-0.121,WRONG,2021-06-25,BACKFILL
2021-06-25,BTC,FLAT,-23.77,HIGH,31637.78,34434.34,8.839,WRONG,2021-06-28,BACKFILL
2021-06-25,GLD,HELD,-1.98,LOW,166.59,166.58,-0.006,WRONG,2021-06-28,BACKFILL
2021-06-25,QQQ,LONG,8.4,HIGH,339.15,343.27,1.215,RIGHT,2021-06-28,BACKFILL
2021-06-28,BTC,FLAT,-17.26,HIGH,34434.34,35867.78,4.163,WRONG,2021-06-29,BACKFILL
2021-06-28,GLD,HELD,-1.96,LOW,166.58,164.83,-1.051,WRONG,2021-06-29,BACKFILL
2021-06-28,QQQ,LONG,9.57,HIGH,343.27,344.51,0.361,RIGHT,2021-06-29,BACKFILL
2021-06-29,BTC,FLAT,-14.05,HIGH,35867.78,35040.84,-2.306,RIGHT,2021-06-30,BACKFILL
2021-06-29,GLD,HELD,-2.95,MEDIUM,164.83,165.63,0.485,RIGHT,2021-06-30,BACKFILL
2021-06-29,QQQ,LONG,9.82,HIGH,344.51,343.97,-0.157,WRONG,2021-06-30,BACKFILL
2021-06-30,BTC,FLAT,-16.25,HIGH,35040.84,33572.12,-4.191,RIGHT,2021-07-01,BACKFILL
2021-06-30,GLD,HELD,-2.45,MEDIUM,165.63,166.2,0.344,RIGHT,2021-07-01,BACKFILL
2021-06-30,QQQ,LONG,9.5,HIGH,343.97,344.11,0.041,RIGHT,2021-07-01,BACKFILL
2021-07-01,BTC,FLAT,-19.95,HIGH,33572.12,33897.05,0.968,WRONG,2021-07-02,BACKFILL
2021-07-01,GLD,HELD,-2.1,MEDIUM,166.2,167.29,0.656,RIGHT,2021-07-02,BACKFILL
2021-07-01,QQQ,LONG,9.41,HIGH,344.11,348.06,1.148,RIGHT,2021-07-02,BACKFILL
2021-07-02,BTC,FLAT,-19.37,HIGH,33897.05,34235.2,0.998,WRONG,2021-07-06,BACKFILL
2021-07-02,GLD,HELD,-1.45,LOW,167.29,168.12,0.496,RIGHT,2021-07-06,BACKFILL
2021-07-02,QQQ,LONG,10.52,HIGH,348.06,349.56,0.431,RIGHT,2021-07-06,BACKFILL
2021-07-06,BTC,FLAT,-18.78,HIGH,34235.2,33855.33,-1.11,RIGHT,2021-07-07,BACKFILL
2021-07-06,GLD,HELD,-0.96,LOW,168.12,168.76,0.381,RIGHT,2021-07-07,BACKFILL
2021-07-06,QQQ,LONG,10.85,HIGH,349.56,350.3,0.212,RIGHT,2021-07-07,BACKFILL
2021-07-07,BTC,FLAT,-19.87,HIGH,33855.33,32877.37,-2.889,RIGHT,2021-07-08,BACKFILL
2021-07-07,GLD,HELD,-0.59,LOW,168.76,168.65,-0.065,WRONG,2021-07-08,BACKFILL
2021-07-07,QQQ,LONG,10.94,HIGH,350.3,348.18,-0.605,WRONG,2021-07-08,BACKFILL
2021-07-08,BTC,FLAT,-22.35,HIGH,32877.37,33798.01,2.8,WRONG,2021-07-09,BACKFILL
2021-07-08,GLD,HELD,-0.65,LOW,168.65,169.21,0.332,RIGHT,2021-07-09,BACKFILL
2021-07-08,QQQ,LONG,10.14,HIGH,348.18,350.36,0.626,RIGHT,2021-07-09,BACKFILL
2021-07-09,BTC,FLAT,-20.36,HIGH,33798.01,33155.85,-1.9,RIGHT,2021-07-12,BACKFILL
2021-07-09,GLD,HELD,-0.31,LOW,169.21,169.0,-0.124,WRONG,2021-07-12,BACKFILL
2021-07-09,QQQ,LONG,10.7,HIGH,350.36,351.72,0.388,RIGHT,2021-07-12,BACKFILL
2021-07-12,BTC,FLAT,-22.04,HIGH,33155.85,32702.03,-1.369,RIGHT,2021-07-13,BACKFILL
2021-07-12,GLD,HELD,-0.42,LOW,169.0,169.22,0.13,RIGHT,2021-07-13,BACKFILL
2021-07-12,QQQ,LONG,11.0,HIGH,351.72,351.72,0.0,WRONG,2021-07-13,BACKFILL
2021-07-13,BTC,FLAT,-23.28,HIGH,32702.03,32822.35,0.368,WRONG,2021-07-14,BACKFILL
2021-07-13,GLD,HELD,-0.28,LOW,169.22,171.04,1.076,RIGHT,2021-07-14,BACKFILL
2021-07-13,QQQ,LONG,10.86,HIGH,351.72,352.36,0.182,RIGHT,2021-07-14,BACKFILL
2021-07-14,BTC,FLAT,-23.16,HIGH,32822.35,31780.73,-3.174,RIGHT,2021-07-15,BACKFILL
2021-07-14,GLD,HELD,0.81,LOW,171.04,171.07,0.018,RIGHT,2021-07-15,BACKFILL
2021-07-14,QQQ,LONG,10.94,HIGH,352.36,349.88,-0.704,WRONG,2021-07-15,BACKFILL
2021-07-15,BTC,FLAT,-25.75,HIGH,31780.73,31421.54,-1.13,RIGHT,2021-07-16,BACKFILL
2021-07-15,GLD,HELD,0.84,LOW,171.07,169.41,-0.97,WRONG,2021-07-16,BACKFILL
2021-07-15,QQQ,LONG,10.04,HIGH,349.88,347.05,-0.809,WRONG,2021-07-16,BACKFILL
2021-07-16,BTC,FLAT,-26.74,HIGH,31421.54,30817.83,-1.921,RIGHT,2021-07-19,BACKFILL
2021-07-16,GLD,HELD,-0.12,LOW,169.41,169.61,0.118,RIGHT,2021-07-19,BACKFILL
2021-07-16,QQQ,LONG,9.02,HIGH,347.05,344.2,-0.821,WRONG,2021-07-19,BACKFILL
2021-07-19,BTC,FLAT,-28.29,HIGH,30817.83,29807.35,-3.279,RIGHT,2021-07-20,BACKFILL
2021-07-19,GLD,HELD,0.0,LOW,169.61,169.39,-0.13,WRONG,2021-07-20,BACKFILL
2021-07-19,QQQ,LONG,8.01,HIGH,344.2,348.2,1.162,RIGHT,2021-07-20,BACKFILL
2021-07-20,BTC,FLAT,-30.76,HIGH,29807.35,32110.69,7.727,WRONG,2021-07-21,BACKFILL
2021-07-20,GLD,HELD,-0.11,LOW,169.39,168.76,-0.372,WRONG,2021-07-21,BACKFILL
2021-07-20,QQQ,LONG,9.13,HIGH,348.2,350.89,0.773,RIGHT,2021-07-21,BACKFILL
2021-07-21,BTC,FLAT,-25.56,HIGH,32110.69,32313.11,0.63,WRONG,2021-07-22,BACKFILL
2021-07-21,GLD,HELD,-0.47,LOW,168.76,169.09,0.196,RIGHT,2021-07-22,BACKFILL
2021-07-21,QQQ,LONG,9.84,HIGH,350.89,353.21,0.661,RIGHT,2021-07-22,BACKFILL
2021-07-22,BTC,FLAT,-25.24,HIGH,32313.11,33581.55,3.925,WRONG,2021-07-23,BACKFILL
2021-07-22,GLD,HELD,-0.26,LOW,169.09,168.56,-0.313,WRONG,2021-07-23,BACKFILL
2021-07-22,QQQ,LONG,10.44,HIGH,353.21,357.33,1.166,RIGHT,2021-07-23,BACKFILL
2021-07-23,BTC,FLAT,-22.45,HIGH,33581.55,37337.54,11.185,WRONG,2021-07-26,BACKFILL
2021-07-23,GLD,HELD,-0.55,LOW,168.56,168.16,-0.237,WRONG,2021-07-26,BACKFILL
2021-07-23,QQQ,LONG,11.59,HIGH,357.33,357.62,0.081,RIGHT,2021-07-26,BACKFILL
2021-07-26,BTC,FLAT,-13.97,HIGH,37337.54,39406.94,5.542,WRONG,2021-07-27,BACKFILL
2021-07-26,GLD,HELD,-0.75,LOW,168.16,168.44,0.167,RIGHT,2021-07-27,BACKFILL
2021-07-26,QQQ,LONG,11.55,HIGH,357.62,353.68,-1.102,WRONG,2021-07-27,BACKFILL
2021-07-27,BTC,FLAT,-9.43,HIGH,39406.94,39995.91,1.495,WRONG,2021-07-28,BACKFILL
2021-07-27,GLD,HELD,-0.56,LOW,168.44,169.29,0.505,RIGHT,2021-07-28,BACKFILL
2021-07-27,QQQ,LONG,10.2,HIGH,353.68,355.03,0.382,RIGHT,2021-07-28,BACKFILL
2021-07-28,BTC,FLAT,-8.32,HIGH,39995.91,40008.42,0.031,WRONG,2021-07-29,BACKFILL
2021-07-28,GLD,HELD,-0.03,LOW,169.29,171.17,1.111,RIGHT,2021-07-29,BACKFILL
2021-07-28,QQQ,LONG,10.49,HIGH,355.03,355.66,0.177,RIGHT,2021-07-29,BACKFILL
2021-07-29,BTC,FLAT,-8.52,HIGH,40008.42,42235.55,5.567,WRONG,2021-07-30,BACKFILL
2021-07-29,GLD,HELD,1.1,LOW,171.17,169.82,-0.789,WRONG,2021-07-30,BACKFILL
2021-07-29,QQQ,LONG,10.56,HIGH,355.66,353.81,-0.52,WRONG,2021-07-30,BACKFILL
2021-07-30,BTC,FLAT,-3.7,MEDIUM,42235.55,39201.95,-7.183,RIGHT,2021-08-02,BACKFILL
2021-07-30,GLD,HELD,0.32,LOW,169.82,169.61,-0.124,WRONG,2021-08-02,BACKFILL
2021-07-30,QQQ,LONG,9.86,HIGH,353.81,353.84,0.008,RIGHT,2021-08-02,BACKFILL
2021-08-02,BTC,FLAT,-10.83,HIGH,39201.95,38152.98,-2.676,RIGHT,2021-08-03,BACKFILL
2021-08-02,GLD,HELD,0.22,LOW,169.61,169.49,-0.071,WRONG,2021-08-03,BACKFILL
2021-08-02,QQQ,LONG,9.74,HIGH,353.84,355.99,0.608,RIGHT,2021-08-03,BACKFILL
2021-08-03,BTC,FLAT,-13.36,HIGH,38152.98,39747.5,4.179,WRONG,2021-08-04,BACKFILL
2021-08-03,GLD,HELD,0.18,LOW,169.49,169.53,0.024,RIGHT,2021-08-04,BACKFILL
2021-08-03,QQQ,LONG,10.29,HIGH,355.99,356.5,0.143,RIGHT,2021-08-04,BACKFILL
2021-08-04,BTC,FLAT,-9.91,HIGH,39747.5,40869.55,2.823,WRONG,2021-08-05,BACKFILL
2021-08-04,GLD,HELD,0.23,LOW,169.53,168.86,-0.395,WRONG,2021-08-05,BACKFILL
2021-08-04,QQQ,LONG,10.32,HIGH,356.5,358.76,0.634,RIGHT,2021-08-05,BACKFILL
2021-08-05,BTC,FLAT,-7.54,HIGH,40869.55,42816.5,4.764,WRONG,2021-08-06,BACKFILL
2021-08-05,GLD,HELD,-0.13,LOW,168.86,164.64,-2.499,WRONG,2021-08-06,BACKFILL
2021-08-05,QQQ,LONG,10.9,HIGH,358.76,357.19,-0.438,WRONG,2021-08-06,BACKFILL
2021-08-06,BTC,FLAT,-3.33,MEDIUM,42816.5,46365.4,8.289,WRONG,2021-08-09,BACKFILL
2021-08-06,GLD,HELD,-2.58,MEDIUM,164.64,161.72,-1.774,WRONG,2021-08-09,BACKFILL
2021-08-06,QQQ,LONG,10.29,HIGH,357.19,357.85,0.185,RIGHT,2021-08-09,BACKFILL
2021-08-09,BTC,LONG,4.45,MEDIUM,46365.4,45585.03,-1.683,WRONG,2021-08-10,BACKFILL
2021-08-09,GLD,HELD,-4.23,MEDIUM,161.72,161.77,0.031,RIGHT,2021-08-10,BACKFILL
2021-08-09,QQQ,LONG,10.36,HIGH,357.85,356.01,-0.514,WRONG,2021-08-10,BACKFILL
2021-08-10,BTC,LONG,2.52,MEDIUM,45585.03,45593.64,0.019,RIGHT,2021-08-11,BACKFILL
2021-08-10,GLD,HELD,-4.12,MEDIUM,161.77,164.0,1.379,RIGHT,2021-08-11,BACKFILL
2021-08-10,QQQ,LONG,9.67,HIGH,356.01,355.4,-0.171,WRONG,2021-08-11,BACKFILL
2021-08-11,BTC,LONG,2.4,MEDIUM,45593.64,44428.29,-2.556,WRONG,2021-08-12,BACKFILL
2021-08-11,GLD,HELD,-2.73,MEDIUM,164.0,164.04,0.024,RIGHT,2021-08-12,BACKFILL
2021-08-11,QQQ,LONG,9.35,HIGH,355.4,356.68,0.36,RIGHT,2021-08-12,BACKFILL
2021-08-12,BTC,FLAT,-0.29,LOW,44428.29,47793.32,7.574,WRONG,2021-08-13,BACKFILL
2021-08-12,GLD,HELD,-2.65,MEDIUM,164.04,166.39,1.433,RIGHT,2021-08-13,BACKFILL
2021-08-12,QQQ,LONG,9.63,HIGH,356.68,357.94,0.353,RIGHT,2021-08-13,BACKFILL
2021-08-13,BTC,LONG,7.15,HIGH,47793.32,46004.48,-3.743,WRONG,2021-08-16,BACKFILL
2021-08-13,GLD,HELD,-1.23,LOW,166.39,167.22,0.499,RIGHT,2021-08-16,BACKFILL
2021-08-13,QQQ,LONG,9.91,HIGH,357.94,358.09,0.042,RIGHT,2021-08-16,BACKFILL
2021-08-16,BTC,LONG,2.98,MEDIUM,46004.48,44695.36,-2.846,WRONG,2021-08-17,BACKFILL
2021-08-16,GLD,HELD,-0.71,LOW,167.22,166.97,-0.15,WRONG,2021-08-17,BACKFILL
2021-08-16,QQQ,LONG,9.83,HIGH,358.09,354.94,-0.88,WRONG,2021-08-17,BACKFILL
2021-08-17,BTC,FLAT,-0.11,LOW,44695.36,44801.19,0.237,WRONG,2021-08-18,BACKFILL
2021-08-17,GLD,HELD,-0.83,LOW,166.97,167.1,0.078,RIGHT,2021-08-18,BACKFILL
2021-08-17,QQQ,LONG,8.75,HIGH,354.94,351.52,-0.964,WRONG,2021-08-18,BACKFILL
2021-08-18,BTC,LONG,0.01,LOW,44801.19,46717.58,4.278,RIGHT,2021-08-19,BACKFILL
2021-08-18,GLD,HELD,-0.73,LOW,167.1,166.61,-0.293,WRONG,2021-08-19,BACKFILL
2021-08-18,QQQ,LONG,7.61,HIGH,351.52,353.22,0.484,RIGHT,2021-08-19,BACKFILL
2021-08-19,BTC,LONG,4.17,MEDIUM,46717.58,49339.18,5.612,RIGHT,2021-08-20,BACKFILL
2021-08-19,GLD,HELD,-1.0,LOW,166.61,166.7,0.054,RIGHT,2021-08-20,BACKFILL
2021-08-19,QQQ,LONG,8.02,HIGH,353.22,356.88,1.036,RIGHT,2021-08-20,BACKFILL
2021-08-20,BTC,LONG,9.82,HIGH,49339.18,49546.15,0.419,RIGHT,2021-08-23,BACKFILL
2021-08-20,GLD,HELD,-0.93,LOW,166.7,168.73,1.218,RIGHT,2021-08-23,BACKFILL
2021-08-20,QQQ,LONG,9.02,HIGH,356.88,362.22,1.496,RIGHT,2021-08-23,BACKFILL
2021-08-23,BTC,LONG,10.06,HIGH,49546.15,47706.12,-3.714,WRONG,2021-08-24,BACKFILL
2021-08-23,GLD,HELD,0.3,LOW,168.73,168.65,-0.047,WRONG,2021-08-24,BACKFILL
2021-08-23,QQQ,LONG,10.52,HIGH,362.22,363.32,0.304,RIGHT,2021-08-24,BACKFILL
2021-08-24,BTC,LONG,5.78,HIGH,47706.12,48960.79,2.63,RIGHT,2021-08-25,BACKFILL
2021-08-24,GLD,HELD,0.28,LOW,168.65,167.48,-0.694,WRONG,2021-08-25,BACKFILL
2021-08-24,QQQ,LONG,10.74,HIGH,363.32,363.74,0.116,RIGHT,2021-08-25,BACKFILL
2021-08-25,BTC,LONG,8.27,HIGH,48960.79,46942.22,-4.123,WRONG,2021-08-26,BACKFILL
2021-08-25,GLD,HELD,-0.39,LOW,167.48,167.67,0.113,RIGHT,2021-08-26,BACKFILL
2021-08-25,QQQ,LONG,10.76,HIGH,363.74,361.43,-0.635,WRONG,2021-08-26,BACKFILL
2021-08-26,BTC,LONG,3.59,MEDIUM,46942.22,49058.67,4.509,RIGHT,2021-08-27,BACKFILL
2021-08-26,GLD,HELD,-0.25,LOW,167.67,170.19,1.503,RIGHT,2021-08-27,BACKFILL
2021-08-26,QQQ,LONG,9.96,HIGH,361.43,364.94,0.971,RIGHT,2021-08-27,BACKFILL
2021-08-27,BTC,LONG,8.0,HIGH,49058.67,47054.98,-4.084,WRONG,2021-08-30,BACKFILL
2021-08-27,GLD,HELD,1.26,LOW,170.19,169.35,-0.494,WRONG,2021-08-30,BACKFILL
2021-08-27,QQQ,LONG,10.92,HIGH,364.94,369.04,1.123,RIGHT,2021-08-30,BACKFILL
2021-08-30,BTC,LONG,3.37,MEDIUM,47054.98,47166.69,0.237,RIGHT,2021-08-31,BACKFILL
2021-08-30,GLD,HELD,0.78,LOW,169.35,169.69,0.201,RIGHT,2021-08-31,BACKFILL
2021-08-30,QQQ,LONG,12.05,HIGH,369.04,368.74,-0.081,WRONG,2021-08-31,BACKFILL
2021-08-31,BTC,LONG,3.36,MEDIUM,47166.69,48847.03,3.563,RIGHT,2021-09-01,BACKFILL
2021-08-31,GLD,HELD,0.99,LOW,169.69,169.7,0.006,RIGHT,2021-09-01,BACKFILL
2021-08-31,QQQ,LONG,11.82,HIGH,368.74,369.35,0.165,RIGHT,2021-09-01,BACKFILL
2021-09-01,BTC,LONG,6.8,HIGH,48847.03,49327.72,0.984,RIGHT,2021-09-02,BACKFILL
2021-09-01,GLD,HELD,1.01,LOW,169.7,169.25,-0.265,WRONG,2021-09-02,BACKFILL
2021-09-01,QQQ,LONG,11.88,HIGH,369.35,369.17,-0.049,WRONG,2021-09-02,BACKFILL
2021-09-02,BTC,LONG,7.62,HIGH,49327.72,50025.38,1.414,RIGHT,2021-09-03,BACKFILL
2021-09-02,GLD,HELD,0.76,LOW,169.25,171.06,1.069,RIGHT,2021-09-03,BACKFILL
2021-09-02,QQQ,LONG,11.68,HIGH,369.17,370.31,0.309,RIGHT,2021-09-03,BACKFILL
2021-09-03,BTC,LONG,8.88,HIGH,50025.38,46811.13,-6.425,WRONG,2021-09-07,BACKFILL
2021-09-03,GLD,HELD,1.85,LOW,171.06,167.71,-1.958,WRONG,2021-09-07,BACKFILL
2021-09-03,QQQ,LONG,11.89,HIGH,370.31,370.83,0.14,RIGHT,2021-09-07,BACKFILL
2021-09-07,BTC,LONG,1.72,LOW,46811.13,46091.39,-1.538,WRONG,2021-09-08,BACKFILL
2021-09-07,GLD,HELD,-0.13,LOW,167.71,167.29,-0.25,WRONG,2021-09-08,BACKFILL
2021-09-07,QQQ,LONG,11.93,HIGH,370.83,369.54,-0.348,WRONG,2021-09-08,BACKFILL
2021-09-08,BTC,LONG,0.03,LOW,46091.39,46391.42,0.651,RIGHT,2021-09-09,BACKFILL
2021-09-08,GLD,HELD,-0.36,LOW,167.29,168.03,0.442,RIGHT,2021-09-09,BACKFILL
2021-09-08,QQQ,LONG,11.42,HIGH,369.54,368.27,-0.344,WRONG,2021-09-09,BACKFILL
2021-09-09,BTC,LONG,0.54,LOW,46391.42,44883.91,-3.25,WRONG,2021-09-10,BACKFILL
2021-09-09,GLD,HELD,0.08,LOW,168.03,167.18,-0.506,WRONG,2021-09-10,BACKFILL
2021-09-09,QQQ,LONG,10.93,HIGH,368.27,365.48,-0.758,WRONG,2021-09-10,BACKFILL
2021-09-10,BTC,FLAT,-2.82,MEDIUM,44883.91,44963.07,0.176,WRONG,2021-09-13,BACKFILL
2021-09-10,GLD,HELD,-0.42,LOW,167.18,167.74,0.335,RIGHT,2021-09-13,BACKFILL
2021-09-10,QQQ,LONG,9.99,HIGH,365.48,365.22,-0.071,WRONG,2021-09-13,BACKFILL
2021-09-13,BTC,FLAT,-2.63,MEDIUM,44963.07,47092.49,4.736,WRONG,2021-09-14,BACKFILL
2021-09-13,GLD,HELD,-0.07,LOW,167.74,168.82,0.644,RIGHT,2021-09-14,BACKFILL
2021-09-13,QQQ,LONG,9.82,HIGH,365.22,364.19,-0.282,WRONG,2021-09-14,BACKFILL
2021-09-14,BTC,LONG,1.97,LOW,47092.49,48176.35,2.302,RIGHT,2021-09-15,BACKFILL
2021-09-14,GLD,HELD,0.59,LOW,168.82,167.83,-0.586,WRONG,2021-09-15,BACKFILL
2021-09-14,QQQ,LONG,9.42,HIGH,364.19,366.89,0.741,RIGHT,2021-09-15,BACKFILL
2021-09-15,BTC,LONG,4.27,MEDIUM,48176.35,47783.36,-0.816,WRONG,2021-09-16,BACKFILL
2021-09-15,GLD,HELD,0.02,LOW,167.83,164.03,-2.264,WRONG,2021-09-16,BACKFILL
2021-09-15,QQQ,LONG,10.13,HIGH,366.89,367.15,0.071,RIGHT,2021-09-16,BACKFILL
2021-09-16,BTC,LONG,3.42,MEDIUM,47783.36,47267.52,-1.08,WRONG,2021-09-17,BACKFILL
2021-09-16,GLD,HELD,-2.22,MEDIUM,164.03,163.77,-0.159,WRONG,2021-09-17,BACKFILL
2021-09-16,QQQ,LONG,10.11,HIGH,367.15,362.8,-1.185,WRONG,2021-09-17,BACKFILL
2021-09-17,BTC,LONG,2.31,MEDIUM,47267.52,42843.8,-9.359,WRONG,2021-09-20,BACKFILL
2021-09-17,GLD,HELD,-2.35,MEDIUM,163.77,164.94,0.714,RIGHT,2021-09-20,BACKFILL
2021-09-17,QQQ,LONG,8.73,HIGH,362.8,355.3,-2.067,WRONG,2021-09-20,BACKFILL
2021-09-20,BTC,FLAT,-7.18,HIGH,42843.8,40693.68,-5.019,RIGHT,2021-09-21,BACKFILL
2021-09-20,GLD,HELD,-1.64,LOW,164.94,166.04,0.667,RIGHT,2021-09-21,BACKFILL
2021-09-20,QQQ,LONG,6.41,HIGH,355.3,355.74,0.124,RIGHT,2021-09-21,BACKFILL
2021-09-21,BTC,FLAT,-11.7,HIGH,40693.68,43574.51,7.079,WRONG,2021-09-22,BACKFILL
2021-09-21,GLD,HELD,-0.98,LOW,166.04,165.42,-0.373,WRONG,2021-09-22,BACKFILL
2021-09-21,QQQ,LONG,6.48,HIGH,355.74,359.06,0.933,RIGHT,2021-09-22,BACKFILL
2021-09-22,BTC,FLAT,-5.33,HIGH,43574.51,44895.1,3.031,WRONG,2021-09-23,BACKFILL
2021-09-22,GLD,HELD,-1.35,LOW,165.42,163.51,-1.155,WRONG,2021-09-23,BACKFILL
2021-09-22,QQQ,LONG,7.39,HIGH,359.06,362.37,0.922,RIGHT,2021-09-23,BACKFILL
2021-09-23,BTC,FLAT,-2.31,MEDIUM,44895.1,42839.75,-4.578,RIGHT,2021-09-24,BACKFILL
2021-09-23,GLD,HELD,-2.47,MEDIUM,163.51,163.3,-0.128,WRONG,2021-09-24,BACKFILL
2021-09-23,QQQ,LONG,8.29,HIGH,362.37,362.71,0.094,RIGHT,2021-09-24,BACKFILL
2021-09-24,BTC,FLAT,-6.63,HIGH,42839.75,42235.73,-1.41,RIGHT,2021-09-27,BACKFILL
2021-09-24,GLD,HELD,-2.57,MEDIUM,163.3,163.64,0.208,RIGHT,2021-09-27,BACKFILL
2021-09-24,QQQ,LONG,8.28,HIGH,362.71,359.82,-0.797,WRONG,2021-09-27,BACKFILL
2021-09-27,BTC,FLAT,-7.85,HIGH,42235.73,41034.54,-2.844,RIGHT,2021-09-28,BACKFILL
2021-09-27,GLD,HELD,-2.35,MEDIUM,163.64,162.05,-0.972,WRONG,2021-09-28,BACKFILL
2021-09-27,QQQ,LONG,7.32,HIGH,359.82,349.64,-2.829,WRONG,2021-09-28,BACKFILL
2021-09-28,BTC,FLAT,-10.36,HIGH,41034.54,41564.36,1.291,WRONG,2021-09-29,BACKFILL
2021-09-28,GLD,HELD,-3.27,MEDIUM,162.05,161.32,-0.45,WRONG,2021-09-29,BACKFILL
2021-09-28,QQQ,LONG,4.21,MEDIUM,349.64,349.06,-0.166,WRONG,2021-09-29,BACKFILL
2021-09-29,BTC,FLAT,-9.13,HIGH,41564.36,43790.89,5.357,WRONG,2021-09-30,BACKFILL
2021-09-29,GLD,HELD,-3.69,MEDIUM,161.32,164.22,1.798,RIGHT,2021-09-30,BACKFILL
2021-09-29,QQQ,LONG,3.94,MEDIUM,349.06,347.78,-0.367,WRONG,2021-09-30,BACKFILL
2021-09-30,BTC,FLAT,-4.23,MEDIUM,43790.89,48116.94,9.879,WRONG,2021-10-01,BACKFILL
2021-09-30,GLD,HELD,-1.97,LOW,164.22,164.59,0.225,RIGHT,2021-10-01,BACKFILL
2021-09-30,QQQ,LONG,3.47,MEDIUM,347.78,349.94,0.621,RIGHT,2021-10-01,BACKFILL
2021-10-01,BTC,LONG,5.26,HIGH,48116.94,49112.9,2.07,RIGHT,2021-10-04,BACKFILL
2021-10-01,GLD,HELD,-1.76,LOW,164.59,165.36,0.468,RIGHT,2021-10-04,BACKFILL
2021-10-01,QQQ,LONG,4.03,MEDIUM,349.94,342.59,-2.1,WRONG,2021-10-04,BACKFILL
2021-10-04,BTC,LONG,7.42,HIGH,49112.9,51514.81,4.891,RIGHT,2021-10-05,BACKFILL
2021-10-04,GLD,HELD,-1.31,LOW,165.36,164.59,-0.466,WRONG,2021-10-05,BACKFILL
2021-10-04,QQQ,LONG,1.78,LOW,342.59,347.22,1.351,RIGHT,2021-10-05,BACKFILL
2021-10-05,BTC,LONG,12.66,HIGH,51514.81,55361.45,7.467,RIGHT,2021-10-06,BACKFILL
2021-10-05,GLD,HELD,-1.78,LOW,164.59,165.03,0.267,RIGHT,2021-10-06,BACKFILL
2021-10-05,QQQ,LONG,3.06,MEDIUM,347.22,349.44,0.639,RIGHT,2021-10-06,BACKFILL
2021-10-06,BTC,LONG,20.95,HIGH,55361.45,53805.98,-2.81,WRONG,2021-10-07,BACKFILL
2021-10-06,GLD,HELD,-1.55,LOW,165.03,164.16,-0.527,WRONG,2021-10-07,BACKFILL
2021-10-06,QQQ,LONG,3.6,MEDIUM,349.44,352.65,0.919,RIGHT,2021-10-07,BACKFILL
2021-10-07,BTC,LONG,17.47,HIGH,53805.98,53967.85,0.301,RIGHT,2021-10-08,BACKFILL
2021-10-07,GLD,HELD,-2.08,MEDIUM,164.16,164.23,0.043,RIGHT,2021-10-08,BACKFILL
2021-10-07,QQQ,LONG,4.44,MEDIUM,352.65,350.89,-0.499,WRONG,2021-10-08,BACKFILL
2021-10-08,BTC,LONG,17.79,HIGH,53967.85,57484.79,6.517,RIGHT,2021-10-11,BACKFILL
2021-10-08,GLD,HELD,-2.07,MEDIUM,164.23,163.92,-0.189,WRONG,2021-10-11,BACKFILL
2021-10-08,QQQ,LONG,3.8,MEDIUM,350.89,348.2,-0.767,WRONG,2021-10-11,BACKFILL
2021-10-11,BTC,LONG,25.42,HIGH,57484.79,56041.06,-2.511,WRONG,2021-10-12,BACKFILL
2021-10-11,GLD,HELD,-2.27,MEDIUM,163.92,164.66,0.451,RIGHT,2021-10-12,BACKFILL
2021-10-11,QQQ,LONG,2.91,MEDIUM,348.2,346.98,-0.35,WRONG,2021-10-12,BACKFILL
2021-10-12,BTC,LONG,22.27,HIGH,56041.06,57401.1,2.427,RIGHT,2021-10-13,BACKFILL
2021-10-12,GLD,HELD,-1.84,LOW,164.66,167.59,1.779,RIGHT,2021-10-13,BACKFILL
2021-10-12,QQQ,LONG,2.45,MEDIUM,346.98,349.76,0.801,RIGHT,2021-10-13,BACKFILL
2021-10-13,BTC,LONG,25.25,HIGH,57401.1,57321.52,-0.139,WRONG,2021-10-14,BACKFILL
2021-10-13,GLD,HELD,-0.11,LOW,167.59,168.0,0.245,RIGHT,2021-10-14,BACKFILL
2021-10-13,QQQ,LONG,3.19,MEDIUM,349.76,356.2,1.841,RIGHT,2021-10-14,BACKFILL
2021-10-14,BTC,LONG,25.07,HIGH,57321.52,61593.95,7.453,RIGHT,2021-10-15,BACKFILL
2021-10-14,GLD,HELD,0.11,LOW,168.0,165.33,-1.589,WRONG,2021-10-15,BACKFILL
2021-10-14,QQQ,LONG,4.99,MEDIUM,356.2,358.45,0.632,RIGHT,2021-10-15,BACKFILL
2021-10-15,BTC,LONG,34.28,HIGH,61593.95,62026.08,0.702,RIGHT,2021-10-18,BACKFILL
2021-10-15,GLD,HELD,-1.5,LOW,165.33,164.92,-0.248,WRONG,2021-10-18,BACKFILL
2021-10-15,QQQ,LONG,5.55,HIGH,358.45,362.05,1.004,RIGHT,2021-10-18,BACKFILL
2021-10-18,BTC,LONG,35.12,HIGH,62026.08,64261.99,3.605,RIGHT,2021-10-19,BACKFILL
2021-10-18,GLD,HELD,-1.75,LOW,164.92,165.45,0.321,RIGHT,2021-10-19,BACKFILL
2021-10-18,QQQ,LONG,6.5,HIGH,362.05,364.79,0.757,RIGHT,2021-10-19,BACKFILL
2021-10-19,BTC,LONG,39.89,HIGH,64261.99,65992.84,2.693,RIGHT,2021-10-20,BACKFILL
2021-10-19,GLD,HELD,-1.44,LOW,165.45,166.9,0.876,RIGHT,2021-10-20,BACKFILL
2021-10-19,QQQ,LONG,7.19,HIGH,364.79,364.32,-0.129,WRONG,2021-10-20,BACKFILL
2021-10-20,BTC,LONG,43.48,HIGH,65992.84,62210.17,-5.732,WRONG,2021-10-21,BACKFILL
2021-10-20,GLD,HELD,-0.6,LOW,166.9,166.75,-0.09,WRONG,2021-10-21,BACKFILL
2021-10-20,QQQ,LONG,6.92,HIGH,364.32,366.54,0.609,RIGHT,2021-10-21,BACKFILL
2021-10-21,BTC,LONG,35.18,HIGH,62210.17,60692.27,-2.44,WRONG,2021-10-22,BACKFILL
2021-10-21,GLD,HELD,-0.7,LOW,166.75,167.77,0.612,RIGHT,2021-10-22,BACKFILL
2021-10-21,QQQ,LONG,7.44,HIGH,366.54,363.46,-0.84,WRONG,2021-10-22,BACKFILL
2021-10-22,BTC,LONG,31.77,HIGH,60692.27,63039.82,3.868,RIGHT,2021-10-25,BACKFILL
2021-10-22,GLD,HELD,-0.11,LOW,167.77,168.93,0.691,RIGHT,2021-10-25,BACKFILL
2021-10-22,QQQ,LONG,6.43,HIGH,363.46,367.18,1.023,RIGHT,2021-10-25,BACKFILL
2021-10-25,BTC,LONG,36.7,HIGH,63039.82,60363.79,-4.245,WRONG,2021-10-26,BACKFILL
2021-10-25,GLD,HELD,0.55,LOW,168.93,167.68,-0.74,WRONG,2021-10-26,BACKFILL
2021-10-25,QQQ,LONG,7.39,HIGH,367.18,368.34,0.316,RIGHT,2021-10-26,BACKFILL
2021-10-26,BTC,LONG,30.75,HIGH,60363.79,58482.39,-3.117,WRONG,2021-10-27,BACKFILL
2021-10-26,GLD,HELD,-0.21,LOW,167.68,168.12,0.262,RIGHT,2021-10-27,BACKFILL
2021-10-26,QQQ,LONG,7.59,HIGH,368.34,369.19,0.231,RIGHT,2021-10-27,BACKFILL
2021-10-27,BTC,LONG,26.55,HIGH,58482.39,60622.14,3.659,RIGHT,2021-10-28,BACKFILL
2021-10-27,GLD,HELD,0.02,LOW,168.12,168.08,-0.024,WRONG,2021-10-28,BACKFILL
2021-10-27,QQQ,LONG,7.7,HIGH,369.19,373.29,1.111,RIGHT,2021-10-28,BACKFILL
2021-10-28,BTC,LONG,31.08,HIGH,60622.14,62227.96,2.649,RIGHT,2021-10-29,BACKFILL
2021-10-28,GLD,HELD,-0.03,LOW,168.08,166.65,-0.851,WRONG,2021-10-29,BACKFILL
2021-10-28,QQQ,LONG,8.75,HIGH,373.29,375.13,0.493,RIGHT,2021-10-29,BACKFILL
2021-10-29,BTC,LONG,34.47,HIGH,62227.96,61004.41,-1.966,WRONG,2021-11-01,BACKFILL
2021-10-29,GLD,HELD,-0.9,LOW,166.65,167.52,0.522,RIGHT,2021-11-01,BACKFILL
2021-10-29,QQQ,LONG,9.14,HIGH,375.13,376.41,0.341,RIGHT,2021-11-01,BACKFILL
2021-11-01,BTC,LONG,31.78,HIGH,61004.41,63226.4,3.642,RIGHT,2021-11-02,BACKFILL
2021-11-01,GLD,HELD,-0.42,LOW,167.52,167.16,-0.215,WRONG,2021-11-02,BACKFILL
2021-11-01,QQQ,LONG,9.36,HIGH,376.41,377.99,0.42,RIGHT,2021-11-02,BACKFILL
2021-11-02,BTC,LONG,36.5,HIGH,63226.4,62970.05,-0.405,WRONG,2021-11-03,BACKFILL
2021-11-02,GLD,HELD,-0.66,LOW,167.16,165.77,-0.832,WRONG,2021-11-03,BACKFILL
2021-11-02,QQQ,LONG,9.68,HIGH,377.99,382.0,1.061,RIGHT,2021-11-03,BACKFILL
2021-11-03,BTC,LONG,35.87,HIGH,62970.05,61452.23,-2.41,WRONG,2021-11-04,BACKFILL
2021-11-03,GLD,HELD,-1.51,LOW,165.77,167.65,1.134,RIGHT,2021-11-04,BACKFILL
2021-11-03,QQQ,LONG,10.69,HIGH,382.0,386.9,1.283,RIGHT,2021-11-04,BACKFILL
2021-11-04,BTC,LONG,32.55,HIGH,61452.23,61125.68,-0.531,WRONG,2021-11-05,BACKFILL
2021-11-04,GLD,HELD,-0.41,LOW,167.65,169.84,1.306,RIGHT,2021-11-05,BACKFILL
2021-11-04,QQQ,LONG,11.97,HIGH,386.9,387.27,0.096,RIGHT,2021-11-05,BACKFILL
2021-11-05,BTC,LONG,31.79,HIGH,61125.68,67566.83,10.538,RIGHT,2021-11-08,BACKFILL
2021-11-05,GLD,HELD,0.86,LOW,169.84,170.45,0.359,RIGHT,2021-11-08,BACKFILL
2021-11-05,QQQ,LONG,11.94,HIGH,387.27,386.74,-0.137,WRONG,2021-11-08,BACKFILL
2021-11-08,BTC,LONG,45.44,HIGH,67566.83,66971.83,-0.881,WRONG,2021-11-09,BACKFILL
2021-11-08,GLD,HELD,1.19,LOW,170.45,171.29,0.493,RIGHT,2021-11-09,BACKFILL
2021-11-08,QQQ,LONG,11.64,HIGH,386.74,384.08,-0.688,WRONG,2021-11-09,BACKFILL
2021-11-09,BTC,LONG,43.98,HIGH,66971.83,64995.23,-2.951,WRONG,2021-11-10,BACKFILL
2021-11-09,GLD,HELD,1.67,LOW,171.29,173.15,1.086,RIGHT,2021-11-10,BACKFILL
2021-11-09,QQQ,LONG,10.75,HIGH,384.08,378.43,-1.471,WRONG,2021-11-10,BACKFILL
2021-11-10,BTC,LONG,39.59,HIGH,64995.23,64949.96,-0.07,WRONG,2021-11-11,BACKFILL
2021-11-10,GLD,HELD,2.73,MEDIUM,173.15,174.12,0.56,RIGHT,2021-11-11,BACKFILL
2021-11-10,QQQ,LONG,9.01,HIGH,378.43,379.48,0.277,RIGHT,2021-11-11,BACKFILL
2021-11-11,BTC,LONG,39.39,HIGH,64949.96,64155.94,-1.223,WRONG,2021-11-12,BACKFILL
2021-11-11,GLD,HELD,3.26,MEDIUM,174.12,174.45,0.19,RIGHT,2021-11-12,BACKFILL
2021-11-11,QQQ,LONG,9.2,HIGH,379.48,383.48,1.054,RIGHT,2021-11-12,BACKFILL
2021-11-12,BTC,LONG,37.68,HIGH,64155.94,63557.87,-0.932,WRONG,2021-11-15,BACKFILL
2021-11-12,GLD,HELD,3.41,MEDIUM,174.45,174.18,-0.155,WRONG,2021-11-15,BACKFILL
2021-11-12,QQQ,LONG,10.24,HIGH,383.48,383.39,-0.023,WRONG,2021-11-15,BACKFILL
2021-11-15,BTC,LONG,36.38,HIGH,63557.87,60161.25,-5.344,WRONG,2021-11-16,BACKFILL
2021-11-15,GLD,HELD,3.2,MEDIUM,174.18,172.92,-0.723,WRONG,2021-11-16,BACKFILL
2021-11-15,QQQ,LONG,10.09,HIGH,383.39,386.12,0.712,RIGHT,2021-11-16,BACKFILL
2021-11-16,BTC,LONG,29.15,HIGH,60161.25,60368.01,0.344,RIGHT,2021-11-17,BACKFILL
2021-11-16,GLD,HELD,2.42,MEDIUM,172.92,174.5,0.914,RIGHT,2021-11-17,BACKFILL
2021-11-16,QQQ,LONG,10.76,HIGH,386.12,386.32,0.052,RIGHT,2021-11-17,BACKFILL
2021-11-17,BTC,LONG,29.62,HIGH,60368.01,56942.14,-5.675,WRONG,2021-11-18,BACKFILL
2021-11-17,GLD,HELD,3.33,MEDIUM,174.5,173.94,-0.321,WRONG,2021-11-18,BACKFILL
2021-11-17,QQQ,LONG,10.7,HIGH,386.32,390.33,1.038,RIGHT,2021-11-18,BACKFILL
2021-11-18,BTC,LONG,22.24,HIGH,56942.14,58119.58,2.068,RIGHT,2021-11-19,BACKFILL
2021-11-18,GLD,HELD,2.96,MEDIUM,173.94,172.61,-0.765,WRONG,2021-11-19,BACKFILL
2021-11-18,QQQ,LONG,11.72,HIGH,390.33,392.5,0.556,RIGHT,2021-11-19,BACKFILL
2021-11-19,BTC,LONG,24.74,HIGH,58119.58,56289.29,-3.149,WRONG,2021-11-22,BACKFILL
2021-11-19,GLD,HELD,2.15,MEDIUM,172.61,168.74,-2.242,WRONG,2021-11-22,BACKFILL
2021-11-19,QQQ,LONG,12.2,HIGH,392.5,387.95,-1.159,WRONG,2021-11-22,BACKFILL
2021-11-22,BTC,LONG,20.77,HIGH,56289.29,57569.07,2.274,RIGHT,2021-11-23,BACKFILL
2021-11-22,GLD,HELD,-0.14,LOW,168.74,167.28,-0.865,WRONG,2021-11-23,BACKFILL
2021-11-22,QQQ,LONG,10.77,HIGH,387.95,386.18,-0.456,WRONG,2021-11-23,BACKFILL
2021-11-23,BTC,LONG,23.42,HIGH,57569.07,56280.43,-2.238,WRONG,2021-11-24,BACKFILL
2021-11-23,GLD,HELD,-1.01,LOW,167.28,167.12,-0.096,WRONG,2021-11-24,BACKFILL
2021-11-23,QQQ,LONG,10.14,HIGH,386.18,387.42,0.321,RIGHT,2021-11-24,BACKFILL
2021-11-24,BTC,LONG,20.56,HIGH,56280.43,53569.77,-4.816,WRONG,2021-11-26,BACKFILL
2021-11-24,GLD,HELD,-1.11,LOW,167.12,166.85,-0.162,WRONG,2021-11-26,BACKFILL
2021-11-24,QQQ,LONG,10.37,HIGH,387.42,380.08,-1.895,WRONG,2021-11-26,BACKFILL
2021-11-26,BTC,LONG,14.76,HIGH,53569.77,57806.57,7.909,RIGHT,2021-11-29,BACKFILL
2021-11-26,GLD,HELD,-1.26,LOW,166.85,166.62,-0.138,WRONG,2021-11-29,BACKFILL
2021-11-26,QQQ,LONG,8.18,HIGH,380.08,388.32,2.168,RIGHT,2021-11-29,BACKFILL
2021-11-29,BTC,LONG,23.79,HIGH,57806.57,57005.43,-1.386,WRONG,2021-11-30,BACKFILL
2021-11-29,GLD,HELD,-1.4,LOW,166.62,165.5,-0.672,WRONG,2021-11-30,BACKFILL
2021-11-29,QQQ,LONG,10.4,HIGH,388.32,382.62,-1.468,WRONG,2021-11-30,BACKFILL
2021-11-30,BTC,LONG,22.04,HIGH,57005.43,57229.83,0.394,RIGHT,2021-12-01,BACKFILL
2021-11-30,GLD,HELD,-2.06,MEDIUM,165.5,166.16,0.399,RIGHT,2021-12-01,BACKFILL
2021-11-30,QQQ,LONG,8.67,HIGH,382.62,376.11,-1.701,WRONG,2021-12-01,BACKFILL
2021-12-01,BTC,LONG,22.45,HIGH,57229.83,56477.82,-1.314,WRONG,2021-12-02,BACKFILL
2021-12-01,GLD,HELD,-1.67,LOW,166.16,165.24,-0.554,WRONG,2021-12-02,BACKFILL
2021-12-01,QQQ,LONG,6.73,HIGH,376.11,378.82,0.721,RIGHT,2021-12-02,BACKFILL
2021-12-02,BTC,LONG,20.87,HIGH,56477.82,53598.25,-5.099,WRONG,2021-12-03,BACKFILL
2021-12-02,GLD,HELD,-2.21,MEDIUM,165.24,166.63,0.841,RIGHT,2021-12-03,BACKFILL
2021-12-02,QQQ,LONG,7.39,HIGH,378.82,372.24,-1.737,WRONG,2021-12-03,BACKFILL
2021-12-03,BTC,LONG,14.76,HIGH,53598.25,50582.62,-5.626,WRONG,2021-12-06,BACKFILL
2021-12-03,GLD,HELD,-1.38,LOW,166.63,166.22,-0.246,WRONG,2021-12-06,BACKFILL
2021-12-03,QQQ,LONG,5.43,HIGH,372.24,375.22,0.801,RIGHT,2021-12-06,BACKFILL
2021-12-06,BTC,LONG,8.35,HIGH,50582.62,50700.09,0.232,RIGHT,2021-12-07,BACKFILL
2021-12-06,GLD,HELD,-1.63,LOW,166.22,166.81,0.355,RIGHT,2021-12-07,BACKFILL
2021-12-06,QQQ,LONG,6.17,HIGH,375.22,386.52,3.012,RIGHT,2021-12-07,BACKFILL
2021-12-07,BTC,LONG,8.71,HIGH,50700.09,50504.8,-0.385,WRONG,2021-12-08,BACKFILL
2021-12-07,GLD,HELD,-1.27,LOW,166.81,166.9,0.054,RIGHT,2021-12-08,BACKFILL
2021-12-07,QQQ,LONG,9.23,HIGH,386.52,388.25,0.448,RIGHT,2021-12-08,BACKFILL
2021-12-08,BTC,LONG,8.38,HIGH,50504.8,47672.12,-5.609,WRONG,2021-12-09,BACKFILL
2021-12-08,GLD,HELD,-1.21,LOW,166.9,165.88,-0.611,WRONG,2021-12-09,BACKFILL
2021-12-08,QQQ,LONG,9.58,HIGH,388.25,382.53,-1.473,WRONG,2021-12-09,BACKFILL
2021-12-09,BTC,LONG,2.44,MEDIUM,47672.12,47243.3,-0.9,WRONG,2021-12-10,BACKFILL
2021-12-09,GLD,HELD,-1.79,LOW,165.88,166.58,0.422,RIGHT,2021-12-10,BACKFILL
2021-12-09,QQQ,LONG,7.84,HIGH,382.53,386.69,1.087,RIGHT,2021-12-10,BACKFILL
2021-12-10,BTC,LONG,1.64,LOW,47243.3,46737.48,-1.071,WRONG,2021-12-13,BACKFILL
2021-12-10,GLD,HELD,-1.35,LOW,166.58,167.0,0.252,RIGHT,2021-12-13,BACKFILL
2021-12-10,QQQ,LONG,8.87,HIGH,386.69,381.11,-1.443,WRONG,2021-12-13,BACKFILL
2021-12-13,BTC,LONG,0.7,LOW,46737.48,46612.63,-0.267,WRONG,2021-12-14,BACKFILL
2021-12-13,GLD,HELD,-1.09,LOW,167.0,165.44,-0.934,WRONG,2021-12-14,BACKFILL
2021-12-13,QQQ,LONG,7.17,HIGH,381.11,377.16,-1.036,WRONG,2021-12-14,BACKFILL
2021-12-14,BTC,LONG,0.47,LOW,46612.63,48896.72,4.9,RIGHT,2021-12-15,BACKFILL
2021-12-14,GLD,HELD,-1.99,LOW,165.44,166.15,0.429,RIGHT,2021-12-15,BACKFILL
2021-12-14,QQQ,LONG,5.92,HIGH,377.16,385.76,2.28,RIGHT,2021-12-15,BACKFILL
2021-12-15,BTC,LONG,5.4,HIGH,48896.72,47665.43,-2.518,WRONG,2021-12-16,BACKFILL
2021-12-15,GLD,HELD,-1.55,LOW,166.15,168.16,1.21,RIGHT,2021-12-16,BACKFILL
2021-12-15,QQQ,LONG,8.18,HIGH,385.76,375.84,-2.572,WRONG,2021-12-16,BACKFILL
2021-12-16,BTC,LONG,2.78,MEDIUM,47665.43,46202.14,-3.07,WRONG,2021-12-17,BACKFILL
2021-12-16,GLD,HELD,-0.34,LOW,168.16,167.8,-0.214,WRONG,2021-12-17,BACKFILL
2021-12-16,QQQ,LONG,5.28,HIGH,375.84,373.97,-0.498,WRONG,2021-12-17,BACKFILL
2021-12-17,BTC,FLAT,-0.41,LOW,46202.14,46880.28,1.468,WRONG,2021-12-20,BACKFILL
2021-12-17,GLD,HELD,-0.53,LOW,167.8,167.09,-0.423,WRONG,2021-12-20,BACKFILL
2021-12-17,QQQ,LONG,4.64,MEDIUM,373.97,370.34,-0.971,WRONG,2021-12-20,BACKFILL
2021-12-20,BTC,LONG,0.99,LOW,46880.28,48936.61,4.386,RIGHT,2021-12-21,BACKFILL
2021-12-20,GLD,HELD,-0.92,LOW,167.09,167.02,-0.042,WRONG,2021-12-21,BACKFILL
2021-12-20,QQQ,LONG,3.51,MEDIUM,370.34,378.63,2.238,RIGHT,2021-12-21,BACKFILL
2021-12-21,BTC,LONG,5.24,HIGH,48936.61,48628.51,-0.63,WRONG,2021-12-22,BACKFILL
2021-12-21,GLD,HELD,-0.93,LOW,167.02,168.59,0.94,RIGHT,2021-12-22,BACKFILL
2021-12-21,QQQ,LONG,5.7,HIGH,378.63,383.24,1.218,RIGHT,2021-12-22,BACKFILL
2021-12-22,BTC,LONG,4.46,MEDIUM,48628.51,50784.54,4.434,RIGHT,2021-12-23,BACKFILL
2021-12-22,GLD,HELD,0.03,LOW,168.59,168.97,0.225,RIGHT,2021-12-23,BACKFILL
2021-12-22,QQQ,LONG,6.86,HIGH,383.24,386.13,0.754,RIGHT,2021-12-23,BACKFILL
2021-12-23,BTC,LONG,8.88,HIGH,50784.54,50640.42,-0.284,WRONG,2021-12-27,BACKFILL
2021-12-23,GLD,HELD,0.29,LOW,168.97,169.37,0.237,RIGHT,2021-12-27,BACKFILL
2021-12-23,QQQ,LONG,7.53,HIGH,386.13,392.51,1.652,RIGHT,2021-12-27,BACKFILL
2021-12-27,BTC,LONG,8.39,HIGH,50640.42,47588.86,-6.026,WRONG,2021-12-28,BACKFILL
2021-12-27,GLD,HELD,0.55,LOW,169.37,168.64,-0.431,WRONG,2021-12-28,BACKFILL
2021-12-27,QQQ,LONG,9.16,HIGH,392.51,390.69,-0.464,WRONG,2021-12-28,BACKFILL
2021-12-28,BTC,LONG,1.72,LOW,47588.86,46444.71,-2.404,WRONG,2021-12-29,BACKFILL
2021-12-28,GLD,HELD,0.16,LOW,168.64,168.59,-0.03,WRONG,2021-12-29,BACKFILL
2021-12-28,QQQ,LONG,8.52,HIGH,390.69,390.63,-0.015,WRONG,2021-12-29,BACKFILL
2021-12-29,BTC,FLAT,-0.82,LOW,46444.71,47178.12,1.579,WRONG,2021-12-30,BACKFILL
2021-12-29,GLD,HELD,0.16,LOW,168.59,169.8,0.718,RIGHT,2021-12-30,BACKFILL
2021-12-29,QQQ,LONG,8.37,HIGH,390.63,389.46,-0.3,WRONG,2021-12-30,BACKFILL
2021-12-30,BTC,LONG,0.62,LOW,47178.12,46306.45,-1.848,WRONG,2021-12-31,BACKFILL
2021-12-30,GLD,HELD,0.91,LOW,169.8,170.96,0.683,RIGHT,2021-12-31,BACKFILL
2021-12-30,QQQ,LONG,7.91,HIGH,389.46,387.03,-0.624,WRONG,2021-12-31,BACKFILL
2021-12-31,BTC,FLAT,-1.39,LOW,46306.45,46458.12,0.328,WRONG,2022-01-03,BACKFILL
2021-12-31,GLD,HELD,1.63,LOW,170.96,168.33,-1.538,WRONG,2022-01-03,BACKFILL
2021-12-31,QQQ,LONG,7.11,HIGH,387.03,390.76,0.964,RIGHT,2022-01-03,BACKFILL
2022-01-03,BTC,FLAT,-1.2,LOW,46458.12,45897.57,-1.207,RIGHT,2022-01-04,BACKFILL
2022-01-03,GLD,HELD,0.11,LOW,168.33,169.57,0.737,RIGHT,2022-01-04,BACKFILL
2022-01-03,QQQ,LONG,8.01,HIGH,390.76,385.69,-1.297,WRONG,2022-01-04,BACKFILL
2022-01-04,BTC,FLAT,-2.51,MEDIUM,45897.57,43569.0,-5.073,RIGHT,2022-01-05,BACKFILL
2022-01-04,GLD,HELD,0.88,LOW,169.57,169.06,-0.301,WRONG,2022-01-05,BACKFILL
2022-01-04,QQQ,LONG,6.48,HIGH,385.69,373.84,-3.072,WRONG,2022-01-05,BACKFILL
2022-01-05,BTC,FLAT,-7.51,HIGH,43569.0,43160.93,-0.937,RIGHT,2022-01-06,BACKFILL
2022-01-05,GLD,HELD,0.6,LOW,169.06,166.99,-1.224,WRONG,2022-01-06,BACKFILL
2022-01-05,QQQ,LONG,3.11,MEDIUM,373.84,373.58,-0.07,WRONG,2022-01-06,BACKFILL
2022-01-06,BTC,FLAT,-8.46,HIGH,43160.93,41557.9,-3.714,RIGHT,2022-01-07,BACKFILL
2022-01-06,GLD,HELD,-0.59,LOW,166.99,167.75,0.455,RIGHT,2022-01-07,BACKFILL
2022-01-06,QQQ,LONG,2.95,MEDIUM,373.58,369.53,-1.084,WRONG,2022-01-07,BACKFILL
2022-01-07,BTC,FLAT,-11.96,HIGH,41557.9,41821.26,0.634,WRONG,2022-01-10,BACKFILL
2022-01-07,GLD,HELD,-0.1,LOW,167.75,168.26,0.304,RIGHT,2022-01-10,BACKFILL
2022-01-07,QQQ,LONG,1.75,LOW,369.53,369.77,0.065,RIGHT,2022-01-10,BACKFILL
2022-01-10,BTC,FLAT,-11.51,HIGH,41821.26,42735.86,2.187,WRONG,2022-01-11,BACKFILL
2022-01-10,GLD,HELD,0.24,LOW,168.26,170.29,1.206,RIGHT,2022-01-11,BACKFILL
2022-01-10,QQQ,LONG,1.73,LOW,369.77,375.33,1.504,RIGHT,2022-01-11,BACKFILL
2022-01-11,BTC,FLAT,-9.64,HIGH,42735.86,43949.1,2.839,WRONG,2022-01-12,BACKFILL
2022-01-11,GLD,HELD,1.48,LOW,170.29,170.74,0.264,RIGHT,2022-01-12,BACKFILL
2022-01-11,QQQ,LONG,3.17,MEDIUM,375.33,376.82,0.397,RIGHT,2022-01-12,BACKFILL
2022-01-12,BTC,FLAT,-7.17,HIGH,43949.1,42591.57,-3.089,RIGHT,2022-01-13,BACKFILL
2022-01-12,GLD,HELD,1.78,LOW,170.74,170.16,-0.34,WRONG,2022-01-13,BACKFILL
2022-01-12,QQQ,LONG,3.49,MEDIUM,376.82,367.39,-2.503,WRONG,2022-01-13,BACKFILL
2022-01-13,BTC,FLAT,-10.1,HIGH,42591.57,43099.7,1.193,WRONG,2022-01-14,BACKFILL
2022-01-13,GLD,HELD,1.45,LOW,170.16,169.67,-0.288,WRONG,2022-01-14,BACKFILL
2022-01-13,QQQ,LONG,0.83,LOW,367.39,369.68,0.623,RIGHT,2022-01-14,BACKFILL
2022-01-14,BTC,FLAT,-9.07,HIGH,43099.7,42375.63,-1.68,RIGHT,2022-01-18,BACKFILL
2022-01-14,GLD,HELD,1.18,LOW,169.67,169.39,-0.165,WRONG,2022-01-18,BACKFILL
2022-01-14,QQQ,LONG,1.4,LOW,369.68,360.47,-2.491,WRONG,2022-01-18,BACKFILL
2022-01-18,BTC,FLAT,-10.62,HIGH,42375.63,41744.33,-1.49,RIGHT,2022-01-19,BACKFILL
2022-01-18,GLD,HELD,1.03,LOW,169.39,172.08,1.588,RIGHT,2022-01-19,BACKFILL
2022-01-18,QQQ,FLAT,-1.18,LOW,360.47,356.51,-1.099,RIGHT,2022-01-19,BACKFILL
2022-01-19,BTC,FLAT,-11.99,HIGH,41744.33,40680.42,-2.549,RIGHT,2022-01-20,BACKFILL
2022-01-19,GLD,HELD,2.63,MEDIUM,172.08,171.65,-0.25,WRONG,2022-01-20,BACKFILL
2022-01-19,QQQ,FLAT,-2.31,MEDIUM,356.51,351.88,-1.299,RIGHT,2022-01-20,BACKFILL
2022-01-20,BTC,FLAT,-14.27,HIGH,40680.42,36457.32,-10.381,RIGHT,2022-01-21,BACKFILL
2022-01-20,GLD,HELD,2.35,MEDIUM,171.65,171.09,-0.326,WRONG,2022-01-21,BACKFILL
2022-01-20,QQQ,FLAT,-3.61,MEDIUM,351.88,342.13,-2.771,RIGHT,2022-01-21,BACKFILL
2022-01-21,BTC,FLAT,-23.18,HIGH,36457.32,36654.33,0.54,WRONG,2022-01-24,BACKFILL
2022-01-21,GLD,HELD,1.99,LOW,171.09,172.03,0.549,RIGHT,2022-01-24,BACKFILL
2022-01-21,QQQ,FLAT,-6.3,HIGH,342.13,343.69,0.456,WRONG,2022-01-24,BACKFILL
2022-01-24,BTC,FLAT,-22.81,HIGH,36654.33,36954.0,0.818,WRONG,2022-01-25,BACKFILL
2022-01-24,GLD,HELD,2.53,MEDIUM,172.03,172.58,0.32,RIGHT,2022-01-25,BACKFILL
2022-01-24,QQQ,FLAT,-5.89,HIGH,343.69,335.73,-2.316,RIGHT,2022-01-25,BACKFILL
2022-01-25,BTC,FLAT,-22.23,HIGH,36954.0,36852.12,-0.276,RIGHT,2022-01-26,BACKFILL
2022-01-25,GLD,HELD,2.83,MEDIUM,172.58,169.79,-1.617,WRONG,2022-01-26,BACKFILL
2022-01-25,QQQ,FLAT,-8.07,HIGH,335.73,335.2,-0.158,RIGHT,2022-01-26,BACKFILL
2022-01-26,BTC,FLAT,-22.48,HIGH,36852.12,37138.23,0.776,WRONG,2022-01-27,BACKFILL
2022-01-26,GLD,HELD,1.16,LOW,169.79,167.6,-1.29,WRONG,2022-01-27,BACKFILL
2022-01-26,QQQ,FLAT,-8.21,HIGH,335.2,331.82,-1.008,RIGHT,2022-01-27,BACKFILL
2022-01-27,BTC,FLAT,-21.91,HIGH,37138.23,37784.33,1.74,WRONG,2022-01-28,BACKFILL
2022-01-27,GLD,HELD,-0.15,LOW,167.6,167.1,-0.298,WRONG,2022-01-28,BACKFILL
2022-01-27,QQQ,FLAT,-9.12,HIGH,331.82,342.23,3.137,WRONG,2022-01-28,BACKFILL
2022-01-28,BTC,FLAT,-20.62,HIGH,37784.33,38483.12,1.849,WRONG,2022-01-31,BACKFILL
2022-01-28,GLD,HELD,-0.45,LOW,167.1,168.09,0.592,RIGHT,2022-01-31,BACKFILL
2022-01-28,QQQ,FLAT,-6.27,HIGH,342.23,353.18,3.2,WRONG,2022-01-31,BACKFILL
2022-01-31,BTC,FLAT,-19.19,HIGH,38483.12,38743.27,0.676,WRONG,2022-02-01,BACKFILL
2022-01-31,GLD,HELD,0.13,LOW,168.09,168.23,0.083,RIGHT,2022-02-01,BACKFILL
2022-01-31,QQQ,FLAT,-3.29,MEDIUM,353.18,355.58,0.68,WRONG,2022-02-01,BACKFILL
2022-02-01,BTC,FLAT,-18.68,HIGH,38743.27,36952.98,-4.621,RIGHT,2022-02-02,BACKFILL
2022-02-01,GLD,HELD,0.2,LOW,168.23,168.84,0.363,RIGHT,2022-02-02,BACKFILL
2022-02-01,QQQ,FLAT,-2.66,MEDIUM,355.58,358.47,0.813,WRONG,2022-02-02,BACKFILL
2022-02-02,BTC,FLAT,-22.46,HIGH,36952.98,37154.6,0.546,WRONG,2022-02-03,BACKFILL
2022-02-02,GLD,HELD,0.55,LOW,168.84,168.6,-0.142,WRONG,2022-02-03,BACKFILL
2022-02-02,QQQ,FLAT,-1.89,LOW,358.47,343.94,-4.053,RIGHT,2022-02-03,BACKFILL
2022-02-03,BTC,FLAT,-22.07,HIGH,37154.6,41500.88,11.698,WRONG,2022-02-04,BACKFILL
2022-02-03,GLD,HELD,0.4,LOW,168.6,168.86,0.154,RIGHT,2022-02-04,BACKFILL
2022-02-03,QQQ,FLAT,-5.87,HIGH,343.94,348.27,1.259,WRONG,2022-02-04,BACKFILL
2022-02-04,BTC,FLAT,-13.05,HIGH,41500.88,43840.29,5.637,WRONG,2022-02-07,BACKFILL
2022-02-04,GLD,HELD,0.55,LOW,168.86,170.11,0.74,RIGHT,2022-02-07,BACKFILL
2022-02-04,QQQ,FLAT,-4.68,MEDIUM,348.27,345.47,-0.804,RIGHT,2022-02-07,BACKFILL
2022-02-07,BTC,FLAT,-8.27,HIGH,43840.29,44118.45,0.634,WRONG,2022-02-08,BACKFILL
2022-02-07,GLD,HELD,1.28,LOW,170.11,170.63,0.306,RIGHT,2022-02-08,BACKFILL
2022-02-07,QQQ,FLAT,-5.44,HIGH,345.47,349.35,1.123,WRONG,2022-02-08,BACKFILL
2022-02-08,BTC,FLAT,-7.82,HIGH,44118.45,44338.8,0.499,WRONG,2022-02-09,BACKFILL
2022-02-08,GLD,HELD,1.59,LOW,170.63,171.21,0.34,RIGHT,2022-02-09,BACKFILL
2022-02-08,QQQ,FLAT,-4.38,MEDIUM,349.35,356.76,2.121,WRONG,2022-02-09,BACKFILL
2022-02-09,BTC,FLAT,-7.51,HIGH,44338.8,43565.11,-1.745,RIGHT,2022-02-10,BACKFILL
2022-02-09,GLD,HELD,1.92,LOW,171.21,170.56,-0.38,WRONG,2022-02-10,BACKFILL
2022-02-09,QQQ,FLAT,-2.36,MEDIUM,356.76,348.68,-2.265,RIGHT,2022-02-10,BACKFILL
2022-02-10,BTC,FLAT,-9.25,HIGH,43565.11,42407.94,-2.656,RIGHT,2022-02-11,BACKFILL
2022-02-10,GLD,HELD,1.53,LOW,170.56,173.81,1.905,RIGHT,2022-02-11,BACKFILL
2022-02-10,QQQ,FLAT,-4.57,MEDIUM,348.68,337.62,-3.172,RIGHT,2022-02-11,BACKFILL
2022-02-11,BTC,FLAT,-11.77,HIGH,42407.94,42586.92,0.422,WRONG,2022-02-14,BACKFILL
2022-02-11,GLD,HELD,3.44,MEDIUM,173.81,174.74,0.535,RIGHT,2022-02-14,BACKFILL
2022-02-11,QQQ,FLAT,-7.58,HIGH,337.62,338.04,0.124,WRONG,2022-02-14,BACKFILL
2022-02-14,BTC,FLAT,-11.52,HIGH,42586.92,44575.2,4.669,WRONG,2022-02-15,BACKFILL
2022-02-14,GLD,HELD,3.97,MEDIUM,174.74,173.08,-0.95,WRONG,2022-02-15,BACKFILL
2022-02-14,QQQ,FLAT,-7.44,HIGH,338.04,346.45,2.488,WRONG,2022-02-15,BACKFILL
2022-02-15,BTC,FLAT,-7.54,HIGH,44575.2,43961.86,-1.376,RIGHT,2022-02-16,BACKFILL
2022-02-15,GLD,HELD,2.98,MEDIUM,173.08,174.86,1.028,RIGHT,2022-02-16,BACKFILL
2022-02-15,QQQ,FLAT,-5.13,HIGH,346.45,346.36,-0.026,RIGHT,2022-02-16,BACKFILL
2022-02-16,BTC,FLAT,-8.96,HIGH,43961.86,40538.01,-7.788,RIGHT,2022-02-17,BACKFILL
2022-02-16,GLD,HELD,4.02,MEDIUM,174.86,177.25,1.367,RIGHT,2022-02-17,BACKFILL
2022-02-16,QQQ,FLAT,-5.14,HIGH,346.36,336.06,-2.974,RIGHT,2022-02-17,BACKFILL
2022-02-17,BTC,FLAT,-16.16,HIGH,40538.01,40030.98,-1.251,RIGHT,2022-02-18,BACKFILL
2022-02-17,GLD,HELD,5.41,HIGH,177.25,177.12,-0.073,WRONG,2022-02-18,BACKFILL
2022-02-17,QQQ,FLAT,-7.95,HIGH,336.06,332.22,-1.143,RIGHT,2022-02-18,BACKFILL
2022-02-18,BTC,FLAT,-17.31,HIGH,40030.98,38286.03,-4.359,RIGHT,2022-02-22,BACKFILL
2022-02-18,GLD,HELD,5.3,HIGH,177.12,177.49,0.209,RIGHT,2022-02-22,BACKFILL
2022-02-18,QQQ,FLAT,-8.98,HIGH,332.22,328.89,-1.002,RIGHT,2022-02-22,BACKFILL
2022-02-22,BTC,FLAT,-21.01,HIGH,38286.03,37296.57,-2.584,RIGHT,2022-02-23,BACKFILL
2022-02-22,GLD,HELD,5.49,HIGH,177.49,178.29,0.451,RIGHT,2022-02-23,BACKFILL
2022-02-22,QQQ,FLAT,-9.86,HIGH,328.89,320.46,-2.563,RIGHT,2022-02-23,BACKFILL
2022-02-23,BTC,FLAT,-23.11,HIGH,37296.57,38332.61,2.778,WRONG,2022-02-24,BACKFILL
2022-02-23,GLD,HELD,5.92,HIGH,178.29,177.14,-0.645,WRONG,2022-02-24,BACKFILL
2022-02-23,QQQ,FLAT,-12.12,HIGH,320.46,331.23,3.361,WRONG,2022-02-24,BACKFILL
2022-02-24,BTC,FLAT,-21.04,HIGH,38332.61,39214.22,2.3,WRONG,2022-02-25,BACKFILL
2022-02-24,GLD,HELD,5.21,HIGH,177.14,176.55,-0.333,WRONG,2022-02-25,BACKFILL
2022-02-24,QQQ,FLAT,-9.13,HIGH,331.23,336.37,1.552,WRONG,2022-02-25,BACKFILL
2022-02-25,BTC,FLAT,-19.28,HIGH,39214.22,43193.23,10.147,WRONG,2022-02-28,BACKFILL
2022-02-25,GLD,HELD,4.82,MEDIUM,176.55,178.38,1.037,RIGHT,2022-02-28,BACKFILL
2022-02-25,QQQ,FLAT,-7.68,HIGH,336.37,337.37,0.297,WRONG,2022-02-28,BACKFILL
2022-02-28,BTC,FLAT,-11.16,HIGH,43193.23,44354.64,2.689,WRONG,2022-03-01,BACKFILL
2022-02-28,GLD,HELD,5.87,HIGH,178.38,181.62,1.816,RIGHT,2022-03-01,BACKFILL
2022-02-28,QQQ,FLAT,-7.38,HIGH,337.37,332.2,-1.532,RIGHT,2022-03-01,BACKFILL
2022-03-01,BTC,FLAT,-8.84,HIGH,44354.64,43924.12,-0.971,RIGHT,2022-03-02,BACKFILL
2022-03-01,GLD,HELD,7.73,HIGH,181.62,179.73,-1.041,WRONG,2022-03-02,BACKFILL
2022-03-01,QQQ,FLAT,-8.76,HIGH,332.2,337.78,1.68,WRONG,2022-03-02,BACKFILL
2022-03-02,BTC,FLAT,-9.77,HIGH,43924.12,42451.79,-3.352,RIGHT,2022-03-03,BACKFILL
2022-03-02,GLD,HELD,6.57,HIGH,179.73,180.8,0.595,RIGHT,2022-03-03,BACKFILL
2022-03-02,QQQ,FLAT,-7.2,HIGH,337.78,332.95,-1.43,RIGHT,2022-03-03,BACKFILL
2022-03-03,BTC,FLAT,-12.82,HIGH,42451.79,39137.61,-7.807,RIGHT,2022-03-04,BACKFILL
2022-03-03,GLD,HELD,7.16,HIGH,180.8,183.68,1.593,RIGHT,2022-03-04,BACKFILL
2022-03-03,QQQ,FLAT,-8.49,HIGH,332.95,328.13,-1.448,RIGHT,2022-03-04,BACKFILL
2022-03-04,BTC,FLAT,-19.6,HIGH,39137.61,38062.04,-2.748,RIGHT,2022-03-07,BACKFILL
2022-03-04,GLD,HELD,8.81,HIGH,183.68,186.41,1.486,RIGHT,2022-03-07,BACKFILL
2022-03-04,QQQ,FLAT,-9.77,HIGH,328.13,316.03,-3.688,RIGHT,2022-03-07,BACKFILL
2022-03-07,BTC,FLAT,-21.79,HIGH,38062.04,38737.27,1.774,WRONG,2022-03-08,BACKFILL
2022-03-07,GLD,HELD,10.35,HIGH,186.41,191.51,2.736,RIGHT,2022-03-08,BACKFILL
2022-03-07,QQQ,FLAT,-13.04,HIGH,316.03,314.56,-0.465,RIGHT,2022-03-08,BACKFILL
2022-03-08,BTC,FLAT,-20.41,HIGH,38737.27,41982.93,8.379,WRONG,2022-03-09,BACKFILL
2022-03-08,GLD,HELD,13.27,HIGH,191.51,185.82,-2.971,WRONG,2022-03-09,BACKFILL
2022-03-08,QQQ,FLAT,-13.37,HIGH,314.56,325.88,3.599,WRONG,2022-03-09,BACKFILL
2022-03-09,BTC,FLAT,-13.77,HIGH,41982.93,39437.46,-6.063,RIGHT,2022-03-10,BACKFILL
2022-03-09,GLD,HELD,9.84,HIGH,185.82,186.4,0.312,RIGHT,2022-03-10,BACKFILL
2022-03-09,QQQ,FLAT,-10.21,HIGH,325.88,322.26,-1.111,RIGHT,2022-03-10,BACKFILL
2022-03-10,BTC,FLAT,-18.98,HIGH,39437.46,38794.97,-1.629,RIGHT,2022-03-11,BACKFILL
2022-03-10,GLD,HELD,10.1,HIGH,186.4,185.09,-0.703,WRONG,2022-03-11,BACKFILL
2022-03-10,QQQ,FLAT,-11.14,HIGH,322.26,315.58,-2.073,RIGHT,2022-03-11,BACKFILL
2022-03-11,BTC,FLAT,-20.26,HIGH,38794.97,39666.75,2.247,WRONG,2022-03-14,BACKFILL
2022-03-11,GLD,HELD,9.24,HIGH,185.09,182.3,-1.507,WRONG,2022-03-14,BACKFILL
2022-03-11,QQQ,FLAT,-12.92,HIGH,315.58,309.52,-1.92,RIGHT,2022-03-14,BACKFILL
2022-03-14,BTC,FLAT,-18.39,HIGH,39666.75,39338.79,-0.827,RIGHT,2022-03-15,BACKFILL
2022-03-14,GLD,HELD,7.51,HIGH,182.3,178.89,-1.871,WRONG,2022-03-15,BACKFILL
2022-03-14,QQQ,FLAT,-14.52,HIGH,309.52,319.23,3.137,WRONG,2022-03-15,BACKFILL
2022-03-15,BTC,FLAT,-19.0,HIGH,39338.79,41143.93,4.589,WRONG,2022-03-16,BACKFILL
2022-03-15,GLD,HELD,5.43,HIGH,178.89,180.01,0.626,RIGHT,2022-03-16,BACKFILL
2022-03-15,QQQ,FLAT,-11.77,HIGH,319.23,331.07,3.709,WRONG,2022-03-16,BACKFILL
2022-03-16,BTC,FLAT,-15.23,HIGH,41143.93,40951.38,-0.468,RIGHT,2022-03-17,BACKFILL
2022-03-16,GLD,HELD,6.02,HIGH,180.01,180.89,0.489,RIGHT,2022-03-17,BACKFILL
2022-03-16,QQQ,FLAT,-8.46,HIGH,331.07,335.07,1.208,WRONG,2022-03-17,BACKFILL
2022-03-17,BTC,FLAT,-15.58,HIGH,40951.38,41801.16,2.075,WRONG,2022-03-18,BACKFILL
2022-03-17,GLD,HELD,6.47,HIGH,180.89,179.3,-0.879,WRONG,2022-03-18,BACKFILL
2022-03-17,QQQ,FLAT,-7.32,HIGH,335.07,341.93,2.047,WRONG,2022-03-18,BACKFILL
2022-03-18,BTC,FLAT,-13.76,HIGH,41801.16,41078.0,-1.73,RIGHT,2022-03-21,BACKFILL
2022-03-18,GLD,HELD,5.48,HIGH,179.3,180.67,0.764,RIGHT,2022-03-21,BACKFILL
2022-03-18,QQQ,FLAT,-5.39,HIGH,341.93,340.98,-0.278,RIGHT,2022-03-21,BACKFILL
2022-03-21,BTC,FLAT,-15.2,HIGH,41078.0,42358.81,3.118,WRONG,2022-03-22,BACKFILL
2022-03-21,GLD,HELD,6.23,HIGH,180.67,179.36,-0.725,WRONG,2022-03-22,BACKFILL
2022-03-21,QQQ,FLAT,-5.63,HIGH,340.98,347.68,1.965,WRONG,2022-03-22,BACKFILL
2022-03-22,BTC,FLAT,-12.52,HIGH,42358.81,42892.96,1.261,WRONG,2022-03-23,BACKFILL
2022-03-22,GLD,HELD,5.41,HIGH,179.36,181.81,1.366,RIGHT,2022-03-23,BACKFILL
2022-03-22,QQQ,FLAT,-3.76,MEDIUM,347.68,342.69,-1.435,RIGHT,2022-03-23,BACKFILL
2022-03-23,BTC,FLAT,-11.4,HIGH,42892.96,43960.93,2.49,WRONG,2022-03-24,BACKFILL
2022-03-23,GLD,HELD,6.79,HIGH,181.81,183.13,0.726,RIGHT,2022-03-24,BACKFILL
2022-03-23,QQQ,FLAT,-5.12,HIGH,342.69,350.3,2.221,WRONG,2022-03-24,BACKFILL
2022-03-24,BTC,FLAT,-9.16,HIGH,43960.93,44348.73,0.882,WRONG,2022-03-25,BACKFILL
2022-03-24,GLD,HELD,7.49,HIGH,183.13,182.38,-0.41,WRONG,2022-03-25,BACKFILL
2022-03-24,QQQ,FLAT,-3.01,MEDIUM,350.3,350.01,-0.083,RIGHT,2022-03-25,BACKFILL
2022-03-25,BTC,FLAT,-8.29,HIGH,44348.73,47128.0,6.267,WRONG,2022-03-28,BACKFILL
2022-03-25,GLD,HELD,6.99,HIGH,182.38,179.06,-1.82,WRONG,2022-03-28,BACKFILL
2022-03-25,QQQ,FLAT,-3.08,MEDIUM,350.01,355.43,1.549,WRONG,2022-03-28,BACKFILL
2022-03-28,BTC,FLAT,-2.51,MEDIUM,47128.0,47465.73,0.717,WRONG,2022-03-29,BACKFILL
2022-03-28,GLD,HELD,5.0,MEDIUM,179.06,179.14,0.045,RIGHT,2022-03-29,BACKFILL
2022-03-28,QQQ,FLAT,-1.57,LOW,355.43,361.54,1.719,WRONG,2022-03-29,BACKFILL
2022-03-29,BTC,FLAT,-1.81,LOW,47465.73,47062.66,-0.849,RIGHT,2022-03-30,BACKFILL
2022-03-29,GLD,HELD,5.0,MEDIUM,179.14,180.58,0.804,RIGHT,2022-03-30,BACKFILL
2022-03-29,QQQ,LONG,0.13,LOW,361.54,357.55,-1.104,WRONG,2022-03-30,BACKFILL
2022-03-30,BTC,FLAT,-2.62,MEDIUM,47062.66,45538.68,-3.238,RIGHT,2022-03-31,BACKFILL
2022-03-30,GLD,HELD,5.79,HIGH,180.58,180.65,0.039,RIGHT,2022-03-31,BACKFILL
2022-03-30,QQQ,FLAT,-0.97,LOW,357.55,353.12,-1.239,RIGHT,2022-03-31,BACKFILL
2022-03-31,BTC,FLAT,-5.75,HIGH,45538.68,46281.64,1.631,WRONG,2022-04-01,BACKFILL
2022-03-31,GLD,HELD,5.78,HIGH,180.65,179.5,-0.637,WRONG,2022-04-01,BACKFILL
2022-03-31,QQQ,FLAT,-2.18,MEDIUM,353.12,352.45,-0.19,RIGHT,2022-04-01,BACKFILL
2022-04-01,BTC,FLAT,-4.18,MEDIUM,46281.64,46622.68,0.737,WRONG,2022-04-04,BACKFILL
2022-04-01,GLD,HELD,5.07,HIGH,179.5,180.37,0.485,RIGHT,2022-04-04,BACKFILL
2022-04-01,QQQ,FLAT,-2.34,MEDIUM,352.45,359.7,2.057,WRONG,2022-04-04,BACKFILL
2022-04-04,BTC,FLAT,-3.47,MEDIUM,46622.68,45555.99,-2.288,RIGHT,2022-04-05,BACKFILL
2022-04-04,GLD,HELD,5.53,HIGH,180.37,179.24,-0.626,WRONG,2022-04-05,BACKFILL
2022-04-04,QQQ,FLAT,-0.31,LOW,359.7,351.71,-2.221,RIGHT,2022-04-05,BACKFILL
2022-04-05,BTC,FLAT,-5.66,HIGH,45555.99,43206.74,-5.157,RIGHT,2022-04-06,BACKFILL
2022-04-05,GLD,HELD,4.83,MEDIUM,179.24,179.66,0.234,RIGHT,2022-04-06,BACKFILL
2022-04-05,QQQ,FLAT,-2.5,MEDIUM,351.71,344.08,-2.169,RIGHT,2022-04-06,BACKFILL
2022-04-06,BTC,FLAT,-10.45,HIGH,43206.74,43503.85,0.688,WRONG,2022-04-07,BACKFILL
2022-04-06,GLD,HELD,5.03,HIGH,179.66,180.34,0.378,RIGHT,2022-04-07,BACKFILL
2022-04-06,QQQ,FLAT,-4.57,MEDIUM,344.08,344.9,0.238,WRONG,2022-04-07,BACKFILL
2022-04-07,BTC,FLAT,-9.76,HIGH,43503.85,42287.66,-2.796,RIGHT,2022-04-08,BACKFILL
2022-04-07,GLD,HELD,5.39,HIGH,180.34,181.47,0.627,RIGHT,2022-04-08,BACKFILL
2022-04-07,QQQ,FLAT,-4.3,MEDIUM,344.9,340.08,-1.398,RIGHT,2022-04-08,BACKFILL
2022-04-08,BTC,FLAT,-12.19,HIGH,42287.66,39521.9,-6.54,RIGHT,2022-04-11,BACKFILL
2022-04-08,GLD,HELD,6.0,HIGH,181.47,182.37,0.496,RIGHT,2022-04-11,BACKFILL
2022-04-08,QQQ,FLAT,-5.58,HIGH,340.08,332.03,-2.367,RIGHT,2022-04-11,BACKFILL
2022-04-11,BTC,FLAT,-17.85,HIGH,39521.9,40127.18,1.532,WRONG,2022-04-12,BACKFILL
2022-04-11,GLD,HELD,6.47,HIGH,182.37,183.77,0.768,RIGHT,2022-04-12,BACKFILL
2022-04-11,QQQ,FLAT,-7.75,HIGH,332.03,330.63,-0.422,RIGHT,2022-04-12,BACKFILL
2022-04-12,BTC,FLAT,-16.52,HIGH,40127.18,41166.73,2.591,WRONG,2022-04-13,BACKFILL
2022-04-12,GLD,HELD,7.22,HIGH,183.77,184.65,0.479,RIGHT,2022-04-13,BACKFILL
2022-04-12,QQQ,FLAT,-8.07,HIGH,330.63,337.35,2.032,WRONG,2022-04-13,BACKFILL
2022-04-13,BTC,FLAT,-14.3,HIGH,41166.73,39935.52,-2.991,RIGHT,2022-04-14,BACKFILL
2022-04-13,GLD,HELD,7.66,HIGH,184.65,184.04,-0.33,WRONG,2022-04-14,BACKFILL
2022-04-13,QQQ,FLAT,-6.15,HIGH,337.35,329.63,-2.288,RIGHT,2022-04-14,BACKFILL
2022-04-14,BTC,FLAT,-16.81,HIGH,39935.52,40826.21,2.23,WRONG,2022-04-18,BACKFILL
2022-04-14,GLD,HELD,7.23,HIGH,184.04,184.61,0.31,RIGHT,2022-04-18,BACKFILL
2022-04-14,QQQ,FLAT,-8.24,HIGH,329.63,329.89,0.079,WRONG,2022-04-18,BACKFILL
2022-04-18,BTC,FLAT,-14.9,HIGH,40826.21,41502.75,1.657,WRONG,2022-04-19,BACKFILL
2022-04-18,GLD,HELD,7.5,HIGH,184.61,181.82,-1.511,WRONG,2022-04-19,BACKFILL
2022-04-18,QQQ,FLAT,-8.11,HIGH,329.89,337.26,2.234,WRONG,2022-04-19,BACKFILL
2022-04-19,BTC,FLAT,-13.42,HIGH,41502.75,41374.38,-0.309,RIGHT,2022-04-20,BACKFILL
2022-04-19,GLD,HELD,5.82,HIGH,181.82,182.71,0.489,RIGHT,2022-04-20,BACKFILL
2022-04-19,QQQ,FLAT,-6.01,HIGH,337.26,332.34,-1.459,RIGHT,2022-04-20,BACKFILL
2022-04-20,BTC,FLAT,-13.61,HIGH,41374.38,40527.36,-2.047,RIGHT,2022-04-21,BACKFILL
2022-04-20,GLD,HELD,6.27,HIGH,182.71,182.06,-0.356,WRONG,2022-04-21,BACKFILL
2022-04-20,QQQ,FLAT,-7.32,HIGH,332.34,325.47,-2.067,RIGHT,2022-04-21,BACKFILL
2022-04-21,BTC,FLAT,-15.29,HIGH,40527.36,39740.32,-1.942,RIGHT,2022-04-22,BACKFILL
2022-04-21,GLD,HELD,5.82,HIGH,182.06,180.29,-0.972,WRONG,2022-04-22,BACKFILL
2022-04-21,QQQ,FLAT,-9.16,HIGH,325.47,316.94,-2.621,RIGHT,2022-04-22,BACKFILL
2022-04-22,BTC,FLAT,-16.85,HIGH,39740.32,40458.31,1.807,WRONG,2022-04-25,BACKFILL
2022-04-22,GLD,HELD,4.73,MEDIUM,180.29,177.05,-1.797,WRONG,2022-04-25,BACKFILL
2022-04-22,QQQ,FLAT,-11.47,HIGH,316.94,321.01,1.284,WRONG,2022-04-25,BACKFILL
2022-04-25,BTC,FLAT,-15.32,HIGH,40458.31,38117.46,-5.786,RIGHT,2022-04-26,BACKFILL
2022-04-25,GLD,HELD,2.8,MEDIUM,177.05,177.32,0.152,RIGHT,2022-04-26,BACKFILL
2022-04-25,QQQ,FLAT,-10.27,HIGH,321.01,308.9,-3.772,RIGHT,2022-04-26,BACKFILL
2022-04-26,BTC,FLAT,-20.19,HIGH,38117.46,39241.12,2.948,WRONG,2022-04-27,BACKFILL
2022-04-26,GLD,HELD,2.91,MEDIUM,177.32,175.98,-0.756,WRONG,2022-04-27,BACKFILL
2022-04-26,QQQ,FLAT,-13.58,HIGH,308.9,308.53,-0.12,RIGHT,2022-04-27,BACKFILL
2022-04-27,BTC,FLAT,-17.79,HIGH,39241.12,39773.83,1.358,WRONG,2022-04-28,BACKFILL
2022-04-27,GLD,HELD,2.09,MEDIUM,175.98,176.93,0.54,RIGHT,2022-04-28,BACKFILL
2022-04-27,QQQ,FLAT,-13.61,HIGH,308.53,319.48,3.549,WRONG,2022-04-28,BACKFILL
2022-04-28,BTC,FLAT,-16.61,HIGH,39773.83,38609.82,-2.927,RIGHT,2022-04-29,BACKFILL
2022-04-28,GLD,HELD,2.59,MEDIUM,176.93,176.91,-0.011,WRONG,2022-04-29,BACKFILL
2022-04-28,QQQ,FLAT,-10.47,HIGH,319.48,305.11,-4.498,RIGHT,2022-04-29,BACKFILL
2022-04-29,BTC,FLAT,-19.01,HIGH,38609.82,38529.33,-0.208,RIGHT,2022-05-02,BACKFILL
2022-04-29,GLD,HELD,2.52,MEDIUM,176.91,173.63,-1.854,WRONG,2022-05-02,BACKFILL
2022-04-29,QQQ,FLAT,-14.4,HIGH,305.11,310.2,1.668,WRONG,2022-05-02,BACKFILL
2022-05-02,BTC,FLAT,-19.13,HIGH,38529.33,37750.45,-2.022,RIGHT,2022-05-03,BACKFILL
2022-05-02,GLD,HELD,0.58,LOW,173.63,174.09,0.265,RIGHT,2022-05-03,BACKFILL
2022-05-02,QQQ,FLAT,-12.89,HIGH,310.2,310.53,0.106,WRONG,2022-05-03,BACKFILL
2022-05-03,BTC,FLAT,-20.73,HIGH,37750.45,39698.37,5.16,WRONG,2022-05-04,BACKFILL
2022-05-03,GLD,HELD,0.8,LOW,174.09,175.8,0.982,RIGHT,2022-05-04,BACKFILL
2022-05-03,QQQ,FLAT,-12.74,HIGH,310.53,321.03,3.381,WRONG,2022-05-04,BACKFILL
2022-05-04,BTC,FLAT,-16.62,HIGH,39698.37,36575.14,-7.867,RIGHT,2022-05-05,BACKFILL
2022-05-04,GLD,HELD,1.73,LOW,175.8,175.13,-0.381,WRONG,2022-05-05,BACKFILL
2022-05-04,QQQ,FLAT,-9.74,HIGH,321.03,304.86,-5.037,RIGHT,2022-05-05,BACKFILL
2022-05-05,BTC,FLAT,-23.1,HIGH,36575.14,36040.92,-1.461,RIGHT,2022-05-06,BACKFILL
2022-05-05,GLD,HELD,1.3,LOW,175.13,175.42,0.166,RIGHT,2022-05-06,BACKFILL
2022-05-05,QQQ,FLAT,-14.22,HIGH,304.86,301.21,-1.197,RIGHT,2022-05-06,BACKFILL
2022-05-06,BTC,FLAT,-24.1,HIGH,36040.92,30296.95,-15.937,RIGHT,2022-05-09,BACKFILL
2022-05-06,GLD,HELD,1.43,LOW,175.42,172.88,-1.448,WRONG,2022-05-09,BACKFILL
2022-05-06,QQQ,FLAT,-15.17,HIGH,301.21,289.43,-3.911,RIGHT,2022-05-09,BACKFILL
2022-05-09,BTC,FLAT,-36.02,HIGH,30296.95,31022.91,2.396,WRONG,2022-05-10,BACKFILL
2022-05-09,GLD,HELD,-0.07,LOW,172.88,171.42,-0.845,WRONG,2022-05-10,BACKFILL
2022-05-09,QQQ,FLAT,-18.4,HIGH,289.43,292.94,1.213,WRONG,2022-05-10,BACKFILL
2022-05-10,BTC,FLAT,-34.3,HIGH,31022.91,28936.36,-6.726,RIGHT,2022-05-11,BACKFILL
2022-05-10,GLD,HELD,-0.94,LOW,171.42,172.82,0.817,RIGHT,2022-05-11,BACKFILL
2022-05-10,QQQ,FLAT,-17.33,HIGH,292.94,284.25,-2.966,RIGHT,2022-05-11,BACKFILL
2022-05-11,BTC,FLAT,-38.49,HIGH,28936.36,29047.75,0.385,WRONG,2022-05-12,BACKFILL
2022-05-11,GLD,HELD,-0.16,LOW,172.82,170.17,-1.533,WRONG,2022-05-12,BACKFILL
2022-05-11,QQQ,FLAT,-19.68,HIGH,284.25,283.58,-0.236,RIGHT,2022-05-12,BACKFILL
2022-05-12,BTC,FLAT,-38.04,HIGH,29047.75,29283.1,0.81,WRONG,2022-05-13,BACKFILL
2022-05-12,GLD,HELD,-1.71,LOW,170.17,168.79,-0.811,WRONG,2022-05-13,BACKFILL
2022-05-12,QQQ,FLAT,-19.77,HIGH,283.58,294.09,3.706,WRONG,2022-05-13,BACKFILL
2022-05-13,BTC,FLAT,-37.31,HIGH,29283.1,29862.92,1.98,WRONG,2022-05-16,BACKFILL
2022-05-13,GLD,HELD,-2.53,MEDIUM,168.79,170.4,0.954,RIGHT,2022-05-16,BACKFILL
2022-05-13,QQQ,FLAT,-16.71,HIGH,294.09,290.68,-1.16,RIGHT,2022-05-16,BACKFILL
2022-05-16,BTC,FLAT,-35.82,HIGH,29862.92,30425.86,1.885,WRONG,2022-05-17,BACKFILL
2022-05-16,GLD,HELD,-1.62,LOW,170.4,169.33,-0.628,WRONG,2022-05-17,BACKFILL
2022-05-16,QQQ,FLAT,-17.58,HIGH,290.68,298.21,2.59,WRONG,2022-05-17,BACKFILL
2022-05-17,BTC,FLAT,-34.37,HIGH,30425.86,28720.27,-5.606,RIGHT,2022-05-18,BACKFILL
2022-05-17,GLD,HELD,-2.26,MEDIUM,169.33,169.42,0.053,RIGHT,2022-05-18,BACKFILL
2022-05-17,QQQ,FLAT,-15.37,HIGH,298.21,283.57,-4.909,RIGHT,2022-05-18,BACKFILL
2022-05-18,BTC,FLAT,-37.79,HIGH,28720.27,30314.33,5.55,WRONG,2022-05-19,BACKFILL
2022-05-18,GLD,HELD,-2.21,MEDIUM,169.42,171.91,1.47,RIGHT,2022-05-19,BACKFILL
2022-05-18,QQQ,FLAT,-19.42,HIGH,283.57,282.05,-0.536,RIGHT,2022-05-19,BACKFILL
2022-05-19,BTC,FLAT,-34.08,HIGH,30314.33,29200.74,-3.673,RIGHT,2022-05-20,BACKFILL
2022-05-19,GLD,HELD,-0.79,LOW,171.91,172.03,0.07,RIGHT,2022-05-20,BACKFILL
2022-05-19,QQQ,FLAT,-19.74,HIGH,282.05,281.18,-0.308,RIGHT,2022-05-20,BACKFILL
2022-05-20,BTC,FLAT,-36.2,HIGH,29200.74,29098.91,-0.349,RIGHT,2022-05-23,BACKFILL
2022-05-20,GLD,HELD,-0.75,LOW,172.03,172.83,0.465,RIGHT,2022-05-23,BACKFILL
2022-05-20,QQQ,FLAT,-19.87,HIGH,281.18,285.85,1.661,WRONG,2022-05-23,BACKFILL
2022-05-23,BTC,FLAT,-36.12,HIGH,29098.91,29655.59,1.913,WRONG,2022-05-24,BACKFILL
2022-05-23,GLD,HELD,-0.31,LOW,172.83,174.13,0.752,RIGHT,2022-05-24,BACKFILL
2022-05-23,QQQ,FLAT,-18.42,HIGH,285.85,279.77,-2.127,RIGHT,2022-05-24,BACKFILL
2022-05-24,BTC,FLAT,-34.57,HIGH,29655.59,29562.36,-0.314,RIGHT,2022-05-25,BACKFILL
2022-05-24,GLD,HELD,0.4,LOW,174.13,173.08,-0.603,WRONG,2022-05-25,BACKFILL
2022-05-24,QQQ,FLAT,-20.03,HIGH,279.77,283.69,1.401,WRONG,2022-05-25,BACKFILL
2022-05-25,BTC,FLAT,-34.42,HIGH,29562.36,29267.22,-0.998,RIGHT,2022-05-26,BACKFILL
2022-05-25,GLD,HELD,-0.23,LOW,173.08,172.76,-0.185,WRONG,2022-05-26,BACKFILL
2022-05-25,QQQ,FLAT,-18.78,HIGH,283.69,291.55,2.771,WRONG,2022-05-26,BACKFILL
2022-05-26,BTC,FLAT,-34.76,HIGH,29267.22,28627.57,-2.186,RIGHT,2022-05-27,BACKFILL
2022-05-26,GLD,HELD,-0.44,LOW,172.76,172.85,0.052,RIGHT,2022-05-27,BACKFILL
2022-05-26,QQQ,FLAT,-16.41,HIGH,291.55,301.07,3.265,WRONG,2022-05-27,BACKFILL
2022-05-27,BTC,FLAT,-35.88,HIGH,28627.57,31792.31,11.055,WRONG,2022-05-31,BACKFILL
2022-05-27,GLD,HELD,-0.4,LOW,172.85,171.14,-0.989,WRONG,2022-05-31,BACKFILL
2022-05-27,QQQ,FLAT,-13.58,HIGH,301.07,300.27,-0.266,RIGHT,2022-05-31,BACKFILL
2022-05-31,BTC,FLAT,-28.46,HIGH,31792.31,29799.08,-6.27,RIGHT,2022-06-01,BACKFILL
2022-05-31,GLD,HELD,-1.4,LOW,171.14,172.23,0.637,RIGHT,2022-06-01,BACKFILL
2022-05-31,QQQ,FLAT,-13.7,HIGH,300.27,298.05,-0.739,RIGHT,2022-06-01,BACKFILL
2022-06-01,BTC,FLAT,-32.63,HIGH,29799.08,30467.49,2.243,WRONG,2022-06-02,BACKFILL
2022-06-01,GLD,HELD,-0.79,LOW,172.23,174.35,1.231,RIGHT,2022-06-02,BACKFILL
2022-06-01,QQQ,FLAT,-14.22,HIGH,298.05,306.21,2.738,WRONG,2022-06-02,BACKFILL
2022-06-02,BTC,FLAT,-30.83,HIGH,30467.49,29704.39,-2.505,RIGHT,2022-06-03,BACKFILL
2022-06-02,GLD,HELD,0.41,LOW,174.35,172.58,-1.015,WRONG,2022-06-03,BACKFILL
2022-06-02,QQQ,FLAT,-11.77,HIGH,306.21,298.24,-2.603,RIGHT,2022-06-03,BACKFILL
2022-06-03,BTC,FLAT,-32.24,HIGH,29704.39,31370.67,5.61,WRONG,2022-06-06,BACKFILL
2022-06-03,GLD,HELD,-0.62,LOW,172.58,171.82,-0.44,WRONG,2022-06-06,BACKFILL
2022-06-03,QQQ,FLAT,-13.94,HIGH,298.24,299.24,0.335,WRONG,2022-06-06,BACKFILL
2022-06-06,BTC,FLAT,-28.11,HIGH,31370.67,31155.48,-0.686,RIGHT,2022-06-07,BACKFILL
2022-06-06,GLD,HELD,-1.08,LOW,171.82,172.94,0.652,RIGHT,2022-06-07,BACKFILL
2022-06-06,QQQ,FLAT,-13.53,HIGH,299.24,301.82,0.862,WRONG,2022-06-07,BACKFILL
2022-06-07,BTC,FLAT,-28.27,HIGH,31155.48,30214.36,-3.021,RIGHT,2022-06-08,BACKFILL
2022-06-07,GLD,HELD,-0.46,LOW,172.94,172.78,-0.093,WRONG,2022-06-08,BACKFILL
2022-06-07,QQQ,FLAT,-12.65,HIGH,301.82,299.64,-0.722,RIGHT,2022-06-08,BACKFILL
2022-06-08,BTC,FLAT,-30.09,HIGH,30214.36,30112.0,-0.339,RIGHT,2022-06-09,BACKFILL
2022-06-08,GLD,HELD,-0.57,LOW,172.78,172.23,-0.318,WRONG,2022-06-09,BACKFILL
2022-06-08,QQQ,FLAT,-13.15,HIGH,299.64,291.62,-2.677,RIGHT,2022-06-09,BACKFILL
2022-06-09,BTC,FLAT,-29.97,HIGH,30112.0,29083.8,-3.415,RIGHT,2022-06-10,BACKFILL
2022-06-09,GLD,HELD,-0.91,LOW,172.23,174.54,1.341,RIGHT,2022-06-10,BACKFILL
2022-06-09,QQQ,FLAT,-15.33,HIGH,291.62,281.33,-3.529,RIGHT,2022-06-10,BACKFILL
2022-06-10,BTC,FLAT,-32.02,HIGH,29083.8,22487.39,-22.681,RIGHT,2022-06-13,BACKFILL
2022-06-10,GLD,HELD,0.39,LOW,174.54,169.93,-2.641,WRONG,2022-06-13,BACKFILL
2022-06-10,QQQ,FLAT,-18.15,HIGH,281.33,268.25,-4.649,RIGHT,2022-06-13,BACKFILL
2022-06-13,BTC,FLAT,-47.12,HIGH,22487.39,22206.79,-1.248,RIGHT,2022-06-14,BACKFILL
2022-06-13,GLD,HELD,-2.26,MEDIUM,169.93,168.57,-0.8,WRONG,2022-06-14,BACKFILL
2022-06-13,QQQ,FLAT,-21.78,HIGH,268.25,268.74,0.183,WRONG,2022-06-14,BACKFILL
2022-06-14,BTC,FLAT,-47.4,HIGH,22206.79,22572.84,1.648,WRONG,2022-06-15,BACKFILL
2022-06-14,GLD,HELD,-3.04,MEDIUM,168.57,170.77,1.305,RIGHT,2022-06-15,BACKFILL
2022-06-14,QQQ,FLAT,-21.45,HIGH,268.74,275.45,2.497,WRONG,2022-06-15,BACKFILL
2022-06-15,BTC,FLAT,-46.16,HIGH,22572.84,20381.65,-9.707,RIGHT,2022-06-16,BACKFILL
2022-06-15,GLD,HELD,-1.77,LOW,170.77,172.69,1.124,RIGHT,2022-06-16,BACKFILL
2022-06-15,QQQ,FLAT,-19.32,HIGH,275.45,264.34,-4.033,RIGHT,2022-06-16,BACKFILL
2022-06-16,BTC,FLAT,-51.04,HIGH,20381.65,20471.48,0.441,WRONG,2022-06-17,BACKFILL
2022-06-16,GLD,HELD,-0.66,LOW,172.69,171.27,-0.822,WRONG,2022-06-17,BACKFILL
2022-06-16,QQQ,FLAT,-22.4,HIGH,264.34,267.55,1.214,WRONG,2022-06-17,BACKFILL
2022-06-17,BTC,FLAT,-50.47,HIGH,20471.48,20710.6,1.168,WRONG,2022-06-21,BACKFILL
2022-06-17,GLD,HELD,-1.47,LOW,171.27,170.63,-0.374,WRONG,2022-06-21,BACKFILL
2022-06-17,QQQ,FLAT,-21.29,HIGH,267.55,274.3,2.523,WRONG,2022-06-21,BACKFILL
2022-06-21,BTC,FLAT,-49.54,HIGH,20710.6,19987.03,-3.494,RIGHT,2022-06-22,BACKFILL
2022-06-21,GLD,HELD,-1.82,LOW,170.63,171.31,0.399,RIGHT,2022-06-22,BACKFILL
2022-06-21,QQQ,FLAT,-19.13,HIGH,274.3,273.9,-0.146,RIGHT,2022-06-22,BACKFILL
2022-06-22,BTC,FLAT,-50.95,HIGH,19987.03,21085.88,5.498,WRONG,2022-06-23,BACKFILL
2022-06-22,GLD,HELD,-1.42,LOW,171.31,170.26,-0.613,WRONG,2022-06-23,BACKFILL
2022-06-22,QQQ,FLAT,-19.07,HIGH,273.9,277.98,1.49,WRONG,2022-06-23,BACKFILL
2022-06-23,BTC,FLAT,-47.92,HIGH,21085.88,21231.66,0.691,WRONG,2022-06-24,BACKFILL
2022-06-23,GLD,HELD,-2.02,MEDIUM,170.26,170.09,-0.1,WRONG,2022-06-24,BACKFILL
2022-06-23,QQQ,FLAT,-17.69,HIGH,277.98,287.5,3.425,WRONG,2022-06-24,BACKFILL
2022-06-24,BTC,FLAT,-47.22,HIGH,21231.66,20735.48,-2.337,RIGHT,2022-06-27,BACKFILL
2022-06-24,GLD,HELD,-2.1,MEDIUM,170.09,169.9,-0.112,WRONG,2022-06-27,BACKFILL
2022-06-24,QQQ,FLAT,-14.71,HIGH,287.5,285.4,-0.73,RIGHT,2022-06-27,BACKFILL
2022-06-27,BTC,FLAT,-48.15,HIGH,20735.48,20280.63,-2.194,RIGHT,2022-06-28,BACKFILL
2022-06-27,GLD,HELD,-2.19,MEDIUM,169.9,169.62,-0.165,WRONG,2022-06-28,BACKFILL
2022-06-27,QQQ,FLAT,-15.15,HIGH,285.4,276.7,-3.048,RIGHT,2022-06-28,BACKFILL
2022-06-28,BTC,FLAT,-48.96,HIGH,20280.63,20104.02,-0.871,RIGHT,2022-06-29,BACKFILL
2022-06-28,GLD,HELD,-2.34,MEDIUM,169.62,169.49,-0.077,WRONG,2022-06-29,BACKFILL
2022-06-28,QQQ,FLAT,-17.55,HIGH,276.7,276.95,0.09,WRONG,2022-06-29,BACKFILL
2022-06-29,BTC,FLAT,-49.1,HIGH,20104.02,19784.73,-1.588,RIGHT,2022-06-30,BACKFILL
2022-06-29,GLD,HELD,-2.42,MEDIUM,169.49,168.46,-0.608,WRONG,2022-06-30,BACKFILL
2022-06-29,QQQ,FLAT,-17.29,HIGH,276.95,273.52,-1.238,RIGHT,2022-06-30,BACKFILL
2022-06-30,BTC,FLAT,-49.58,HIGH,19784.73,19269.37,-2.605,RIGHT,2022-07-01,BACKFILL
2022-06-30,GLD,HELD,-3.02,MEDIUM,168.46,168.32,-0.083,WRONG,2022-07-01,BACKFILL
2022-06-30,QQQ,FLAT,-18.13,HIGH,273.52,275.33,0.662,WRONG,2022-07-01,BACKFILL
2022-07-01,BTC,FLAT,-50.59,HIGH,19269.37,20190.12,4.778,WRONG,2022-07-05,BACKFILL
2022-07-01,GLD,HELD,-3.1,MEDIUM,168.32,164.75,-2.121,WRONG,2022-07-05,BACKFILL
2022-07-01,QQQ,FLAT,-17.41,HIGH,275.33,280.04,1.711,WRONG,2022-07-05,BACKFILL
2022-07-05,BTC,FLAT,-47.93,HIGH,20190.12,20548.25,1.774,WRONG,2022-07-06,BACKFILL
2022-07-05,GLD,HELD,-5.15,HIGH,164.75,162.14,-1.584,WRONG,2022-07-06,BACKFILL
2022-07-05,QQQ,FLAT,-15.83,HIGH,280.04,281.83,0.639,WRONG,2022-07-06,BACKFILL
2022-07-06,BTC,FLAT,-46.66,HIGH,20548.25,21637.59,5.301,WRONG,2022-07-07,BACKFILL
2022-07-06,GLD,HELD,-6.64,HIGH,162.14,162.23,0.056,RIGHT,2022-07-07,BACKFILL
2022-07-06,QQQ,FLAT,-15.11,HIGH,281.83,287.87,2.143,WRONG,2022-07-07,BACKFILL
2022-07-07,BTC,FLAT,-43.49,HIGH,21637.59,21731.12,0.432,WRONG,2022-07-08,BACKFILL
2022-07-07,GLD,HELD,-6.57,HIGH,162.23,162.3,0.043,RIGHT,2022-07-08,BACKFILL
2022-07-07,QQQ,FLAT,-13.12,HIGH,287.87,288.23,0.125,WRONG,2022-07-08,BACKFILL
2022-07-08,BTC,FLAT,-42.89,HIGH,21731.12,19970.56,-8.102,RIGHT,2022-07-11,BACKFILL
2022-07-08,GLD,HELD,-6.52,HIGH,162.3,161.43,-0.536,WRONG,2022-07-11,BACKFILL
2022-07-08,QQQ,FLAT,-12.86,HIGH,288.23,282.07,-2.137,RIGHT,2022-07-11,BACKFILL
2022-07-11,BTC,FLAT,-47.18,HIGH,19970.56,19323.91,-3.238,RIGHT,2022-07-12,BACKFILL
2022-07-11,GLD,HELD,-7.01,HIGH,161.43,160.83,-0.372,WRONG,2022-07-12,BACKFILL
2022-07-11,QQQ,FLAT,-14.56,HIGH,282.07,279.34,-0.968,RIGHT,2022-07-12,BACKFILL
2022-07-12,BTC,FLAT,-48.58,HIGH,19323.91,20212.07,4.596,WRONG,2022-07-13,BACKFILL
2022-07-12,GLD,HELD,-7.33,HIGH,160.83,161.6,0.479,RIGHT,2022-07-13,BACKFILL
2022-07-12,QQQ,FLAT,-15.22,HIGH,279.34,278.76,-0.208,RIGHT,2022-07-13,BACKFILL
2022-07-13,BTC,FLAT,-45.93,HIGH,20212.07,20569.92,1.77,WRONG,2022-07-14,BACKFILL
2022-07-13,GLD,HELD,-6.87,HIGH,161.6,159.33,-1.405,WRONG,2022-07-14,BACKFILL
2022-07-13,QQQ,FLAT,-15.23,HIGH,278.76,279.76,0.359,WRONG,2022-07-14,BACKFILL
2022-07-14,BTC,FLAT,-44.67,HIGH,20569.92,20836.33,1.295,WRONG,2022-07-15,BACKFILL
2022-07-14,GLD,HELD,-8.15,HIGH,159.33,159.01,-0.201,WRONG,2022-07-15,BACKFILL
2022-07-14,QQQ,FLAT,-14.74,HIGH,279.76,284.83,1.812,WRONG,2022-07-15,BACKFILL
2022-07-15,BTC,FLAT,-43.65,HIGH,20836.33,22485.69,7.916,WRONG,2022-07-18,BACKFILL
2022-07-15,GLD,HELD,-8.31,HIGH,159.01,159.16,0.094,RIGHT,2022-07-18,BACKFILL
2022-07-15,QQQ,FLAT,-13.02,HIGH,284.83,282.42,-0.846,RIGHT,2022-07-18,BACKFILL
2022-07-18,BTC,FLAT,-38.92,HIGH,22485.69,23389.43,4.019,WRONG,2022-07-19,BACKFILL
2022-07-18,GLD,HELD,-8.2,HIGH,159.16,159.54,0.239,RIGHT,2022-07-19,BACKFILL
2022-07-18,QQQ,FLAT,-13.58,HIGH,282.42,291.11,3.077,WRONG,2022-07-19,BACKFILL
2022-07-19,BTC,FLAT,-36.19,HIGH,23389.43,23231.73,-0.674,RIGHT,2022-07-20,BACKFILL
2022-07-19,GLD,HELD,-7.95,HIGH,159.54,158.04,-0.94,WRONG,2022-07-20,BACKFILL
2022-07-19,QQQ,FLAT,-10.74,HIGH,291.11,295.72,1.584,WRONG,2022-07-20,BACKFILL
2022-07-20,BTC,FLAT,-36.34,HIGH,23231.73,23164.63,-0.289,RIGHT,2022-07-21,BACKFILL
2022-07-20,GLD,HELD,-8.79,HIGH,158.04,160.27,1.411,RIGHT,2022-07-21,BACKFILL
2022-07-20,QQQ,FLAT,-9.17,HIGH,295.72,299.97,1.437,WRONG,2022-07-21,BACKFILL
2022-07-21,BTC,FLAT,-36.26,HIGH,23164.63,22714.98,-1.941,RIGHT,2022-07-22,BACKFILL
2022-07-21,GLD,HELD,-7.48,HIGH,160.27,160.67,0.25,RIGHT,2022-07-22,BACKFILL
2022-07-21,QQQ,FLAT,-7.72,HIGH,299.97,294.71,-1.754,RIGHT,2022-07-22,BACKFILL
2022-07-22,BTC,FLAT,-37.19,HIGH,22714.98,21361.7,-5.958,RIGHT,2022-07-25,BACKFILL
2022-07-22,GLD,HELD,-7.23,HIGH,160.67,160.23,-0.274,WRONG,2022-07-25,BACKFILL
2022-07-22,QQQ,FLAT,-9.17,HIGH,294.71,293.03,-0.57,RIGHT,2022-07-25,BACKFILL
2022-07-25,BTC,FLAT,-40.65,HIGH,21361.7,21239.75,-0.571,RIGHT,2022-07-26,BACKFILL
2022-07-25,GLD,HELD,-7.46,HIGH,160.23,160.04,-0.119,WRONG,2022-07-26,BACKFILL
2022-07-25,QQQ,FLAT,-9.53,HIGH,293.03,287.27,-1.966,RIGHT,2022-07-26,BACKFILL
2022-07-26,BTC,FLAT,-40.71,HIGH,21239.75,22930.55,7.961,WRONG,2022-07-27,BACKFILL
2022-07-26,GLD,HELD,-7.54,HIGH,160.04,161.67,1.018,RIGHT,2022-07-27,BACKFILL
2022-07-26,QQQ,FLAT,-11.15,HIGH,287.27,299.41,4.226,WRONG,2022-07-27,BACKFILL
2022-07-27,BTC,FLAT,-35.7,HIGH,22930.55,23843.89,3.983,WRONG,2022-07-28,BACKFILL
2022-07-27,GLD,HELD,-6.58,HIGH,161.67,163.64,1.219,RIGHT,2022-07-28,BACKFILL
2022-07-27,QQQ,FLAT,-7.26,HIGH,299.41,302.34,0.979,WRONG,2022-07-28,BACKFILL
2022-07-28,BTC,FLAT,-32.83,HIGH,23843.89,23804.63,-0.165,RIGHT,2022-07-29,BACKFILL
2022-07-28,GLD,HELD,-5.43,HIGH,163.64,164.1,0.281,RIGHT,2022-07-29,BACKFILL
2022-07-28,QQQ,FLAT,-6.21,HIGH,302.34,307.85,1.822,WRONG,2022-07-29,BACKFILL
2022-07-29,BTC,FLAT,-32.62,HIGH,23804.63,23314.2,-2.06,RIGHT,2022-08-01,BACKFILL
2022-07-29,GLD,HELD,-5.15,HIGH,164.1,165.03,0.567,RIGHT,2022-08-01,BACKFILL
2022-07-29,QQQ,FLAT,-4.35,MEDIUM,307.85,307.67,-0.058,RIGHT,2022-08-01,BACKFILL
2022-08-01,BTC,FLAT,-33.67,HIGH,23314.2,22978.12,-1.442,RIGHT,2022-08-02,BACKFILL
2022-08-01,GLD,HELD,-4.59,MEDIUM,165.03,164.05,-0.594,WRONG,2022-08-02,BACKFILL
2022-08-01,QQQ,FLAT,-4.25,MEDIUM,307.67,306.75,-0.299,RIGHT,2022-08-02,BACKFILL
2022-08-02,BTC,FLAT,-34.28,HIGH,22978.12,22846.51,-0.573,RIGHT,2022-08-03,BACKFILL
2022-08-02,GLD,HELD,-5.14,HIGH,164.05,164.45,0.244,RIGHT,2022-08-03,BACKFILL
2022-08-02,QQQ,FLAT,-4.37,MEDIUM,306.75,315.1,2.722,WRONG,2022-08-03,BACKFILL
2022-08-03,BTC,FLAT,-34.35,HIGH,22846.51,22630.96,-0.943,RIGHT,2022-08-04,BACKFILL
2022-08-03,GLD,HELD,-4.89,MEDIUM,164.45,167.17,1.654,RIGHT,2022-08-04,BACKFILL
2022-08-03,QQQ,FLAT,-1.61,LOW,315.1,316.58,0.47,WRONG,2022-08-04,BACKFILL
2022-08-04,BTC,FLAT,-34.67,HIGH,22630.96,23289.31,2.909,WRONG,2022-08-05,BACKFILL
2022-08-04,GLD,HELD,-3.32,MEDIUM,167.17,165.29,-1.125,WRONG,2022-08-05,BACKFILL
2022-08-04,QQQ,FLAT,-0.99,LOW,316.58,313.99,-0.818,RIGHT,2022-08-05,BACKFILL
2022-08-05,BTC,FLAT,-32.46,HIGH,23289.31,23809.49,2.234,WRONG,2022-08-08,BACKFILL
2022-08-05,GLD,HELD,-4.39,MEDIUM,165.29,166.69,0.847,RIGHT,2022-08-08,BACKFILL
2022-08-05,QQQ,FLAT,-1.65,LOW,313.99,312.97,-0.325,RIGHT,2022-08-08,BACKFILL
2022-08-08,BTC,FLAT,-30.65,HIGH,23809.49,23164.32,-2.71,RIGHT,2022-08-09,BACKFILL
2022-08-08,GLD,HELD,-3.56,MEDIUM,166.69,167.2,0.306,RIGHT,2022-08-09,BACKFILL
2022-08-08,QQQ,FLAT,-1.82,LOW,312.97,309.43,-1.131,RIGHT,2022-08-09,BACKFILL
2022-08-09,BTC,FLAT,-32.22,HIGH,23164.32,23947.64,3.382,WRONG,2022-08-10,BACKFILL
2022-08-09,GLD,HELD,-3.26,MEDIUM,167.2,166.78,-0.251,WRONG,2022-08-10,BACKFILL
2022-08-09,QQQ,FLAT,-2.76,MEDIUM,309.43,318.07,2.792,WRONG,2022-08-10,BACKFILL
2022-08-10,BTC,FLAT,-29.63,HIGH,23947.64,23957.53,0.041,WRONG,2022-08-11,BACKFILL
2022-08-10,GLD,HELD,-3.49,MEDIUM,166.78,166.34,-0.264,WRONG,2022-08-11,BACKFILL
2022-08-10,QQQ,LONG,0.1,LOW,318.07,316.26,-0.569,WRONG,2022-08-11,BACKFILL
2022-08-11,BTC,FLAT,-29.33,HIGH,23957.53,24402.82,1.859,WRONG,2022-08-12,BACKFILL
2022-08-11,GLD,HELD,-3.74,MEDIUM,166.34,167.87,0.92,RIGHT,2022-08-12,BACKFILL
2022-08-11,QQQ,FLAT,-0.35,LOW,316.26,322.42,1.948,WRONG,2022-08-12,BACKFILL
2022-08-12,BTC,FLAT,-27.74,HIGH,24402.82,24136.97,-1.089,RIGHT,2022-08-15,BACKFILL
2022-08-12,GLD,HELD,-2.86,MEDIUM,167.87,165.71,-1.287,WRONG,2022-08-15,BACKFILL
2022-08-12,QQQ,LONG,1.7,LOW,322.42,325.03,0.81,RIGHT,2022-08-15,BACKFILL
2022-08-15,BTC,FLAT,-28.29,HIGH,24136.97,23883.29,-1.051,RIGHT,2022-08-16,BACKFILL
2022-08-15,GLD,HELD,-4.1,MEDIUM,165.71,165.42,-0.175,WRONG,2022-08-16,BACKFILL
2022-08-15,QQQ,LONG,2.62,MEDIUM,325.03,324.27,-0.234,WRONG,2022-08-16,BACKFILL
2022-08-16,BTC,FLAT,-28.79,HIGH,23883.29,23336.0,-2.292,RIGHT,2022-08-17,BACKFILL
2022-08-16,GLD,HELD,-4.26,MEDIUM,165.42,164.35,-0.647,WRONG,2022-08-17,BACKFILL
2022-08-16,QQQ,LONG,2.47,MEDIUM,324.27,320.57,-1.141,WRONG,2022-08-17,BACKFILL
2022-08-17,BTC,FLAT,-30.15,HIGH,23336.0,23212.74,-0.528,RIGHT,2022-08-18,BACKFILL
2022-08-17,GLD,HELD,-4.85,MEDIUM,164.35,163.92,-0.262,WRONG,2022-08-18,BACKFILL
2022-08-17,QQQ,LONG,1.42,LOW,320.57,321.34,0.24,RIGHT,2022-08-18,BACKFILL
2022-08-18,BTC,FLAT,-30.23,HIGH,23212.74,20877.55,-10.06,RIGHT,2022-08-19,BACKFILL
2022-08-18,GLD,HELD,-5.08,HIGH,163.92,162.72,-0.732,WRONG,2022-08-19,BACKFILL
2022-08-18,QQQ,LONG,1.79,LOW,321.34,315.07,-1.951,WRONG,2022-08-19,BACKFILL
2022-08-19,BTC,FLAT,-36.97,HIGH,20877.55,21398.91,2.497,WRONG,2022-08-22,BACKFILL
2022-08-19,GLD,HELD,-5.75,HIGH,162.72,161.64,-0.664,WRONG,2022-08-22,BACKFILL
2022-08-19,QQQ,FLAT,-0.09,LOW,315.07,306.78,-2.631,RIGHT,2022-08-22,BACKFILL
2022-08-22,BTC,FLAT,-35.12,HIGH,21398.91,21528.09,0.604,WRONG,2022-08-23,BACKFILL
2022-08-22,GLD,HELD,-6.34,HIGH,161.64,162.77,0.699,RIGHT,2022-08-23,BACKFILL
2022-08-22,QQQ,FLAT,-2.59,MEDIUM,306.78,306.52,-0.085,RIGHT,2022-08-23,BACKFILL
2022-08-23,BTC,FLAT,-34.45,HIGH,21528.09,21395.02,-0.618,RIGHT,2022-08-24,BACKFILL
2022-08-23,GLD,HELD,-5.66,HIGH,162.77,163.25,0.295,RIGHT,2022-08-24,BACKFILL
2022-08-23,QQQ,FLAT,-2.56,MEDIUM,306.52,307.41,0.29,WRONG,2022-08-24,BACKFILL
2022-08-24,BTC,FLAT,-34.58,HIGH,21395.02,21600.9,0.962,WRONG,2022-08-25,BACKFILL
2022-08-24,GLD,HELD,-5.35,HIGH,163.25,163.75,0.306,RIGHT,2022-08-25,BACKFILL
2022-08-24,QQQ,FLAT,-2.18,MEDIUM,307.41,312.85,1.77,WRONG,2022-08-25,BACKFILL
2022-08-25,BTC,FLAT,-33.7,HIGH,21600.9,20260.02,-6.208,RIGHT,2022-08-26,BACKFILL
2022-08-25,GLD,HELD,-5.03,HIGH,163.75,161.76,-1.215,WRONG,2022-08-26,BACKFILL
2022-08-25,QQQ,FLAT,-0.36,LOW,312.85,300.02,-4.101,RIGHT,2022-08-26,BACKFILL
2022-08-26,BTC,FLAT,-37.61,HIGH,20260.02,20297.99,0.187,WRONG,2022-08-29,BACKFILL
2022-08-26,GLD,HELD,-6.15,HIGH,161.76,161.86,0.062,RIGHT,2022-08-29,BACKFILL
2022-08-26,QQQ,FLAT,-4.36,MEDIUM,300.02,297.07,-0.983,RIGHT,2022-08-29,BACKFILL
2022-08-29,BTC,FLAT,-37.28,HIGH,20297.99,19796.81,-2.469,RIGHT,2022-08-30,BACKFILL
2022-08-29,GLD,HELD,-6.06,HIGH,161.86,160.51,-0.834,WRONG,2022-08-30,BACKFILL
2022-08-29,QQQ,FLAT,-5.21,HIGH,297.07,293.76,-1.114,RIGHT,2022-08-30,BACKFILL
2022-08-30,BTC,FLAT,-38.61,HIGH,19796.81,20049.76,1.278,WRONG,2022-08-31,BACKFILL
2022-08-30,GLD,HELD,-6.8,HIGH,160.51,159.27,-0.773,WRONG,2022-08-31,BACKFILL
2022-08-30,QQQ,FLAT,-6.18,HIGH,293.76,292.05,-0.582,RIGHT,2022-08-31,BACKFILL
2022-08-31,BTC,FLAT,-37.61,HIGH,20049.76,20127.14,0.386,WRONG,2022-09-01,BACKFILL
2022-08-31,GLD,HELD,-7.48,HIGH,159.27,157.87,-0.879,WRONG,2022-09-01,BACKFILL
2022-08-31,QQQ,FLAT,-6.64,HIGH,292.05,292.18,0.045,WRONG,2022-09-01,BACKFILL
2022-09-01,BTC,FLAT,-37.15,HIGH,20127.14,19969.77,-0.782,RIGHT,2022-09-02,BACKFILL
2022-09-01,GLD,HELD,-8.26,HIGH,157.87,159.26,0.88,RIGHT,2022-09-02,BACKFILL
2022-09-01,QQQ,FLAT,-6.52,HIGH,292.18,288.05,-1.414,RIGHT,2022-09-02,BACKFILL
2022-09-02,BTC,FLAT,-37.4,HIGH,19969.77,18837.67,-5.669,RIGHT,2022-09-06,BACKFILL
2022-09-02,GLD,HELD,-7.42,HIGH,159.26,158.33,-0.584,WRONG,2022-09-06,BACKFILL
2022-09-02,QQQ,FLAT,-7.74,HIGH,288.05,285.98,-0.719,RIGHT,2022-09-06,BACKFILL
2022-09-06,BTC,FLAT,-40.71,HIGH,18837.67,19290.32,2.403,WRONG,2022-09-07,BACKFILL
2022-09-06,GLD,HELD,-7.93,HIGH,158.33,159.94,1.017,RIGHT,2022-09-07,BACKFILL
2022-09-06,QQQ,FLAT,-8.27,HIGH,285.98,291.76,2.021,WRONG,2022-09-07,BACKFILL
2022-09-07,BTC,FLAT,-39.04,HIGH,19290.32,19329.83,0.205,WRONG,2022-09-08,BACKFILL
2022-09-07,GLD,HELD,-6.96,HIGH,159.94,158.98,-0.6,WRONG,2022-09-08,BACKFILL
2022-09-07,QQQ,FLAT,-6.29,HIGH,291.76,293.27,0.518,WRONG,2022-09-08,BACKFILL
2022-09-08,BTC,FLAT,-38.68,HIGH,19329.83,21381.15,10.612,WRONG,2022-09-09,BACKFILL
2022-09-08,GLD,HELD,-7.49,HIGH,158.98,159.82,0.528,RIGHT,2022-09-09,BACKFILL
2022-09-08,QQQ,FLAT,-5.67,HIGH,293.27,299.68,2.186,WRONG,2022-09-09,BACKFILL
2022-09-09,BTC,FLAT,-31.95,HIGH,21381.15,22370.45,4.627,WRONG,2022-09-12,BACKFILL
2022-09-09,GLD,HELD,-6.97,HIGH,159.82,160.63,0.507,RIGHT,2022-09-12,BACKFILL
2022-09-09,QQQ,FLAT,-3.52,MEDIUM,299.68,303.25,1.191,WRONG,2022-09-12,BACKFILL
2022-09-12,BTC,FLAT,-28.51,HIGH,22370.45,20296.71,-9.27,RIGHT,2022-09-13,BACKFILL
2022-09-12,GLD,HELD,-6.47,HIGH,160.63,158.54,-1.301,WRONG,2022-09-13,BACKFILL
2022-09-12,QQQ,FLAT,-2.27,MEDIUM,303.25,286.62,-5.484,RIGHT,2022-09-13,BACKFILL
2022-09-13,BTC,FLAT,-34.81,HIGH,20296.71,20241.09,-0.274,RIGHT,2022-09-14,BACKFILL
2022-09-13,GLD,HELD,-7.64,HIGH,158.54,157.93,-0.385,WRONG,2022-09-14,BACKFILL
2022-09-13,QQQ,FLAT,-7.51,HIGH,286.62,288.89,0.792,WRONG,2022-09-14,BACKFILL
2022-09-14,BTC,FLAT,-34.66,HIGH,20241.09,19701.21,-2.667,RIGHT,2022-09-15,BACKFILL
2022-09-14,GLD,HELD,-7.95,HIGH,157.93,154.98,-1.868,WRONG,2022-09-15,BACKFILL
2022-09-14,QQQ,FLAT,-6.66,HIGH,288.89,284.08,-1.665,RIGHT,2022-09-15,BACKFILL
2022-09-15,BTC,FLAT,-36.06,HIGH,19701.21,19772.58,0.362,WRONG,2022-09-16,BACKFILL
2022-09-15,GLD,HELD,-9.61,HIGH,154.98,155.84,0.555,RIGHT,2022-09-16,BACKFILL
2022-09-15,QQQ,FLAT,-8.07,HIGH,284.08,282.34,-0.613,RIGHT,2022-09-16,BACKFILL
2022-09-16,BTC,FLAT,-35.5,HIGH,19772.58,19544.13,-1.155,RIGHT,2022-09-19,BACKFILL
2022-09-16,GLD,HELD,-9.06,HIGH,155.84,155.96,0.077,RIGHT,2022-09-19,BACKFILL
2022-09-16,QQQ,FLAT,-8.5,HIGH,282.34,284.54,0.779,WRONG,2022-09-19,BACKFILL
2022-09-19,BTC,FLAT,-35.92,HIGH,19544.13,18890.79,-3.343,RIGHT,2022-09-20,BACKFILL
2022-09-19,GLD,HELD,-8.93,HIGH,155.96,155.07,-0.571,WRONG,2022-09-20,BACKFILL
2022-09-19,QQQ,FLAT,-7.68,HIGH,284.54,282.27,-0.798,RIGHT,2022-09-20,BACKFILL
2022-09-20,BTC,FLAT,-37.74,HIGH,18890.79,18547.4,-1.818,RIGHT,2022-09-21,BACKFILL
2022-09-20,GLD,HELD,-9.38,HIGH,155.07,155.79,0.464,RIGHT,2022-09-21,BACKFILL
2022-09-20,QQQ,FLAT,-8.31,HIGH,282.27,277.22,-1.789,RIGHT,2022-09-21,BACKFILL
2022-09-21,BTC,FLAT,-38.52,HIGH,18547.4,19413.55,4.67,WRONG,2022-09-22,BACKFILL
2022-09-21,GLD,HELD,-8.89,HIGH,155.79,155.7,-0.058,WRONG,2022-09-22,BACKFILL
2022-09-21,QQQ,FLAT,-9.82,HIGH,277.22,273.81,-1.23,RIGHT,2022-09-22,BACKFILL
2022-09-22,BTC,FLAT,-35.3,HIGH,19413.55,19297.64,-0.597,RIGHT,2022-09-23,BACKFILL
2022-09-22,GLD,HELD,-8.88,HIGH,155.7,153.01,-1.728,WRONG,2022-09-23,BACKFILL
2022-09-22,QQQ,FLAT,-10.78,HIGH,273.81,269.35,-1.629,RIGHT,2022-09-23,BACKFILL
2022-09-23,BTC,FLAT,-35.38,HIGH,19297.64,19222.67,-0.388,RIGHT,2022-09-26,BACKFILL
2022-09-23,GLD,HELD,-10.37,HIGH,153.01,151.23,-1.163,WRONG,2022-09-26,BACKFILL
2022-09-23,QQQ,FLAT,-12.11,HIGH,269.35,268.23,-0.416,RIGHT,2022-09-26,BACKFILL
2022-09-26,BTC,FLAT,-35.33,HIGH,19222.67,19110.55,-0.583,RIGHT,2022-09-27,BACKFILL
2022-09-26,GLD,HELD,-11.32,HIGH,151.23,151.54,0.205,RIGHT,2022-09-27,BACKFILL
2022-09-26,QQQ,FLAT,-12.35,HIGH,268.23,268.34,0.041,WRONG,2022-09-27,BACKFILL
2022-09-27,BTC,FLAT,-35.43,HIGH,19110.55,19426.72,1.654,WRONG,2022-09-28,BACKFILL
2022-09-27,GLD,HELD,-11.05,HIGH,151.54,154.69,2.079,RIGHT,2022-09-28,BACKFILL
2022-09-27,QQQ,FLAT,-12.2,HIGH,268.34,273.68,1.99,WRONG,2022-09-28,BACKFILL
2022-09-28,BTC,FLAT,-34.1,HIGH,19426.72,19573.05,0.753,WRONG,2022-09-29,BACKFILL
2022-09-28,GLD,HELD,-9.12,HIGH,154.69,154.66,-0.019,WRONG,2022-09-29,BACKFILL
2022-09-28,QQQ,FLAT,-10.36,HIGH,273.68,265.79,-2.883,RIGHT,2022-09-29,BACKFILL
2022-09-29,BTC,FLAT,-33.32,HIGH,19573.05,19431.79,-0.722,RIGHT,2022-09-30,BACKFILL
2022-09-29,GLD,HELD,-9.05,HIGH,154.66,154.67,0.006,RIGHT,2022-09-30,BACKFILL
2022-09-29,QQQ,FLAT,-12.82,HIGH,265.79,261.28,-1.697,RIGHT,2022-09-30,BACKFILL
2022-09-30,BTC,FLAT,-33.5,HIGH,19431.79,19623.58,0.987,WRONG,2022-10-03,BACKFILL
2022-09-30,GLD,HELD,-8.97,HIGH,154.67,158.43,2.431,RIGHT,2022-10-03,BACKFILL
2022-09-30,QQQ,FLAT,-14.16,HIGH,261.28,267.41,2.346,WRONG,2022-10-03,BACKFILL
2022-10-03,BTC,FLAT,-32.48,HIGH,19623.58,20336.84,3.635,WRONG,2022-10-04,BACKFILL
2022-10-03,GLD,HELD,-6.68,HIGH,158.43,160.7,1.433,RIGHT,2022-10-04,BACKFILL
2022-10-03,QQQ,FLAT,-12.01,HIGH,267.41,275.82,3.145,WRONG,2022-10-04,BACKFILL
2022-10-04,BTC,FLAT,-29.64,HIGH,20336.84,20160.72,-0.866,RIGHT,2022-10-05,BACKFILL
2022-10-04,GLD,HELD,-5.27,HIGH,160.7,159.81,-0.554,WRONG,2022-10-05,BACKFILL
2022-10-04,QQQ,FLAT,-9.13,HIGH,275.82,275.67,-0.054,RIGHT,2022-10-05,BACKFILL
2022-10-05,BTC,FLAT,-29.87,HIGH,20160.72,19955.44,-1.018,RIGHT,2022-10-06,BACKFILL
2022-10-05,GLD,HELD,-5.72,HIGH,159.81,159.63,-0.113,WRONG,2022-10-06,BACKFILL
2022-10-05,QQQ,FLAT,-9.06,HIGH,275.67,273.5,-0.787,RIGHT,2022-10-06,BACKFILL
2022-10-06,BTC,FLAT,-30.22,HIGH,19955.44,19546.85,-2.048,RIGHT,2022-10-07,BACKFILL
2022-10-06,GLD,HELD,-5.75,HIGH,159.63,157.88,-1.096,WRONG,2022-10-07,BACKFILL
2022-10-06,QQQ,FLAT,-9.66,HIGH,273.5,263.08,-3.81,RIGHT,2022-10-07,BACKFILL
2022-10-07,BTC,FLAT,-31.33,HIGH,19546.85,19141.48,-2.074,RIGHT,2022-10-10,BACKFILL
2022-10-07,GLD,HELD,-6.69,HIGH,157.88,155.48,-1.52,WRONG,2022-10-10,BACKFILL
2022-10-07,QQQ,FLAT,-12.97,HIGH,263.08,260.45,-1.0,RIGHT,2022-10-10,BACKFILL
2022-10-10,BTC,FLAT,-32.46,HIGH,19141.48,19051.42,-0.47,RIGHT,2022-10-11,BACKFILL
2022-10-10,GLD,HELD,-7.99,HIGH,155.48,155.16,-0.206,WRONG,2022-10-11,BACKFILL
2022-10-10,QQQ,FLAT,-13.74,HIGH,260.45,256.87,-1.375,RIGHT,2022-10-11,BACKFILL
2022-10-11,BTC,FLAT,-32.46,HIGH,19051.42,19157.45,0.557,WRONG,2022-10-12,BACKFILL
2022-10-11,GLD,HELD,-8.05,HIGH,155.16,155.99,0.535,RIGHT,2022-10-12,BACKFILL
2022-10-11,QQQ,FLAT,-14.81,HIGH,256.87,256.79,-0.031,RIGHT,2022-10-12,BACKFILL
2022-10-12,BTC,FLAT,-31.72,HIGH,19157.45,19382.9,1.177,WRONG,2022-10-13,BACKFILL
2022-10-12,GLD,HELD,-7.45,HIGH,155.99,154.91,-0.692,WRONG,2022-10-13,BACKFILL
2022-10-12,QQQ,FLAT,-14.71,HIGH,256.79,262.81,2.344,WRONG,2022-10-13,BACKFILL
2022-10-13,BTC,FLAT,-30.58,HIGH,19382.9,19185.66,-1.018,RIGHT,2022-10-14,BACKFILL
2022-10-13,GLD,HELD,-7.98,HIGH,154.91,152.98,-1.246,WRONG,2022-10-14,BACKFILL
2022-10-13,QQQ,FLAT,-12.6,HIGH,262.81,254.91,-3.006,RIGHT,2022-10-14,BACKFILL
2022-10-14,BTC,FLAT,-30.96,HIGH,19185.66,19550.76,1.903,WRONG,2022-10-17,BACKFILL
2022-10-14,GLD,HELD,-9.01,HIGH,152.98,153.42,0.288,RIGHT,2022-10-17,BACKFILL
2022-10-14,QQQ,FLAT,-15.11,HIGH,254.91,263.33,3.303,WRONG,2022-10-17,BACKFILL
2022-10-17,BTC,FLAT,-29.31,HIGH,19550.76,19334.42,-1.107,RIGHT,2022-10-18,BACKFILL
2022-10-17,GLD,HELD,-8.64,HIGH,153.42,153.75,0.215,RIGHT,2022-10-18,BACKFILL
2022-10-17,QQQ,FLAT,-12.22,HIGH,263.33,265.41,0.79,WRONG,2022-10-18,BACKFILL
2022-10-18,BTC,FLAT,-29.75,HIGH,19334.42,19139.54,-1.008,RIGHT,2022-10-19,BACKFILL
2022-10-18,GLD,HELD,-8.35,HIGH,153.75,151.69,-1.34,WRONG,2022-10-19,BACKFILL
2022-10-18,QQQ,FLAT,-11.42,HIGH,265.41,264.44,-0.365,RIGHT,2022-10-19,BACKFILL
2022-10-19,BTC,FLAT,-30.09,HIGH,19139.54,19053.74,-0.448,RIGHT,2022-10-20,BACKFILL
2022-10-19,GLD,HELD,-9.48,HIGH,151.69,151.45,-0.158,WRONG,2022-10-20,BACKFILL
2022-10-19,QQQ,FLAT,-11.61,HIGH,264.44,263.09,-0.511,RIGHT,2022-10-20,BACKFILL
2022-10-20,BTC,FLAT,-30.03,HIGH,19053.74,19172.47,0.623,WRONG,2022-10-21,BACKFILL
2022-10-20,GLD,HELD,-9.52,HIGH,151.45,154.15,1.783,RIGHT,2022-10-21,BACKFILL
2022-10-20,QQQ,FLAT,-11.92,HIGH,263.09,269.26,2.345,WRONG,2022-10-21,BACKFILL
2022-10-21,BTC,FLAT,-29.2,HIGH,19172.47,19345.57,0.903,WRONG,2022-10-24,BACKFILL
2022-10-21,GLD,HELD,-7.81,HIGH,154.15,153.65,-0.324,WRONG,2022-10-24,BACKFILL
2022-10-21,QQQ,FLAT,-9.71,HIGH,269.26,272.22,1.099,WRONG,2022-10-24,BACKFILL
2022-10-24,BTC,FLAT,-28.18,HIGH,19345.57,20095.86,3.878,WRONG,2022-10-25,BACKFILL
2022-10-24,GLD,HELD,-8.01,HIGH,153.65,154.0,0.228,RIGHT,2022-10-25,BACKFILL
2022-10-24,QQQ,FLAT,-8.57,HIGH,272.22,277.85,2.068,WRONG,2022-10-25,BACKFILL
2022-10-25,BTC,FLAT,-24.98,HIGH,20095.86,20770.44,3.357,WRONG,2022-10-26,BACKFILL
2022-10-25,GLD,HELD,-7.71,HIGH,154.0,154.98,0.636,RIGHT,2022-10-26,BACKFILL
2022-10-25,QQQ,FLAT,-6.54,HIGH,277.85,271.71,-2.21,RIGHT,2022-10-26,BACKFILL
2022-10-26,BTC,FLAT,-22.03,HIGH,20770.44,20285.84,-2.333,RIGHT,2022-10-27,BACKFILL
2022-10-26,GLD,HELD,-7.02,HIGH,154.98,154.74,-0.155,WRONG,2022-10-27,BACKFILL
2022-10-26,QQQ,FLAT,-8.46,HIGH,271.71,266.77,-1.818,RIGHT,2022-10-27,BACKFILL
2022-10-27,BTC,FLAT,-23.4,HIGH,20285.84,20595.35,1.526,WRONG,2022-10-28,BACKFILL
2022-10-27,GLD,HELD,-7.06,HIGH,154.74,153.16,-1.021,WRONG,2022-10-28,BACKFILL
2022-10-27,QQQ,FLAT,-9.95,HIGH,266.77,274.93,3.059,WRONG,2022-10-28,BACKFILL
2022-10-28,BTC,FLAT,-21.76,HIGH,20595.35,20495.77,-0.484,RIGHT,2022-10-31,BACKFILL
2022-10-28,GLD,HELD,-7.9,HIGH,153.16,151.91,-0.816,WRONG,2022-10-31,BACKFILL
2022-10-28,QQQ,FLAT,-7.04,HIGH,274.93,271.73,-1.164,RIGHT,2022-10-31,BACKFILL
2022-10-31,BTC,FLAT,-21.61,HIGH,20495.77,20485.27,-0.051,RIGHT,2022-11-01,BACKFILL
2022-10-31,GLD,HELD,-8.55,HIGH,151.91,153.46,1.02,RIGHT,2022-11-01,BACKFILL
2022-10-31,QQQ,FLAT,-7.95,HIGH,271.73,268.96,-1.019,RIGHT,2022-11-01,BACKFILL
2022-11-01,BTC,FLAT,-21.11,HIGH,20485.27,20159.5,-1.59,RIGHT,2022-11-02,BACKFILL
2022-11-01,GLD,HELD,-7.52,HIGH,153.46,152.39,-0.697,WRONG,2022-11-02,BACKFILL
2022-11-01,QQQ,FLAT,-8.7,HIGH,268.96,259.74,-3.428,RIGHT,2022-11-02,BACKFILL
2022-11-02,BTC,FLAT,-21.82,HIGH,20159.5,20209.99,0.25,WRONG,2022-11-03,BACKFILL
2022-11-02,GLD,HELD,-8.06,HIGH,152.39,151.81,-0.381,WRONG,2022-11-03,BACKFILL
2022-11-02,QQQ,FLAT,-11.63,HIGH,259.74,254.66,-1.956,RIGHT,2022-11-03,BACKFILL
2022-11-03,BTC,FLAT,-21.11,HIGH,20209.99,21147.23,4.638,WRONG,2022-11-04,BACKFILL
2022-11-03,GLD,HELD,-8.31,HIGH,151.81,156.47,3.07,RIGHT,2022-11-04,BACKFILL
2022-11-03,QQQ,FLAT,-13.16,HIGH,254.66,258.76,1.61,WRONG,2022-11-04,BACKFILL
2022-11-04,BTC,FLAT,-16.91,HIGH,21147.23,20602.82,-2.574,RIGHT,2022-11-07,BACKFILL
2022-11-04,GLD,HELD,-5.41,HIGH,156.47,155.85,-0.396,WRONG,2022-11-07,BACKFILL
2022-11-04,QQQ,FLAT,-11.58,HIGH,258.76,261.61,1.101,WRONG,2022-11-07,BACKFILL
2022-11-07,BTC,FLAT,-18.49,HIGH,20602.82,18541.27,-10.006,RIGHT,2022-11-08,BACKFILL
2022-11-07,GLD,HELD,-5.69,HIGH,155.85,159.45,2.31,RIGHT,2022-11-08,BACKFILL
2022-11-07,QQQ,FLAT,-10.4,HIGH,261.61,263.51,0.726,WRONG,2022-11-08,BACKFILL
2022-11-08,BTC,FLAT,-26.12,HIGH,18541.27,15880.78,-14.349,RIGHT,2022-11-09,BACKFILL
2022-11-08,GLD,HELD,-3.43,MEDIUM,159.45,158.65,-0.502,WRONG,2022-11-09,BACKFILL
2022-11-08,QQQ,FLAT,-9.57,HIGH,263.51,257.43,-2.307,RIGHT,2022-11-09,BACKFILL
2022-11-09,BTC,FLAT,-36.26,HIGH,15880.78,17586.77,10.742,WRONG,2022-11-10,BACKFILL
2022-11-09,GLD,HELD,-3.83,MEDIUM,158.65,163.48,3.044,RIGHT,2022-11-10,BACKFILL
2022-11-09,QQQ,FLAT,-11.48,HIGH,257.43,276.43,7.381,WRONG,2022-11-10,BACKFILL
2022-11-10,BTC,FLAT,-28.92,HIGH,17586.77,17034.29,-3.141,RIGHT,2022-11-11,BACKFILL
2022-11-10,GLD,HELD,-0.84,LOW,163.48,164.56,0.661,RIGHT,2022-11-11,BACKFILL
2022-11-10,QQQ,FLAT,-4.8,MEDIUM,276.43,281.52,1.841,WRONG,2022-11-11,BACKFILL
2022-11-11,BTC,FLAT,-30.68,HIGH,17034.29,16618.2,-2.443,RIGHT,2022-11-14,BACKFILL
2022-11-11,GLD,HELD,-0.12,LOW,164.56,164.92,0.219,RIGHT,2022-11-14,BACKFILL
2022-11-11,QQQ,FLAT,-2.92,MEDIUM,281.52,279.06,-0.874,RIGHT,2022-11-14,BACKFILL
2022-11-14,BTC,FLAT,-31.95,HIGH,16618.2,16884.61,1.603,WRONG,2022-11-15,BACKFILL
2022-11-14,GLD,HELD,0.17,LOW,164.92,165.5,0.352,RIGHT,2022-11-15,BACKFILL
2022-11-14,QQQ,FLAT,-3.65,MEDIUM,279.06,282.92,1.383,WRONG,2022-11-15,BACKFILL
2022-11-15,BTC,FLAT,-30.42,HIGH,16884.61,16669.44,-1.274,RIGHT,2022-11-16,BACKFILL
2022-11-15,GLD,HELD,0.6,LOW,165.5,165.12,-0.23,WRONG,2022-11-16,BACKFILL
2022-11-15,QQQ,FLAT,-2.21,MEDIUM,282.92,279.06,-1.364,RIGHT,2022-11-16,BACKFILL
2022-11-16,BTC,FLAT,-30.84,HIGH,16669.44,16687.52,0.108,WRONG,2022-11-17,BACKFILL
2022-11-16,GLD,HELD,0.45,LOW,165.12,163.92,-0.727,WRONG,2022-11-17,BACKFILL
2022-11-16,QQQ,FLAT,-3.41,MEDIUM,279.06,278.44,-0.222,RIGHT,2022-11-17,BACKFILL
2022-11-17,BTC,FLAT,-30.32,HIGH,16687.52,16697.78,0.061,WRONG,2022-11-18,BACKFILL
2022-11-17,GLD,HELD,-0.2,LOW,163.92,162.79,-0.689,WRONG,2022-11-18,BACKFILL
2022-11-17,QQQ,FLAT,-3.51,MEDIUM,278.44,278.45,0.004,WRONG,2022-11-18,BACKFILL
2022-11-18,BTC,FLAT,-29.8,HIGH,16697.78,15787.28,-5.453,RIGHT,2022-11-21,BACKFILL
2022-11-18,GLD,HELD,-0.8,LOW,162.79,161.88,-0.559,WRONG,2022-11-21,BACKFILL
2022-11-18,QQQ,FLAT,-3.39,MEDIUM,278.45,275.59,-1.027,RIGHT,2022-11-21,BACKFILL
2022-11-21,BTC,FLAT,-33.15,HIGH,15787.28,16189.77,2.549,WRONG,2022-11-22,BACKFILL
2022-11-21,GLD,HELD,-1.27,LOW,161.88,162.07,0.117,RIGHT,2022-11-22,BACKFILL
2022-11-21,QQQ,FLAT,-4.25,MEDIUM,275.59,279.55,1.437,WRONG,2022-11-22,BACKFILL
2022-11-22,BTC,FLAT,-30.95,HIGH,16189.77,16610.71,2.6,WRONG,2022-11-23,BACKFILL
2022-11-22,GLD,HELD,-1.08,LOW,162.07,163.08,0.623,RIGHT,2022-11-23,BACKFILL
2022-11-22,QQQ,FLAT,-2.75,MEDIUM,279.55,282.36,1.005,WRONG,2022-11-23,BACKFILL
2022-11-23,BTC,FLAT,-28.67,HIGH,16610.71,16521.84,-0.535,RIGHT,2022-11-25,BACKFILL
2022-11-23,GLD,HELD,-0.38,LOW,163.08,163.22,0.086,RIGHT,2022-11-25,BACKFILL
2022-11-23,QQQ,FLAT,-1.68,LOW,282.36,280.5,-0.659,RIGHT,2022-11-25,BACKFILL
2022-11-25,BTC,FLAT,-28.58,HIGH,16521.84,16217.32,-1.843,RIGHT,2022-11-28,BACKFILL
2022-11-25,GLD,HELD,-0.23,LOW,163.22,161.93,-0.79,WRONG,2022-11-28,BACKFILL
2022-11-25,QQQ,FLAT,-2.24,MEDIUM,280.5,276.39,-1.465,RIGHT,2022-11-28,BACKFILL
2022-11-28,BTC,FLAT,-29.4,HIGH,16217.32,16444.98,1.404,WRONG,2022-11-29,BACKFILL
2022-11-28,GLD,HELD,-0.95,LOW,161.93,162.73,0.494,RIGHT,2022-11-29,BACKFILL
2022-11-28,QQQ,FLAT,-3.58,MEDIUM,276.39,274.3,-0.756,RIGHT,2022-11-29,BACKFILL
2022-11-29,BTC,FLAT,-27.96,HIGH,16444.98,17168.57,4.4,WRONG,2022-11-30,BACKFILL
2022-11-29,GLD,HELD,-0.41,LOW,162.73,164.81,1.278,RIGHT,2022-11-30,BACKFILL
2022-11-29,QQQ,FLAT,-4.23,MEDIUM,274.3,286.8,4.557,WRONG,2022-11-30,BACKFILL
2022-11-30,BTC,FLAT,-24.3,HIGH,17168.57,16967.13,-1.173,RIGHT,2022-12-01,BACKFILL
2022-11-30,GLD,HELD,0.91,LOW,164.81,167.84,1.838,RIGHT,2022-12-01,BACKFILL
2022-11-30,QQQ,LONG,0.19,LOW,286.8,287.15,0.122,RIGHT,2022-12-01,BACKFILL
2022-12-01,BTC,FLAT,-24.68,HIGH,16967.13,17088.66,0.716,WRONG,2022-12-02,BACKFILL
2022-12-01,GLD,HELD,2.81,MEDIUM,167.84,167.26,-0.346,WRONG,2022-12-02,BACKFILL
2022-12-01,QQQ,LONG,0.38,LOW,287.15,286.01,-0.397,WRONG,2022-12-02,BACKFILL
2022-12-02,BTC,FLAT,-23.66,HIGH,17088.66,16974.83,-0.666,RIGHT,2022-12-05,BACKFILL
2022-12-02,GLD,HELD,2.49,MEDIUM,167.26,164.39,-1.716,WRONG,2022-12-05,BACKFILL
2022-12-02,QQQ,LONG,0.03,LOW,286.01,281.21,-1.678,WRONG,2022-12-05,BACKFILL
2022-12-05,BTC,FLAT,-23.68,HIGH,16974.83,17089.5,0.676,WRONG,2022-12-06,BACKFILL
2022-12-05,GLD,HELD,0.77,LOW,164.39,164.84,0.274,RIGHT,2022-12-06,BACKFILL
2022-12-05,QQQ,FLAT,-1.58,LOW,281.21,275.38,-2.073,RIGHT,2022-12-06,BACKFILL
2022-12-06,BTC,FLAT,-22.68,HIGH,17089.5,16848.13,-1.412,RIGHT,2022-12-07,BACKFILL
2022-12-06,GLD,HELD,1.09,LOW,164.84,166.33,0.904,RIGHT,2022-12-07,BACKFILL
2022-12-06,QQQ,FLAT,-3.54,MEDIUM,275.38,274.26,-0.407,RIGHT,2022-12-07,BACKFILL
2022-12-07,BTC,FLAT,-23.24,HIGH,16848.13,17233.47,2.287,WRONG,2022-12-08,BACKFILL
2022-12-07,GLD,HELD,2.04,MEDIUM,166.33,166.47,0.084,RIGHT,2022-12-08,BACKFILL
2022-12-07,QQQ,FLAT,-3.83,MEDIUM,274.26,277.5,1.181,WRONG,2022-12-08,BACKFILL
2022-12-08,BTC,FLAT,-21.02,HIGH,17233.47,17133.15,-0.582,RIGHT,2022-12-09,BACKFILL
2022-12-08,GLD,HELD,2.16,MEDIUM,166.47,167.06,0.354,RIGHT,2022-12-09,BACKFILL
2022-12-08,QQQ,FLAT,-2.63,MEDIUM,277.5,275.73,-0.638,RIGHT,2022-12-09,BACKFILL
2022-12-09,BTC,FLAT,-21.03,HIGH,17133.15,17206.44,0.428,WRONG,2022-12-12,BACKFILL
2022-12-09,GLD,HELD,2.56,MEDIUM,167.06,165.68,-0.826,WRONG,2022-12-12,BACKFILL
2022-12-09,QQQ,FLAT,-3.2,MEDIUM,275.73,279.19,1.255,WRONG,2022-12-12,BACKFILL
2022-12-12,BTC,FLAT,-20.37,HIGH,17206.44,17781.32,3.341,WRONG,2022-12-13,BACKFILL
2022-12-12,GLD,HELD,1.74,LOW,165.68,168.51,1.708,RIGHT,2022-12-13,BACKFILL
2022-12-12,QQQ,FLAT,-1.96,LOW,279.19,282.19,1.075,WRONG,2022-12-13,BACKFILL
2022-12-13,BTC,FLAT,-17.37,HIGH,17781.32,17815.65,0.193,WRONG,2022-12-14,BACKFILL
2022-12-13,GLD,HELD,3.49,MEDIUM,168.51,168.1,-0.243,WRONG,2022-12-14,BACKFILL
2022-12-13,QQQ,FLAT,-0.88,LOW,282.19,280.1,-0.741,RIGHT,2022-12-14,BACKFILL
2022-12-14,BTC,FLAT,-16.93,HIGH,17815.65,17364.87,-2.53,RIGHT,2022-12-15,BACKFILL
2022-12-14,GLD,HELD,3.26,MEDIUM,168.1,165.35,-1.636,WRONG,2022-12-15,BACKFILL
2022-12-14,QQQ,FLAT,-1.6,LOW,280.1,270.7,-3.356,RIGHT,2022-12-15,BACKFILL
2022-12-15,BTC,FLAT,-18.73,HIGH,17364.87,16647.48,-4.131,RIGHT,2022-12-16,BACKFILL
2022-12-15,GLD,HELD,1.59,LOW,165.35,166.79,0.871,RIGHT,2022-12-16,BACKFILL
2022-12-15,QQQ,FLAT,-4.88,MEDIUM,270.7,268.12,-0.953,RIGHT,2022-12-16,BACKFILL
2022-12-16,BTC,FLAT,-21.78,HIGH,16647.48,16439.68,-1.248,RIGHT,2022-12-19,BACKFILL
2022-12-16,GLD,HELD,2.48,MEDIUM,166.79,166.32,-0.282,WRONG,2022-12-19,BACKFILL
2022-12-16,QQQ,FLAT,-5.73,HIGH,268.12,264.35,-1.406,RIGHT,2022-12-19,BACKFILL
2022-12-19,BTC,FLAT,-22.43,HIGH,16439.68,16906.3,2.838,WRONG,2022-12-20,BACKFILL
2022-12-19,GLD,HELD,2.21,MEDIUM,166.32,169.08,1.659,RIGHT,2022-12-20,BACKFILL
2022-12-19,QQQ,FLAT,-6.99,HIGH,264.35,264.14,-0.079,RIGHT,2022-12-20,BACKFILL
2022-12-20,BTC,FLAT,-19.89,HIGH,16906.3,16817.54,-0.525,RIGHT,2022-12-21,BACKFILL
2022-12-20,GLD,HELD,3.91,MEDIUM,169.08,168.8,-0.166,WRONG,2022-12-21,BACKFILL
2022-12-20,QQQ,FLAT,-6.99,HIGH,264.14,267.97,1.45,WRONG,2022-12-21,BACKFILL
2022-12-21,BTC,FLAT,-20.01,HIGH,16817.54,16830.34,0.076,WRONG,2022-12-22,BACKFILL
2022-12-21,GLD,HELD,3.74,MEDIUM,168.8,166.76,-1.209,WRONG,2022-12-22,BACKFILL
2022-12-21,QQQ,FLAT,-5.61,HIGH,267.97,261.42,-2.444,RIGHT,2022-12-22,BACKFILL
2022-12-22,BTC,FLAT,-19.6,HIGH,16830.34,16796.95,-0.198,RIGHT,2022-12-23,BACKFILL
2022-12-22,GLD,HELD,2.51,MEDIUM,166.76,167.26,0.3,RIGHT,2022-12-23,BACKFILL
2022-12-22,QQQ,FLAT,-7.87,HIGH,261.42,262.01,0.226,WRONG,2022-12-23,BACKFILL
2022-12-23,BTC,FLAT,-19.45,HIGH,16796.95,16717.17,-0.475,RIGHT,2022-12-27,BACKFILL
2022-12-23,GLD,HELD,2.83,MEDIUM,167.26,168.67,0.843,RIGHT,2022-12-27,BACKFILL
2022-12-23,QQQ,FLAT,-7.62,HIGH,262.01,258.3,-1.416,RIGHT,2022-12-27,BACKFILL
2022-12-27,BTC,FLAT,-19.51,HIGH,16717.17,16552.57,-0.985,RIGHT,2022-12-28,BACKFILL
2022-12-27,GLD,HELD,3.72,MEDIUM,168.67,167.91,-0.451,WRONG,2022-12-28,BACKFILL
2022-12-27,QQQ,FLAT,-8.87,HIGH,258.3,254.89,-1.32,RIGHT,2022-12-28,BACKFILL
2022-12-28,BTC,FLAT,-19.97,HIGH,16552.57,16642.34,0.542,WRONG,2022-12-29,BACKFILL
2022-12-28,GLD,HELD,3.28,MEDIUM,167.91,168.85,0.56,RIGHT,2022-12-29,BACKFILL
2022-12-28,QQQ,FLAT,-10.02,HIGH,254.89,261.1,2.436,WRONG,2022-12-29,BACKFILL
2022-12-29,BTC,FLAT,-19.2,HIGH,16642.34,16602.59,-0.239,RIGHT,2022-12-30,BACKFILL
2022-12-29,GLD,HELD,3.87,MEDIUM,168.85,169.64,0.468,RIGHT,2022-12-30,BACKFILL
2022-12-29,QQQ,FLAT,-7.78,HIGH,261.1,260.95,-0.057,RIGHT,2022-12-30,BACKFILL
2022-12-30,BTC,FLAT,-19.06,HIGH,16602.59,16679.86,0.465,WRONG,2023-01-03,BACKFILL
2022-12-30,GLD,HELD,4.37,MEDIUM,169.64,171.06,0.837,RIGHT,2023-01-03,BACKFILL
2022-12-30,QQQ,FLAT,-7.77,HIGH,260.95,259.18,-0.678,RIGHT,2023-01-03,BACKFILL
2023-01-03,BTC,FLAT,-18.36,HIGH,16679.86,16863.24,1.099,WRONG,2023-01-04,BACKFILL
2023-01-03,GLD,HELD,5.25,HIGH,171.06,172.67,0.941,RIGHT,2023-01-04,BACKFILL
2023-01-03,QQQ,FLAT,-8.3,HIGH,259.18,260.42,0.478,WRONG,2023-01-04,BACKFILL
2023-01-04,BTC,FLAT,-17.06,HIGH,16863.24,16836.74,-0.157,RIGHT,2023-01-05,BACKFILL
2023-01-04,GLD,HELD,6.24,HIGH,172.67,170.52,-1.245,WRONG,2023-01-05,BACKFILL
2023-01-04,QQQ,FLAT,-7.78,HIGH,260.42,256.34,-1.567,RIGHT,2023-01-05,BACKFILL
2023-01-05,BTC,FLAT,-16.84,HIGH,16836.74,16951.97,0.684,WRONG,2023-01-06,BACKFILL
2023-01-05,GLD,HELD,4.92,MEDIUM,170.52,173.71,1.871,RIGHT,2023-01-06,BACKFILL
2023-01-05,QQQ,FLAT,-9.13,HIGH,256.34,263.42,2.762,WRONG,2023-01-06,BACKFILL
2023-01-06,BTC,FLAT,-15.89,HIGH,16951.97,17196.55,1.443,WRONG,2023-01-09,BACKFILL
2023-01-06,GLD,HELD,6.89,HIGH,173.71,174.1,0.225,RIGHT,2023-01-09,BACKFILL
2023-01-06,QQQ,FLAT,-6.53,HIGH,263.42,265.12,0.645,WRONG,2023-01-09,BACKFILL
2023-01-09,BTC,FLAT,-14.33,HIGH,17196.55,17446.29,1.452,WRONG,2023-01-10,BACKFILL
2023-01-09,GLD,HELD,7.12,HIGH,174.1,174.74,0.368,RIGHT,2023-01-10,BACKFILL
2023-01-09,QQQ,FLAT,-5.85,HIGH,265.12,267.37,0.849,WRONG,2023-01-10,BACKFILL
2023-01-10,BTC,FLAT,-12.68,HIGH,17446.29,17934.9,2.801,WRONG,2023-01-11,BACKFILL
2023-01-10,GLD,HELD,7.5,HIGH,174.74,174.62,-0.069,WRONG,2023-01-11,BACKFILL
2023-01-10,QQQ,FLAT,-4.98,MEDIUM,267.37,271.99,1.728,WRONG,2023-01-11,BACKFILL
2023-01-11,BTC,FLAT,-9.84,HIGH,17934.9,18869.59,5.212,WRONG,2023-01-12,BACKFILL
2023-01-11,GLD,HELD,7.42,HIGH,174.62,176.64,1.157,RIGHT,2023-01-12,BACKFILL
2023-01-11,QQQ,FLAT,-3.27,MEDIUM,271.99,273.46,0.54,WRONG,2023-01-12,BACKFILL
2023-01-12,BTC,FLAT,-4.77,MEDIUM,18869.59,19909.57,5.511,WRONG,2023-01-13,BACKFILL
2023-01-12,GLD,HELD,8.65,HIGH,176.64,178.76,1.2,RIGHT,2023-01-13,BACKFILL
2023-01-12,QQQ,FLAT,-2.69,MEDIUM,273.46,275.34,0.687,WRONG,2023-01-13,BACKFILL
2023-01-13,BTC,LONG,0.82,LOW,19909.57,21161.52,6.288,RIGHT,2023-01-17,BACKFILL
2023-01-13,GLD,HELD,9.92,HIGH,178.76,177.59,-0.655,WRONG,2023-01-17,BACKFILL
2023-01-13,QQQ,FLAT,-1.98,LOW,275.34,275.9,0.203,WRONG,2023-01-17,BACKFILL
2023-01-17,BTC,LONG,7.45,HIGH,21161.52,20688.78,-2.234,WRONG,2023-01-18,BACKFILL
2023-01-17,GLD,HELD,9.19,HIGH,177.59,177.08,-0.287,WRONG,2023-01-18,BACKFILL
2023-01-17,QQQ,FLAT,-1.77,LOW,275.9,272.32,-1.298,RIGHT,2023-01-18,BACKFILL
2023-01-18,BTC,LONG,5.11,HIGH,20688.78,21086.79,1.924,RIGHT,2023-01-19,BACKFILL
2023-01-18,GLD,HELD,8.84,HIGH,177.08,179.89,1.587,RIGHT,2023-01-19,BACKFILL
2023-01-18,QQQ,FLAT,-3.05,MEDIUM,272.32,269.64,-0.984,RIGHT,2023-01-19,BACKFILL
2023-01-19,BTC,LONG,7.17,HIGH,21086.79,22676.55,7.539,RIGHT,2023-01-20,BACKFILL
2023-01-19,GLD,HELD,10.52,HIGH,179.89,179.29,-0.334,WRONG,2023-01-20,BACKFILL
2023-01-19,QQQ,FLAT,-4.01,MEDIUM,269.64,277.02,2.737,WRONG,2023-01-20,BACKFILL
2023-01-20,BTC,LONG,15.25,HIGH,22676.55,22934.43,1.137,RIGHT,2023-01-23,BACKFILL
2023-01-20,GLD,HELD,10.11,HIGH,179.29,179.63,0.19,RIGHT,2023-01-23,BACKFILL
2023-01-20,QQQ,FLAT,-1.39,LOW,277.02,283.17,2.22,WRONG,2023-01-23,BACKFILL
2023-01-23,BTC,LONG,16.46,HIGH,22934.43,22636.47,-1.299,WRONG,2023-01-24,BACKFILL
2023-01-23,GLD,HELD,10.29,HIGH,179.63,180.28,0.362,RIGHT,2023-01-24,BACKFILL
2023-01-23,QQQ,LONG,0.76,LOW,283.17,282.6,-0.201,WRONG,2023-01-24,BACKFILL
2023-01-24,BTC,LONG,14.86,HIGH,22636.47,23117.86,2.127,RIGHT,2023-01-25,BACKFILL
2023-01-24,GLD,HELD,10.65,HIGH,180.28,181.11,0.46,RIGHT,2023-01-25,BACKFILL
2023-01-24,QQQ,LONG,0.52,LOW,282.6,281.97,-0.223,WRONG,2023-01-25,BACKFILL
2023-01-25,BTC,LONG,17.21,HIGH,23117.86,23032.78,-0.368,WRONG,2023-01-26,BACKFILL
2023-01-25,GLD,HELD,11.11,HIGH,181.11,179.47,-0.906,WRONG,2023-01-26,BACKFILL
2023-01-25,QQQ,LONG,0.28,LOW,281.97,287.47,1.951,RIGHT,2023-01-26,BACKFILL
2023-01-26,BTC,LONG,16.66,HIGH,23032.78,23078.73,0.199,RIGHT,2023-01-27,BACKFILL
2023-01-26,GLD,HELD,10.07,HIGH,179.47,179.22,-0.139,WRONG,2023-01-27,BACKFILL
2023-01-26,QQQ,LONG,2.2,MEDIUM,287.47,290.33,0.995,RIGHT,2023-01-27,BACKFILL
2023-01-27,BTC,LONG,16.81,HIGH,23078.73,22840.14,-1.034,WRONG,2023-01-30,BACKFILL
2023-01-27,GLD,HELD,9.87,HIGH,179.22,178.76,-0.257,WRONG,2023-01-30,BACKFILL
2023-01-27,QQQ,LONG,3.19,MEDIUM,290.33,284.46,-2.022,WRONG,2023-01-30,BACKFILL
2023-01-30,BTC,LONG,15.54,HIGH,22840.14,23139.28,1.31,RIGHT,2023-01-31,BACKFILL
2023-01-30,GLD,HELD,9.55,HIGH,178.76,179.41,0.364,RIGHT,2023-01-31,BACKFILL
2023-01-30,QQQ,LONG,1.11,LOW,284.46,288.72,1.498,RIGHT,2023-01-31,BACKFILL
2023-01-31,BTC,LONG,16.96,HIGH,23139.28,23723.77,2.526,RIGHT,2023-02-01,BACKFILL
2023-01-31,GLD,HELD,9.91,HIGH,179.41,181.67,1.26,RIGHT,2023-02-01,BACKFILL
2023-01-31,QQQ,LONG,2.61,MEDIUM,288.72,294.89,2.137,RIGHT,2023-02-01,BACKFILL
2023-02-01,BTC,LONG,19.78,HIGH,23723.77,23471.87,-1.062,WRONG,2023-02-02,BACKFILL
2023-02-01,GLD,HELD,11.24,HIGH,181.67,177.9,-2.075,WRONG,2023-02-02,BACKFILL
2023-02-01,QQQ,LONG,4.76,MEDIUM,294.89,305.48,3.591,RIGHT,2023-02-02,BACKFILL
2023-02-02,BTC,LONG,18.37,HIGH,23471.87,23449.32,-0.096,WRONG,2023-02-03,BACKFILL
2023-02-02,GLD,HELD,8.89,HIGH,177.9,173.46,-2.496,WRONG,2023-02-03,BACKFILL
2023-02-02,QQQ,LONG,8.45,HIGH,305.48,300.05,-1.778,WRONG,2023-02-03,BACKFILL
2023-02-03,BTC,LONG,18.11,HIGH,23449.32,22760.11,-2.939,WRONG,2023-02-06,BACKFILL
2023-02-03,GLD,HELD,6.15,HIGH,173.46,173.82,0.208,RIGHT,2023-02-06,BACKFILL
2023-02-03,QQQ,LONG,6.46,HIGH,300.05,297.51,-0.847,WRONG,2023-02-06,BACKFILL
2023-02-06,BTC,LONG,14.5,HIGH,22760.11,23264.29,2.215,RIGHT,2023-02-07,BACKFILL
2023-02-06,GLD,HELD,6.35,HIGH,173.82,173.98,0.092,RIGHT,2023-02-07,BACKFILL
2023-02-06,QQQ,LONG,5.5,HIGH,297.51,303.67,2.071,RIGHT,2023-02-07,BACKFILL
2023-02-07,BTC,LONG,16.92,HIGH,23264.29,22939.4,-1.397,WRONG,2023-02-08,BACKFILL
2023-02-07,GLD,HELD,6.41,HIGH,173.98,174.41,0.247,RIGHT,2023-02-08,BACKFILL
2023-02-07,QQQ,LONG,7.62,HIGH,303.67,298.28,-1.775,WRONG,2023-02-08,BACKFILL
2023-02-08,BTC,LONG,15.2,HIGH,22939.4,21819.04,-4.884,WRONG,2023-02-09,BACKFILL
2023-02-08,GLD,HELD,6.62,HIGH,174.41,173.03,-0.791,WRONG,2023-02-09,BACKFILL
2023-02-08,QQQ,LONG,5.67,HIGH,298.28,295.64,-0.885,WRONG,2023-02-09,BACKFILL
2023-02-09,BTC,LONG,9.56,HIGH,21819.04,21651.18,-0.769,WRONG,2023-02-10,BACKFILL
2023-02-09,GLD,HELD,5.73,HIGH,173.03,173.36,0.191,RIGHT,2023-02-10,BACKFILL
2023-02-09,QQQ,LONG,4.72,MEDIUM,295.64,293.7,-0.656,WRONG,2023-02-10,BACKFILL
2023-02-10,BTC,LONG,8.72,HIGH,21651.18,21808.1,0.725,RIGHT,2023-02-13,BACKFILL
2023-02-10,GLD,HELD,5.88,HIGH,173.36,172.48,-0.508,WRONG,2023-02-13,BACKFILL
2023-02-10,QQQ,LONG,4.02,MEDIUM,293.7,298.4,1.6,RIGHT,2023-02-13,BACKFILL
2023-02-13,BTC,LONG,9.44,HIGH,21808.1,22220.8,1.892,RIGHT,2023-02-14,BACKFILL
2023-02-13,GLD,HELD,5.3,HIGH,172.48,172.61,0.075,RIGHT,2023-02-14,BACKFILL
2023-02-13,QQQ,LONG,5.64,HIGH,298.4,300.61,0.741,RIGHT,2023-02-14,BACKFILL
2023-02-14,BTC,LONG,11.41,HIGH,22220.8,24307.84,9.392,RIGHT,2023-02-15,BACKFILL
2023-02-14,GLD,HELD,5.32,HIGH,172.61,170.89,-0.996,WRONG,2023-02-15,BACKFILL
2023-02-14,QQQ,LONG,6.37,HIGH,300.61,302.91,0.765,RIGHT,2023-02-15,BACKFILL
2023-02-15,BTC,LONG,21.7,HIGH,24307.84,23623.47,-2.815,WRONG,2023-02-16,BACKFILL
2023-02-15,GLD,HELD,4.24,MEDIUM,170.89,170.75,-0.082,WRONG,2023-02-16,BACKFILL
2023-02-15,QQQ,LONG,7.12,HIGH,302.91,297.23,-1.875,WRONG,2023-02-16,BACKFILL
2023-02-16,BTC,LONG,18.16,HIGH,23623.47,24565.6,3.988,RIGHT,2023-02-17,BACKFILL
2023-02-16,GLD,HELD,4.1,MEDIUM,170.75,171.26,0.299,RIGHT,2023-02-17,BACKFILL
2023-02-16,QQQ,LONG,5.07,HIGH,297.23,295.13,-0.707,WRONG,2023-02-17,BACKFILL
2023-02-17,BTC,LONG,22.72,HIGH,24565.6,24436.35,-0.526,WRONG,2023-02-21,BACKFILL
2023-02-17,GLD,HELD,4.36,MEDIUM,171.26,170.62,-0.374,WRONG,2023-02-21,BACKFILL
2023-02-17,QQQ,LONG,4.3,MEDIUM,295.13,288.14,-2.368,WRONG,2023-02-21,BACKFILL
2023-02-21,BTC,LONG,21.99,HIGH,24436.35,24188.84,-1.013,WRONG,2023-02-22,BACKFILL
2023-02-21,GLD,HELD,3.92,MEDIUM,170.62,169.66,-0.563,WRONG,2023-02-22,BACKFILL
2023-02-21,QQQ,LONG,1.82,LOW,288.14,288.36,0.076,RIGHT,2023-02-22,BACKFILL
2023-02-22,BTC,LONG,20.72,HIGH,24188.84,23947.49,-0.998,WRONG,2023-02-23,BACKFILL
2023-02-22,GLD,HELD,3.29,MEDIUM,169.66,169.57,-0.053,WRONG,2023-02-23,BACKFILL
2023-02-22,QQQ,LONG,1.9,LOW,288.36,290.88,0.874,RIGHT,2023-02-23,BACKFILL
2023-02-23,BTC,LONG,19.49,HIGH,23947.49,23198.13,-3.129,WRONG,2023-02-24,BACKFILL
2023-02-23,GLD,HELD,3.19,MEDIUM,169.57,168.35,-0.719,WRONG,2023-02-24,BACKFILL
2023-02-23,QQQ,LONG,2.81,MEDIUM,290.88,286.01,-1.674,WRONG,2023-02-24,BACKFILL
2023-02-24,BTC,LONG,15.75,HIGH,23198.13,23522.87,1.4,RIGHT,2023-02-27,BACKFILL
2023-02-24,GLD,HELD,2.42,MEDIUM,168.35,169.01,0.392,RIGHT,2023-02-27,BACKFILL
2023-02-24,QQQ,LONG,1.12,LOW,286.01,288.05,0.713,RIGHT,2023-02-27,BACKFILL
2023-02-27,BTC,LONG,17.34,HIGH,23522.87,23147.35,-1.596,WRONG,2023-02-28,BACKFILL
2023-02-27,GLD,HELD,2.78,MEDIUM,169.01,169.78,0.456,RIGHT,2023-02-28,BACKFILL
2023-02-27,QQQ,LONG,1.86,LOW,288.05,287.68,-0.128,WRONG,2023-02-28,BACKFILL
2023-02-28,BTC,LONG,15.4,HIGH,23147.35,23646.55,2.157,RIGHT,2023-03-01,BACKFILL
2023-02-28,GLD,HELD,3.21,MEDIUM,169.78,170.76,0.577,RIGHT,2023-03-01,BACKFILL
2023-02-28,QQQ,LONG,1.74,LOW,287.68,285.37,-0.803,WRONG,2023-03-01,BACKFILL
2023-03-01,BTC,LONG,17.79,HIGH,23646.55,23475.47,-0.723,WRONG,2023-03-02,BACKFILL
2023-03-01,GLD,HELD,3.76,MEDIUM,170.76,170.66,-0.059,WRONG,2023-03-02,BACKFILL
2023-03-01,QQQ,LONG,0.92,LOW,285.37,287.73,0.827,RIGHT,2023-03-02,BACKFILL
2023-03-02,BTC,LONG,16.92,HIGH,23475.47,22362.68,-4.74,WRONG,2023-03-03,BACKFILL
2023-03-02,GLD,HELD,3.66,MEDIUM,170.66,172.49,1.072,RIGHT,2023-03-03,BACKFILL
2023-03-02,QQQ,LONG,1.79,LOW,287.73,293.68,2.068,RIGHT,2023-03-03,BACKFILL
2023-03-03,BTC,LONG,11.43,HIGH,22362.68,22429.76,0.3,RIGHT,2023-03-06,BACKFILL
2023-03-03,GLD,HELD,4.74,MEDIUM,172.49,171.62,-0.504,WRONG,2023-03-06,BACKFILL
2023-03-03,QQQ,LONG,3.91,MEDIUM,293.68,294.01,0.112,RIGHT,2023-03-06,BACKFILL
2023-03-06,BTC,LONG,11.82,HIGH,22429.76,22219.77,-0.936,WRONG,2023-03-07,BACKFILL
2023-03-06,GLD,HELD,4.18,MEDIUM,171.62,168.62,-1.748,WRONG,2023-03-07,BACKFILL
2023-03-06,QQQ,LONG,4.06,MEDIUM,294.01,290.41,-1.224,WRONG,2023-03-07,BACKFILL
2023-03-07,BTC,LONG,10.81,HIGH,22219.77,21718.08,-2.258,WRONG,2023-03-08,BACKFILL
2023-03-07,GLD,HELD,2.34,MEDIUM,168.62,168.54,-0.047,WRONG,2023-03-08,BACKFILL
2023-03-07,QQQ,LONG,2.83,MEDIUM,290.41,291.86,0.499,RIGHT,2023-03-08,BACKFILL
2023-03-08,BTC,LONG,8.35,HIGH,21718.08,20363.02,-6.239,WRONG,2023-03-09,BACKFILL
2023-03-08,GLD,HELD,2.27,MEDIUM,168.54,170.2,0.985,RIGHT,2023-03-09,BACKFILL
2023-03-08,QQQ,LONG,3.38,MEDIUM,291.86,286.8,-1.734,WRONG,2023-03-09,BACKFILL
2023-03-09,BTC,LONG,1.68,LOW,20363.02,20187.24,-0.863,WRONG,2023-03-10,BACKFILL
2023-03-09,GLD,HELD,3.26,MEDIUM,170.2,173.87,2.156,RIGHT,2023-03-10,BACKFILL
2023-03-09,QQQ,LONG,1.66,LOW,286.8,282.77,-1.405,WRONG,2023-03-10,BACKFILL
2023-03-10,BTC,LONG,0.88,LOW,20187.24,24197.53,19.865,RIGHT,2023-03-13,BACKFILL
2023-03-10,GLD,HELD,5.46,HIGH,173.87,177.86,2.295,RIGHT,2023-03-13,BACKFILL
2023-03-10,QQQ,LONG,0.31,LOW,282.77,284.87,0.743,RIGHT,2023-03-13,BACKFILL
2023-03-13,BTC,LONG,20.89,HIGH,24197.53,24746.07,2.267,RIGHT,2023-03-14,BACKFILL
2023-03-13,GLD,HELD,7.82,HIGH,177.86,176.83,-0.579,WRONG,2023-03-14,BACKFILL
2023-03-13,QQQ,LONG,1.12,LOW,284.87,291.42,2.299,RIGHT,2023-03-14,BACKFILL
2023-03-14,BTC,LONG,23.59,HIGH,24746.07,24375.96,-1.496,WRONG,2023-03-15,BACKFILL
2023-03-14,GLD,HELD,7.15,HIGH,176.83,178.21,0.78,RIGHT,2023-03-15,BACKFILL
2023-03-14,QQQ,LONG,3.5,MEDIUM,291.42,292.94,0.522,RIGHT,2023-03-15,BACKFILL
2023-03-15,BTC,LONG,21.69,HIGH,24375.96,25052.79,2.777,RIGHT,2023-03-16,BACKFILL
2023-03-15,GLD,HELD,7.94,HIGH,178.21,178.57,0.202,RIGHT,2023-03-16,BACKFILL
2023-03-15,QQQ,LONG,4.08,MEDIUM,292.94,300.67,2.639,RIGHT,2023-03-16,BACKFILL
2023-03-16,BTC,LONG,25.02,HIGH,25052.79,27423.93,9.465,RIGHT,2023-03-17,BACKFILL
2023-03-16,GLD,HELD,8.11,HIGH,178.57,183.77,2.912,RIGHT,2023-03-17,BACKFILL
2023-03-16,QQQ,LONG,6.87,HIGH,300.67,299.25,-0.472,WRONG,2023-03-17,BACKFILL
2023-03-17,BTC,LONG,36.7,HIGH,27423.93,27767.24,1.252,RIGHT,2023-03-20,BACKFILL
2023-03-17,GLD,HELD,11.18,HIGH,183.77,183.84,0.038,RIGHT,2023-03-20,BACKFILL
2023-03-17,QQQ,LONG,6.41,HIGH,299.25,300.31,0.354,RIGHT,2023-03-20,BACKFILL
2023-03-20,BTC,LONG,38.25,HIGH,27767.24,28175.82,1.471,RIGHT,2023-03-21,BACKFILL
2023-03-20,GLD,HELD,11.15,HIGH,183.84,180.37,-1.888,WRONG,2023-03-21,BACKFILL
2023-03-20,QQQ,LONG,6.84,HIGH,300.31,304.6,1.429,RIGHT,2023-03-21,BACKFILL
2023-03-21,BTC,LONG,40.1,HIGH,28175.82,27307.44,-3.082,WRONG,2023-03-22,BACKFILL
2023-03-21,GLD,HELD,8.99,HIGH,180.37,183.44,1.702,RIGHT,2023-03-22,BACKFILL
2023-03-21,QQQ,LONG,8.42,HIGH,304.6,300.45,-1.362,WRONG,2023-03-22,BACKFILL
2023-03-22,BTC,LONG,35.63,HIGH,27307.44,28333.97,3.759,RIGHT,2023-03-23,BACKFILL
2023-03-22,GLD,HELD,10.76,HIGH,183.44,185.74,1.254,RIGHT,2023-03-23,BACKFILL
2023-03-22,QQQ,LONG,7.01,HIGH,300.45,304.02,1.188,RIGHT,2023-03-23,BACKFILL
2023-03-23,BTC,LONG,40.49,HIGH,28333.97,27493.29,-2.967,WRONG,2023-03-24,BACKFILL
2023-03-23,GLD,HELD,12.05,HIGH,185.74,183.65,-1.125,WRONG,2023-03-24,BACKFILL
2023-03-23,QQQ,LONG,8.32,HIGH,304.02,305.14,0.368,RIGHT,2023-03-24,BACKFILL
2023-03-24,BTC,LONG,36.13,HIGH,27493.29,27139.89,-1.285,WRONG,2023-03-27,BACKFILL
2023-03-24,GLD,HELD,10.7,HIGH,183.65,181.95,-0.926,WRONG,2023-03-27,BACKFILL
2023-03-24,QQQ,LONG,8.76,HIGH,305.14,303.05,-0.685,WRONG,2023-03-27,BACKFILL
2023-03-27,BTC,LONG,34.11,HIGH,27139.89,27268.13,0.473,RIGHT,2023-03-28,BACKFILL
2023-03-27,GLD,HELD,9.59,HIGH,181.95,183.44,0.819,RIGHT,2023-03-28,BACKFILL
2023-03-27,QQQ,LONG,8.05,HIGH,303.05,301.44,-0.531,WRONG,2023-03-28,BACKFILL
2023-03-28,BTC,LONG,34.48,HIGH,27268.13,28348.44,3.962,RIGHT,2023-03-29,BACKFILL
2023-03-28,GLD,HELD,10.39,HIGH,183.44,182.53,-0.496,WRONG,2023-03-29,BACKFILL
2023-03-28,QQQ,LONG,7.49,HIGH,301.44,306.93,1.821,RIGHT,2023-03-29,BACKFILL
2023-03-29,BTC,LONG,39.5,HIGH,28348.44,28033.56,-1.111,WRONG,2023-03-30,BACKFILL
2023-03-29,GLD,HELD,9.76,HIGH,182.53,184.18,0.904,RIGHT,2023-03-30,BACKFILL
2023-03-29,QQQ,LONG,9.44,HIGH,306.93,309.84,0.948,RIGHT,2023-03-30,BACKFILL
2023-03-30,BTC,LONG,37.65,HIGH,28033.56,28478.48,1.587,RIGHT,2023-03-31,BACKFILL
2023-03-30,GLD,HELD,10.66,HIGH,184.18,183.22,-0.521,WRONG,2023-03-31,BACKFILL
2023-03-30,QQQ,LONG,10.47,HIGH,309.84,314.99,1.662,RIGHT,2023-03-31,BACKFILL
2023-03-31,BTC,LONG,39.52,HIGH,28478.48,27790.22,-2.417,WRONG,2023-04-03,BACKFILL
2023-03-31,GLD,HELD,10.0,HIGH,183.22,184.54,0.72,RIGHT,2023-04-03,BACKFILL
2023-03-31,QQQ,LONG,12.3,HIGH,314.99,314.22,-0.244,WRONG,2023-04-03,BACKFILL
2023-04-03,BTC,LONG,35.81,HIGH,27790.22,28168.09,1.36,RIGHT,2023-04-04,BACKFILL
2023-04-03,GLD,HELD,10.69,HIGH,184.54,187.98,1.864,RIGHT,2023-04-04,BACKFILL
2023-04-03,QQQ,LONG,11.99,HIGH,314.22,313.16,-0.337,WRONG,2023-04-04,BACKFILL
2023-04-04,BTC,LONG,37.31,HIGH,28168.09,28177.98,0.035,RIGHT,2023-04-05,BACKFILL
2023-04-04,GLD,HELD,12.63,HIGH,187.98,187.83,-0.08,WRONG,2023-04-05,BACKFILL
2023-04-04,QQQ,LONG,11.57,HIGH,313.16,310.07,-0.987,WRONG,2023-04-05,BACKFILL
2023-04-05,BTC,LONG,36.98,HIGH,28177.98,28044.14,-0.475,WRONG,2023-04-06,BACKFILL
2023-04-05,GLD,HELD,12.42,HIGH,187.83,186.49,-0.713,WRONG,2023-04-06,BACKFILL
2023-04-05,QQQ,LONG,10.43,HIGH,310.07,312.16,0.674,RIGHT,2023-04-06,BACKFILL
2023-04-06,BTC,LONG,35.98,HIGH,28044.14,29652.98,5.737,RIGHT,2023-04-10,BACKFILL
2023-04-06,GLD,HELD,11.5,HIGH,186.49,185.11,-0.74,WRONG,2023-04-10,BACKFILL
2023-04-06,QQQ,LONG,11.12,HIGH,312.16,311.99,-0.054,WRONG,2023-04-10,BACKFILL
2023-04-10,BTC,LONG,43.34,HIGH,29652.98,30235.06,1.963,RIGHT,2023-04-11,BACKFILL
2023-04-10,GLD,HELD,10.55,HIGH,185.11,186.28,0.632,RIGHT,2023-04-11,BACKFILL
2023-04-10,QQQ,LONG,11.01,HIGH,311.99,309.98,-0.644,WRONG,2023-04-11,BACKFILL
2023-04-11,BTC,LONG,45.67,HIGH,30235.06,30139.05,-0.318,WRONG,2023-04-12,BACKFILL
2023-04-11,GLD,HELD,11.13,HIGH,186.28,187.19,0.489,RIGHT,2023-04-12,BACKFILL
2023-04-11,QQQ,LONG,10.23,HIGH,309.98,307.25,-0.881,WRONG,2023-04-12,BACKFILL
2023-04-12,BTC,LONG,44.68,HIGH,30139.05,30399.07,0.863,RIGHT,2023-04-13,BACKFILL
2023-04-12,GLD,HELD,11.55,HIGH,187.19,189.72,1.352,RIGHT,2023-04-13,BACKFILL
2023-04-12,QQQ,LONG,9.21,HIGH,307.25,313.26,1.956,RIGHT,2023-04-13,BACKFILL
2023-04-13,BTC,LONG,45.41,HIGH,30399.07,30485.7,0.285,RIGHT,2023-04-14,BACKFILL
2023-04-13,GLD,HELD,12.92,HIGH,189.72,186.36,-1.771,WRONG,2023-04-14,BACKFILL
2023-04-13,QQQ,LONG,11.29,HIGH,313.26,312.67,-0.188,WRONG,2023-04-14,BACKFILL
2023-04-14,BTC,LONG,45.31,HIGH,30485.7,29445.04,-3.414,WRONG,2023-04-17,BACKFILL
2023-04-14,GLD,HELD,10.8,HIGH,186.36,185.53,-0.445,WRONG,2023-04-17,BACKFILL
2023-04-14,QQQ,LONG,11.03,HIGH,312.67,312.94,0.086,RIGHT,2023-04-17,BACKFILL
2023-04-17,BTC,LONG,39.99,HIGH,29445.04,30397.55,3.235,RIGHT,2023-04-18,BACKFILL
2023-04-17,GLD,HELD,10.2,HIGH,185.53,186.25,0.388,RIGHT,2023-04-18,BACKFILL
2023-04-17,QQQ,LONG,11.09,HIGH,312.94,312.96,0.006,RIGHT,2023-04-18,BACKFILL
2023-04-18,BTC,LONG,44.15,HIGH,30397.55,28822.68,-5.181,WRONG,2023-04-19,BACKFILL
2023-04-18,GLD,HELD,10.51,HIGH,186.25,185.36,-0.478,WRONG,2023-04-19,BACKFILL
2023-04-18,QQQ,LONG,11.07,HIGH,312.96,312.81,-0.048,WRONG,2023-04-19,BACKFILL
2023-04-19,BTC,LONG,36.32,HIGH,28822.68,28245.99,-2.001,WRONG,2023-04-20,BACKFILL
2023-04-19,GLD,HELD,9.87,HIGH,185.36,186.09,0.394,RIGHT,2023-04-20,BACKFILL
2023-04-19,QQQ,LONG,10.95,HIGH,312.81,310.43,-0.761,WRONG,2023-04-20,BACKFILL
2023-04-20,BTC,LONG,33.25,HIGH,28245.99,27276.91,-3.431,WRONG,2023-04-21,BACKFILL
2023-04-20,GLD,HELD,10.18,HIGH,186.09,184.25,-0.989,WRONG,2023-04-21,BACKFILL
2023-04-20,QQQ,LONG,10.05,HIGH,310.43,310.75,0.103,RIGHT,2023-04-21,BACKFILL
2023-04-21,BTC,LONG,28.38,HIGH,27276.91,27525.34,0.911,RIGHT,2023-04-24,BACKFILL
2023-04-21,GLD,HELD,8.96,HIGH,184.25,184.81,0.304,RIGHT,2023-04-24,BACKFILL
2023-04-21,QQQ,LONG,10.09,HIGH,310.75,310.1,-0.209,WRONG,2023-04-24,BACKFILL
2023-04-24,BTC,LONG,29.23,HIGH,27525.34,28307.6,2.842,RIGHT,2023-04-25,BACKFILL
2023-04-24,GLD,HELD,9.17,HIGH,184.81,185.75,0.509,RIGHT,2023-04-25,BACKFILL
2023-04-24,QQQ,LONG,9.79,HIGH,310.1,304.25,-1.886,WRONG,2023-04-25,BACKFILL
2023-04-25,BTC,LONG,32.54,HIGH,28307.6,28422.7,0.407,RIGHT,2023-04-26,BACKFILL
2023-04-25,GLD,HELD,9.59,HIGH,185.75,184.74,-0.544,WRONG,2023-04-26,BACKFILL
2023-04-25,QQQ,LONG,7.67,HIGH,304.25,306.1,0.608,RIGHT,2023-04-26,BACKFILL
2023-04-26,BTC,LONG,32.68,HIGH,28422.7,29473.79,3.698,RIGHT,2023-04-27,BACKFILL
2023-04-26,GLD,HELD,8.87,HIGH,184.74,184.75,0.005,RIGHT,2023-04-27,BACKFILL
2023-04-26,QQQ,LONG,8.26,HIGH,306.1,314.42,2.718,RIGHT,2023-04-27,BACKFILL
2023-04-27,BTC,LONG,37.12,HIGH,29473.79,29340.26,-0.453,WRONG,2023-04-28,BACKFILL
2023-04-27,GLD,HELD,8.75,HIGH,184.75,184.8,0.027,RIGHT,2023-04-28,BACKFILL
2023-04-27,QQQ,LONG,11.11,HIGH,314.42,316.59,0.69,RIGHT,2023-04-28,BACKFILL
2023-04-28,BTC,LONG,36.08,HIGH,29340.26,28091.57,-4.256,WRONG,2023-05-01,BACKFILL
2023-04-28,GLD,HELD,8.66,HIGH,184.8,183.97,-0.449,WRONG,2023-05-01,BACKFILL
2023-04-28,QQQ,LONG,11.76,HIGH,316.59,316.23,-0.114,WRONG,2023-05-01,BACKFILL
2023-05-01,BTC,LONG,29.94,HIGH,28091.57,28680.54,2.097,RIGHT,2023-05-02,BACKFILL
2023-05-01,GLD,HELD,8.04,HIGH,183.97,187.52,1.93,RIGHT,2023-05-02,BACKFILL
2023-05-01,QQQ,LONG,11.51,HIGH,316.23,313.47,-0.873,WRONG,2023-05-02,BACKFILL
2023-05-02,BTC,LONG,32.28,HIGH,28680.54,29006.31,1.136,RIGHT,2023-05-03,BACKFILL
2023-05-02,GLD,HELD,9.97,HIGH,187.52,189.11,0.848,RIGHT,2023-05-03,BACKFILL
2023-05-02,QQQ,LONG,10.42,HIGH,313.47,311.42,-0.654,WRONG,2023-05-03,BACKFILL
2023-05-03,BTC,LONG,33.37,HIGH,29006.31,28847.71,-0.547,WRONG,2023-05-04,BACKFILL
2023-05-03,GLD,HELD,10.74,HIGH,189.11,190.44,0.703,RIGHT,2023-05-04,BACKFILL
2023-05-03,QQQ,LONG,9.59,HIGH,311.42,310.32,-0.353,WRONG,2023-05-04,BACKFILL
2023-05-04,BTC,LONG,32.26,HIGH,28847.71,29534.38,2.38,RIGHT,2023-05-05,BACKFILL
2023-05-04,GLD,HELD,11.36,HIGH,190.44,187.46,-1.565,WRONG,2023-05-05,BACKFILL
2023-05-04,QQQ,LONG,9.11,HIGH,310.32,316.91,2.124,RIGHT,2023-05-05,BACKFILL
2023-05-05,BTC,LONG,35.0,HIGH,29534.38,27694.27,-6.23,WRONG,2023-05-08,BACKFILL
2023-05-05,GLD,HELD,9.48,HIGH,187.46,187.69,0.123,RIGHT,2023-05-08,BACKFILL
2023-05-05,QQQ,LONG,11.29,HIGH,316.91,317.7,0.249,RIGHT,2023-05-08,BACKFILL
2023-05-08,BTC,LONG,26.27,HIGH,27694.27,27658.78,-0.128,WRONG,2023-05-09,BACKFILL
2023-05-08,GLD,HELD,9.47,HIGH,187.69,189.02,0.709,RIGHT,2023-05-09,BACKFILL
2023-05-08,QQQ,LONG,11.42,HIGH,317.7,315.69,-0.633,WRONG,2023-05-09,BACKFILL
2023-05-09,BTC,LONG,25.8,HIGH,27658.78,27621.76,-0.134,WRONG,2023-05-10,BACKFILL
2023-05-09,GLD,HELD,10.12,HIGH,189.02,188.75,-0.143,WRONG,2023-05-10,BACKFILL
2023-05-09,QQQ,LONG,10.59,HIGH,315.69,319.12,1.087,RIGHT,2023-05-10,BACKFILL
2023-05-10,BTC,LONG,25.36,HIGH,27621.76,27000.79,-2.248,WRONG,2023-05-11,BACKFILL
2023-05-10,GLD,HELD,9.84,HIGH,188.75,187.13,-0.858,WRONG,2023-05-11,BACKFILL
2023-05-10,QQQ,LONG,11.68,HIGH,319.12,320.16,0.326,RIGHT,2023-05-11,BACKFILL
2023-05-11,BTC,LONG,22.29,HIGH,27000.79,26804.99,-0.725,WRONG,2023-05-12,BACKFILL
2023-05-11,GLD,HELD,8.78,HIGH,187.13,186.81,-0.171,WRONG,2023-05-12,BACKFILL
2023-05-11,QQQ,LONG,11.93,HIGH,320.16,319.01,-0.359,WRONG,2023-05-12,BACKFILL
2023-05-12,BTC,LONG,21.15,HIGH,26804.99,27192.69,1.446,RIGHT,2023-05-15,BACKFILL
2023-05-12,GLD,HELD,8.48,HIGH,186.81,187.21,0.214,RIGHT,2023-05-15,BACKFILL
2023-05-12,QQQ,LONG,11.41,HIGH,319.01,320.74,0.542,RIGHT,2023-05-15,BACKFILL
2023-05-15,BTC,LONG,22.62,HIGH,27192.69,27036.65,-0.574,WRONG,2023-05-16,BACKFILL
2023-05-15,GLD,HELD,8.59,HIGH,187.21,184.87,-1.25,WRONG,2023-05-16,BACKFILL
2023-05-15,QQQ,LONG,11.86,HIGH,320.74,321.11,0.115,RIGHT,2023-05-16,BACKFILL
2023-05-16,BTC,LONG,21.63,HIGH,27036.65,27398.8,1.339,RIGHT,2023-05-17,BACKFILL
2023-05-16,GLD,HELD,7.11,HIGH,184.87,184.23,-0.346,WRONG,2023-05-17,BACKFILL
2023-05-16,QQQ,LONG,11.83,HIGH,321.11,324.99,1.208,RIGHT,2023-05-17,BACKFILL
2023-05-17,BTC,LONG,22.95,HIGH,27398.8,26832.21,-2.068,WRONG,2023-05-18,BACKFILL
2023-05-17,GLD,HELD,6.62,HIGH,184.23,181.84,-1.297,WRONG,2023-05-18,BACKFILL
2023-05-17,QQQ,LONG,13.01,HIGH,324.99,331.03,1.859,RIGHT,2023-05-18,BACKFILL
2023-05-18,BTC,LONG,20.13,HIGH,26832.21,26890.13,0.216,RIGHT,2023-05-19,BACKFILL
2023-05-18,GLD,HELD,5.13,HIGH,181.84,183.64,0.99,RIGHT,2023-05-19,BACKFILL
2023-05-18,QQQ,LONG,14.91,HIGH,331.03,330.28,-0.227,WRONG,2023-05-19,BACKFILL
2023-05-19,BTC,LONG,20.12,HIGH,26890.13,26851.28,-0.144,WRONG,2023-05-22,BACKFILL
2023-05-19,GLD,HELD,6.06,HIGH,183.64,183.21,-0.234,WRONG,2023-05-22,BACKFILL
2023-05-19,QQQ,LONG,14.47,HIGH,330.28,331.39,0.336,RIGHT,2023-05-22,BACKFILL
2023-05-22,BTC,LONG,19.67,HIGH,26851.28,27225.73,1.395,RIGHT,2023-05-23,BACKFILL
2023-05-22,GLD,HELD,5.69,HIGH,183.21,183.43,0.12,RIGHT,2023-05-23,BACKFILL
2023-05-22,QQQ,LONG,14.65,HIGH,331.39,327.19,-1.267,WRONG,2023-05-23,BACKFILL
2023-05-23,BTC,LONG,21.06,HIGH,27225.73,26334.82,-3.272,WRONG,2023-05-24,BACKFILL
2023-05-23,GLD,HELD,5.69,HIGH,183.43,181.95,-0.807,WRONG,2023-05-24,BACKFILL
2023-05-23,QQQ,LONG,13.03,HIGH,327.19,325.51,-0.513,WRONG,2023-05-24,BACKFILL
2023-05-24,BTC,LONG,16.86,HIGH,26334.82,26476.21,0.537,RIGHT,2023-05-25,BACKFILL
2023-05-24,GLD,HELD,4.72,MEDIUM,181.95,180.2,-0.962,WRONG,2023-05-25,BACKFILL
2023-05-24,QQQ,LONG,12.3,HIGH,325.51,333.43,2.433,RIGHT,2023-05-25,BACKFILL
2023-05-25,BTC,LONG,17.23,HIGH,26476.21,26719.29,0.918,RIGHT,2023-05-26,BACKFILL
2023-05-25,GLD,HELD,3.6,MEDIUM,180.2,180.92,0.4,RIGHT,2023-05-26,BACKFILL
2023-05-25,QQQ,LONG,14.85,HIGH,333.43,341.95,2.555,RIGHT,2023-05-26,BACKFILL
2023-05-26,BTC,LONG,18.04,HIGH,26719.29,27702.35,3.679,RIGHT,2023-05-30,BACKFILL
2023-05-26,GLD,HELD,3.9,MEDIUM,180.92,182.04,0.619,RIGHT,2023-05-30,BACKFILL
2023-05-26,QQQ,LONG,17.57,HIGH,341.95,343.5,0.453,RIGHT,2023-05-30,BACKFILL
2023-05-30,BTC,LONG,22.08,HIGH,27702.35,27219.66,-1.742,WRONG,2023-05-31,BACKFILL
2023-05-30,GLD,HELD,4.43,MEDIUM,182.04,182.32,0.154,RIGHT,2023-05-31,BACKFILL
2023-05-30,QQQ,LONG,17.9,HIGH,343.5,341.55,-0.568,WRONG,2023-05-31,BACKFILL
2023-05-31,BTC,LONG,19.68,HIGH,27219.66,26819.97,-1.468,WRONG,2023-06-01,BACKFILL
2023-05-31,GLD,HELD,4.48,MEDIUM,182.32,183.76,0.79,RIGHT,2023-06-01,BACKFILL
2023-05-31,QQQ,LONG,17.04,HIGH,341.55,345.5,1.156,RIGHT,2023-06-01,BACKFILL
2023-06-01,BTC,LONG,17.69,HIGH,26819.97,27249.59,1.602,RIGHT,2023-06-02,BACKFILL
2023-06-01,GLD,HELD,5.18,HIGH,183.76,181.05,-1.475,WRONG,2023-06-02,BACKFILL
2023-06-01,QQQ,LONG,18.22,HIGH,345.5,348.09,0.75,RIGHT,2023-06-02,BACKFILL
2023-06-02,BTC,LONG,19.35,HIGH,27249.59,25760.1,-5.466,WRONG,2023-06-05,BACKFILL
2023-06-02,GLD,HELD,3.53,MEDIUM,181.05,182.14,0.602,RIGHT,2023-06-05,BACKFILL
2023-06-02,QQQ,LONG,18.89,HIGH,348.09,348.33,0.069,RIGHT,2023-06-05,BACKFILL
2023-06-05,BTC,LONG,12.64,HIGH,25760.1,27238.78,5.74,RIGHT,2023-06-06,BACKFILL
2023-06-05,GLD,HELD,4.04,MEDIUM,182.14,182.34,0.11,RIGHT,2023-06-06,BACKFILL
2023-06-05,QQQ,LONG,18.76,HIGH,348.33,348.27,-0.017,WRONG,2023-06-06,BACKFILL
2023-06-06,BTC,LONG,18.88,HIGH,27238.78,26346.0,-3.278,WRONG,2023-06-07,BACKFILL
2023-06-06,GLD,HELD,4.04,MEDIUM,182.34,180.15,-1.201,WRONG,2023-06-07,BACKFILL
2023-06-06,QQQ,LONG,18.54,HIGH,348.27,342.36,-1.697,WRONG,2023-06-07,BACKFILL
2023-06-07,BTC,LONG,14.79,HIGH,26346.0,26508.22,0.616,RIGHT,2023-06-08,BACKFILL
2023-06-07,GLD,HELD,2.68,MEDIUM,180.15,182.53,1.321,RIGHT,2023-06-08,BACKFILL
2023-06-07,QQQ,LONG,16.34,HIGH,342.36,346.61,1.241,RIGHT,2023-06-08,BACKFILL
2023-06-08,BTC,LONG,15.29,HIGH,26508.22,26480.38,-0.105,WRONG,2023-06-09,BACKFILL
2023-06-08,GLD,HELD,3.92,MEDIUM,182.53,182.04,-0.268,WRONG,2023-06-09,BACKFILL
2023-06-08,QQQ,LONG,17.58,HIGH,346.61,347.94,0.384,RIGHT,2023-06-09,BACKFILL
2023-06-09,BTC,LONG,14.96,HIGH,26480.38,25902.5,-2.182,WRONG,2023-06-12,BACKFILL
2023-06-09,GLD,HELD,3.53,MEDIUM,182.04,181.88,-0.088,WRONG,2023-06-12,BACKFILL
2023-06-09,QQQ,LONG,17.79,HIGH,347.94,353.82,1.69,RIGHT,2023-06-12,BACKFILL
2023-06-12,BTC,LONG,12.26,HIGH,25902.5,25918.73,0.063,RIGHT,2023-06-13,BACKFILL
2023-06-12,GLD,HELD,3.32,MEDIUM,181.88,180.54,-0.737,WRONG,2023-06-13,BACKFILL
2023-06-12,QQQ,LONG,19.52,HIGH,353.82,356.54,0.769,RIGHT,2023-06-13,BACKFILL
2023-06-13,BTC,LONG,12.18,HIGH,25918.73,25124.68,-3.064,WRONG,2023-06-14,BACKFILL
2023-06-13,GLD,HELD,2.47,MEDIUM,180.54,180.64,0.055,RIGHT,2023-06-14,BACKFILL
2023-06-13,QQQ,LONG,20.17,HIGH,356.54,359.13,0.726,RIGHT,2023-06-14,BACKFILL
2023-06-14,BTC,LONG,8.6,HIGH,25124.68,25576.39,1.798,RIGHT,2023-06-15,BACKFILL
2023-06-14,GLD,HELD,2.43,MEDIUM,180.64,181.91,0.703,RIGHT,2023-06-15,BACKFILL
2023-06-14,QQQ,LONG,20.78,HIGH,359.13,363.41,1.192,RIGHT,2023-06-15,BACKFILL
2023-06-15,BTC,LONG,10.33,HIGH,25576.39,26327.46,2.937,RIGHT,2023-06-16,BACKFILL
2023-06-15,GLD,HELD,3.06,MEDIUM,181.91,181.63,-0.154,WRONG,2023-06-16,BACKFILL
2023-06-15,QQQ,LONG,21.95,HIGH,363.41,361.12,-0.63,WRONG,2023-06-16,BACKFILL
2023-06-16,BTC,LONG,13.23,HIGH,26327.46,28327.49,7.597,RIGHT,2023-06-20,BACKFILL
2023-06-16,GLD,HELD,2.81,MEDIUM,181.63,179.75,-1.035,WRONG,2023-06-20,BACKFILL
2023-06-16,QQQ,LONG,20.9,HIGH,361.12,360.6,-0.144,WRONG,2023-06-20,BACKFILL
2023-06-20,BTC,LONG,21.46,HIGH,28327.49,30027.3,6.001,RIGHT,2023-06-21,BACKFILL
2023-06-20,GLD,HELD,1.68,LOW,179.75,179.49,-0.145,WRONG,2023-06-21,BACKFILL
2023-06-20,QQQ,LONG,20.5,HIGH,360.6,355.69,-1.362,WRONG,2023-06-21,BACKFILL
2023-06-21,BTC,LONG,28.27,HIGH,30027.3,29912.28,-0.383,WRONG,2023-06-22,BACKFILL
2023-06-21,GLD,HELD,1.48,LOW,179.49,177.71,-0.992,WRONG,2023-06-22,BACKFILL
2023-06-21,QQQ,LONG,18.66,HIGH,355.69,359.89,1.181,RIGHT,2023-06-22,BACKFILL
2023-06-22,BTC,LONG,27.3,HIGH,29912.28,30695.47,2.618,RIGHT,2023-06-23,BACKFILL
2023-06-22,GLD,HELD,0.43,LOW,177.71,178.2,0.276,RIGHT,2023-06-23,BACKFILL
2023-06-22,QQQ,LONG,19.84,HIGH,359.89,356.32,-0.992,WRONG,2023-06-23,BACKFILL
2023-06-23,BTC,LONG,30.12,HIGH,30695.47,30271.13,-1.382,WRONG,2023-06-26,BACKFILL
2023-06-23,GLD,HELD,0.65,LOW,178.2,178.51,0.174,RIGHT,2023-06-26,BACKFILL
2023-06-23,QQQ,LONG,18.46,HIGH,356.32,351.54,-1.341,WRONG,2023-06-26,BACKFILL
2023-06-26,BTC,LONG,27.83,HIGH,30271.13,30688.16,1.378,RIGHT,2023-06-27,BACKFILL
2023-06-26,GLD,HELD,0.78,LOW,178.51,177.69,-0.459,WRONG,2023-06-27,BACKFILL
2023-06-26,QQQ,LONG,16.69,HIGH,351.54,357.59,1.721,RIGHT,2023-06-27,BACKFILL
2023-06-27,BTC,LONG,29.08,HIGH,30688.16,30086.25,-1.961,WRONG,2023-06-28,BACKFILL
2023-06-27,GLD,HELD,0.26,LOW,177.69,177.28,-0.231,WRONG,2023-06-28,BACKFILL
2023-06-27,QQQ,LONG,18.49,HIGH,357.59,358.28,0.193,RIGHT,2023-06-28,BACKFILL
2023-06-28,BTC,LONG,26.08,HIGH,30086.25,30445.35,1.194,RIGHT,2023-06-29,BACKFILL
2023-06-28,GLD,HELD,-0.02,LOW,177.28,177.09,-0.107,WRONG,2023-06-29,BACKFILL
2023-06-28,QQQ,LONG,18.51,HIGH,358.28,357.57,-0.198,WRONG,2023-06-29,BACKFILL
2023-06-29,BTC,LONG,27.06,HIGH,30445.35,30477.25,0.105,RIGHT,2023-06-30,BACKFILL
2023-06-29,GLD,HELD,-0.19,LOW,177.09,178.27,0.666,RIGHT,2023-06-30,BACKFILL
2023-06-29,QQQ,LONG,18.06,HIGH,357.57,363.08,1.541,RIGHT,2023-06-30,BACKFILL
2023-06-30,BTC,LONG,26.69,HIGH,30477.25,31156.44,2.229,RIGHT,2023-07-03,BACKFILL
2023-06-30,GLD,HELD,0.42,LOW,178.27,178.47,0.112,RIGHT,2023-07-03,BACKFILL
2023-06-30,QQQ,LONG,19.66,HIGH,363.08,363.94,0.237,RIGHT,2023-07-03,BACKFILL
2023-07-03,BTC,LONG,28.99,HIGH,31156.44,30514.17,-2.061,WRONG,2023-07-05,BACKFILL
2023-07-03,GLD,HELD,0.47,LOW,178.47,177.84,-0.353,WRONG,2023-07-05,BACKFILL
2023-07-03,QQQ,LONG,19.73,HIGH,363.94,363.93,-0.003,WRONG,2023-07-05,BACKFILL
2023-07-05,BTC,LONG,25.85,HIGH,30514.17,29909.34,-1.982,WRONG,2023-07-06,BACKFILL
2023-07-05,GLD,HELD,0.06,LOW,177.84,177.31,-0.298,WRONG,2023-07-06,BACKFILL
2023-07-05,QQQ,LONG,19.5,HIGH,363.93,361.15,-0.764,WRONG,2023-07-06,BACKFILL
2023-07-06,BTC,LONG,22.89,HIGH,29909.34,30342.27,1.447,RIGHT,2023-07-07,BACKFILL
2023-07-06,GLD,HELD,-0.29,LOW,177.31,178.64,0.75,RIGHT,2023-07-07,BACKFILL
2023-07-06,QQQ,LONG,18.37,HIGH,361.15,359.95,-0.332,WRONG,2023-07-07,BACKFILL
2023-07-07,BTC,LONG,24.2,HIGH,30342.27,30414.47,0.238,RIGHT,2023-07-10,BACKFILL
2023-07-07,GLD,HELD,0.39,LOW,178.64,178.78,0.078,RIGHT,2023-07-10,BACKFILL
2023-07-07,QQQ,LONG,17.76,HIGH,359.95,360.07,0.033,RIGHT,2023-07-10,BACKFILL
2023-07-10,BTC,LONG,24.05,HIGH,30414.47,30620.95,0.679,RIGHT,2023-07-11,BACKFILL
2023-07-10,GLD,HELD,0.42,LOW,178.78,179.45,0.375,RIGHT,2023-07-11,BACKFILL
2023-07-10,QQQ,LONG,17.61,HIGH,360.07,361.85,0.494,RIGHT,2023-07-11,BACKFILL
2023-07-11,BTC,LONG,24.43,HIGH,30620.95,30391.65,-0.749,WRONG,2023-07-12,BACKFILL
2023-07-11,GLD,HELD,0.75,LOW,179.45,181.88,1.354,RIGHT,2023-07-12,BACKFILL
2023-07-11,QQQ,LONG,18.0,HIGH,361.85,366.42,1.263,RIGHT,2023-07-12,BACKFILL
2023-07-12,BTC,LONG,23.05,HIGH,30391.65,31476.05,3.568,RIGHT,2023-07-13,BACKFILL
2023-07-12,GLD,HELD,2.06,MEDIUM,181.88,182.01,0.071,RIGHT,2023-07-13,BACKFILL
2023-07-12,QQQ,LONG,19.28,HIGH,366.42,372.64,1.698,RIGHT,2023-07-13,BACKFILL
2023-07-13,BTC,LONG,26.94,HIGH,31476.05,30334.07,-3.628,WRONG,2023-07-14,BACKFILL
2023-07-13,GLD,HELD,2.07,MEDIUM,182.01,181.43,-0.319,WRONG,2023-07-14,BACKFILL
2023-07-13,QQQ,LONG,21.07,HIGH,372.64,372.56,-0.021,WRONG,2023-07-14,BACKFILL
2023-07-14,BTC,LONG,21.9,HIGH,30334.07,30145.89,-0.62,WRONG,2023-07-17,BACKFILL
2023-07-14,GLD,HELD,1.68,LOW,181.43,181.56,0.072,RIGHT,2023-07-17,BACKFILL
2023-07-14,QQQ,LONG,20.79,HIGH,372.56,376.04,0.934,RIGHT,2023-07-17,BACKFILL
2023-07-17,BTC,LONG,20.72,HIGH,30145.89,29856.56,-0.96,WRONG,2023-07-18,BACKFILL
2023-07-17,GLD,HELD,1.69,LOW,181.56,183.64,1.146,RIGHT,2023-07-18,BACKFILL
2023-07-17,QQQ,LONG,21.65,HIGH,376.04,379.12,0.819,RIGHT,2023-07-18,BACKFILL
2023-07-18,BTC,LONG,19.16,HIGH,29856.56,29913.92,0.192,RIGHT,2023-07-19,BACKFILL
2023-07-18,GLD,HELD,2.79,MEDIUM,183.64,183.67,0.016,RIGHT,2023-07-19,BACKFILL
2023-07-18,QQQ,LONG,22.37,HIGH,379.12,379.03,-0.024,WRONG,2023-07-19,BACKFILL
2023-07-19,BTC,LONG,18.98,HIGH,29913.92,29792.02,-0.408,WRONG,2023-07-20,BACKFILL
2023-07-19,GLD,HELD,2.75,MEDIUM,183.67,182.74,-0.506,WRONG,2023-07-20,BACKFILL
2023-07-19,QQQ,LONG,22.07,HIGH,379.03,370.29,-2.306,WRONG,2023-07-20,BACKFILL
2023-07-20,BTC,LONG,18.1,HIGH,29792.02,29908.74,0.392,RIGHT,2023-07-21,BACKFILL
2023-07-20,GLD,HELD,2.16,MEDIUM,182.74,182.18,-0.306,WRONG,2023-07-21,BACKFILL
2023-07-20,QQQ,LONG,19.03,HIGH,370.29,369.18,-0.3,WRONG,2023-07-21,BACKFILL
2023-07-21,BTC,LONG,18.19,HIGH,29908.74,29176.92,-2.447,WRONG,2023-07-24,BACKFILL
2023-07-21,GLD,HELD,1.8,LOW,182.18,181.4,-0.428,WRONG,2023-07-24,BACKFILL
2023-07-21,QQQ,LONG,18.45,HIGH,369.18,369.77,0.16,RIGHT,2023-07-24,BACKFILL
2023-07-24,BTC,LONG,14.95,HIGH,29176.92,29227.39,0.173,RIGHT,2023-07-25,BACKFILL
2023-07-24,GLD,HELD,1.31,LOW,181.4,182.41,0.557,RIGHT,2023-07-25,BACKFILL
2023-07-24,QQQ,LONG,18.41,HIGH,369.77,372.28,0.679,RIGHT,2023-07-25,BACKFILL
2023-07-25,BTC,LONG,14.79,HIGH,29227.39,29354.97,0.437,RIGHT,2023-07-26,BACKFILL
2023-07-25,GLD,HELD,1.81,LOW,182.41,183.3,0.488,RIGHT,2023-07-26,BACKFILL
2023-07-25,QQQ,LONG,18.96,HIGH,372.28,371.04,-0.333,WRONG,2023-07-26,BACKFILL
2023-07-26,BTC,LONG,14.91,HIGH,29354.97,29210.69,-0.492,WRONG,2023-07-27,BACKFILL
2023-07-26,GLD,HELD,2.24,MEDIUM,183.3,180.42,-1.571,WRONG,2023-07-27,BACKFILL
2023-07-26,QQQ,LONG,18.3,HIGH,371.04,370.16,-0.237,WRONG,2023-07-27,BACKFILL
2023-07-27,BTC,LONG,13.97,HIGH,29210.69,29319.25,0.372,RIGHT,2023-07-28,BACKFILL
2023-07-27,GLD,HELD,0.58,LOW,180.42,181.86,0.798,RIGHT,2023-07-28,BACKFILL
2023-07-27,QQQ,LONG,17.76,HIGH,370.16,376.9,1.821,RIGHT,2023-07-28,BACKFILL
2023-07-28,BTC,LONG,14.02,HIGH,29319.25,29230.11,-0.304,WRONG,2023-07-31,BACKFILL
2023-07-28,GLD,HELD,1.34,LOW,181.86,182.35,0.269,RIGHT,2023-07-31,BACKFILL
2023-07-28,QQQ,LONG,19.61,HIGH,376.9,377.1,0.053,RIGHT,2023-07-31,BACKFILL
2023-07-31,BTC,LONG,13.31,HIGH,29230.11,29675.73,1.525,RIGHT,2023-08-01,BACKFILL
2023-07-31,GLD,HELD,1.56,LOW,182.35,180.46,-1.036,WRONG,2023-08-01,BACKFILL
2023-07-31,QQQ,LONG,19.4,HIGH,377.1,376.22,-0.233,WRONG,2023-08-01,BACKFILL
2023-08-01,BTC,LONG,14.66,HIGH,29675.73,29151.96,-1.765,WRONG,2023-08-02,BACKFILL
2023-08-01,GLD,HELD,0.46,LOW,180.46,179.6,-0.477,WRONG,2023-08-02,BACKFILL
2023-08-01,QQQ,LONG,18.83,HIGH,376.22,367.97,-2.193,WRONG,2023-08-02,BACKFILL
2023-08-02,BTC,LONG,12.28,HIGH,29151.96,29178.68,0.092,RIGHT,2023-08-03,BACKFILL
2023-08-02,GLD,HELD,-0.07,LOW,179.6,179.54,-0.033,WRONG,2023-08-03,BACKFILL
2023-08-02,QQQ,LONG,15.97,HIGH,367.97,367.38,-0.16,WRONG,2023-08-03,BACKFILL
2023-08-03,BTC,LONG,12.02,HIGH,29178.68,29074.09,-0.358,WRONG,2023-08-04,BACKFILL
2023-08-03,GLD,HELD,-0.14,LOW,179.54,180.19,0.362,RIGHT,2023-08-04,BACKFILL
2023-08-03,QQQ,LONG,15.52,HIGH,367.38,365.66,-0.468,WRONG,2023-08-04,BACKFILL
2023-08-04,BTC,LONG,11.26,HIGH,29074.09,29180.58,0.366,RIGHT,2023-08-07,BACKFILL
2023-08-04,GLD,HELD,0.17,LOW,180.19,179.78,-0.228,WRONG,2023-08-07,BACKFILL
2023-08-04,QQQ,LONG,14.71,HIGH,365.66,368.75,0.845,RIGHT,2023-08-07,BACKFILL
2023-08-07,BTC,LONG,11.31,HIGH,29180.58,29765.49,2.004,RIGHT,2023-08-08,BACKFILL
2023-08-07,GLD,HELD,-0.09,LOW,179.78,178.64,-0.634,WRONG,2023-08-08,BACKFILL
2023-08-07,QQQ,LONG,15.42,HIGH,368.75,365.62,-0.849,WRONG,2023-08-08,BACKFILL
2023-08-08,BTC,LONG,13.17,HIGH,29765.49,29561.49,-0.685,WRONG,2023-08-09,BACKFILL
2023-08-08,GLD,HELD,-0.76,LOW,178.64,177.79,-0.476,WRONG,2023-08-09,BACKFILL
2023-08-08,QQQ,LONG,14.19,HIGH,365.62,361.6,-1.1,WRONG,2023-08-09,BACKFILL
2023-08-09,BTC,LONG,12.03,HIGH,29561.49,29429.59,-0.446,WRONG,2023-08-10,BACKFILL
2023-08-09,GLD,HELD,-1.26,LOW,177.79,177.6,-0.107,WRONG,2023-08-10,BACKFILL
2023-08-09,QQQ,LONG,12.7,HIGH,361.6,362.26,0.183,RIGHT,2023-08-10,BACKFILL
2023-08-10,BTC,LONG,11.17,HIGH,29429.59,29397.71,-0.108,WRONG,2023-08-11,BACKFILL
2023-08-10,GLD,HELD,-1.38,LOW,177.6,177.6,0.0,WRONG,2023-08-11,BACKFILL
2023-08-10,QQQ,LONG,12.66,HIGH,362.26,359.95,-0.638,WRONG,2023-08-11,BACKFILL
2023-08-11,BTC,LONG,10.7,HIGH,29397.71,29408.44,0.036,RIGHT,2023-08-14,BACKFILL
2023-08-11,GLD,HELD,-1.41,LOW,177.6,177.06,-0.304,WRONG,2023-08-14,BACKFILL
2023-08-11,QQQ,LONG,11.71,HIGH,359.95,363.99,1.122,RIGHT,2023-08-14,BACKFILL
2023-08-14,BTC,LONG,10.4,HIGH,29408.44,29170.35,-0.81,WRONG,2023-08-15,BACKFILL
2023-08-14,GLD,HELD,-1.72,LOW,177.06,176.59,-0.265,WRONG,2023-08-15,BACKFILL
2023-08-14,QQQ,LONG,12.72,HIGH,363.99,360.13,-1.06,WRONG,2023-08-15,BACKFILL
2023-08-15,BTC,LONG,9.18,HIGH,29170.35,28701.78,-1.606,WRONG,2023-08-16,BACKFILL
2023-08-15,GLD,HELD,-1.99,LOW,176.59,175.57,-0.578,WRONG,2023-08-16,BACKFILL
2023-08-15,QQQ,LONG,11.31,HIGH,360.13,356.32,-1.058,WRONG,2023-08-16,BACKFILL
2023-08-16,BTC,LONG,7.12,HIGH,28701.78,26664.55,-7.098,WRONG,2023-08-17,BACKFILL
2023-08-16,GLD,HELD,-2.56,MEDIUM,175.57,175.3,-0.154,WRONG,2023-08-17,BACKFILL
2023-08-16,QQQ,LONG,9.93,HIGH,356.32,352.43,-1.092,WRONG,2023-08-17,BACKFILL
2023-08-17,BTC,FLAT,-0.7,LOW,26664.55,26049.56,-2.306,RIGHT,2023-08-18,BACKFILL
2023-08-17,GLD,HELD,-2.71,MEDIUM,175.3,175.33,0.017,RIGHT,2023-08-18,BACKFILL
2023-08-17,QQQ,LONG,8.55,HIGH,352.43,351.98,-0.128,WRONG,2023-08-18,BACKFILL
2023-08-18,BTC,FLAT,-3.16,MEDIUM,26049.56,26124.14,0.286,WRONG,2023-08-21,BACKFILL
2023-08-18,GLD,HELD,-2.69,MEDIUM,175.33,175.81,0.274,RIGHT,2023-08-21,BACKFILL
2023-08-18,QQQ,LONG,8.24,HIGH,351.98,357.66,1.614,RIGHT,2023-08-21,BACKFILL
2023-08-21,BTC,FLAT,-3.03,MEDIUM,26124.14,26031.66,-0.354,RIGHT,2023-08-22,BACKFILL
2023-08-21,GLD,HELD,-2.41,MEDIUM,175.81,176.1,0.165,RIGHT,2023-08-22,BACKFILL
2023-08-21,QQQ,LONG,9.8,HIGH,357.66,357.14,-0.145,WRONG,2023-08-22,BACKFILL
2023-08-22,BTC,FLAT,-3.49,MEDIUM,26031.66,26431.64,1.537,WRONG,2023-08-23,BACKFILL
2023-08-22,GLD,HELD,-2.24,MEDIUM,176.1,177.89,1.016,RIGHT,2023-08-23,BACKFILL
2023-08-22,QQQ,LONG,9.46,HIGH,357.14,362.78,1.579,RIGHT,2023-08-23,BACKFILL
2023-08-23,BTC,FLAT,-2.15,MEDIUM,26431.64,26162.37,-1.019,RIGHT,2023-08-24,BACKFILL
2023-08-23,GLD,HELD,-1.25,LOW,177.89,177.85,-0.022,WRONG,2023-08-24,BACKFILL
2023-08-23,QQQ,LONG,10.98,HIGH,362.78,355.02,-2.139,WRONG,2023-08-24,BACKFILL
2023-08-24,BTC,FLAT,-3.27,MEDIUM,26162.37,26047.67,-0.438,RIGHT,2023-08-25,BACKFILL
2023-08-24,GLD,HELD,-1.27,LOW,177.85,177.62,-0.129,WRONG,2023-08-25,BACKFILL
2023-08-24,QQQ,LONG,8.42,HIGH,355.02,357.77,0.775,RIGHT,2023-08-25,BACKFILL
2023-08-25,BTC,FLAT,-3.77,MEDIUM,26047.67,26106.15,0.225,WRONG,2023-08-28,BACKFILL
2023-08-25,GLD,HELD,-1.39,LOW,177.62,178.13,0.287,RIGHT,2023-08-28,BACKFILL
2023-08-25,QQQ,LONG,9.08,HIGH,357.77,360.47,0.755,RIGHT,2023-08-28,BACKFILL
2023-08-28,BTC,FLAT,-3.63,MEDIUM,26106.15,27727.39,6.21,WRONG,2023-08-29,BACKFILL
2023-08-28,GLD,HELD,-1.1,LOW,178.13,179.87,0.977,RIGHT,2023-08-29,BACKFILL
2023-08-28,QQQ,LONG,9.73,HIGH,360.47,368.34,2.183,RIGHT,2023-08-29,BACKFILL
2023-08-29,BTC,LONG,2.23,MEDIUM,27727.39,27297.27,-1.551,WRONG,2023-08-30,BACKFILL
2023-08-29,GLD,HELD,-0.13,LOW,179.87,180.32,0.25,RIGHT,2023-08-30,BACKFILL
2023-08-29,QQQ,LONG,11.93,HIGH,368.34,370.39,0.557,RIGHT,2023-08-30,BACKFILL
2023-08-30,BTC,LONG,0.54,LOW,27297.27,25931.47,-5.003,WRONG,2023-08-31,BACKFILL
2023-08-30,GLD,HELD,0.12,LOW,180.32,180.02,-0.166,WRONG,2023-08-31,BACKFILL
2023-08-30,QQQ,LONG,12.35,HIGH,370.39,371.5,0.3,RIGHT,2023-08-31,BACKFILL
2023-08-31,BTC,FLAT,-4.56,MEDIUM,25931.47,25800.72,-0.504,RIGHT,2023-09-01,BACKFILL
2023-08-31,GLD,HELD,-0.05,LOW,180.02,180.11,0.05,RIGHT,2023-09-01,BACKFILL
2023-08-31,QQQ,LONG,12.5,HIGH,371.5,371.11,-0.105,WRONG,2023-09-01,BACKFILL
2023-09-01,BTC,FLAT,-5.1,HIGH,25800.72,25779.98,-0.08,RIGHT,2023-09-05,BACKFILL
2023-09-01,GLD,HELD,-0.0,LOW,180.11,178.64,-0.816,WRONG,2023-09-05,BACKFILL
2023-09-01,QQQ,LONG,12.2,HIGH,371.11,371.58,0.127,RIGHT,2023-09-05,BACKFILL
2023-09-05,BTC,FLAT,-5.25,HIGH,25779.98,25753.24,-0.104,RIGHT,2023-09-06,BACKFILL
2023-09-05,GLD,HELD,-0.82,LOW,178.64,177.83,-0.453,WRONG,2023-09-06,BACKFILL
2023-09-05,QQQ,LONG,12.14,HIGH,371.58,368.31,-0.88,WRONG,2023-09-06,BACKFILL
2023-09-06,BTC,FLAT,-5.41,HIGH,25753.24,26240.2,1.891,WRONG,2023-09-07,BACKFILL
2023-09-06,GLD,HELD,-1.26,LOW,177.83,178.02,0.107,RIGHT,2023-09-07,BACKFILL
2023-09-06,QQQ,LONG,10.98,HIGH,368.31,365.67,-0.717,WRONG,2023-09-07,BACKFILL
2023-09-07,BTC,FLAT,-3.68,MEDIUM,26240.2,25905.65,-1.275,RIGHT,2023-09-08,BACKFILL
2023-09-07,GLD,HELD,-1.14,LOW,178.02,178.08,0.034,RIGHT,2023-09-08,BACKFILL
2023-09-07,QQQ,LONG,10.03,HIGH,365.67,366.19,0.142,RIGHT,2023-09-08,BACKFILL
2023-09-08,BTC,FLAT,-4.96,MEDIUM,25905.65,25162.65,-2.868,RIGHT,2023-09-11,BACKFILL
2023-09-08,GLD,HELD,-1.11,LOW,178.08,178.41,0.185,RIGHT,2023-09-11,BACKFILL
2023-09-08,QQQ,LONG,10.05,HIGH,366.19,370.5,1.177,RIGHT,2023-09-11,BACKFILL
2023-09-11,BTC,FLAT,-7.73,HIGH,25162.65,25833.34,2.665,WRONG,2023-09-12,BACKFILL
2023-09-11,GLD,HELD,-0.95,LOW,178.41,177.49,-0.516,WRONG,2023-09-12,BACKFILL
2023-09-11,QQQ,LONG,11.19,HIGH,370.5,366.39,-1.109,WRONG,2023-09-12,BACKFILL
2023-09-12,BTC,FLAT,-5.34,HIGH,25833.34,26228.32,1.529,WRONG,2023-09-13,BACKFILL
2023-09-12,GLD,HELD,-1.47,LOW,177.49,177.08,-0.231,WRONG,2023-09-13,BACKFILL
2023-09-12,QQQ,LONG,9.8,HIGH,366.39,367.79,0.382,RIGHT,2023-09-13,BACKFILL
2023-09-13,BTC,FLAT,-3.96,MEDIUM,26228.32,26539.67,1.187,WRONG,2023-09-14,BACKFILL
2023-09-13,GLD,HELD,-1.71,LOW,177.08,177.17,0.051,RIGHT,2023-09-14,BACKFILL
2023-09-13,QQQ,LONG,10.08,HIGH,367.79,370.8,0.818,RIGHT,2023-09-14,BACKFILL
2023-09-14,BTC,FLAT,-2.91,MEDIUM,26539.67,26608.69,0.26,WRONG,2023-09-15,BACKFILL
2023-09-14,GLD,HELD,-1.67,LOW,177.17,178.34,0.66,RIGHT,2023-09-15,BACKFILL
2023-09-14,QQQ,LONG,10.82,HIGH,370.8,364.45,-1.713,WRONG,2023-09-15,BACKFILL
2023-09-15,BTC,FLAT,-2.77,MEDIUM,26608.69,26754.28,0.547,WRONG,2023-09-18,BACKFILL
2023-09-15,GLD,HELD,-1.04,LOW,178.34,179.39,0.589,RIGHT,2023-09-18,BACKFILL
2023-09-15,QQQ,LONG,8.77,HIGH,364.45,364.83,0.104,RIGHT,2023-09-18,BACKFILL
2023-09-18,BTC,FLAT,-2.36,MEDIUM,26754.28,27211.12,1.708,WRONG,2023-09-19,BACKFILL
2023-09-18,GLD,HELD,-0.48,LOW,179.39,179.22,-0.095,WRONG,2023-09-19,BACKFILL
2023-09-18,QQQ,LONG,8.73,HIGH,364.83,364.05,-0.214,WRONG,2023-09-19,BACKFILL
2023-09-19,BTC,FLAT,-0.82,LOW,27211.12,27132.01,-0.291,RIGHT,2023-09-20,BACKFILL
2023-09-19,GLD,HELD,-0.6,LOW,179.22,179.35,0.073,RIGHT,2023-09-20,BACKFILL
2023-09-19,QQQ,LONG,8.36,HIGH,364.05,358.8,-1.442,WRONG,2023-09-20,BACKFILL
2023-09-20,BTC,FLAT,-1.23,LOW,27132.01,26567.63,-2.08,RIGHT,2023-09-21,BACKFILL
2023-09-20,GLD,HELD,-0.55,LOW,179.35,178.05,-0.725,WRONG,2023-09-21,BACKFILL
2023-09-20,QQQ,LONG,6.67,HIGH,358.8,352.23,-1.831,WRONG,2023-09-21,BACKFILL
2023-09-21,BTC,FLAT,-3.33,MEDIUM,26567.63,26579.57,0.045,WRONG,2023-09-22,BACKFILL
2023-09-21,GLD,HELD,-1.3,LOW,178.05,178.62,0.32,RIGHT,2023-09-22,BACKFILL
2023-09-21,QQQ,LONG,4.62,MEDIUM,352.23,352.28,0.014,RIGHT,2023-09-22,BACKFILL
2023-09-22,BTC,FLAT,-3.36,MEDIUM,26579.57,26298.48,-1.058,RIGHT,2023-09-25,BACKFILL
2023-09-22,GLD,HELD,-1.01,LOW,178.62,177.7,-0.515,WRONG,2023-09-25,BACKFILL
2023-09-22,QQQ,LONG,4.52,MEDIUM,352.28,353.95,0.474,RIGHT,2023-09-25,BACKFILL
2023-09-25,BTC,FLAT,-4.42,MEDIUM,26298.48,26217.25,-0.309,RIGHT,2023-09-26,BACKFILL
2023-09-25,GLD,HELD,-1.54,LOW,177.7,176.28,-0.799,WRONG,2023-09-26,BACKFILL
2023-09-25,QQQ,LONG,4.89,MEDIUM,353.95,348.64,-1.5,WRONG,2023-09-26,BACKFILL
2023-09-26,BTC,FLAT,-4.76,MEDIUM,26217.25,26352.72,0.517,WRONG,2023-09-27,BACKFILL
2023-09-26,GLD,HELD,-2.35,MEDIUM,176.28,174.1,-1.237,WRONG,2023-09-27,BACKFILL
2023-09-26,QQQ,LONG,3.2,MEDIUM,348.64,349.45,0.232,RIGHT,2023-09-27,BACKFILL
2023-09-27,BTC,FLAT,-4.32,MEDIUM,26352.72,27021.55,2.538,WRONG,2023-09-28,BACKFILL
2023-09-27,GLD,HELD,-3.57,MEDIUM,174.1,173.23,-0.5,WRONG,2023-09-28,BACKFILL
2023-09-27,QQQ,LONG,3.31,MEDIUM,349.45,352.38,0.838,RIGHT,2023-09-28,BACKFILL
2023-09-28,BTC,FLAT,-1.96,LOW,27021.55,26911.72,-0.406,RIGHT,2023-09-29,BACKFILL
2023-09-28,GLD,HELD,-4.07,MEDIUM,173.23,171.45,-1.028,WRONG,2023-09-29,BACKFILL
2023-09-28,QQQ,LONG,4.05,MEDIUM,352.38,352.63,0.071,RIGHT,2023-09-29,BACKFILL
2023-09-29,BTC,FLAT,-2.45,MEDIUM,26911.72,27530.79,2.3,WRONG,2023-10-02,BACKFILL
2023-09-29,GLD,HELD,-5.07,HIGH,171.45,169.65,-1.05,WRONG,2023-10-02,BACKFILL
2023-09-29,QQQ,LONG,3.99,MEDIUM,352.63,355.57,0.834,RIGHT,2023-10-02,BACKFILL
2023-10-02,BTC,FLAT,-0.3,LOW,27530.79,27429.98,-0.366,RIGHT,2023-10-03,BACKFILL
2023-10-02,GLD,HELD,-6.06,HIGH,169.65,169.16,-0.289,WRONG,2023-10-03,BACKFILL
2023-10-02,QQQ,LONG,4.72,MEDIUM,355.57,349.33,-1.755,WRONG,2023-10-03,BACKFILL
2023-10-03,BTC,FLAT,-0.77,LOW,27429.98,27799.39,1.347,WRONG,2023-10-04,BACKFILL
2023-10-03,GLD,HELD,-6.33,HIGH,169.16,169.14,-0.012,WRONG,2023-10-04,BACKFILL
2023-10-03,QQQ,LONG,2.75,MEDIUM,349.33,354.09,1.363,RIGHT,2023-10-04,BACKFILL
2023-10-04,BTC,LONG,0.47,LOW,27799.39,27415.91,-1.379,WRONG,2023-10-05,BACKFILL
2023-10-04,GLD,HELD,-6.34,HIGH,169.14,168.83,-0.183,WRONG,2023-10-05,BACKFILL
2023-10-04,QQQ,LONG,4.01,MEDIUM,354.09,353.04,-0.297,WRONG,2023-10-05,BACKFILL
2023-10-05,BTC,FLAT,-1.01,LOW,27415.91,27946.6,1.936,WRONG,2023-10-06,BACKFILL
2023-10-05,GLD,HELD,-6.5,HIGH,168.83,169.7,0.515,RIGHT,2023-10-06,BACKFILL
2023-10-05,QQQ,LONG,3.57,MEDIUM,353.04,358.96,1.677,RIGHT,2023-10-06,BACKFILL
2023-10-06,BTC,LONG,0.77,LOW,27946.6,27583.68,-1.299,WRONG,2023-10-09,BACKFILL
2023-10-06,GLD,HELD,-6.01,HIGH,169.7,172.82,1.839,RIGHT,2023-10-09,BACKFILL
2023-10-06,QQQ,LONG,5.18,HIGH,358.96,360.79,0.51,RIGHT,2023-10-09,BACKFILL
2023-10-09,BTC,FLAT,-0.66,LOW,27583.68,27391.02,-0.698,RIGHT,2023-10-10,BACKFILL
2023-10-09,GLD,HELD,-4.29,MEDIUM,172.82,172.53,-0.168,WRONG,2023-10-10,BACKFILL
2023-10-09,QQQ,LONG,5.57,HIGH,360.79,362.79,0.554,RIGHT,2023-10-10,BACKFILL
2023-10-10,BTC,FLAT,-1.48,LOW,27391.02,26873.32,-1.89,RIGHT,2023-10-11,BACKFILL
2023-10-10,GLD,HELD,-4.46,MEDIUM,172.53,173.79,0.73,RIGHT,2023-10-11,BACKFILL
2023-10-10,QQQ,LONG,6.01,HIGH,362.79,365.38,0.714,RIGHT,2023-10-11,BACKFILL
2023-10-11,BTC,FLAT,-3.46,MEDIUM,26873.32,26756.8,-0.434,RIGHT,2023-10-12,BACKFILL
2023-10-11,GLD,HELD,-3.79,MEDIUM,173.79,173.26,-0.305,WRONG,2023-10-12,BACKFILL
2023-10-11,QQQ,LONG,6.61,HIGH,365.38,364.11,-0.348,WRONG,2023-10-12,BACKFILL
2023-10-12,BTC,FLAT,-4.03,MEDIUM,26756.8,26862.38,0.395,WRONG,2023-10-13,BACKFILL
2023-10-12,GLD,HELD,-4.09,MEDIUM,173.26,178.83,3.215,RIGHT,2023-10-13,BACKFILL
2023-10-12,QQQ,LONG,6.08,HIGH,364.11,359.53,-1.258,WRONG,2023-10-13,BACKFILL
2023-10-13,BTC,FLAT,-3.8,MEDIUM,26862.38,28519.47,6.169,WRONG,2023-10-16,BACKFILL
2023-10-13,GLD,HELD,-1.02,LOW,178.83,177.96,-0.486,WRONG,2023-10-16,BACKFILL
2023-10-13,QQQ,LONG,4.59,MEDIUM,359.53,363.6,1.132,RIGHT,2023-10-16,BACKFILL
2023-10-16,BTC,LONG,2.03,MEDIUM,28519.47,28415.75,-0.364,WRONG,2023-10-17,BACKFILL
2023-10-16,GLD,HELD,-1.51,LOW,177.96,178.29,0.185,RIGHT,2023-10-17,BACKFILL
2023-10-16,QQQ,LONG,5.62,HIGH,363.6,362.41,-0.327,WRONG,2023-10-17,BACKFILL
2023-10-17,BTC,LONG,1.57,LOW,28415.75,28328.34,-0.308,WRONG,2023-10-18,BACKFILL
2023-10-17,GLD,HELD,-1.33,LOW,178.29,180.87,1.447,RIGHT,2023-10-18,BACKFILL
2023-10-17,QQQ,LONG,5.13,HIGH,362.41,357.65,-1.313,WRONG,2023-10-18,BACKFILL
2023-10-18,BTC,LONG,1.16,LOW,28328.34,28719.81,1.382,RIGHT,2023-10-19,BACKFILL
2023-10-18,GLD,HELD,0.09,LOW,180.87,183.09,1.227,RIGHT,2023-10-19,BACKFILL
2023-10-18,QQQ,LONG,3.62,MEDIUM,357.65,354.3,-0.937,WRONG,2023-10-19,BACKFILL
2023-10-19,BTC,LONG,2.47,MEDIUM,28719.81,29682.95,3.354,RIGHT,2023-10-20,BACKFILL
2023-10-19,GLD,HELD,1.3,LOW,183.09,183.59,0.273,RIGHT,2023-10-20,BACKFILL
2023-10-19,QQQ,LONG,2.54,MEDIUM,354.3,349.02,-1.49,WRONG,2023-10-20,BACKFILL
2023-10-20,BTC,LONG,5.85,HIGH,29682.95,33086.23,11.465,RIGHT,2023-10-23,BACKFILL
2023-10-20,GLD,HELD,1.58,LOW,183.59,182.97,-0.338,WRONG,2023-10-23,BACKFILL
2023-10-20,QQQ,LONG,0.91,LOW,349.02,350.07,0.301,RIGHT,2023-10-23,BACKFILL
2023-10-23,BTC,LONG,17.84,HIGH,33086.23,33901.53,2.464,RIGHT,2023-10-24,BACKFILL
2023-10-23,GLD,HELD,1.24,LOW,182.97,182.95,-0.011,WRONG,2023-10-24,BACKFILL
2023-10-23,QQQ,LONG,1.12,LOW,350.07,353.48,0.974,RIGHT,2023-10-24,BACKFILL
2023-10-24,BTC,LONG,20.58,HIGH,33901.53,34502.82,1.774,RIGHT,2023-10-25,BACKFILL
2023-10-24,GLD,HELD,1.22,LOW,182.95,183.72,0.421,RIGHT,2023-10-25,BACKFILL
2023-10-24,QQQ,LONG,2.01,MEDIUM,353.48,344.83,-2.447,WRONG,2023-10-25,BACKFILL
2023-10-25,BTC,LONG,22.51,HIGH,34502.82,34156.65,-1.003,WRONG,2023-10-26,BACKFILL
2023-10-25,GLD,HELD,1.64,LOW,183.72,184.01,0.158,RIGHT,2023-10-26,BACKFILL
2023-10-25,QQQ,FLAT,-0.57,LOW,344.83,338.25,-1.908,RIGHT,2023-10-26,BACKFILL
2023-10-26,BTC,LONG,21.11,HIGH,34156.65,33909.8,-0.723,WRONG,2023-10-27,BACKFILL
2023-10-26,GLD,HELD,1.81,LOW,184.01,186.15,1.163,RIGHT,2023-10-27,BACKFILL
2023-10-26,QQQ,FLAT,-2.53,MEDIUM,338.25,339.88,0.482,WRONG,2023-10-27,BACKFILL
2023-10-27,BTC,LONG,20.05,HIGH,33909.8,34502.36,1.747,RIGHT,2023-10-30,BACKFILL
2023-10-27,GLD,HELD,2.98,MEDIUM,186.15,185.1,-0.564,WRONG,2023-10-30,BACKFILL
2023-10-27,QQQ,FLAT,-2.13,MEDIUM,339.88,343.7,1.124,WRONG,2023-10-30,BACKFILL
2023-10-30,BTC,LONG,21.94,HIGH,34502.36,34667.78,0.479,RIGHT,2023-10-31,BACKFILL
2023-10-30,GLD,HELD,2.39,MEDIUM,185.1,184.09,-0.546,WRONG,2023-10-31,BACKFILL
2023-10-30,QQQ,FLAT,-1.11,LOW,343.7,345.35,0.48,WRONG,2023-10-31,BACKFILL
2023-10-31,BTC,LONG,22.31,HIGH,34667.78,35437.25,2.22,RIGHT,2023-11-01,BACKFILL
2023-10-31,GLD,HELD,1.83,LOW,184.09,183.51,-0.315,WRONG,2023-11-01,BACKFILL
2023-10-31,QQQ,FLAT,-0.71,LOW,345.35,351.34,1.734,WRONG,2023-11-01,BACKFILL
2023-11-01,BTC,LONG,24.82,HIGH,35437.25,34938.24,-1.408,WRONG,2023-11-02,BACKFILL
2023-11-01,GLD,HELD,1.51,LOW,183.51,184.12,0.332,RIGHT,2023-11-02,BACKFILL
2023-11-01,QQQ,LONG,0.92,LOW,351.34,357.72,1.816,RIGHT,2023-11-02,BACKFILL
2023-11-02,BTC,LONG,22.86,HIGH,34938.24,34732.32,-0.589,WRONG,2023-11-03,BACKFILL
2023-11-02,GLD,HELD,1.84,LOW,184.12,184.79,0.364,RIGHT,2023-11-03,BACKFILL
2023-11-02,QQQ,LONG,2.66,MEDIUM,357.72,361.92,1.174,RIGHT,2023-11-03,BACKFILL
2023-11-03,BTC,LONG,21.96,HIGH,34732.32,35037.37,0.878,RIGHT,2023-11-06,BACKFILL
2023-11-03,GLD,HELD,2.21,MEDIUM,184.79,183.35,-0.779,WRONG,2023-11-06,BACKFILL
2023-11-03,QQQ,LONG,3.77,MEDIUM,361.92,363.4,0.409,RIGHT,2023-11-06,BACKFILL
2023-11-06,BTC,LONG,22.82,HIGH,35037.37,35443.56,1.159,RIGHT,2023-11-07,BACKFILL
2023-11-06,GLD,HELD,1.42,LOW,183.35,182.59,-0.415,WRONG,2023-11-07,BACKFILL
2023-11-06,QQQ,LONG,4.1,MEDIUM,363.4,366.83,0.944,RIGHT,2023-11-07,BACKFILL
2023-11-07,BTC,LONG,24.03,HIGH,35443.56,35655.28,0.597,RIGHT,2023-11-08,BACKFILL
2023-11-07,GLD,HELD,1.02,LOW,182.59,180.77,-0.997,WRONG,2023-11-08,BACKFILL
2023-11-07,QQQ,LONG,4.97,MEDIUM,366.83,367.07,0.065,RIGHT,2023-11-08,BACKFILL
2023-11-08,BTC,LONG,24.56,HIGH,35655.28,36693.12,2.911,RIGHT,2023-11-09,BACKFILL
2023-11-08,GLD,HELD,0.03,LOW,180.77,181.49,0.398,RIGHT,2023-11-09,BACKFILL
2023-11-08,QQQ,LONG,4.93,MEDIUM,367.07,364.25,-0.768,WRONG,2023-11-09,BACKFILL
2023-11-09,BTC,LONG,27.92,HIGH,36693.12,37313.97,1.692,RIGHT,2023-11-10,BACKFILL
2023-11-09,GLD,HELD,0.45,LOW,181.49,179.51,-1.091,WRONG,2023-11-10,BACKFILL
2023-11-09,QQQ,LONG,4.02,MEDIUM,364.25,372.43,2.246,RIGHT,2023-11-10,BACKFILL
2023-11-10,BTC,LONG,29.86,HIGH,37313.97,36502.36,-2.175,WRONG,2023-11-13,BACKFILL
2023-11-10,GLD,HELD,-0.62,LOW,179.51,180.51,0.557,RIGHT,2023-11-13,BACKFILL
2023-11-10,QQQ,LONG,6.23,HIGH,372.43,371.27,-0.311,WRONG,2023-11-13,BACKFILL
2023-11-13,BTC,LONG,26.85,HIGH,36502.36,35537.64,-2.643,WRONG,2023-11-14,BACKFILL
2023-11-13,GLD,HELD,-0.05,LOW,180.51,182.12,0.892,RIGHT,2023-11-14,BACKFILL
2023-11-13,QQQ,LONG,5.78,HIGH,371.27,379.27,2.155,RIGHT,2023-11-14,BACKFILL
2023-11-14,BTC,LONG,23.34,HIGH,35537.64,37880.58,6.593,RIGHT,2023-11-15,BACKFILL
2023-11-14,GLD,HELD,0.86,LOW,182.12,181.64,-0.264,WRONG,2023-11-15,BACKFILL
2023-11-14,QQQ,LONG,7.91,HIGH,379.27,379.55,0.074,RIGHT,2023-11-15,BACKFILL
2023-11-15,BTC,LONG,31.25,HIGH,37880.58,36154.77,-4.556,WRONG,2023-11-16,BACKFILL
2023-11-15,GLD,HELD,0.63,LOW,181.64,183.69,1.129,RIGHT,2023-11-16,BACKFILL
2023-11-15,QQQ,LONG,7.85,HIGH,379.55,379.88,0.087,RIGHT,2023-11-16,BACKFILL
2023-11-16,BTC,LONG,25.1,HIGH,36154.77,36596.68,1.222,RIGHT,2023-11-17,BACKFILL
2023-11-16,GLD,HELD,1.77,LOW,183.69,183.67,-0.011,WRONG,2023-11-17,BACKFILL
2023-11-16,QQQ,LONG,7.81,HIGH,379.88,379.96,0.021,RIGHT,2023-11-17,BACKFILL
2023-11-17,BTC,LONG,26.42,HIGH,36596.68,37476.96,2.405,RIGHT,2023-11-20,BACKFILL
2023-11-17,GLD,HELD,1.77,LOW,183.67,183.37,-0.163,WRONG,2023-11-20,BACKFILL
2023-11-17,QQQ,LONG,7.7,HIGH,379.96,384.59,1.219,RIGHT,2023-11-20,BACKFILL
2023-11-20,BTC,LONG,29.25,HIGH,37476.96,35813.81,-4.438,WRONG,2023-11-21,BACKFILL
2023-11-20,GLD,HELD,1.61,LOW,183.37,185.35,1.08,RIGHT,2023-11-21,BACKFILL
2023-11-20,QQQ,LONG,8.86,HIGH,384.59,382.36,-0.58,WRONG,2023-11-21,BACKFILL
2023-11-21,BTC,LONG,23.32,HIGH,35813.81,37432.34,4.519,RIGHT,2023-11-22,BACKFILL
2023-11-21,GLD,HELD,2.71,MEDIUM,185.35,184.56,-0.426,WRONG,2023-11-22,BACKFILL
2023-11-21,QQQ,LONG,8.09,HIGH,382.36,383.92,0.408,RIGHT,2023-11-22,BACKFILL
2023-11-22,BTC,LONG,28.62,HIGH,37432.34,37720.28,0.769,RIGHT,2023-11-24,BACKFILL
2023-11-22,GLD,HELD,2.28,MEDIUM,184.56,185.52,0.52,RIGHT,2023-11-24,BACKFILL
2023-11-22,QQQ,LONG,8.38,HIGH,383.92,383.38,-0.141,WRONG,2023-11-24,BACKFILL
2023-11-24,BTC,LONG,29.3,HIGH,37720.28,37254.17,-1.236,WRONG,2023-11-27,BACKFILL
2023-11-24,GLD,HELD,2.8,MEDIUM,185.52,186.77,0.674,RIGHT,2023-11-27,BACKFILL
2023-11-24,QQQ,LONG,8.08,HIGH,383.38,383.05,-0.086,WRONG,2023-11-27,BACKFILL
2023-11-27,BTC,LONG,27.42,HIGH,37254.17,37831.09,1.549,RIGHT,2023-11-28,BACKFILL
2023-11-27,GLD,HELD,3.49,MEDIUM,186.77,189.26,1.333,RIGHT,2023-11-28,BACKFILL
2023-11-27,QQQ,LONG,7.84,HIGH,383.05,384.05,0.261,RIGHT,2023-11-28,BACKFILL
2023-11-28,BTC,LONG,29.11,HIGH,37831.09,37858.49,0.072,RIGHT,2023-11-29,BACKFILL
2023-11-28,GLD,HELD,4.86,MEDIUM,189.26,189.54,0.148,RIGHT,2023-11-29,BACKFILL
2023-11-28,QQQ,LONG,7.96,HIGH,384.05,383.67,-0.099,WRONG,2023-11-29,BACKFILL
2023-11-29,BTC,LONG,28.93,HIGH,37858.49,37712.75,-0.385,WRONG,2023-11-30,BACKFILL
2023-11-29,GLD,HELD,4.99,MEDIUM,189.54,188.75,-0.417,WRONG,2023-11-30,BACKFILL
2023-11-29,QQQ,LONG,7.7,HIGH,383.67,382.71,-0.25,WRONG,2023-11-30,BACKFILL
2023-11-30,BTC,LONG,28.19,HIGH,37712.75,38688.75,2.588,RIGHT,2023-12-01,BACKFILL
2023-11-30,GLD,HELD,4.54,MEDIUM,188.75,192.01,1.727,RIGHT,2023-12-01,BACKFILL
2023-11-30,QQQ,LONG,7.29,HIGH,382.71,383.8,0.285,RIGHT,2023-12-01,BACKFILL
2023-12-01,BTC,LONG,31.23,HIGH,38688.75,41980.1,8.507,RIGHT,2023-12-04,BACKFILL
2023-12-01,GLD,HELD,6.32,HIGH,192.01,187.86,-2.161,WRONG,2023-12-04,BACKFILL
2023-12-01,QQQ,LONG,7.46,HIGH,383.8,380.24,-0.928,WRONG,2023-12-04,BACKFILL
2023-12-04,BTC,LONG,41.95,HIGH,41980.1,44080.65,5.004,RIGHT,2023-12-05,BACKFILL
2023-12-04,GLD,HELD,4.0,MEDIUM,187.86,187.15,-0.378,WRONG,2023-12-05,BACKFILL
2023-12-04,QQQ,LONG,6.34,HIGH,380.24,381.19,0.25,RIGHT,2023-12-05,BACKFILL
2023-12-05,BTC,LONG,48.54,HIGH,44080.65,43746.45,-0.758,WRONG,2023-12-06,BACKFILL
2023-12-05,GLD,HELD,3.61,MEDIUM,187.15,187.84,0.369,RIGHT,2023-12-06,BACKFILL
2023-12-05,QQQ,LONG,6.47,HIGH,381.19,378.99,-0.577,WRONG,2023-12-06,BACKFILL
2023-12-06,BTC,LONG,46.93,HIGH,43746.45,43292.66,-1.037,WRONG,2023-12-07,BACKFILL
2023-12-06,GLD,HELD,4.0,MEDIUM,187.84,188.15,0.165,RIGHT,2023-12-07,BACKFILL
2023-12-06,QQQ,LONG,5.72,HIGH,378.99,384.29,1.398,RIGHT,2023-12-07,BACKFILL
2023-12-07,BTC,LONG,44.93,HIGH,43292.66,44166.6,2.019,RIGHT,2023-12-08,BACKFILL
2023-12-07,GLD,HELD,4.18,MEDIUM,188.15,185.64,-1.334,WRONG,2023-12-08,BACKFILL
2023-12-07,QQQ,LONG,7.05,HIGH,384.29,386.0,0.445,RIGHT,2023-12-08,BACKFILL
2023-12-08,BTC,LONG,47.38,HIGH,44166.6,41243.83,-6.618,WRONG,2023-12-11,BACKFILL
2023-12-08,GLD,HELD,2.8,MEDIUM,185.64,183.59,-1.104,WRONG,2023-12-11,BACKFILL
2023-12-08,QQQ,LONG,7.39,HIGH,386.0,389.3,0.855,RIGHT,2023-12-11,BACKFILL
2023-12-11,BTC,LONG,37.21,HIGH,41243.83,41450.22,0.5,RIGHT,2023-12-12,BACKFILL
2023-12-11,GLD,HELD,1.68,LOW,183.59,183.49,-0.054,WRONG,2023-12-12,BACKFILL
2023-12-11,QQQ,LONG,8.16,HIGH,389.3,392.4,0.796,RIGHT,2023-12-12,BACKFILL
2023-12-12,BTC,LONG,37.48,HIGH,41450.22,42890.74,3.475,RIGHT,2023-12-13,BACKFILL
2023-12-12,GLD,HELD,1.64,LOW,183.49,187.63,2.256,RIGHT,2023-12-13,BACKFILL
2023-12-12,QQQ,LONG,8.87,HIGH,392.4,397.39,1.272,RIGHT,2023-12-13,BACKFILL
2023-12-13,BTC,LONG,41.78,HIGH,42890.74,43023.97,0.311,RIGHT,2023-12-14,BACKFILL
2023-12-13,GLD,HELD,3.94,MEDIUM,187.63,188.73,0.586,RIGHT,2023-12-14,BACKFILL
2023-12-13,QQQ,LONG,10.1,HIGH,397.39,397.04,-0.088,WRONG,2023-12-14,BACKFILL
2023-12-14,BTC,LONG,41.72,HIGH,43023.97,41929.76,-2.543,WRONG,2023-12-15,BACKFILL
2023-12-14,GLD,HELD,4.54,MEDIUM,188.73,187.0,-0.917,WRONG,2023-12-15,BACKFILL
2023-12-14,QQQ,LONG,9.84,HIGH,397.04,398.96,0.484,RIGHT,2023-12-15,BACKFILL
2023-12-15,BTC,LONG,37.65,HIGH,41929.76,42623.54,1.655,RIGHT,2023-12-18,BACKFILL
2023-12-15,GLD,HELD,3.58,MEDIUM,187.0,187.85,0.455,RIGHT,2023-12-18,BACKFILL
2023-12-15,QQQ,LONG,10.21,HIGH,398.96,401.47,0.629,RIGHT,2023-12-18,BACKFILL
2023-12-18,BTC,LONG,39.46,HIGH,42623.54,42270.53,-0.828,WRONG,2023-12-19,BACKFILL
2023-12-18,GLD,HELD,4.05,MEDIUM,187.85,189.13,0.681,RIGHT,2023-12-19,BACKFILL
2023-12-18,QQQ,LONG,10.74,HIGH,401.47,403.52,0.511,RIGHT,2023-12-19,BACKFILL
2023-12-19,BTC,LONG,37.85,HIGH,42270.53,43652.25,3.269,RIGHT,2023-12-20,BACKFILL
2023-12-19,GLD,HELD,4.74,MEDIUM,189.13,188.1,-0.545,WRONG,2023-12-20,BACKFILL
2023-12-19,QQQ,LONG,11.14,HIGH,403.52,397.53,-1.484,WRONG,2023-12-20,BACKFILL
2023-12-20,BTC,LONG,41.85,HIGH,43652.25,43869.15,0.497,RIGHT,2023-12-21,BACKFILL
2023-12-20,GLD,HELD,4.16,MEDIUM,188.1,189.43,0.707,RIGHT,2023-12-21,BACKFILL
2023-12-20,QQQ,LONG,9.34,HIGH,397.53,402.15,1.162,RIGHT,2023-12-21,BACKFILL
2023-12-21,BTC,LONG,42.03,HIGH,43869.15,43997.9,0.293,RIGHT,2023-12-22,BACKFILL
2023-12-21,GLD,HELD,4.87,MEDIUM,189.43,190.27,0.443,RIGHT,2023-12-22,BACKFILL
2023-12-21,QQQ,LONG,10.47,HIGH,402.15,402.76,0.152,RIGHT,2023-12-22,BACKFILL
2023-12-22,BTC,LONG,41.93,HIGH,43997.9,42520.4,-3.358,WRONG,2023-12-26,BACKFILL
2023-12-22,GLD,HELD,5.31,HIGH,190.27,191.72,0.762,RIGHT,2023-12-26,BACKFILL
2023-12-22,QQQ,LONG,10.49,HIGH,402.76,405.22,0.611,RIGHT,2023-12-26,BACKFILL
2023-12-26,BTC,LONG,36.7,HIGH,42520.4,43442.86,2.169,RIGHT,2023-12-27,BACKFILL
2023-12-26,GLD,HELD,6.08,HIGH,191.72,192.59,0.454,RIGHT,2023-12-27,BACKFILL
2023-12-26,QQQ,LONG,11.01,HIGH,405.22,406.05,0.205,RIGHT,2023-12-27,BACKFILL
2023-12-27,BTC,LONG,39.18,HIGH,43442.86,42627.86,-1.876,WRONG,2023-12-28,BACKFILL
2023-12-27,GLD,HELD,6.52,HIGH,192.59,191.47,-0.582,WRONG,2023-12-28,BACKFILL
2023-12-27,QQQ,LONG,11.08,HIGH,406.05,405.85,-0.049,WRONG,2023-12-28,BACKFILL
2023-12-28,BTC,LONG,36.1,HIGH,42627.86,42099.4,-1.24,WRONG,2023-12-29,BACKFILL
2023-12-28,GLD,HELD,5.86,HIGH,191.47,191.17,-0.157,WRONG,2023-12-29,BACKFILL
2023-12-28,QQQ,LONG,10.86,HIGH,405.85,404.09,-0.434,WRONG,2023-12-29,BACKFILL
2023-12-29,BTC,LONG,33.96,HIGH,42099.4,44957.97,6.79,RIGHT,2024-01-02,BACKFILL
2023-12-29,GLD,HELD,5.66,HIGH,191.17,190.72,-0.235,WRONG,2024-01-02,BACKFILL
2023-12-29,QQQ,LONG,10.24,HIGH,404.09,397.25,-1.693,WRONG,2024-01-02,BACKFILL
2024-01-02,BTC,LONG,42.51,HIGH,44957.97,42848.18,-4.693,WRONG,2024-01-03,BACKFILL
2024-01-02,GLD,HELD,5.37,HIGH,190.72,189.13,-0.834,WRONG,2024-01-03,BACKFILL
2024-01-02,QQQ,LONG,8.27,HIGH,397.25,393.05,-1.057,WRONG,2024-01-03,BACKFILL
2024-01-03,BTC,LONG,35.39,HIGH,42848.18,44179.92,3.108,RIGHT,2024-01-04,BACKFILL
2024-01-03,GLD,HELD,4.46,MEDIUM,189.13,189.32,0.1,RIGHT,2024-01-04,BACKFILL
2024-01-03,QQQ,LONG,7.03,HIGH,393.05,391.03,-0.514,WRONG,2024-01-04,BACKFILL
2024-01-04,BTC,LONG,39.1,HIGH,44179.92,44162.69,-0.039,WRONG,2024-01-05,BACKFILL
2024-01-04,GLD,HELD,4.54,MEDIUM,189.32,189.35,0.016,RIGHT,2024-01-05,BACKFILL
2024-01-04,QQQ,LONG,6.38,HIGH,391.03,391.49,0.118,RIGHT,2024-01-05,BACKFILL
2024-01-05,BTC,LONG,38.54,HIGH,44162.69,46970.5,6.358,RIGHT,2024-01-08,BACKFILL
2024-01-05,GLD,HELD,4.54,MEDIUM,189.35,187.87,-0.782,WRONG,2024-01-08,BACKFILL
2024-01-05,QQQ,LONG,6.42,HIGH,391.49,399.58,2.066,RIGHT,2024-01-08,BACKFILL
2024-01-08,BTC,LONG,46.74,HIGH,46970.5,46139.73,-1.769,WRONG,2024-01-09,BACKFILL
2024-01-08,GLD,HELD,3.69,MEDIUM,187.87,187.93,0.032,RIGHT,2024-01-09,BACKFILL
2024-01-08,QQQ,LONG,8.51,HIGH,399.58,400.37,0.198,RIGHT,2024-01-09,BACKFILL
2024-01-09,BTC,LONG,43.54,HIGH,46139.73,46627.78,1.058,RIGHT,2024-01-10,BACKFILL
2024-01-09,GLD,HELD,3.7,MEDIUM,187.93,187.5,-0.229,WRONG,2024-01-10,BACKFILL
2024-01-09,QQQ,LONG,8.63,HIGH,400.37,403.09,0.679,RIGHT,2024-01-10,BACKFILL
2024-01-10,BTC,LONG,44.48,HIGH,46627.78,46368.59,-0.556,WRONG,2024-01-11,BACKFILL
2024-01-10,GLD,HELD,3.45,MEDIUM,187.5,187.87,0.197,RIGHT,2024-01-11,BACKFILL
2024-01-10,QQQ,LONG,9.26,HIGH,403.09,403.92,0.206,RIGHT,2024-01-11,BACKFILL
2024-01-11,BTC,LONG,43.08,HIGH,46368.59,42853.17,-7.581,WRONG,2024-01-12,BACKFILL
2024-01-11,GLD,HELD,3.62,MEDIUM,187.87,189.71,0.979,RIGHT,2024-01-12,BACKFILL
2024-01-11,QQQ,LONG,9.36,HIGH,403.92,404.13,0.052,RIGHT,2024-01-12,BACKFILL
2024-01-12,BTC,LONG,31.79,HIGH,42853.17,43154.95,0.704,RIGHT,2024-01-16,BACKFILL
2024-01-12,GLD,HELD,4.61,MEDIUM,189.71,187.91,-0.949,WRONG,2024-01-16,BACKFILL
2024-01-12,QQQ,LONG,9.3,HIGH,404.13,404.09,-0.01,WRONG,2024-01-16,BACKFILL
2024-01-16,BTC,LONG,32.27,HIGH,43154.95,42742.65,-0.955,WRONG,2024-01-17,BACKFILL
2024-01-16,GLD,HELD,3.59,MEDIUM,187.91,185.84,-1.102,WRONG,2024-01-17,BACKFILL
2024-01-16,QQQ,LONG,9.18,HIGH,404.09,401.81,-0.564,WRONG,2024-01-17,BACKFILL
2024-01-17,BTC,LONG,30.55,HIGH,42742.65,41262.06,-3.464,WRONG,2024-01-18,BACKFILL
2024-01-17,GLD,HELD,2.44,MEDIUM,185.84,187.37,0.823,RIGHT,2024-01-18,BACKFILL
2024-01-17,QQQ,LONG,8.47,HIGH,401.81,407.52,1.421,RIGHT,2024-01-18,BACKFILL
2024-01-18,BTC,LONG,25.64,HIGH,41262.06,41618.41,0.864,RIGHT,2024-01-19,BACKFILL
2024-01-18,GLD,HELD,3.26,MEDIUM,187.37,187.93,0.299,RIGHT,2024-01-19,BACKFILL
2024-01-18,QQQ,LONG,9.91,HIGH,407.52,415.6,1.983,RIGHT,2024-01-19,BACKFILL
2024-01-19,BTC,LONG,26.3,HIGH,41618.41,39507.37,-5.072,WRONG,2024-01-22,BACKFILL
2024-01-19,GLD,HELD,3.54,MEDIUM,187.93,187.22,-0.378,WRONG,2024-01-22,BACKFILL
2024-01-19,QQQ,LONG,11.98,HIGH,415.6,416.14,0.13,RIGHT,2024-01-22,BACKFILL
2024-01-22,BTC,LONG,19.56,HIGH,39507.37,39845.55,0.856,RIGHT,2024-01-23,BACKFILL
2024-01-22,GLD,HELD,3.12,MEDIUM,187.22,187.95,0.39,RIGHT,2024-01-23,BACKFILL
2024-01-22,QQQ,LONG,12.02,HIGH,416.14,417.87,0.416,RIGHT,2024-01-23,BACKFILL
2024-01-23,BTC,LONG,20.25,HIGH,39845.55,40077.07,0.581,RIGHT,2024-01-24,BACKFILL
2024-01-23,GLD,HELD,3.5,MEDIUM,187.95,186.4,-0.825,WRONG,2024-01-24,BACKFILL
2024-01-23,QQQ,LONG,12.37,HIGH,417.87,420.19,0.555,RIGHT,2024-01-24,BACKFILL
2024-01-24,BTC,LONG,20.67,HIGH,40077.07,39933.81,-0.357,WRONG,2024-01-25,BACKFILL
2024-01-24,GLD,HELD,2.62,MEDIUM,186.4,187.14,0.397,RIGHT,2024-01-25,BACKFILL
2024-01-24,QQQ,LONG,12.87,HIGH,420.19,420.7,0.121,RIGHT,2024-01-25,BACKFILL
2024-01-25,BTC,LONG,20.0,HIGH,39933.81,41816.87,4.715,RIGHT,2024-01-26,BACKFILL
2024-01-25,GLD,HELD,3.0,MEDIUM,187.14,187.01,-0.069,WRONG,2024-01-26,BACKFILL
2024-01-25,QQQ,LONG,12.88,HIGH,420.7,418.19,-0.597,WRONG,2024-01-26,BACKFILL
2024-01-26,BTC,LONG,25.36,HIGH,41816.87,43288.25,3.519,RIGHT,2024-01-29,BACKFILL
2024-01-26,GLD,HELD,2.9,MEDIUM,187.01,188.33,0.706,RIGHT,2024-01-29,BACKFILL
2024-01-26,QQQ,LONG,12.09,HIGH,418.19,422.48,1.026,RIGHT,2024-01-29,BACKFILL
2024-01-29,BTC,LONG,29.44,HIGH,43288.25,42952.61,-0.775,WRONG,2024-01-30,BACKFILL
2024-01-29,GLD,HELD,3.58,MEDIUM,188.33,188.59,0.138,RIGHT,2024-01-30,BACKFILL
2024-01-29,QQQ,LONG,13.1,HIGH,422.48,419.66,-0.667,WRONG,2024-01-30,BACKFILL
2024-01-30,BTC,LONG,28.11,HIGH,42952.61,42582.61,-0.861,WRONG,2024-01-31,BACKFILL
2024-01-30,GLD,HELD,3.69,MEDIUM,188.59,188.45,-0.074,WRONG,2024-01-31,BACKFILL
2024-01-30,QQQ,LONG,12.21,HIGH,419.66,411.44,-1.959,WRONG,2024-01-31,BACKFILL
2024-01-31,BTC,LONG,26.71,HIGH,42582.61,43075.77,1.158,RIGHT,2024-02-01,BACKFILL
2024-01-31,GLD,HELD,3.57,MEDIUM,188.45,190.41,1.04,RIGHT,2024-02-01,BACKFILL
2024-01-31,QQQ,LONG,9.91,HIGH,411.44,416.29,1.179,RIGHT,2024-02-01,BACKFILL
2024-02-01,BTC,LONG,27.85,HIGH,43075.77,43185.86,0.256,RIGHT,2024-02-02,BACKFILL
2024-02-01,GLD,HELD,4.6,MEDIUM,190.41,188.61,-0.945,WRONG,2024-02-02,BACKFILL
2024-02-01,QQQ,LONG,11.09,HIGH,416.29,423.32,1.689,RIGHT,2024-02-02,BACKFILL
2024-02-02,BTC,LONG,27.85,HIGH,43185.86,42658.67,-1.221,WRONG,2024-02-05,BACKFILL
2024-02-02,GLD,HELD,3.57,MEDIUM,188.61,187.57,-0.551,WRONG,2024-02-05,BACKFILL
2024-02-02,QQQ,LONG,12.83,HIGH,423.32,422.77,-0.13,WRONG,2024-02-05,BACKFILL
2024-02-05,BTC,LONG,25.99,HIGH,42658.67,43084.67,0.999,RIGHT,2024-02-06,BACKFILL
2024-02-05,GLD,HELD,2.96,MEDIUM,187.57,188.55,0.522,RIGHT,2024-02-06,BACKFILL
2024-02-05,QQQ,LONG,12.57,HIGH,422.77,421.92,-0.201,WRONG,2024-02-06,BACKFILL
2024-02-06,BTC,LONG,26.95,HIGH,43084.67,44318.22,2.863,RIGHT,2024-02-07,BACKFILL
2024-02-06,GLD,HELD,3.46,MEDIUM,188.55,188.5,-0.027,WRONG,2024-02-07,BACKFILL
2024-02-06,QQQ,LONG,12.23,HIGH,421.92,426.26,1.029,RIGHT,2024-02-07,BACKFILL
2024-02-07,BTC,LONG,30.23,HIGH,44318.22,45301.57,2.219,RIGHT,2024-02-08,BACKFILL
2024-02-07,GLD,HELD,3.39,MEDIUM,188.5,188.33,-0.09,WRONG,2024-02-08,BACKFILL
2024-02-07,QQQ,LONG,13.25,HIGH,426.26,427.05,0.185,RIGHT,2024-02-08,BACKFILL
2024-02-08,BTC,LONG,32.72,HIGH,45301.57,47147.2,4.074,RIGHT,2024-02-09,BACKFILL
2024-02-08,GLD,HELD,3.26,MEDIUM,188.33,187.6,-0.388,WRONG,2024-02-09,BACKFILL
2024-02-08,QQQ,LONG,13.33,HIGH,427.05,431.26,0.986,RIGHT,2024-02-09,BACKFILL
2024-02-09,BTC,LONG,37.67,HIGH,47147.2,49958.22,5.962,RIGHT,2024-02-12,BACKFILL
2024-02-09,GLD,HELD,2.82,MEDIUM,187.6,187.11,-0.261,WRONG,2024-02-12,BACKFILL
2024-02-09,QQQ,LONG,14.31,HIGH,431.26,429.57,-0.392,WRONG,2024-02-12,BACKFILL
2024-02-12,BTC,LONG,45.33,HIGH,49958.22,49742.44,-0.432,WRONG,2024-02-13,BACKFILL
2024-02-12,GLD,HELD,2.52,MEDIUM,187.11,184.53,-1.379,WRONG,2024-02-13,BACKFILL
2024-02-12,QQQ,LONG,13.72,HIGH,429.57,422.87,-1.56,WRONG,2024-02-13,BACKFILL
2024-02-13,BTC,LONG,44.17,HIGH,49742.44,51826.7,4.19,RIGHT,2024-02-14,BACKFILL
2024-02-13,GLD,HELD,1.09,LOW,184.53,184.42,-0.06,WRONG,2024-02-14,BACKFILL
2024-02-13,QQQ,LONG,11.82,HIGH,422.87,427.48,1.09,RIGHT,2024-02-14,BACKFILL
2024-02-14,BTC,LONG,49.59,HIGH,51826.7,51938.55,0.216,RIGHT,2024-02-15,BACKFILL
2024-02-14,GLD,HELD,1.02,LOW,184.42,185.66,0.672,RIGHT,2024-02-15,BACKFILL
2024-02-14,QQQ,LONG,12.92,HIGH,427.48,428.75,0.297,RIGHT,2024-02-15,BACKFILL
2024-02-15,BTC,LONG,49.32,HIGH,51938.55,52160.2,0.427,RIGHT,2024-02-16,BACKFILL
2024-02-15,GLD,HELD,1.69,LOW,185.66,186.34,0.366,RIGHT,2024-02-16,BACKFILL
2024-02-15,QQQ,LONG,13.14,HIGH,428.75,424.86,-0.907,WRONG,2024-02-16,BACKFILL
2024-02-16,BTC,LONG,49.34,HIGH,52160.2,52284.88,0.239,RIGHT,2024-02-20,BACKFILL
2024-02-16,GLD,HELD,2.04,MEDIUM,186.34,187.47,0.606,RIGHT,2024-02-20,BACKFILL
2024-02-16,QQQ,LONG,12.02,HIGH,424.86,421.66,-0.753,WRONG,2024-02-20,BACKFILL
2024-02-20,BTC,LONG,49.06,HIGH,52284.88,51839.18,-0.852,WRONG,2024-02-21,BACKFILL
2024-02-20,GLD,HELD,2.64,MEDIUM,187.47,187.48,0.005,RIGHT,2024-02-21,BACKFILL
2024-02-20,QQQ,LONG,11.08,HIGH,421.66,419.97,-0.401,WRONG,2024-02-21,BACKFILL
2024-02-21,BTC,LONG,47.18,HIGH,51839.18,51304.97,-1.031,WRONG,2024-02-22,BACKFILL
2024-02-21,GLD,HELD,2.63,MEDIUM,187.48,187.56,0.043,RIGHT,2024-02-22,BACKFILL
2024-02-21,QQQ,LONG,10.56,HIGH,419.97,432.26,2.926,RIGHT,2024-02-22,BACKFILL
2024-02-22,BTC,LONG,45.07,HIGH,51304.97,50731.95,-1.117,WRONG,2024-02-23,BACKFILL
2024-02-22,GLD,HELD,2.66,MEDIUM,187.56,188.62,0.565,RIGHT,2024-02-23,BACKFILL
2024-02-22,QQQ,LONG,13.69,HIGH,432.26,430.99,-0.294,WRONG,2024-02-23,BACKFILL
2024-02-23,BTC,LONG,42.89,HIGH,50731.95,54522.4,7.472,RIGHT,2024-02-26,BACKFILL
2024-02-23,GLD,HELD,3.22,MEDIUM,188.62,188.2,-0.223,WRONG,2024-02-26,BACKFILL
2024-02-23,QQQ,LONG,13.23,HIGH,430.99,430.76,-0.053,WRONG,2024-02-26,BACKFILL
2024-02-26,BTC,LONG,52.86,HIGH,54522.4,57085.37,4.701,RIGHT,2024-02-27,BACKFILL
2024-02-26,GLD,HELD,2.96,MEDIUM,188.2,188.0,-0.106,WRONG,2024-02-27,BACKFILL
2024-02-26,QQQ,LONG,13.05,HIGH,430.76,431.8,0.241,RIGHT,2024-02-27,BACKFILL
2024-02-27,BTC,LONG,59.21,HIGH,57085.37,62504.79,9.494,RIGHT,2024-02-28,BACKFILL
2024-02-27,GLD,HELD,2.83,MEDIUM,188.0,188.34,0.181,RIGHT,2024-02-28,BACKFILL
2024-02-27,QQQ,LONG,13.2,HIGH,431.8,429.5,-0.533,WRONG,2024-02-28,BACKFILL
2024-02-28,BTC,LONG,73.26,HIGH,62504.79,61198.38,-2.09,WRONG,2024-02-29,BACKFILL
2024-02-28,GLD,HELD,2.99,MEDIUM,188.34,189.31,0.515,RIGHT,2024-02-29,BACKFILL
2024-02-28,QQQ,LONG,12.48,HIGH,429.5,433.18,0.857,RIGHT,2024-02-29,BACKFILL
2024-02-29,BTC,LONG,68.64,HIGH,61198.38,62440.63,2.03,RIGHT,2024-03-01,BACKFILL
2024-02-29,GLD,HELD,3.5,MEDIUM,189.31,192.89,1.891,RIGHT,2024-03-01,BACKFILL
2024-02-29,QQQ,LONG,13.33,HIGH,433.18,439.7,1.505,RIGHT,2024-03-01,BACKFILL
2024-03-01,BTC,LONG,71.02,HIGH,62440.63,68330.41,9.433,RIGHT,2024-03-04,BACKFILL
2024-03-01,GLD,HELD,5.41,HIGH,192.89,196.01,1.618,RIGHT,2024-03-04,BACKFILL
2024-03-01,QQQ,LONG,14.89,HIGH,439.7,438.14,-0.355,WRONG,2024-03-04,BACKFILL
2024-03-04,BTC,LONG,85.83,HIGH,68330.41,63801.2,-6.628,WRONG,2024-03-05,BACKFILL
2024-03-04,GLD,HELD,7.06,HIGH,196.01,197.19,0.602,RIGHT,2024-03-05,BACKFILL
2024-03-04,QQQ,LONG,14.36,HIGH,438.14,430.27,-1.796,WRONG,2024-03-05,BACKFILL
2024-03-05,BTC,LONG,72.43,HIGH,63801.2,66106.8,3.614,RIGHT,2024-03-06,BACKFILL
2024-03-05,GLD,HELD,7.65,HIGH,197.19,198.81,0.822,RIGHT,2024-03-06,BACKFILL
2024-03-05,QQQ,LONG,12.2,HIGH,430.27,432.97,0.628,RIGHT,2024-03-06,BACKFILL
2024-03-06,BTC,LONG,77.5,HIGH,66106.8,66925.48,1.238,RIGHT,2024-03-07,BACKFILL
2024-03-06,GLD,HELD,8.46,HIGH,198.81,199.94,0.568,RIGHT,2024-03-07,BACKFILL
2024-03-06,QQQ,LONG,12.8,HIGH,432.97,439.55,1.52,RIGHT,2024-03-07,BACKFILL
2024-03-07,BTC,LONG,78.49,HIGH,66925.48,68300.09,2.054,RIGHT,2024-03-08,BACKFILL
2024-03-07,GLD,HELD,8.99,HIGH,199.94,201.63,0.845,RIGHT,2024-03-08,BACKFILL
2024-03-07,QQQ,LONG,14.37,HIGH,439.55,433.2,-1.445,WRONG,2024-03-08,BACKFILL
2024-03-08,BTC,LONG,80.9,HIGH,68300.09,72123.91,5.599,RIGHT,2024-03-11,BACKFILL
2024-03-08,GLD,HELD,9.83,HIGH,201.63,202.0,0.184,RIGHT,2024-03-11,BACKFILL
2024-03-08,QQQ,LONG,12.59,HIGH,433.2,431.59,-0.372,WRONG,2024-03-11,BACKFILL
2024-03-11,BTC,LONG,89.58,HIGH,72123.91,71481.29,-0.891,WRONG,2024-03-12,BACKFILL
2024-03-11,GLD,HELD,9.94,HIGH,202.0,199.79,-1.094,WRONG,2024-03-12,BACKFILL
2024-03-11,QQQ,LONG,12.04,HIGH,431.59,437.78,1.434,RIGHT,2024-03-12,BACKFILL
2024-03-12,BTC,LONG,86.51,HIGH,71481.29,73083.5,2.241,RIGHT,2024-03-13,BACKFILL
2024-03-12,GLD,HELD,8.66,HIGH,199.79,201.19,0.701,RIGHT,2024-03-13,BACKFILL
2024-03-12,QQQ,LONG,13.51,HIGH,437.78,434.42,-0.768,WRONG,2024-03-13,BACKFILL
2024-03-13,BTC,LONG,89.27,HIGH,73083.5,71396.59,-2.308,WRONG,2024-03-14,BACKFILL
2024-03-13,GLD,HELD,9.33,HIGH,201.19,200.35,-0.418,WRONG,2024-03-14,BACKFILL
2024-03-13,QQQ,LONG,12.51,HIGH,434.42,433.32,-0.253,WRONG,2024-03-14,BACKFILL
2024-03-14,BTC,LONG,83.57,HIGH,71396.59,69403.77,-2.791,WRONG,2024-03-15,BACKFILL
2024-03-14,GLD,HELD,8.79,HIGH,200.35,199.71,-0.319,WRONG,2024-03-15,BACKFILL
2024-03-14,QQQ,LONG,12.08,HIGH,433.32,428.17,-1.188,WRONG,2024-03-15,BACKFILL
2024-03-15,BTC,LONG,77.23,HIGH,69403.77,67548.59,-2.673,WRONG,2024-03-18,BACKFILL
2024-03-15,GLD,HELD,8.35,HIGH,199.71,200.03,0.16,RIGHT,2024-03-18,BACKFILL
2024-03-15,QQQ,LONG,10.63,HIGH,428.17,432.25,0.953,RIGHT,2024-03-18,BACKFILL
2024-03-18,BTC,LONG,71.38,HIGH,67548.59,61912.77,-8.343,WRONG,2024-03-19,BACKFILL
2024-03-18,GLD,HELD,8.44,HIGH,200.03,199.8,-0.115,WRONG,2024-03-19,BACKFILL
2024-03-18,QQQ,LONG,11.54,HIGH,432.25,433.33,0.25,RIGHT,2024-03-19,BACKFILL
2024-03-19,BTC,LONG,56.23,HIGH,61912.77,67913.67,9.693,RIGHT,2024-03-20,BACKFILL
2024-03-19,GLD,HELD,8.22,HIGH,199.8,202.18,1.191,RIGHT,2024-03-20,BACKFILL
2024-03-19,QQQ,LONG,11.69,HIGH,433.33,438.47,1.186,RIGHT,2024-03-20,BACKFILL
2024-03-20,BTC,LONG,70.26,HIGH,67913.67,65491.39,-3.567,WRONG,2024-03-21,BACKFILL
2024-03-20,GLD,HELD,9.41,HIGH,202.18,201.97,-0.104,WRONG,2024-03-21,BACKFILL
2024-03-20,QQQ,LONG,12.86,HIGH,438.47,440.54,0.472,RIGHT,2024-03-21,BACKFILL
2024-03-21,BTC,LONG,63.18,HIGH,65491.39,63778.76,-2.615,WRONG,2024-03-22,BACKFILL
2024-03-21,GLD,HELD,9.19,HIGH,201.97,200.35,-0.802,WRONG,2024-03-22,BACKFILL
2024-03-21,QQQ,LONG,13.23,HIGH,440.54,441.05,0.116,RIGHT,2024-03-22,BACKFILL
2024-03-22,BTC,LONG,57.94,HIGH,63778.76,69958.81,9.69,RIGHT,2024-03-25,BACKFILL
2024-03-22,GLD,HELD,8.22,HIGH,200.35,200.99,0.319,RIGHT,2024-03-25,BACKFILL
2024-03-22,QQQ,LONG,13.19,HIGH,441.05,439.45,-0.363,WRONG,2024-03-25,BACKFILL
2024-03-25,BTC,LONG,72.0,HIGH,69958.81,69987.84,0.041,RIGHT,2024-03-26,BACKFILL
2024-03-25,GLD,HELD,8.47,HIGH,200.99,201.64,0.323,RIGHT,2024-03-26,BACKFILL
2024-03-25,QQQ,LONG,12.61,HIGH,439.45,438.02,-0.325,WRONG,2024-03-26,BACKFILL
2024-03-26,BTC,LONG,70.84,HIGH,69987.84,69455.34,-0.761,WRONG,2024-03-27,BACKFILL
2024-03-26,GLD,HELD,8.72,HIGH,201.64,203.1,0.724,RIGHT,2024-03-27,BACKFILL
2024-03-26,QQQ,LONG,12.09,HIGH,438.02,439.51,0.34,RIGHT,2024-03-27,BACKFILL
2024-03-27,BTC,LONG,68.35,HIGH,69455.34,70744.95,1.857,RIGHT,2024-03-28,BACKFILL
2024-03-27,GLD,HELD,9.4,HIGH,203.1,205.72,1.29,RIGHT,2024-03-28,BACKFILL
2024-03-27,QQQ,LONG,12.31,HIGH,439.51,438.7,-0.184,WRONG,2024-03-28,BACKFILL
2024-03-28,BTC,LONG,70.26,HIGH,70744.95,69702.15,-1.474,WRONG,2024-04-01,BACKFILL
2024-03-28,GLD,HELD,10.7,HIGH,205.72,207.82,1.021,RIGHT,2024-04-01,BACKFILL
2024-03-28,QQQ,LONG,11.96,HIGH,438.7,439.63,0.212,RIGHT,2024-04-01,BACKFILL
2024-04-01,BTC,LONG,66.59,HIGH,69702.15,65446.97,-6.105,WRONG,2024-04-02,BACKFILL
2024-04-01,GLD,HELD,11.71,HIGH,207.82,210.89,1.477,RIGHT,2024-04-02,BACKFILL
2024-04-01,QQQ,LONG,12.04,HIGH,439.63,435.84,-0.862,WRONG,2024-04-02,BACKFILL
2024-04-02,BTC,LONG,55.44,HIGH,65446.97,65980.81,0.816,RIGHT,2024-04-03,BACKFILL
2024-04-02,GLD,HELD,13.22,HIGH,210.89,212.74,0.877,RIGHT,2024-04-03,BACKFILL
2024-04-02,QQQ,LONG,10.92,HIGH,435.84,436.82,0.225,RIGHT,2024-04-03,BACKFILL
2024-04-03,BTC,LONG,55.72,HIGH,65980.81,68508.84,3.831,RIGHT,2024-04-04,BACKFILL
2024-04-03,GLD,HELD,14.07,HIGH,212.74,211.52,-0.573,WRONG,2024-04-04,BACKFILL
2024-04-03,QQQ,LONG,11.03,HIGH,436.82,430.14,-1.529,WRONG,2024-04-04,BACKFILL
2024-04-04,BTC,LONG,60.66,HIGH,68508.84,67837.64,-0.98,WRONG,2024-04-05,BACKFILL
2024-04-04,GLD,HELD,13.29,HIGH,211.52,215.14,1.711,RIGHT,2024-04-05,BACKFILL
2024-04-04,QQQ,LONG,9.22,HIGH,430.14,435.21,1.179,RIGHT,2024-04-05,BACKFILL
2024-04-05,BTC,LONG,58.08,HIGH,67837.64,71631.36,5.592,RIGHT,2024-04-08,BACKFILL
2024-04-05,GLD,HELD,15.09,HIGH,215.14,216.48,0.623,RIGHT,2024-04-08,BACKFILL
2024-04-05,QQQ,LONG,10.38,HIGH,435.21,435.34,0.03,RIGHT,2024-04-08,BACKFILL
2024-04-08,BTC,LONG,65.75,HIGH,71631.36,69139.02,-3.479,WRONG,2024-04-09,BACKFILL
2024-04-08,GLD,HELD,15.65,HIGH,216.48,217.67,0.55,RIGHT,2024-04-09,BACKFILL
2024-04-08,QQQ,LONG,10.3,HIGH,435.34,436.95,0.37,RIGHT,2024-04-09,BACKFILL
2024-04-09,BTC,LONG,58.92,HIGH,69139.02,70587.88,2.096,RIGHT,2024-04-10,BACKFILL
2024-04-09,GLD,HELD,16.13,HIGH,217.67,215.61,-0.946,WRONG,2024-04-10,BACKFILL
2024-04-09,QQQ,LONG,10.58,HIGH,436.95,433.13,-0.874,WRONG,2024-04-10,BACKFILL
2024-04-10,BTC,LONG,61.14,HIGH,70587.88,70060.61,-0.747,WRONG,2024-04-11,BACKFILL
2024-04-10,GLD,HELD,14.88,HIGH,215.61,219.8,1.943,RIGHT,2024-04-11,BACKFILL
2024-04-10,QQQ,LONG,9.5,HIGH,433.13,440.05,1.598,RIGHT,2024-04-11,BACKFILL
2024-04-11,BTC,LONG,58.87,HIGH,70060.61,67195.87,-4.089,WRONG,2024-04-12,BACKFILL
2024-04-11,GLD,HELD,16.94,HIGH,219.8,216.89,-1.324,WRONG,2024-04-12,BACKFILL
2024-04-11,QQQ,LONG,11.12,HIGH,440.05,433.03,-1.595,WRONG,2024-04-12,BACKFILL
2024-04-12,BTC,LONG,51.43,HIGH,67195.87,63426.21,-5.61,WRONG,2024-04-15,BACKFILL
2024-04-12,GLD,HELD,15.24,HIGH,216.89,220.95,1.872,RIGHT,2024-04-15,BACKFILL
2024-04-12,QQQ,LONG,9.22,HIGH,433.03,425.91,-1.644,WRONG,2024-04-15,BACKFILL
2024-04-15,BTC,LONG,42.14,HIGH,63426.21,63811.86,0.608,RIGHT,2024-04-16,BACKFILL
2024-04-15,GLD,HELD,17.21,HIGH,220.95,221.22,0.122,RIGHT,2024-04-16,BACKFILL
2024-04-15,QQQ,LONG,7.32,HIGH,425.91,425.95,0.009,RIGHT,2024-04-16,BACKFILL
2024-04-16,BTC,LONG,42.18,HIGH,63811.86,61276.69,-3.973,WRONG,2024-04-17,BACKFILL
2024-04-16,GLD,HELD,17.18,HIGH,221.22,219.59,-0.737,WRONG,2024-04-17,BACKFILL
2024-04-16,QQQ,LONG,7.23,HIGH,425.95,420.75,-1.221,WRONG,2024-04-17,BACKFILL
2024-04-17,BTC,LONG,35.82,HIGH,61276.69,63512.75,3.649,RIGHT,2024-04-18,BACKFILL
2024-04-17,GLD,HELD,16.14,HIGH,219.59,220.34,0.342,RIGHT,2024-04-18,BACKFILL
2024-04-17,QQQ,LONG,5.82,HIGH,420.75,418.35,-0.57,WRONG,2024-04-18,BACKFILL
2024-04-18,BTC,LONG,40.0,HIGH,63512.75,63843.57,0.521,RIGHT,2024-04-19,BACKFILL
2024-04-18,GLD,HELD,16.36,HIGH,220.34,221.03,0.313,RIGHT,2024-04-19,BACKFILL
2024-04-18,QQQ,LONG,5.13,HIGH,418.35,409.7,-2.068,WRONG,2024-04-19,BACKFILL
2024-04-19,BTC,LONG,39.96,HIGH,63843.57,66837.68,4.69,RIGHT,2024-04-22,BACKFILL
2024-04-19,GLD,HELD,16.55,HIGH,221.03,215.57,-2.47,WRONG,2024-04-22,BACKFILL
2024-04-19,QQQ,LONG,2.89,MEDIUM,409.7,413.82,1.006,RIGHT,2024-04-22,BACKFILL
2024-04-22,BTC,LONG,45.67,HIGH,66837.68,66407.27,-0.644,WRONG,2024-04-23,BACKFILL
2024-04-22,GLD,HELD,13.52,HIGH,215.57,215.04,-0.246,WRONG,2024-04-23,BACKFILL
2024-04-22,QQQ,LONG,3.84,MEDIUM,413.82,419.99,1.491,RIGHT,2024-04-23,BACKFILL
2024-04-23,BTC,LONG,43.9,HIGH,66407.27,64276.9,-3.208,WRONG,2024-04-24,BACKFILL
2024-04-23,GLD,HELD,13.1,HIGH,215.04,214.64,-0.186,WRONG,2024-04-24,BACKFILL
2024-04-23,QQQ,LONG,5.29,HIGH,419.99,421.41,0.338,RIGHT,2024-04-24,BACKFILL
2024-04-24,BTC,LONG,38.55,HIGH,64276.9,64481.71,0.319,RIGHT,2024-04-25,BACKFILL
2024-04-24,GLD,HELD,12.75,HIGH,214.64,215.92,0.596,RIGHT,2024-04-25,BACKFILL
2024-04-24,QQQ,LONG,5.54,HIGH,421.41,419.38,-0.482,WRONG,2024-04-25,BACKFILL
2024-04-25,BTC,LONG,38.24,HIGH,64481.71,63755.32,-1.127,WRONG,2024-04-26,BACKFILL
2024-04-25,GLD,HELD,13.28,HIGH,215.92,216.62,0.324,RIGHT,2024-04-26,BACKFILL
2024-04-25,QQQ,LONG,4.93,MEDIUM,419.38,425.85,1.543,RIGHT,2024-04-26,BACKFILL
2024-04-26,BTC,LONG,35.96,HIGH,63755.32,63841.12,0.135,RIGHT,2024-04-29,BACKFILL
2024-04-26,GLD,HELD,13.49,HIGH,216.62,216.18,-0.203,WRONG,2024-04-29,BACKFILL
2024-04-26,QQQ,LONG,6.42,HIGH,425.85,427.58,0.406,RIGHT,2024-04-29,BACKFILL
2024-04-29,BTC,LONG,35.43,HIGH,63841.12,60636.86,-5.019,WRONG,2024-04-30,BACKFILL
2024-04-29,GLD,HELD,13.11,HIGH,216.18,211.87,-1.994,WRONG,2024-04-30,BACKFILL
2024-04-29,QQQ,LONG,6.71,HIGH,427.58,419.52,-1.885,WRONG,2024-04-30,BACKFILL
2024-04-30,BTC,LONG,28.01,HIGH,60636.86,58254.01,-3.93,WRONG,2024-05-01,BACKFILL
2024-04-30,GLD,HELD,10.72,HIGH,211.87,213.79,0.906,RIGHT,2024-05-01,BACKFILL
2024-04-30,QQQ,LONG,4.59,MEDIUM,419.52,416.48,-0.725,WRONG,2024-05-01,BACKFILL
2024-05-01,BTC,LONG,22.43,HIGH,58254.01,59123.43,1.492,RIGHT,2024-05-02,BACKFILL
2024-05-01,GLD,HELD,11.58,HIGH,213.79,213.13,-0.309,WRONG,2024-05-02,BACKFILL
2024-05-01,QQQ,LONG,3.71,MEDIUM,416.48,421.8,1.277,RIGHT,2024-05-02,BACKFILL
2024-05-02,BTC,LONG,23.69,HIGH,59123.43,62889.84,6.37,RIGHT,2024-05-03,BACKFILL
2024-05-02,GLD,HELD,11.09,HIGH,213.13,212.96,-0.08,WRONG,2024-05-03,BACKFILL
2024-05-02,QQQ,LONG,4.91,MEDIUM,421.8,430.28,2.01,RIGHT,2024-05-03,BACKFILL
2024-05-03,BTC,LONG,30.91,HIGH,62889.84,63161.95,0.433,RIGHT,2024-05-06,BACKFILL
2024-05-03,GLD,HELD,10.85,HIGH,212.96,215.2,1.052,RIGHT,2024-05-06,BACKFILL
2024-05-03,QQQ,LONG,6.88,HIGH,430.28,434.99,1.095,RIGHT,2024-05-06,BACKFILL
2024-05-06,BTC,LONG,30.82,HIGH,63161.95,62334.82,-1.31,WRONG,2024-05-07,BACKFILL
2024-05-06,GLD,HELD,11.84,HIGH,215.2,214.21,-0.46,WRONG,2024-05-07,BACKFILL
2024-05-06,QQQ,LONG,7.91,HIGH,434.99,435.06,0.016,RIGHT,2024-05-07,BACKFILL
2024-05-07,BTC,LONG,28.49,HIGH,62334.82,61187.94,-1.84,WRONG,2024-05-08,BACKFILL
2024-05-07,GLD,HELD,11.16,HIGH,214.21,213.58,-0.294,WRONG,2024-05-08,BACKFILL
2024-05-07,QQQ,LONG,7.78,HIGH,435.06,434.8,-0.06,WRONG,2024-05-08,BACKFILL
2024-05-08,BTC,LONG,25.54,HIGH,61187.94,63049.96,3.043,RIGHT,2024-05-09,BACKFILL
2024-05-08,GLD,HELD,10.66,HIGH,213.58,216.95,1.578,RIGHT,2024-05-09,BACKFILL
2024-05-08,QQQ,LONG,7.57,HIGH,434.8,435.75,0.218,RIGHT,2024-05-09,BACKFILL
2024-05-09,BTC,LONG,28.74,HIGH,63049.96,60792.78,-3.58,WRONG,2024-05-10,BACKFILL
2024-05-09,GLD,HELD,12.22,HIGH,216.95,218.71,0.811,RIGHT,2024-05-10,BACKFILL
2024-05-09,QQQ,LONG,7.66,HIGH,435.75,436.78,0.236,RIGHT,2024-05-10,BACKFILL
2024-05-10,BTC,LONG,23.57,HIGH,60792.78,62901.45,3.469,RIGHT,2024-05-13,BACKFILL
2024-05-10,GLD,HELD,12.94,HIGH,218.71,216.26,-1.12,WRONG,2024-05-13,BACKFILL
2024-05-10,QQQ,LONG,7.76,HIGH,436.78,437.79,0.231,RIGHT,2024-05-13,BACKFILL
2024-05-13,BTC,LONG,27.26,HIGH,62901.45,61552.79,-2.144,WRONG,2024-05-14,BACKFILL
2024-05-13,GLD,HELD,11.49,HIGH,216.26,218.09,0.846,RIGHT,2024-05-14,BACKFILL
2024-05-13,QQQ,LONG,7.87,HIGH,437.79,440.6,0.642,RIGHT,2024-05-14,BACKFILL
2024-05-14,BTC,LONG,23.96,HIGH,61552.79,66267.49,7.66,RIGHT,2024-05-15,BACKFILL
2024-05-14,GLD,HELD,12.26,HIGH,218.09,220.89,1.284,RIGHT,2024-05-15,BACKFILL
2024-05-14,QQQ,LONG,8.42,HIGH,440.6,447.49,1.564,RIGHT,2024-05-15,BACKFILL
2024-05-15,BTC,LONG,32.76,HIGH,66267.49,65231.58,-1.563,WRONG,2024-05-16,BACKFILL
2024-05-15,GLD,HELD,13.51,HIGH,220.89,220.03,-0.389,WRONG,2024-05-16,BACKFILL
2024-05-15,QQQ,LONG,9.96,HIGH,447.49,446.58,-0.203,WRONG,2024-05-16,BACKFILL
2024-05-16,BTC,LONG,30.02,HIGH,65231.58,67051.88,2.791,RIGHT,2024-05-17,BACKFILL
2024-05-16,GLD,HELD,12.89,HIGH,220.03,223.66,1.65,RIGHT,2024-05-17,BACKFILL
2024-05-16,QQQ,LONG,9.59,HIGH,446.58,446.36,-0.049,WRONG,2024-05-17,BACKFILL
2024-05-17,BTC,LONG,32.94,HIGH,67051.88,71448.2,6.557,RIGHT,2024-05-20,BACKFILL
2024-05-17,GLD,HELD,14.56,HIGH,223.66,224.56,0.402,RIGHT,2024-05-20,BACKFILL
2024-05-17,QQQ,LONG,9.39,HIGH,446.36,449.47,0.697,RIGHT,2024-05-20,BACKFILL
2024-05-20,BTC,LONG,40.82,HIGH,71448.2,70136.53,-1.836,WRONG,2024-05-21,BACKFILL
2024-05-20,GLD,HELD,14.84,HIGH,224.56,224.23,-0.147,WRONG,2024-05-21,BACKFILL
2024-05-20,QQQ,LONG,9.99,HIGH,449.47,450.35,0.196,RIGHT,2024-05-21,BACKFILL
2024-05-21,BTC,LONG,37.49,HIGH,70136.53,69122.34,-1.446,WRONG,2024-05-22,BACKFILL
2024-05-21,GLD,HELD,14.49,HIGH,224.23,220.11,-1.837,WRONG,2024-05-22,BACKFILL
2024-05-21,QQQ,LONG,10.05,HIGH,450.35,450.26,-0.02,WRONG,2024-05-22,BACKFILL
2024-05-22,BTC,LONG,34.78,HIGH,69122.34,67929.56,-1.726,WRONG,2024-05-23,BACKFILL
2024-05-22,GLD,HELD,12.23,HIGH,220.11,215.72,-1.994,WRONG,2024-05-23,BACKFILL
2024-05-22,QQQ,LONG,9.87,HIGH,450.26,448.24,-0.449,WRONG,2024-05-23,BACKFILL
2024-05-23,BTC,LONG,31.78,HIGH,67929.56,68526.1,0.878,RIGHT,2024-05-24,BACKFILL
2024-05-23,GLD,HELD,9.86,HIGH,215.72,215.92,0.093,RIGHT,2024-05-24,BACKFILL
2024-05-23,QQQ,LONG,9.22,HIGH,448.24,452.48,0.946,RIGHT,2024-05-24,BACKFILL
2024-05-24,BTC,LONG,32.25,HIGH,68526.1,68296.22,-0.335,WRONG,2024-05-28,BACKFILL
2024-05-24,GLD,HELD,9.84,HIGH,215.92,218.19,1.051,RIGHT,2024-05-28,BACKFILL
2024-05-24,QQQ,LONG,10.08,HIGH,452.48,454.19,0.378,RIGHT,2024-05-28,BACKFILL
2024-05-28,BTC,LONG,31.16,HIGH,68296.22,67578.09,-1.051,WRONG,2024-05-29,BACKFILL
2024-05-28,GLD,HELD,10.86,HIGH,218.19,216.16,-0.93,WRONG,2024-05-29,BACKFILL
2024-05-28,QQQ,LONG,10.31,HIGH,454.19,450.99,-0.705,WRONG,2024-05-29,BACKFILL
2024-05-29,BTC,LONG,29.21,HIGH,67578.09,68364.99,1.164,RIGHT,2024-05-30,BACKFILL
2024-05-29,GLD,HELD,9.71,HIGH,216.16,216.57,0.19,RIGHT,2024-05-30,BACKFILL
2024-05-29,QQQ,LONG,9.35,HIGH,450.99,446.15,-1.073,WRONG,2024-05-30,BACKFILL
2024-05-30,BTC,LONG,30.14,HIGH,68364.99,67491.41,-1.278,WRONG,2024-05-31,BACKFILL
2024-05-30,GLD,HELD,9.79,HIGH,216.57,215.3,-0.586,WRONG,2024-05-31,BACKFILL
2024-05-30,QQQ,LONG,8.02,HIGH,446.15,445.32,-0.186,WRONG,2024-05-31,BACKFILL
2024-05-31,BTC,LONG,27.94,HIGH,67491.41,68804.78,1.946,RIGHT,2024-06-03,BACKFILL
2024-05-31,GLD,HELD,9.03,HIGH,215.3,217.22,0.892,RIGHT,2024-06-03,BACKFILL
2024-05-31,QQQ,LONG,7.64,HIGH,445.32,447.72,0.539,RIGHT,2024-06-03,BACKFILL
2024-06-03,BTC,LONG,29.86,HIGH,68804.78,70567.77,2.562,RIGHT,2024-06-04,BACKFILL
2024-06-03,GLD,HELD,9.88,HIGH,217.22,215.27,-0.898,WRONG,2024-06-04,BACKFILL
2024-06-03,QQQ,LONG,8.03,HIGH,447.72,448.94,0.272,RIGHT,2024-06-04,BACKFILL
2024-06-04,BTC,LONG,32.58,HIGH,70567.77,71082.82,0.73,RIGHT,2024-06-05,BACKFILL
2024-06-04,GLD,HELD,8.79,HIGH,215.27,217.82,1.185,RIGHT,2024-06-05,BACKFILL
2024-06-04,QQQ,LONG,8.13,HIGH,448.94,457.99,2.016,RIGHT,2024-06-05,BACKFILL
2024-06-05,BTC,LONG,32.94,HIGH,71082.82,70757.16,-0.458,WRONG,2024-06-06,BACKFILL
2024-06-05,GLD,HELD,9.95,HIGH,217.82,219.43,0.739,RIGHT,2024-06-06,BACKFILL
2024-06-05,QQQ,LONG,10.11,HIGH,457.99,457.83,-0.035,WRONG,2024-06-06,BACKFILL
2024-06-06,BTC,LONG,31.74,HIGH,70757.16,69342.59,-1.999,WRONG,2024-06-07,BACKFILL
2024-06-06,GLD,HELD,10.63,HIGH,219.43,211.6,-3.568,WRONG,2024-06-07,BACKFILL
2024-06-06,QQQ,LONG,9.87,HIGH,457.83,457.43,-0.087,WRONG,2024-06-07,BACKFILL
2024-06-07,BTC,LONG,28.56,HIGH,69342.59,69512.28,0.245,RIGHT,2024-06-10,BACKFILL
2024-06-07,GLD,HELD,6.59,HIGH,211.6,213.54,0.917,RIGHT,2024-06-10,BACKFILL
2024-06-07,QQQ,LONG,9.59,HIGH,457.43,459.28,0.404,RIGHT,2024-06-10,BACKFILL
2024-06-10,BTC,LONG,28.33,HIGH,69512.28,67332.03,-3.136,WRONG,2024-06-11,BACKFILL
2024-06-10,GLD,HELD,7.46,HIGH,213.54,214.15,0.286,RIGHT,2024-06-11,BACKFILL
2024-06-10,QQQ,LONG,9.86,HIGH,459.28,462.43,0.686,RIGHT,2024-06-11,BACKFILL
2024-06-11,BTC,LONG,23.81,HIGH,67332.03,68241.19,1.35,RIGHT,2024-06-12,BACKFILL
2024-06-11,GLD,HELD,7.66,HIGH,214.15,214.72,0.266,RIGHT,2024-06-12,BACKFILL
2024-06-11,QQQ,LONG,10.43,HIGH,462.43,468.48,1.308,RIGHT,2024-06-12,BACKFILL
2024-06-12,BTC,LONG,24.97,HIGH,68241.19,66756.4,-2.176,WRONG,2024-06-13,BACKFILL
2024-06-12,GLD,HELD,7.83,HIGH,214.72,212.97,-0.815,WRONG,2024-06-13,BACKFILL
2024-06-12,QQQ,LONG,11.69,HIGH,468.48,471.02,0.542,RIGHT,2024-06-13,BACKFILL
2024-06-13,BTC,LONG,21.78,HIGH,66756.4,66011.09,-1.116,WRONG,2024-06-14,BACKFILL
2024-06-13,GLD,HELD,6.84,HIGH,212.97,215.73,1.296,RIGHT,2024-06-14,BACKFILL
2024-06-13,QQQ,LONG,12.11,HIGH,471.02,473.46,0.518,RIGHT,2024-06-14,BACKFILL
2024-06-14,BTC,LONG,19.98,HIGH,66011.09,66490.3,0.726,RIGHT,2024-06-17,BACKFILL
2024-06-14,GLD,HELD,8.1,HIGH,215.73,214.61,-0.519,WRONG,2024-06-17,BACKFILL
2024-06-14,QQQ,LONG,12.5,HIGH,473.46,479.26,1.225,RIGHT,2024-06-17,BACKFILL
2024-06-17,BTC,LONG,20.42,HIGH,66490.3,65140.75,-2.03,WRONG,2024-06-18,BACKFILL
2024-06-17,GLD,HELD,7.42,HIGH,214.61,215.47,0.401,RIGHT,2024-06-18,BACKFILL
2024-06-17,QQQ,LONG,13.67,HIGH,479.26,479.41,0.031,RIGHT,2024-06-18,BACKFILL
2024-06-18,BTC,LONG,17.58,HIGH,65140.75,64828.66,-0.479,WRONG,2024-06-20,BACKFILL
2024-06-18,GLD,HELD,7.72,HIGH,215.47,218.16,1.248,RIGHT,2024-06-20,BACKFILL
2024-06-18,QQQ,LONG,13.52,HIGH,479.41,475.72,-0.77,WRONG,2024-06-20,BACKFILL
2024-06-20,BTC,LONG,16.62,HIGH,64828.66,64096.2,-1.13,WRONG,2024-06-21,BACKFILL
2024-06-20,GLD,HELD,8.93,HIGH,218.16,214.78,-1.549,WRONG,2024-06-21,BACKFILL
2024-06-20,QQQ,LONG,12.46,HIGH,475.72,474.44,-0.269,WRONG,2024-06-21,BACKFILL
2024-06-21,BTC,LONG,14.91,HIGH,64096.2,60277.41,-5.958,WRONG,2024-06-24,BACKFILL
2024-06-21,GLD,HELD,7.13,HIGH,214.78,215.63,0.396,RIGHT,2024-06-24,BACKFILL
2024-06-21,QQQ,LONG,11.99,HIGH,474.44,469.04,-1.138,WRONG,2024-06-24,BACKFILL
2024-06-24,BTC,LONG,7.77,HIGH,60277.41,61804.64,2.534,RIGHT,2024-06-25,BACKFILL
2024-06-24,GLD,HELD,7.43,HIGH,215.63,214.56,-0.496,WRONG,2024-06-25,BACKFILL
2024-06-24,QQQ,LONG,10.56,HIGH,469.04,474.4,1.143,RIGHT,2024-06-25,BACKFILL
2024-06-25,BTC,LONG,10.17,HIGH,61804.64,60811.28,-1.607,WRONG,2024-06-26,BACKFILL
2024-06-25,GLD,HELD,6.79,HIGH,214.56,212.58,-0.923,WRONG,2024-06-26,BACKFILL
2024-06-25,QQQ,LONG,11.66,HIGH,474.4,475.38,0.207,RIGHT,2024-06-26,BACKFILL
2024-06-26,BTC,LONG,8.08,HIGH,60811.28,61604.8,1.305,RIGHT,2024-06-27,BACKFILL
2024-06-26,GLD,HELD,5.7,HIGH,212.58,214.99,1.134,RIGHT,2024-06-27,BACKFILL
2024-06-26,QQQ,LONG,11.72,HIGH,475.38,476.61,0.259,RIGHT,2024-06-27,BACKFILL
2024-06-27,BTC,LONG,9.18,HIGH,61604.8,60320.14,-2.085,WRONG,2024-06-28,BACKFILL
2024-06-27,GLD,HELD,6.79,HIGH,214.99,215.01,0.009,RIGHT,2024-06-28,BACKFILL
2024-06-27,QQQ,LONG,11.85,HIGH,476.61,474.14,-0.518,WRONG,2024-06-28,BACKFILL
2024-06-28,BTC,LONG,6.6,HIGH,60320.14,62851.98,4.197,RIGHT,2024-07-01,BACKFILL
2024-06-28,GLD,HELD,6.69,HIGH,215.01,215.57,0.26,RIGHT,2024-07-01,BACKFILL
2024-06-28,QQQ,LONG,11.11,HIGH,474.14,476.92,0.586,RIGHT,2024-07-01,BACKFILL
2024-07-01,BTC,LONG,10.74,HIGH,62851.98,62029.02,-1.309,WRONG,2024-07-02,BACKFILL
2024-07-01,GLD,HELD,6.86,HIGH,215.57,215.56,-0.005,WRONG,2024-07-02,BACKFILL
2024-07-01,QQQ,LONG,11.6,HIGH,476.92,481.93,1.05,RIGHT,2024-07-02,BACKFILL
2024-07-02,BTC,LONG,8.98,HIGH,62029.02,60173.92,-2.991,WRONG,2024-07-03,BACKFILL
2024-07-02,GLD,HELD,6.75,HIGH,215.56,217.99,1.127,RIGHT,2024-07-03,BACKFILL
2024-07-02,QQQ,LONG,12.6,HIGH,481.93,485.94,0.832,RIGHT,2024-07-03,BACKFILL
2024-07-03,BTC,LONG,5.44,HIGH,60173.92,56662.38,-5.836,WRONG,2024-07-05,BACKFILL
2024-07-03,GLD,HELD,7.84,HIGH,217.99,220.93,1.349,RIGHT,2024-07-05,BACKFILL
2024-07-03,QQQ,LONG,13.35,HIGH,485.94,491.01,1.043,RIGHT,2024-07-05,BACKFILL
2024-07-05,BTC,FLAT,-0.93,LOW,56662.38,56705.1,0.075,WRONG,2024-07-08,BACKFILL
2024-07-05,GLD,HELD,9.18,HIGH,220.93,218.19,-1.24,WRONG,2024-07-08,BACKFILL
2024-07-05,QQQ,LONG,14.34,HIGH,491.01,492.18,0.238,RIGHT,2024-07-08,BACKFILL
2024-07-08,BTC,FLAT,-1.08,LOW,56705.1,58009.23,2.3,WRONG,2024-07-09,BACKFILL
2024-07-08,GLD,HELD,7.73,HIGH,218.19,218.56,0.17,RIGHT,2024-07-09,BACKFILL
2024-07-08,QQQ,LONG,14.42,HIGH,492.18,492.6,0.085,RIGHT,2024-07-09,BACKFILL
2024-07-09,BTC,LONG,0.96,LOW,58009.23,57742.5,-0.46,WRONG,2024-07-10,BACKFILL
2024-07-09,GLD,HELD,7.8,HIGH,218.56,219.36,0.366,RIGHT,2024-07-10,BACKFILL
2024-07-09,QQQ,LONG,14.33,HIGH,492.6,497.74,1.043,RIGHT,2024-07-10,BACKFILL
2024-07-10,BTC,LONG,0.27,LOW,57742.5,57344.91,-0.689,WRONG,2024-07-11,BACKFILL
2024-07-10,GLD,HELD,8.1,HIGH,219.36,223.25,1.773,RIGHT,2024-07-11,BACKFILL
2024-07-10,QQQ,LONG,15.32,HIGH,497.74,486.82,-2.194,WRONG,2024-07-11,BACKFILL
2024-07-11,BTC,FLAT,-0.59,LOW,57344.91,57899.46,0.967,WRONG,2024-07-12,BACKFILL
2024-07-11,GLD,HELD,9.89,HIGH,223.25,223.11,-0.063,WRONG,2024-07-12,BACKFILL
2024-07-11,QQQ,LONG,12.6,HIGH,486.82,489.68,0.587,RIGHT,2024-07-12,BACKFILL
2024-07-12,BTC,LONG,0.21,LOW,57899.46,64870.15,12.039,RIGHT,2024-07-15,BACKFILL
2024-07-12,GLD,HELD,9.69,HIGH,223.11,223.83,0.323,RIGHT,2024-07-15,BACKFILL
2024-07-12,QQQ,LONG,13.07,HIGH,489.68,491.0,0.27,RIGHT,2024-07-15,BACKFILL
2024-07-15,BTC,LONG,12.0,HIGH,64870.15,65097.15,0.35,RIGHT,2024-07-16,BACKFILL
2024-07-15,GLD,HELD,9.92,HIGH,223.83,228.29,1.993,RIGHT,2024-07-16,BACKFILL
2024-07-15,QQQ,LONG,13.18,HIGH,491.0,491.19,0.039,RIGHT,2024-07-16,BACKFILL
2024-07-16,BTC,LONG,12.11,HIGH,65097.15,64118.79,-1.503,WRONG,2024-07-17,BACKFILL
2024-07-16,GLD,HELD,11.96,HIGH,228.29,227.23,-0.464,WRONG,2024-07-17,BACKFILL
2024-07-16,QQQ,LONG,13.04,HIGH,491.19,476.77,-2.936,WRONG,2024-07-17,BACKFILL
2024-07-17,BTC,LONG,10.17,HIGH,64118.79,63974.07,-0.226,WRONG,2024-07-18,BACKFILL
2024-07-17,GLD,HELD,11.29,HIGH,227.23,225.78,-0.638,WRONG,2024-07-18,BACKFILL
2024-07-17,QQQ,LONG,9.57,HIGH,476.77,474.51,-0.474,WRONG,2024-07-18,BACKFILL
2024-07-18,BTC,LONG,9.64,HIGH,63974.07,66710.16,4.277,RIGHT,2024-07-19,BACKFILL
2024-07-18,GLD,HELD,10.43,HIGH,225.78,221.73,-1.794,WRONG,2024-07-19,BACKFILL
2024-07-18,QQQ,LONG,8.91,HIGH,474.51,470.31,-0.885,WRONG,2024-07-19,BACKFILL
2024-07-19,BTC,LONG,14.0,HIGH,66710.16,67585.25,1.312,RIGHT,2024-07-22,BACKFILL
2024-07-19,GLD,HELD,8.31,HIGH,221.73,221.8,0.032,RIGHT,2024-07-22,BACKFILL
2024-07-19,QQQ,LONG,7.82,HIGH,470.31,477.31,1.488,RIGHT,2024-07-22,BACKFILL
2024-07-22,BTC,LONG,15.17,HIGH,67585.25,65927.67,-2.453,WRONG,2024-07-23,BACKFILL
2024-07-22,GLD,HELD,8.22,HIGH,221.8,222.58,0.352,RIGHT,2024-07-23,BACKFILL
2024-07-22,QQQ,LONG,9.29,HIGH,477.31,475.63,-0.352,WRONG,2024-07-23,BACKFILL
2024-07-23,BTC,LONG,12.05,HIGH,65927.67,65372.13,-0.843,WRONG,2024-07-24,BACKFILL
2024-07-23,GLD,HELD,8.48,HIGH,222.58,221.8,-0.35,WRONG,2024-07-24,BACKFILL
2024-07-23,QQQ,LONG,8.77,HIGH,475.63,458.57,-3.587,WRONG,2024-07-24,BACKFILL
2024-07-24,BTC,LONG,10.82,HIGH,65372.13,65777.23,0.62,RIGHT,2024-07-25,BACKFILL
2024-07-24,GLD,HELD,7.98,HIGH,221.8,218.33,-1.564,WRONG,2024-07-25,BACKFILL
2024-07-24,QQQ,LONG,4.77,MEDIUM,458.57,453.51,-1.103,WRONG,2024-07-25,BACKFILL
2024-07-25,BTC,LONG,11.21,HIGH,65777.23,67912.06,3.246,RIGHT,2024-07-26,BACKFILL
2024-07-25,GLD,HELD,6.19,HIGH,218.33,220.63,1.053,RIGHT,2024-07-26,BACKFILL
2024-07-25,QQQ,LONG,3.54,MEDIUM,453.51,458.17,1.028,RIGHT,2024-07-26,BACKFILL
2024-07-26,BTC,LONG,14.49,HIGH,67912.06,66819.91,-1.608,WRONG,2024-07-29,BACKFILL
2024-07-26,GLD,HELD,7.2,HIGH,220.63,220.32,-0.141,WRONG,2024-07-29,BACKFILL
2024-07-26,QQQ,LONG,4.51,MEDIUM,458.17,459.09,0.201,RIGHT,2024-07-29,BACKFILL
2024-07-29,BTC,LONG,12.36,HIGH,66819.91,66201.02,-0.926,WRONG,2024-07-30,BACKFILL
2024-07-29,GLD,HELD,6.93,HIGH,220.32,222.52,0.999,RIGHT,2024-07-30,BACKFILL
2024-07-29,QQQ,LONG,4.63,MEDIUM,459.09,452.78,-1.374,WRONG,2024-07-30,BACKFILL
2024-07-30,BTC,LONG,11.04,HIGH,66201.02,64619.25,-2.389,WRONG,2024-07-31,BACKFILL
2024-07-30,GLD,HELD,7.89,HIGH,222.52,226.55,1.811,RIGHT,2024-07-31,BACKFILL
2024-07-30,QQQ,LONG,3.11,MEDIUM,452.78,466.18,2.959,RIGHT,2024-07-31,BACKFILL
2024-07-31,BTC,LONG,8.13,HIGH,64619.25,65357.5,1.142,RIGHT,2024-08-01,BACKFILL
2024-07-31,GLD,HELD,9.71,HIGH,226.55,225.77,-0.344,WRONG,2024-08-01,BACKFILL
2024-07-31,QQQ,LONG,6.06,HIGH,466.18,454.89,-2.422,WRONG,2024-08-01,BACKFILL
2024-08-01,BTC,LONG,9.09,HIGH,65357.5,61415.07,-6.032,WRONG,2024-08-02,BACKFILL
2024-08-01,GLD,HELD,9.21,HIGH,225.77,225.34,-0.19,WRONG,2024-08-02,BACKFILL
2024-08-01,QQQ,LONG,3.41,MEDIUM,454.89,444.09,-2.374,WRONG,2024-08-02,BACKFILL
2024-08-02,BTC,LONG,2.31,MEDIUM,61415.07,53991.46,-12.088,WRONG,2024-08-05,BACKFILL
2024-08-02,GLD,HELD,8.89,HIGH,225.34,222.48,-1.269,WRONG,2024-08-05,BACKFILL
2024-08-02,QQQ,LONG,0.9,LOW,444.09,430.85,-2.981,WRONG,2024-08-05,BACKFILL
2024-08-05,BTC,FLAT,-10.17,HIGH,53991.46,56034.32,3.784,WRONG,2024-08-06,BACKFILL
2024-08-05,GLD,HELD,7.4,HIGH,222.48,220.7,-0.8,WRONG,2024-08-06,BACKFILL
2024-08-05,QQQ,FLAT,-2.15,MEDIUM,430.85,434.97,0.956,WRONG,2024-08-06,BACKFILL
2024-08-06,BTC,FLAT,-6.92,HIGH,56034.32,55027.46,-1.797,RIGHT,2024-08-07,BACKFILL
2024-08-06,GLD,HELD,6.44,HIGH,220.7,220.55,-0.068,WRONG,2024-08-07,BACKFILL
2024-08-06,QQQ,FLAT,-1.26,LOW,434.97,430.26,-1.083,RIGHT,2024-08-07,BACKFILL
2024-08-07,BTC,FLAT,-8.69,HIGH,55027.46,61710.14,12.144,WRONG,2024-08-08,BACKFILL
2024-08-07,GLD,HELD,6.27,HIGH,220.55,224.01,1.569,RIGHT,2024-08-08,BACKFILL
2024-08-07,QQQ,FLAT,-2.38,MEDIUM,430.26,443.42,3.059,WRONG,2024-08-08,BACKFILL
2024-08-08,BTC,LONG,2.18,MEDIUM,61710.14,60880.11,-1.345,WRONG,2024-08-09,BACKFILL
2024-08-08,GLD,HELD,7.81,HIGH,224.01,224.56,0.246,RIGHT,2024-08-09,BACKFILL
2024-08-08,QQQ,LONG,0.53,LOW,443.42,445.74,0.523,RIGHT,2024-08-09,BACKFILL
2024-08-09,BTC,LONG,0.62,LOW,60880.11,59354.52,-2.506,WRONG,2024-08-12,BACKFILL
2024-08-09,GLD,HELD,7.96,HIGH,224.56,228.41,1.714,RIGHT,2024-08-12,BACKFILL
2024-08-09,QQQ,LONG,0.98,LOW,445.74,446.7,0.215,RIGHT,2024-08-12,BACKFILL
2024-08-12,BTC,FLAT,-2.06,MEDIUM,59354.52,60609.57,2.114,WRONG,2024-08-13,BACKFILL
2024-08-12,GLD,HELD,9.67,HIGH,228.41,228.06,-0.153,WRONG,2024-08-13,BACKFILL
2024-08-12,QQQ,LONG,1.11,LOW,446.7,457.78,2.48,RIGHT,2024-08-13,BACKFILL
2024-08-13,BTC,FLAT,-0.14,LOW,60609.57,58737.27,-3.089,RIGHT,2024-08-14,BACKFILL
2024-08-13,GLD,HELD,9.36,HIGH,228.06,226.2,-0.816,WRONG,2024-08-14,BACKFILL
2024-08-13,QQQ,LONG,3.53,MEDIUM,457.78,457.93,0.033,RIGHT,2024-08-14,BACKFILL
2024-08-14,BTC,FLAT,-3.36,MEDIUM,58737.27,57560.1,-2.004,RIGHT,2024-08-15,BACKFILL
2024-08-14,GLD,HELD,8.34,HIGH,226.2,226.91,0.314,RIGHT,2024-08-15,BACKFILL
2024-08-14,QQQ,LONG,3.47,MEDIUM,457.93,469.5,2.527,RIGHT,2024-08-15,BACKFILL
2024-08-15,BTC,FLAT,-5.41,HIGH,57560.1,58894.11,2.318,WRONG,2024-08-16,BACKFILL
2024-08-15,GLD,HELD,8.54,HIGH,226.91,231.99,2.239,RIGHT,2024-08-16,BACKFILL
2024-08-15,QQQ,LONG,5.98,HIGH,469.5,470.1,0.128,RIGHT,2024-08-16,BACKFILL
2024-08-16,BTC,FLAT,-3.35,MEDIUM,58894.11,59493.45,1.018,WRONG,2024-08-19,BACKFILL
2024-08-16,GLD,HELD,10.81,HIGH,231.99,231.61,-0.164,WRONG,2024-08-19,BACKFILL
2024-08-16,QQQ,LONG,6.01,HIGH,470.1,476.28,1.315,RIGHT,2024-08-19,BACKFILL
2024-08-19,BTC,FLAT,-2.54,MEDIUM,59493.45,59012.79,-0.808,RIGHT,2024-08-20,BACKFILL
2024-08-19,GLD,HELD,10.49,HIGH,231.61,232.46,0.367,RIGHT,2024-08-20,BACKFILL
2024-08-19,QQQ,LONG,7.29,HIGH,476.28,475.28,-0.21,WRONG,2024-08-20,BACKFILL
2024-08-20,BTC,FLAT,-3.5,MEDIUM,59012.79,61175.19,3.664,WRONG,2024-08-21,BACKFILL
2024-08-20,GLD,HELD,10.73,HIGH,232.46,232.15,-0.133,WRONG,2024-08-21,BACKFILL
2024-08-20,QQQ,LONG,6.95,HIGH,475.28,477.49,0.465,RIGHT,2024-08-21,BACKFILL
2024-08-21,BTC,FLAT,-0.16,LOW,61175.19,60381.91,-1.297,RIGHT,2024-08-22,BACKFILL
2024-08-21,GLD,HELD,10.42,HIGH,232.15,229.37,-1.198,WRONG,2024-08-22,BACKFILL
2024-08-21,QQQ,LONG,7.32,HIGH,477.49,469.92,-1.585,WRONG,2024-08-22,BACKFILL
2024-08-22,BTC,FLAT,-1.66,LOW,60381.91,64094.36,6.148,WRONG,2024-08-23,BACKFILL
2024-08-22,GLD,HELD,8.96,HIGH,229.37,232.02,1.155,RIGHT,2024-08-23,BACKFILL
2024-08-22,QQQ,LONG,5.52,HIGH,469.92,475.02,1.085,RIGHT,2024-08-23,BACKFILL
2024-08-23,BTC,LONG,4.13,MEDIUM,64094.36,62880.66,-1.894,WRONG,2024-08-26,BACKFILL
2024-08-23,GLD,HELD,10.06,HIGH,232.02,232.76,0.319,RIGHT,2024-08-26,BACKFILL
2024-08-23,QQQ,LONG,6.57,HIGH,475.02,470.41,-0.97,WRONG,2024-08-26,BACKFILL
2024-08-26,BTC,LONG,1.9,LOW,62880.66,59504.13,-5.37,WRONG,2024-08-27,BACKFILL
2024-08-26,GLD,HELD,10.25,HIGH,232.76,233.39,0.271,RIGHT,2024-08-27,BACKFILL
2024-08-26,QQQ,LONG,5.45,HIGH,470.41,471.81,0.298,RIGHT,2024-08-27,BACKFILL
2024-08-27,BTC,FLAT,-3.78,MEDIUM,59504.13,59027.62,-0.801,RIGHT,2024-08-28,BACKFILL
2024-08-27,GLD,HELD,10.39,HIGH,233.39,231.75,-0.703,WRONG,2024-08-28,BACKFILL
2024-08-27,QQQ,LONG,5.68,HIGH,471.81,466.46,-1.134,WRONG,2024-08-28,BACKFILL
2024-08-28,BTC,FLAT,-4.74,MEDIUM,59027.62,59388.18,0.611,WRONG,2024-08-29,BACKFILL
2024-08-28,GLD,HELD,9.46,HIGH,231.75,232.95,0.518,RIGHT,2024-08-29,BACKFILL
2024-08-28,QQQ,LONG,4.41,MEDIUM,466.46,465.78,-0.146,WRONG,2024-08-29,BACKFILL
2024-08-29,BTC,FLAT,-4.36,MEDIUM,59388.18,59119.48,-0.452,RIGHT,2024-08-30,BACKFILL
2024-08-29,GLD,HELD,9.87,HIGH,232.95,231.29,-0.713,WRONG,2024-08-30,BACKFILL
2024-08-29,QQQ,LONG,4.19,MEDIUM,465.78,471.33,1.192,RIGHT,2024-08-30,BACKFILL
2024-08-30,BTC,FLAT,-4.97,MEDIUM,59119.48,57431.02,-2.856,RIGHT,2024-09-03,BACKFILL
2024-08-30,GLD,HELD,8.93,HIGH,231.29,230.29,-0.432,WRONG,2024-09-03,BACKFILL
2024-08-30,QQQ,LONG,5.35,HIGH,471.33,457.02,-3.036,WRONG,2024-09-03,BACKFILL
2024-09-03,BTC,FLAT,-7.82,HIGH,57431.02,57971.54,0.941,WRONG,2024-09-04,BACKFILL
2024-09-03,GLD,HELD,8.32,HIGH,230.29,230.43,0.061,RIGHT,2024-09-04,BACKFILL
2024-09-03,QQQ,LONG,2.09,MEDIUM,457.02,455.83,-0.26,WRONG,2024-09-04,BACKFILL
2024-09-04,BTC,FLAT,-7.1,HIGH,57971.54,56160.49,-3.124,RIGHT,2024-09-05,BACKFILL
2024-09-04,GLD,HELD,8.25,HIGH,230.43,232.35,0.833,RIGHT,2024-09-05,BACKFILL
2024-09-04,QQQ,LONG,1.77,LOW,455.83,456.26,0.094,RIGHT,2024-09-05,BACKFILL
2024-09-05,BTC,FLAT,-10.14,HIGH,56160.49,53948.75,-3.938,RIGHT,2024-09-06,BACKFILL
2024-09-05,GLD,HELD,9.0,HIGH,232.35,230.63,-0.74,WRONG,2024-09-06,BACKFILL
2024-09-05,QQQ,LONG,1.8,LOW,456.26,444.03,-2.68,WRONG,2024-09-06,BACKFILL
2024-09-06,BTC,FLAT,-13.78,HIGH,53948.75,57019.54,5.692,WRONG,2024-09-09,BACKFILL
2024-09-06,GLD,HELD,8.05,HIGH,230.63,231.6,0.421,RIGHT,2024-09-09,BACKFILL
2024-09-06,QQQ,FLAT,-0.97,LOW,444.03,449.74,1.286,WRONG,2024-09-09,BACKFILL
2024-09-09,BTC,FLAT,-9.0,HIGH,57019.54,57648.71,1.103,WRONG,2024-09-10,BACKFILL
2024-09-09,GLD,HELD,8.36,HIGH,231.6,232.62,0.44,RIGHT,2024-09-10,BACKFILL
2024-09-09,QQQ,LONG,0.27,LOW,449.74,453.9,0.925,RIGHT,2024-09-10,BACKFILL
2024-09-10,BTC,FLAT,-8.14,HIGH,57648.71,57343.17,-0.53,RIGHT,2024-09-11,BACKFILL
2024-09-10,GLD,HELD,8.69,HIGH,232.62,232.25,-0.159,WRONG,2024-09-11,BACKFILL
2024-09-10,QQQ,LONG,1.15,LOW,453.9,463.76,2.172,RIGHT,2024-09-11,BACKFILL
2024-09-11,BTC,FLAT,-8.77,HIGH,57343.17,58127.01,1.367,WRONG,2024-09-12,BACKFILL
2024-09-11,GLD,HELD,8.37,HIGH,232.25,236.33,1.757,RIGHT,2024-09-12,BACKFILL
2024-09-11,QQQ,LONG,3.28,MEDIUM,463.76,468.31,0.981,RIGHT,2024-09-12,BACKFILL
2024-09-12,BTC,FLAT,-7.66,HIGH,58127.01,60571.3,4.205,WRONG,2024-09-13,BACKFILL
2024-09-12,GLD,HELD,10.11,HIGH,236.33,238.68,0.994,RIGHT,2024-09-13,BACKFILL
2024-09-12,QQQ,LONG,4.23,MEDIUM,468.31,470.41,0.448,RIGHT,2024-09-13,BACKFILL
2024-09-13,BTC,FLAT,-3.93,MEDIUM,60571.3,58192.51,-3.927,RIGHT,2024-09-16,BACKFILL
2024-09-13,GLD,HELD,11.03,HIGH,238.68,238.66,-0.008,WRONG,2024-09-16,BACKFILL
2024-09-13,QQQ,LONG,4.63,MEDIUM,470.41,468.33,-0.442,WRONG,2024-09-16,BACKFILL
2024-09-16,BTC,FLAT,-7.81,HIGH,58192.51,60308.54,3.636,WRONG,2024-09-17,BACKFILL
2024-09-16,GLD,HELD,10.84,HIGH,238.66,237.34,-0.553,WRONG,2024-09-17,BACKFILL
2024-09-16,QQQ,LONG,4.11,MEDIUM,468.33,468.58,0.053,RIGHT,2024-09-17,BACKFILL
2024-09-17,BTC,FLAT,-4.56,MEDIUM,60308.54,61649.68,2.224,WRONG,2024-09-18,BACKFILL
2024-09-17,GLD,HELD,10.06,HIGH,237.34,235.51,-0.771,WRONG,2024-09-18,BACKFILL
2024-09-17,QQQ,LONG,4.1,MEDIUM,468.58,466.55,-0.433,WRONG,2024-09-18,BACKFILL
2024-09-18,BTC,FLAT,-2.56,MEDIUM,61649.68,62940.46,2.094,WRONG,2024-09-19,BACKFILL
2024-09-18,GLD,HELD,9.04,HIGH,235.51,239.17,1.554,RIGHT,2024-09-19,BACKFILL
2024-09-18,QQQ,LONG,3.59,MEDIUM,466.55,478.34,2.527,RIGHT,2024-09-19,BACKFILL
2024-09-19,BTC,FLAT,-0.64,LOW,62940.46,63192.98,0.401,WRONG,2024-09-20,BACKFILL
2024-09-19,GLD,HELD,10.55,HIGH,239.17,242.21,1.271,RIGHT,2024-09-20,BACKFILL
2024-09-19,QQQ,LONG,6.12,HIGH,478.34,477.43,-0.19,WRONG,2024-09-20,BACKFILL
2024-09-20,BTC,FLAT,-0.36,LOW,63192.98,63329.8,0.217,WRONG,2024-09-23,BACKFILL
2024-09-20,GLD,HELD,11.76,HIGH,242.21,242.68,0.194,RIGHT,2024-09-23,BACKFILL
2024-09-20,QQQ,LONG,5.85,HIGH,477.43,478.7,0.266,RIGHT,2024-09-23,BACKFILL
2024-09-23,BTC,FLAT,-0.26,LOW,63329.8,64301.97,1.535,WRONG,2024-09-24,BACKFILL
2024-09-23,GLD,HELD,11.78,HIGH,242.68,246.07,1.397,RIGHT,2024-09-24,BACKFILL
2024-09-23,QQQ,LONG,6.04,HIGH,478.7,481.01,0.483,RIGHT,2024-09-24,BACKFILL
2024-09-24,BTC,LONG,1.14,LOW,64301.97,63143.14,-1.802,WRONG,2024-09-25,BACKFILL
2024-09-24,GLD,HELD,13.14,HIGH,246.07,245.73,-0.138,WRONG,2024-09-25,BACKFILL
2024-09-24,QQQ,LONG,6.46,HIGH,481.01,481.45,0.091,RIGHT,2024-09-25,BACKFILL
2024-09-25,BTC,FLAT,-0.8,LOW,63143.14,65181.02,3.227,WRONG,2024-09-26,BACKFILL
2024-09-25,GLD,HELD,12.78,HIGH,245.73,246.98,0.509,RIGHT,2024-09-26,BACKFILL
2024-09-25,QQQ,LONG,6.46,HIGH,481.45,485.07,0.752,RIGHT,2024-09-26,BACKFILL
2024-09-26,BTC,LONG,2.26,MEDIUM,65181.02,65790.66,0.935,RIGHT,2024-09-27,BACKFILL
2024-09-26,GLD,HELD,13.15,HIGH,246.98,245.02,-0.794,WRONG,2024-09-27,BACKFILL
2024-09-26,QQQ,LONG,7.18,HIGH,485.07,482.38,-0.555,WRONG,2024-09-27,BACKFILL
2024-09-27,BTC,LONG,3.05,MEDIUM,65790.66,63329.5,-3.741,WRONG,2024-09-30,BACKFILL
2024-09-27,GLD,HELD,12.06,HIGH,245.02,243.06,-0.8,WRONG,2024-09-30,BACKFILL
2024-09-27,QQQ,LONG,6.5,HIGH,482.38,483.68,0.269,RIGHT,2024-09-30,BACKFILL
2024-09-30,BTC,FLAT,-0.9,LOW,63329.5,60837.01,-3.936,RIGHT,2024-10-01,BACKFILL
2024-09-30,GLD,HELD,10.98,HIGH,243.06,245.61,1.049,RIGHT,2024-10-01,BACKFILL
2024-09-30,QQQ,LONG,6.71,HIGH,483.68,476.94,-1.393,WRONG,2024-10-01,BACKFILL
2024-10-01,BTC,FLAT,-4.83,MEDIUM,60837.01,60632.79,-0.336,RIGHT,2024-10-02,BACKFILL
2024-10-01,GLD,HELD,11.94,HIGH,245.61,245.66,0.02,RIGHT,2024-10-02,BACKFILL
2024-10-01,QQQ,LONG,5.15,HIGH,476.94,477.62,0.143,RIGHT,2024-10-02,BACKFILL
2024-10-02,BTC,FLAT,-5.13,HIGH,60632.79,60759.4,0.209,WRONG,2024-10-03,BACKFILL
2024-10-02,GLD,HELD,11.77,HIGH,245.66,245.49,-0.069,WRONG,2024-10-03,BACKFILL
2024-10-02,QQQ,LONG,5.23,HIGH,477.62,477.26,-0.075,WRONG,2024-10-03,BACKFILL
2024-10-03,BTC,FLAT,-4.93,MEDIUM,60759.4,62067.48,2.153,WRONG,2024-10-04,BACKFILL
2024-10-03,GLD,HELD,11.5,HIGH,245.49,245.0,-0.2,WRONG,2024-10-04,BACKFILL
2024-10-03,QQQ,LONG,5.08,HIGH,477.26,482.94,1.19,RIGHT,2024-10-04,BACKFILL
2024-10-04,BTC,FLAT,-2.88,MEDIUM,62067.48,62236.66,0.273,WRONG,2024-10-07,BACKFILL
2024-10-04,GLD,HELD,11.11,HIGH,245.0,244.17,-0.339,WRONG,2024-10-07,BACKFILL
2024-10-04,QQQ,LONG,6.26,HIGH,482.94,477.77,-1.071,WRONG,2024-10-07,BACKFILL
2024-10-07,BTC,FLAT,-2.55,MEDIUM,62236.66,62131.97,-0.168,RIGHT,2024-10-08,BACKFILL
2024-10-07,GLD,HELD,10.57,HIGH,244.17,242.37,-0.737,WRONG,2024-10-08,BACKFILL
2024-10-07,QQQ,LONG,5.06,HIGH,477.77,484.9,1.492,RIGHT,2024-10-08,BACKFILL
2024-10-08,BTC,FLAT,-2.7,MEDIUM,62131.97,60582.1,-2.494,RIGHT,2024-10-09,BACKFILL
2024-10-08,GLD,HELD,9.6,HIGH,242.37,241.05,-0.545,WRONG,2024-10-09,BACKFILL
2024-10-08,QQQ,LONG,6.55,HIGH,484.9,488.72,0.788,RIGHT,2024-10-09,BACKFILL
2024-10-09,BTC,FLAT,-5.07,HIGH,60582.1,60274.5,-0.508,RIGHT,2024-10-10,BACKFILL
2024-10-09,GLD,HELD,8.87,HIGH,241.05,242.82,0.734,RIGHT,2024-10-10,BACKFILL
2024-10-09,QQQ,LONG,7.3,HIGH,488.72,488.16,-0.115,WRONG,2024-10-10,BACKFILL
2024-10-10,BTC,FLAT,-5.49,HIGH,60274.5,62445.09,3.601,WRONG,2024-10-11,BACKFILL
2024-10-10,GLD,HELD,9.53,HIGH,242.82,245.47,1.091,RIGHT,2024-10-11,BACKFILL
2024-10-10,QQQ,LONG,7.1,HIGH,488.16,488.93,0.158,RIGHT,2024-10-11,BACKFILL
2024-10-11,BTC,FLAT,-2.03,MEDIUM,62445.09,66046.12,5.767,WRONG,2024-10-14,BACKFILL
2024-10-11,GLD,HELD,10.58,HIGH,245.47,245.07,-0.163,WRONG,2024-10-14,BACKFILL
2024-10-11,QQQ,LONG,7.18,HIGH,488.93,493.03,0.839,RIGHT,2024-10-14,BACKFILL
2024-10-14,BTC,LONG,3.69,MEDIUM,66046.12,67041.11,1.507,RIGHT,2024-10-15,BACKFILL
2024-10-14,GLD,HELD,10.25,HIGH,245.07,245.92,0.347,RIGHT,2024-10-15,BACKFILL
2024-10-14,QQQ,LONG,7.98,HIGH,493.03,486.44,-1.337,WRONG,2024-10-15,BACKFILL
2024-10-15,BTC,LONG,5.3,HIGH,67041.11,67612.72,0.853,RIGHT,2024-10-16,BACKFILL
2024-10-15,GLD,HELD,10.48,HIGH,245.92,247.15,0.5,RIGHT,2024-10-16,BACKFILL
2024-10-15,QQQ,LONG,6.46,HIGH,486.44,486.5,0.012,RIGHT,2024-10-16,BACKFILL
2024-10-16,BTC,LONG,6.26,HIGH,67612.72,67399.84,-0.315,WRONG,2024-10-17,BACKFILL
2024-10-16,GLD,HELD,10.88,HIGH,247.15,248.63,0.599,RIGHT,2024-10-17,BACKFILL
2024-10-16,QQQ,LONG,6.4,HIGH,486.5,486.83,0.068,RIGHT,2024-10-17,BACKFILL
2024-10-17,BTC,LONG,5.97,HIGH,67399.84,68418.79,1.512,RIGHT,2024-10-18,BACKFILL
2024-10-17,GLD,HELD,11.39,HIGH,248.63,251.27,1.062,RIGHT,2024-10-18,BACKFILL
2024-10-17,QQQ,LONG,6.39,HIGH,486.83,490.03,0.657,RIGHT,2024-10-18,BACKFILL
2024-10-18,BTC,LONG,7.58,HIGH,68418.79,67367.85,-1.536,WRONG,2024-10-21,BACKFILL
2024-10-18,GLD,HELD,12.4,HIGH,251.27,251.22,-0.02,WRONG,2024-10-21,BACKFILL
2024-10-18,QQQ,LONG,6.99,HIGH,490.03,490.97,0.192,RIGHT,2024-10-21,BACKFILL
2024-10-21,BTC,LONG,5.93,HIGH,67367.85,67361.41,-0.01,WRONG,2024-10-22,BACKFILL
2024-10-21,GLD,HELD,12.2,HIGH,251.22,253.93,1.079,RIGHT,2024-10-22,BACKFILL
2024-10-21,QQQ,LONG,7.1,HIGH,490.97,491.5,0.108,RIGHT,2024-10-22,BACKFILL
2024-10-22,BTC,LONG,5.86,HIGH,67361.41,66432.2,-1.379,WRONG,2024-10-23,BACKFILL
2024-10-22,GLD,HELD,13.23,HIGH,253.93,250.87,-1.205,WRONG,2024-10-23,BACKFILL
2024-10-22,QQQ,LONG,7.13,HIGH,491.5,483.97,-1.532,WRONG,2024-10-23,BACKFILL
2024-10-23,BTC,LONG,4.42,MEDIUM,66432.2,68161.05,2.602,RIGHT,2024-10-24,BACKFILL
2024-10-23,GLD,HELD,11.7,HIGH,250.87,252.8,0.769,RIGHT,2024-10-24,BACKFILL
2024-10-23,QQQ,LONG,5.42,HIGH,483.97,487.9,0.812,RIGHT,2024-10-24,BACKFILL
2024-10-24,BTC,LONG,7.1,HIGH,68161.05,66642.41,-2.228,WRONG,2024-10-25,BACKFILL
2024-10-24,GLD,HELD,12.39,HIGH,252.8,253.32,0.206,RIGHT,2024-10-25,BACKFILL
2024-10-24,QQQ,LONG,6.2,HIGH,487.9,490.87,0.609,RIGHT,2024-10-25,BACKFILL
2024-10-25,BTC,LONG,4.69,MEDIUM,66642.41,69907.76,4.9,RIGHT,2024-10-28,BACKFILL
2024-10-25,GLD,HELD,12.45,HIGH,253.32,253.33,0.004,RIGHT,2024-10-28,BACKFILL
2024-10-25,QQQ,LONG,6.77,HIGH,490.87,490.95,0.016,RIGHT,2024-10-28,BACKFILL
2024-10-28,BTC,LONG,9.82,HIGH,69907.76,72720.49,4.023,RIGHT,2024-10-29,BACKFILL
2024-10-28,GLD,HELD,12.28,HIGH,253.33,256.09,1.089,RIGHT,2024-10-29,BACKFILL
2024-10-28,QQQ,LONG,6.71,HIGH,490.95,495.66,0.959,RIGHT,2024-10-29,BACKFILL
2024-10-29,BTC,LONG,14.2,HIGH,72720.49,72339.54,-0.524,WRONG,2024-10-30,BACKFILL
2024-10-29,GLD,HELD,13.32,HIGH,256.09,257.5,0.551,RIGHT,2024-10-30,BACKFILL
2024-10-29,QQQ,LONG,7.64,HIGH,495.66,491.92,-0.755,WRONG,2024-10-30,BACKFILL
2024-10-30,BTC,LONG,13.57,HIGH,72339.54,70215.19,-2.937,WRONG,2024-10-31,BACKFILL
2024-10-30,GLD,HELD,13.76,HIGH,257.5,253.51,-1.55,WRONG,2024-10-31,BACKFILL
2024-10-30,QQQ,LONG,6.75,HIGH,491.92,479.5,-2.525,WRONG,2024-10-31,BACKFILL
2024-10-31,BTC,LONG,10.24,HIGH,70215.19,69482.47,-1.044,WRONG,2024-11-01,BACKFILL
2024-10-31,GLD,HELD,11.84,HIGH,253.51,252.47,-0.41,WRONG,2024-11-01,BACKFILL
2024-10-31,QQQ,LONG,3.99,MEDIUM,479.5,483.05,0.74,RIGHT,2024-11-01,BACKFILL
2024-11-01,BTC,LONG,9.09,HIGH,69482.47,67811.51,-2.405,WRONG,2024-11-04,BACKFILL
2024-11-01,GLD,HELD,11.24,HIGH,252.47,252.83,0.143,RIGHT,2024-11-04,BACKFILL
2024-11-01,QQQ,LONG,4.69,MEDIUM,483.05,481.64,-0.292,WRONG,2024-11-04,BACKFILL
2024-11-04,BTC,LONG,6.44,HIGH,67811.51,69359.56,2.283,RIGHT,2024-11-05,BACKFILL
2024-11-04,GLD,HELD,11.26,HIGH,252.83,253.4,0.225,RIGHT,2024-11-05,BACKFILL
2024-11-04,QQQ,LONG,4.32,MEDIUM,481.64,487.79,1.277,RIGHT,2024-11-05,BACKFILL
2024-11-05,BTC,LONG,8.83,HIGH,69359.56,75639.08,9.054,RIGHT,2024-11-06,BACKFILL
2024-11-05,GLD,HELD,11.38,HIGH,253.4,245.7,-3.039,WRONG,2024-11-06,BACKFILL
2024-11-05,QQQ,LONG,5.57,HIGH,487.79,501.04,2.716,RIGHT,2024-11-06,BACKFILL
2024-11-06,BTC,LONG,18.6,HIGH,75639.08,75904.86,0.351,RIGHT,2024-11-07,BACKFILL
2024-11-06,GLD,HELD,7.88,HIGH,245.7,249.65,1.608,RIGHT,2024-11-07,BACKFILL
2024-11-06,QQQ,LONG,8.33,HIGH,501.04,508.92,1.573,RIGHT,2024-11-07,BACKFILL
2024-11-07,BTC,LONG,18.92,HIGH,75904.86,76545.48,0.844,RIGHT,2024-11-08,BACKFILL
2024-11-07,GLD,HELD,9.51,HIGH,249.65,247.96,-0.677,WRONG,2024-11-08,BACKFILL
2024-11-07,QQQ,LONG,9.92,HIGH,508.92,509.52,0.118,RIGHT,2024-11-08,BACKFILL
2024-11-08,BTC,LONG,19.86,HIGH,76545.48,88701.48,15.881,RIGHT,2024-11-11,BACKFILL
2024-11-08,GLD,HELD,8.67,HIGH,247.96,242.14,-2.347,WRONG,2024-11-11,BACKFILL
2024-11-08,QQQ,LONG,9.93,HIGH,509.52,509.22,-0.059,WRONG,2024-11-11,BACKFILL
2024-11-11,BTC,LONG,38.61,HIGH,88701.48,87955.81,-0.841,WRONG,2024-11-12,BACKFILL
2024-11-11,GLD,HELD,6.04,HIGH,242.14,240.05,-0.863,WRONG,2024-11-12,BACKFILL
2024-11-11,QQQ,LONG,9.75,HIGH,509.22,508.3,-0.181,WRONG,2024-11-12,BACKFILL
2024-11-12,BTC,LONG,37.2,HIGH,87955.81,90584.16,2.988,RIGHT,2024-11-13,BACKFILL
2024-11-12,GLD,HELD,5.05,HIGH,240.05,237.63,-1.008,WRONG,2024-11-13,BACKFILL
2024-11-12,QQQ,LONG,9.43,HIGH,508.3,507.65,-0.128,WRONG,2024-11-13,BACKFILL
2024-11-13,BTC,LONG,40.99,HIGH,90584.16,87250.43,-3.68,WRONG,2024-11-14,BACKFILL
2024-11-13,GLD,HELD,3.94,MEDIUM,237.63,237.01,-0.261,WRONG,2024-11-14,BACKFILL
2024-11-13,QQQ,LONG,9.19,HIGH,507.65,504.12,-0.695,WRONG,2024-11-14,BACKFILL
2024-11-14,BTC,LONG,35.52,HIGH,87250.43,91066.01,4.373,RIGHT,2024-11-15,BACKFILL
2024-11-14,GLD,HELD,3.6,MEDIUM,237.01,236.59,-0.177,WRONG,2024-11-15,BACKFILL
2024-11-14,QQQ,LONG,8.32,HIGH,504.12,492.11,-2.382,WRONG,2024-11-15,BACKFILL
2024-11-15,BTC,LONG,41.05,HIGH,91066.01,90542.64,-0.575,WRONG,2024-11-18,BACKFILL
2024-11-15,GLD,HELD,3.37,MEDIUM,236.59,241.09,1.902,RIGHT,2024-11-18,BACKFILL
2024-11-15,QQQ,LONG,5.64,HIGH,492.11,495.53,0.695,RIGHT,2024-11-18,BACKFILL
2024-11-18,BTC,LONG,39.85,HIGH,90542.64,92343.79,1.989,RIGHT,2024-11-19,BACKFILL
2024-11-18,GLD,HELD,5.28,HIGH,241.09,243.25,0.896,RIGHT,2024-11-19,BACKFILL
2024-11-18,QQQ,LONG,6.27,HIGH,495.53,498.93,0.686,RIGHT,2024-11-19,BACKFILL
2024-11-19,BTC,LONG,42.18,HIGH,92343.79,94339.49,2.161,RIGHT,2024-11-20,BACKFILL
2024-11-19,GLD,HELD,6.15,HIGH,243.25,244.62,0.563,RIGHT,2024-11-20,BACKFILL
2024-11-19,QQQ,LONG,6.88,HIGH,498.93,498.65,-0.056,WRONG,2024-11-20,BACKFILL
2024-11-20,BTC,LONG,44.79,HIGH,94339.49,98504.73,4.415,RIGHT,2024-11-21,BACKFILL
2024-11-20,GLD,HELD,6.67,HIGH,244.62,246.66,0.834,RIGHT,2024-11-21,BACKFILL
2024-11-20,QQQ,LONG,6.69,HIGH,498.65,500.44,0.359,RIGHT,2024-11-21,BACKFILL
2024-11-21,BTC,LONG,50.65,HIGH,98504.73,98997.66,0.5,RIGHT,2024-11-22,BACKFILL
2024-11-21,GLD,HELD,7.48,HIGH,246.66,249.84,1.289,RIGHT,2024-11-22,BACKFILL
2024-11-21,QQQ,LONG,6.94,HIGH,500.44,501.24,0.16,RIGHT,2024-11-22,BACKFILL
2024-11-22,BTC,LONG,50.91,HIGH,98997.66,93102.3,-5.955,WRONG,2024-11-25,BACKFILL
2024-11-22,GLD,HELD,8.76,HIGH,249.84,242.48,-2.946,WRONG,2024-11-25,BACKFILL
2024-11-22,QQQ,LONG,6.98,HIGH,501.24,502.04,0.16,RIGHT,2024-11-25,BACKFILL
2024-11-25,BTC,LONG,41.54,HIGH,93102.3,91985.32,-1.2,WRONG,2024-11-26,BACKFILL
2024-11-25,GLD,HELD,5.47,HIGH,242.48,242.95,0.194,RIGHT,2024-11-26,BACKFILL
2024-11-25,QQQ,LONG,7.02,HIGH,502.04,504.73,0.536,RIGHT,2024-11-26,BACKFILL
2024-11-26,BTC,LONG,39.45,HIGH,91985.32,95962.53,4.324,RIGHT,2024-11-27,BACKFILL
2024-11-26,GLD,HELD,5.59,HIGH,242.95,243.49,0.222,RIGHT,2024-11-27,BACKFILL
2024-11-26,QQQ,LONG,7.47,HIGH,504.73,500.76,-0.787,WRONG,2024-11-27,BACKFILL
2024-11-27,BTC,LONG,45.02,HIGH,95962.53,97461.52,1.562,RIGHT,2024-11-29,BACKFILL
2024-11-27,GLD,HELD,5.74,HIGH,243.49,245.59,0.862,RIGHT,2024-11-29,BACKFILL
2024-11-27,QQQ,LONG,6.5,HIGH,500.76,505.16,0.879,RIGHT,2024-11-29,BACKFILL
2024-11-29,BTC,LONG,46.78,HIGH,97461.52,95865.3,-1.638,WRONG,2024-12-02,BACKFILL
2024-11-29,GLD,HELD,6.56,HIGH,245.59,243.44,-0.875,WRONG,2024-12-02,BACKFILL
2024-11-29,QQQ,LONG,7.31,HIGH,505.16,510.66,1.089,RIGHT,2024-12-02,BACKFILL
2024-12-02,BTC,LONG,43.92,HIGH,95865.3,96002.16,0.143,RIGHT,2024-12-03,BACKFILL
2024-12-02,GLD,HELD,5.54,HIGH,243.44,243.93,0.201,RIGHT,2024-12-03,BACKFILL
2024-12-02,QQQ,LONG,8.36,HIGH,510.66,512.22,0.305,RIGHT,2024-12-03,BACKFILL
2024-12-03,BTC,LONG,43.61,HIGH,96002.16,98768.53,2.882,RIGHT,2024-12-04,BACKFILL
2024-12-03,GLD,HELD,5.66,HIGH,243.93,244.67,0.303,RIGHT,2024-12-04,BACKFILL
2024-12-03,QQQ,LONG,8.54,HIGH,512.22,518.56,1.238,RIGHT,2024-12-04,BACKFILL
2024-12-04,BTC,LONG,47.16,HIGH,98768.53,96593.57,-2.202,WRONG,2024-12-05,BACKFILL
2024-12-04,GLD,HELD,5.89,HIGH,244.67,242.86,-0.74,WRONG,2024-12-05,BACKFILL
2024-12-04,QQQ,LONG,9.73,HIGH,518.56,517.12,-0.278,WRONG,2024-12-05,BACKFILL
2024-12-05,BTC,LONG,43.38,HIGH,96593.57,99920.71,3.444,RIGHT,2024-12-06,BACKFILL
2024-12-05,GLD,HELD,5.01,HIGH,242.86,242.95,0.037,RIGHT,2024-12-06,BACKFILL
2024-12-05,QQQ,LONG,9.28,HIGH,517.12,521.75,0.895,RIGHT,2024-12-06,BACKFILL
2024-12-06,BTC,LONG,47.78,HIGH,99920.71,97432.72,-2.49,WRONG,2024-12-09,BACKFILL
2024-12-06,GLD,HELD,4.96,MEDIUM,242.95,245.36,0.992,RIGHT,2024-12-09,BACKFILL
2024-12-06,QQQ,LONG,10.11,HIGH,521.75,517.68,-0.78,WRONG,2024-12-09,BACKFILL
2024-12-09,BTC,LONG,43.62,HIGH,97432.72,96675.43,-0.777,WRONG,2024-12-10,BACKFILL
2024-12-09,GLD,HELD,5.91,HIGH,245.36,248.59,1.316,RIGHT,2024-12-10,BACKFILL
2024-12-09,QQQ,LONG,9.13,HIGH,517.68,515.92,-0.34,WRONG,2024-12-10,BACKFILL
2024-12-10,BTC,LONG,42.02,HIGH,96675.43,101173.03,4.652,RIGHT,2024-12-11,BACKFILL
2024-12-10,GLD,HELD,7.2,HIGH,248.59,250.96,0.953,RIGHT,2024-12-11,BACKFILL
2024-12-10,QQQ,LONG,8.63,HIGH,515.92,525.16,1.791,RIGHT,2024-12-11,BACKFILL
2024-12-11,BTC,LONG,48.05,HIGH,101173.03,100043.0,-1.117,WRONG,2024-12-12,BACKFILL
2024-12-11,GLD,HELD,8.1,HIGH,250.96,247.28,-1.466,WRONG,2024-12-12,BACKFILL
2024-12-11,QQQ,LONG,10.44,HIGH,525.16,521.77,-0.646,WRONG,2024-12-12,BACKFILL
2024-12-12,BTC,LONG,45.87,HIGH,100043.0,101459.26,1.416,RIGHT,2024-12-13,BACKFILL
2024-12-12,GLD,HELD,6.43,HIGH,247.28,244.29,-1.209,WRONG,2024-12-13,BACKFILL
2024-12-12,QQQ,LONG,9.59,HIGH,521.77,525.76,0.765,RIGHT,2024-12-13,BACKFILL
2024-12-13,BTC,LONG,47.35,HIGH,101459.26,106029.72,4.505,RIGHT,2024-12-16,BACKFILL
2024-12-13,GLD,HELD,5.06,HIGH,244.29,244.88,0.242,RIGHT,2024-12-16,BACKFILL
2024-12-13,QQQ,LONG,10.3,HIGH,525.76,533.33,1.44,RIGHT,2024-12-16,BACKFILL
2024-12-16,BTC,LONG,53.35,HIGH,106029.72,106140.6,0.105,RIGHT,2024-12-17,BACKFILL
2024-12-16,GLD,HELD,5.23,HIGH,244.88,243.94,-0.384,WRONG,2024-12-17,BACKFILL
2024-12-16,QQQ,LONG,11.73,HIGH,533.33,530.98,-0.441,WRONG,2024-12-17,BACKFILL
2024-12-17,BTC,LONG,52.85,HIGH,106140.6,100041.54,-5.746,WRONG,2024-12-18,BACKFILL
2024-12-17,GLD,HELD,4.75,MEDIUM,243.94,239.26,-1.919,WRONG,2024-12-18,BACKFILL
2024-12-17,QQQ,LONG,11.1,HIGH,530.98,511.83,-3.607,WRONG,2024-12-18,BACKFILL
2024-12-18,BTC,LONG,43.6,HIGH,100041.54,97490.95,-2.55,WRONG,2024-12-19,BACKFILL
2024-12-18,GLD,HELD,2.68,MEDIUM,239.26,239.6,0.142,RIGHT,2024-12-19,BACKFILL
2024-12-18,QQQ,LONG,7.0,HIGH,511.83,509.55,-0.445,WRONG,2024-12-19,BACKFILL
2024-12-19,BTC,LONG,39.51,HIGH,97490.95,97755.93,0.272,RIGHT,2024-12-20,BACKFILL
2024-12-19,GLD,HELD,2.77,MEDIUM,239.6,242.1,1.043,RIGHT,2024-12-20,BACKFILL
2024-12-19,QQQ,LONG,6.43,HIGH,509.55,514.0,0.873,RIGHT,2024-12-20,BACKFILL
2024-12-20,BTC,LONG,39.48,HIGH,97755.93,94686.24,-3.14,WRONG,2024-12-23,BACKFILL
2024-12-20,GLD,HELD,3.79,MEDIUM,242.1,240.96,-0.471,WRONG,2024-12-23,BACKFILL
2024-12-20,QQQ,LONG,7.26,HIGH,514.0,519.01,0.975,RIGHT,2024-12-23,BACKFILL
2024-12-23,BTC,LONG,34.8,HIGH,94686.24,98676.09,4.214,RIGHT,2024-12-24,BACKFILL
2024-12-23,GLD,HELD,3.25,MEDIUM,240.96,241.44,0.199,RIGHT,2024-12-24,BACKFILL
2024-12-23,QQQ,LONG,8.2,HIGH,519.01,526.04,1.355,RIGHT,2024-12-24,BACKFILL
2024-12-24,BTC,LONG,40.1,HIGH,98676.09,95795.52,-2.919,WRONG,2024-12-26,BACKFILL
2024-12-24,GLD,HELD,3.41,MEDIUM,241.44,243.07,0.675,RIGHT,2024-12-26,BACKFILL
2024-12-24,QQQ,LONG,9.55,HIGH,526.04,525.69,-0.067,WRONG,2024-12-26,BACKFILL
2024-12-26,BTC,LONG,35.67,HIGH,95795.52,94164.86,-1.702,WRONG,2024-12-27,BACKFILL
2024-12-26,GLD,HELD,4.04,MEDIUM,243.07,241.4,-0.687,WRONG,2024-12-27,BACKFILL
2024-12-26,QQQ,LONG,9.36,HIGH,525.69,518.7,-1.33,WRONG,2024-12-27,BACKFILL
2024-12-27,BTC,LONG,33.03,HIGH,94164.86,92643.21,-1.616,WRONG,2024-12-30,BACKFILL
2024-12-27,GLD,HELD,3.25,MEDIUM,241.4,240.63,-0.319,WRONG,2024-12-30,BACKFILL
2024-12-27,QQQ,LONG,7.8,HIGH,518.7,511.8,-1.33,WRONG,2024-12-30,BACKFILL
2024-12-30,BTC,LONG,30.59,HIGH,92643.21,93429.2,0.848,RIGHT,2024-12-31,BACKFILL
2024-12-30,GLD,HELD,2.85,MEDIUM,240.63,242.13,0.623,RIGHT,2024-12-31,BACKFILL
2024-12-30,QQQ,LONG,6.28,HIGH,511.8,507.45,-0.85,WRONG,2024-12-31,BACKFILL
2024-12-31,BTC,LONG,31.38,HIGH,93429.2,96886.88,3.701,RIGHT,2025-01-02,BACKFILL
2024-12-31,GLD,HELD,3.42,MEDIUM,242.13,245.42,1.359,RIGHT,2025-01-02,BACKFILL
2024-12-31,QQQ,LONG,5.3,HIGH,507.45,506.46,-0.195,WRONG,2025-01-02,BACKFILL
2025-01-02,BTC,LONG,35.87,HIGH,96886.88,98107.43,1.26,RIGHT,2025-01-03,BACKFILL
2025-01-02,GLD,HELD,4.73,MEDIUM,245.42,243.49,-0.786,WRONG,2025-01-03,BACKFILL
2025-01-02,QQQ,LONG,5.01,HIGH,506.46,514.75,1.637,RIGHT,2025-01-03,BACKFILL
2025-01-03,BTC,LONG,37.2,HIGH,98107.43,102078.09,4.047,RIGHT,2025-01-06,BACKFILL
2025-01-03,GLD,HELD,3.83,MEDIUM,243.49,243.19,-0.123,WRONG,2025-01-06,BACKFILL
2025-01-03,QQQ,LONG,6.63,HIGH,514.75,520.66,1.148,RIGHT,2025-01-06,BACKFILL
2025-01-06,BTC,LONG,42.3,HIGH,102078.09,96922.7,-5.05,WRONG,2025-01-07,BACKFILL
2025-01-06,GLD,HELD,3.62,MEDIUM,243.19,244.56,0.563,RIGHT,2025-01-07,BACKFILL
2025-01-06,QQQ,LONG,7.74,HIGH,520.66,511.37,-1.784,WRONG,2025-01-07,BACKFILL
2025-01-07,BTC,LONG,34.76,HIGH,96922.7,95043.52,-1.939,WRONG,2025-01-08,BACKFILL
2025-01-07,GLD,HELD,4.12,MEDIUM,244.56,245.86,0.532,RIGHT,2025-01-08,BACKFILL
2025-01-07,QQQ,LONG,5.73,HIGH,511.37,511.46,0.018,RIGHT,2025-01-08,BACKFILL
2025-01-08,BTC,LONG,31.85,HIGH,95043.52,94701.45,-0.36,WRONG,2025-01-10,BACKFILL
2025-01-08,GLD,HELD,4.59,MEDIUM,245.86,248.21,0.956,RIGHT,2025-01-10,BACKFILL
2025-01-08,QQQ,LONG,5.65,HIGH,511.46,503.44,-1.568,WRONG,2025-01-10,BACKFILL
2025-01-10,BTC,LONG,31.08,HIGH,94701.45,94516.52,-0.195,WRONG,2025-01-13,BACKFILL
2025-01-10,GLD,HELD,5.49,HIGH,248.21,245.74,-0.995,WRONG,2025-01-13,BACKFILL
2025-01-10,QQQ,LONG,3.93,MEDIUM,503.44,501.82,-0.322,WRONG,2025-01-13,BACKFILL
2025-01-13,BTC,LONG,30.54,HIGH,94516.52,96534.05,2.135,RIGHT,2025-01-14,BACKFILL
2025-01-13,GLD,HELD,4.37,MEDIUM,245.74,247.03,0.525,RIGHT,2025-01-14,BACKFILL
2025-01-13,QQQ,LONG,3.54,MEDIUM,501.82,501.35,-0.094,WRONG,2025-01-14,BACKFILL
2025-01-14,BTC,LONG,33.0,HIGH,96534.05,100504.49,4.113,RIGHT,2025-01-15,BACKFILL
2025-01-14,GLD,HELD,4.81,MEDIUM,247.03,248.88,0.749,RIGHT,2025-01-15,BACKFILL
2025-01-14,QQQ,LONG,3.38,MEDIUM,501.35,512.88,2.3,RIGHT,2025-01-15,BACKFILL
2025-01-15,BTC,LONG,38.07,HIGH,100504.49,99756.91,-0.744,WRONG,2025-01-16,BACKFILL
2025-01-15,GLD,HELD,5.49,HIGH,248.88,250.6,0.691,RIGHT,2025-01-16,BACKFILL
2025-01-15,QQQ,LONG,5.68,HIGH,512.88,509.29,-0.7,WRONG,2025-01-16,BACKFILL
2025-01-16,BTC,LONG,36.64,HIGH,99756.91,104462.04,4.717,RIGHT,2025-01-17,BACKFILL
2025-01-16,GLD,HELD,6.11,HIGH,250.6,249.27,-0.531,WRONG,2025-01-17,BACKFILL
2025-01-16,QQQ,LONG,4.87,MEDIUM,509.29,517.88,1.687,RIGHT,2025-01-17,BACKFILL
2025-01-17,BTC,LONG,42.61,HIGH,104462.04,106146.27,1.612,RIGHT,2025-01-21,BACKFILL
2025-01-17,GLD,HELD,5.44,HIGH,249.27,253.13,1.549,RIGHT,2025-01-21,BACKFILL
2025-01-17,QQQ,LONG,6.57,HIGH,517.88,520.92,0.587,RIGHT,2025-01-21,BACKFILL
2025-01-21,BTC,LONG,44.4,HIGH,106146.27,103653.07,-2.349,WRONG,2025-01-22,BACKFILL
2025-01-21,GLD,HELD,6.95,HIGH,253.13,254.43,0.514,RIGHT,2025-01-22,BACKFILL
2025-01-21,QQQ,LONG,7.12,HIGH,520.92,527.58,1.279,RIGHT,2025-01-22,BACKFILL
2025-01-22,BTC,LONG,40.52,HIGH,103653.07,103960.17,0.296,RIGHT,2025-01-23,BACKFILL
2025-01-22,GLD,HELD,7.39,HIGH,254.43,254.07,-0.141,WRONG,2025-01-23,BACKFILL
2025-01-22,QQQ,LONG,8.41,HIGH,527.58,528.7,0.212,RIGHT,2025-01-23,BACKFILL
2025-01-23,BTC,LONG,40.46,HIGH,103960.17,104819.48,0.827,RIGHT,2025-01-24,BACKFILL
2025-01-23,GLD,HELD,7.12,HIGH,254.07,255.65,0.622,RIGHT,2025-01-24,BACKFILL
2025-01-23,QQQ,LONG,8.56,HIGH,528.7,525.72,-0.564,WRONG,2025-01-24,BACKFILL
2025-01-24,BTC,LONG,41.12,HIGH,104819.48,102087.69,-2.606,WRONG,2025-01-27,BACKFILL
2025-01-24,GLD,HELD,7.66,HIGH,255.65,252.99,-1.04,WRONG,2025-01-27,BACKFILL
2025-01-24,QQQ,LONG,7.88,HIGH,525.72,510.41,-2.912,WRONG,2025-01-27,BACKFILL
2025-01-27,BTC,LONG,36.99,HIGH,102087.69,101332.48,-0.74,WRONG,2025-01-28,BACKFILL
2025-01-27,GLD,HELD,6.44,HIGH,252.99,255.18,0.866,RIGHT,2025-01-28,BACKFILL
2025-01-27,QQQ,LONG,4.69,MEDIUM,510.41,517.95,1.477,RIGHT,2025-01-28,BACKFILL
2025-01-28,BTC,LONG,35.52,HIGH,101332.48,103703.21,2.34,RIGHT,2025-01-29,BACKFILL
2025-01-28,GLD,HELD,7.24,HIGH,255.18,254.2,-0.384,WRONG,2025-01-29,BACKFILL
2025-01-28,QQQ,LONG,6.18,HIGH,517.95,516.98,-0.187,WRONG,2025-01-29,BACKFILL
2025-01-29,BTC,LONG,38.16,HIGH,103703.21,104735.3,0.995,RIGHT,2025-01-30,BACKFILL
2025-01-29,GLD,HELD,6.71,HIGH,254.2,258.05,1.515,RIGHT,2025-01-30,BACKFILL
2025-01-29,QQQ,LONG,5.91,HIGH,516.98,519.18,0.426,RIGHT,2025-01-30,BACKFILL
2025-01-30,BTC,LONG,39.0,HIGH,104735.3,102405.02,-2.225,WRONG,2025-01-31,BACKFILL
2025-01-30,GLD,HELD,8.19,HIGH,258.05,258.56,0.198,RIGHT,2025-01-31,BACKFILL
2025-01-30,QQQ,LONG,6.29,HIGH,519.18,518.43,-0.144,WRONG,2025-01-31,BACKFILL
2025-01-31,BTC,LONG,35.41,HIGH,102405.02,101405.42,-0.976,WRONG,2025-02-03,BACKFILL
2025-01-31,GLD,HELD,8.27,HIGH,258.56,259.94,0.534,RIGHT,2025-02-03,BACKFILL
2025-01-31,QQQ,LONG,6.08,HIGH,518.43,514.28,-0.8,WRONG,2025-02-03,BACKFILL
2025-02-03,BTC,LONG,33.62,HIGH,101405.42,97871.82,-3.485,WRONG,2025-02-04,BACKFILL
2025-02-03,GLD,HELD,8.71,HIGH,259.94,262.5,0.985,RIGHT,2025-02-04,BACKFILL
2025-02-03,QQQ,LONG,5.17,HIGH,514.28,520.59,1.227,RIGHT,2025-02-04,BACKFILL
2025-02-04,BTC,LONG,28.54,HIGH,97871.82,96615.45,-1.284,WRONG,2025-02-05,BACKFILL
2025-02-04,GLD,HELD,9.64,HIGH,262.5,264.13,0.621,RIGHT,2025-02-05,BACKFILL
2025-02-04,QQQ,LONG,6.4,HIGH,520.59,522.96,0.455,RIGHT,2025-02-05,BACKFILL
2025-02-05,BTC,LONG,26.52,HIGH,96615.45,96593.3,-0.023,WRONG,2025-02-06,BACKFILL
2025-02-05,GLD,HELD,10.17,HIGH,264.13,263.43,-0.265,WRONG,2025-02-06,BACKFILL
2025-02-05,QQQ,LONG,6.81,HIGH,522.96,525.69,0.522,RIGHT,2025-02-06,BACKFILL
2025-02-06,BTC,LONG,26.11,HIGH,96593.3,96529.09,-0.066,WRONG,2025-02-07,BACKFILL
2025-02-06,GLD,HELD,9.73,HIGH,263.43,263.9,0.178,RIGHT,2025-02-07,BACKFILL
2025-02-06,QQQ,LONG,7.31,HIGH,525.69,519.06,-1.261,WRONG,2025-02-07,BACKFILL
2025-02-07,BTC,LONG,25.62,HIGH,96529.09,97437.55,0.941,RIGHT,2025-02-10,BACKFILL
2025-02-07,GLD,HELD,9.78,HIGH,263.9,268.37,1.694,RIGHT,2025-02-10,BACKFILL
2025-02-07,QQQ,LONG,5.91,HIGH,519.06,525.34,1.21,RIGHT,2025-02-10,BACKFILL
2025-02-10,BTC,LONG,26.36,HIGH,97437.55,95747.43,-1.735,WRONG,2025-02-11,BACKFILL
2025-02-10,GLD,HELD,11.5,HIGH,268.37,267.39,-0.365,WRONG,2025-02-11,BACKFILL
2025-02-10,QQQ,LONG,7.14,HIGH,525.34,524.09,-0.238,WRONG,2025-02-11,BACKFILL
2025-02-11,BTC,LONG,23.75,HIGH,95747.43,97885.86,2.233,RIGHT,2025-02-12,BACKFILL
2025-02-11,GLD,HELD,10.94,HIGH,267.39,267.67,0.105,RIGHT,2025-02-12,BACKFILL
2025-02-11,QQQ,LONG,6.84,HIGH,524.09,524.4,0.059,RIGHT,2025-02-12,BACKFILL
2025-02-12,BTC,LONG,26.08,HIGH,97885.86,96623.87,-1.289,WRONG,2025-02-13,BACKFILL
2025-02-12,GLD,HELD,10.9,HIGH,267.67,270.31,0.986,RIGHT,2025-02-13,BACKFILL
2025-02-12,QQQ,LONG,6.85,HIGH,524.4,531.94,1.438,RIGHT,2025-02-13,BACKFILL
2025-02-13,BTC,LONG,24.04,HIGH,96623.87,97508.97,0.916,RIGHT,2025-02-14,BACKFILL
2025-02-13,GLD,HELD,11.84,HIGH,270.31,266.29,-1.487,WRONG,2025-02-14,BACKFILL
2025-02-13,QQQ,LONG,8.34,HIGH,531.94,534.17,0.419,RIGHT,2025-02-14,BACKFILL
2025-02-14,BTC,LONG,24.75,HIGH,97508.97,95539.55,-2.02,WRONG,2025-02-18,BACKFILL
2025-02-14,GLD,HELD,10.05,HIGH,266.29,270.7,1.656,RIGHT,2025-02-18,BACKFILL
2025-02-14,QQQ,LONG,8.72,HIGH,534.17,535.38,0.227,RIGHT,2025-02-18,BACKFILL
2025-02-18,BTC,LONG,21.84,HIGH,95539.55,96635.61,1.147,RIGHT,2025-02-19,BACKFILL
2025-02-18,GLD,HELD,11.72,HIGH,270.7,270.85,0.055,RIGHT,2025-02-19,BACKFILL
2025-02-18,QQQ,LONG,8.9,HIGH,535.38,535.53,0.028,RIGHT,2025-02-19,BACKFILL
2025-02-19,BTC,LONG,22.9,HIGH,96635.61,98333.94,1.757,RIGHT,2025-02-20,BACKFILL
2025-02-19,GLD,HELD,11.64,HIGH,270.85,270.99,0.052,RIGHT,2025-02-20,BACKFILL
2025-02-19,QQQ,LONG,8.87,HIGH,535.53,533.26,-0.424,WRONG,2025-02-20,BACKFILL
2025-02-20,BTC,LONG,24.71,HIGH,98333.94,96125.55,-2.246,WRONG,2025-02-21,BACKFILL
2025-02-20,GLD,HELD,11.57,HIGH,270.99,270.74,-0.092,WRONG,2025-02-21,BACKFILL
2025-02-20,QQQ,LONG,8.34,HIGH,533.26,522.19,-2.076,WRONG,2025-02-21,BACKFILL
2025-02-21,BTC,LONG,21.58,HIGH,96125.55,91418.17,-4.897,WRONG,2025-02-24,BACKFILL
2025-02-21,GLD,HELD,11.33,HIGH,270.74,272.21,0.543,RIGHT,2025-02-24,BACKFILL
2025-02-21,QQQ,LONG,6.03,HIGH,522.19,516.03,-1.18,WRONG,2025-02-24,BACKFILL
2025-02-24,BTC,LONG,15.36,HIGH,91418.17,88736.17,-2.934,WRONG,2025-02-25,BACKFILL
2025-02-24,GLD,HELD,11.79,HIGH,272.21,268.62,-1.319,WRONG,2025-02-25,BACKFILL
2025-02-24,QQQ,LONG,4.72,MEDIUM,516.03,509.53,-1.26,WRONG,2025-02-25,BACKFILL
2025-02-25,BTC,LONG,11.77,HIGH,88736.17,84347.02,-4.946,WRONG,2025-02-26,BACKFILL
2025-02-25,GLD,HELD,10.18,HIGH,268.62,269.03,0.153,RIGHT,2025-02-26,BACKFILL
2025-02-25,QQQ,LONG,3.35,MEDIUM,509.53,510.76,0.241,RIGHT,2025-02-26,BACKFILL
2025-02-26,BTC,LONG,6.09,HIGH,84347.02,84704.23,0.424,RIGHT,2025-02-27,BACKFILL
2025-02-26,GLD,HELD,10.2,HIGH,269.03,264.93,-1.524,WRONG,2025-02-27,BACKFILL
2025-02-26,QQQ,LONG,3.55,MEDIUM,510.76,496.57,-2.778,WRONG,2025-02-27,BACKFILL
2025-02-27,BTC,LONG,6.37,HIGH,84704.23,84373.01,-0.391,WRONG,2025-02-28,BACKFILL
2025-02-27,GLD,HELD,8.4,HIGH,264.93,263.27,-0.627,WRONG,2025-02-28,BACKFILL
2025-02-27,QQQ,LONG,0.64,LOW,496.57,504.41,1.579,RIGHT,2025-02-28,BACKFILL
2025-02-28,BTC,LONG,5.79,HIGH,84373.01,86065.67,2.006,RIGHT,2025-03-03,BACKFILL
2025-02-28,GLD,HELD,7.6,HIGH,263.27,266.74,1.318,RIGHT,2025-03-03,BACKFILL
2025-02-28,QQQ,LONG,2.17,MEDIUM,504.41,493.38,-2.187,WRONG,2025-03-03,BACKFILL
2025-03-03,BTC,LONG,7.73,HIGH,86065.67,87222.2,1.344,RIGHT,2025-03-04,BACKFILL
2025-03-03,GLD,HELD,8.87,HIGH,266.74,269.06,0.87,RIGHT,2025-03-04,BACKFILL
2025-03-03,QQQ,FLAT,-0.12,LOW,493.38,491.89,-0.302,RIGHT,2025-03-04,BACKFILL
2025-03-04,BTC,LONG,9.0,HIGH,87222.2,90623.56,3.9,RIGHT,2025-03-05,BACKFILL
2025-03-04,GLD,HELD,9.68,HIGH,269.06,269.62,0.208,RIGHT,2025-03-05,BACKFILL
2025-03-04,QQQ,FLAT,-0.47,LOW,491.89,498.3,1.303,WRONG,2025-03-05,BACKFILL
2025-03-05,BTC,LONG,13.03,HIGH,90623.56,89961.73,-0.73,WRONG,2025-03-06,BACKFILL
2025-03-05,GLD,HELD,9.76,HIGH,269.62,268.25,-0.508,WRONG,2025-03-06,BACKFILL
2025-03-05,QQQ,LONG,0.78,LOW,498.3,484.59,-2.751,WRONG,2025-03-06,BACKFILL
2025-03-06,BTC,LONG,11.98,HIGH,89961.73,86742.67,-3.578,WRONG,2025-03-07,BACKFILL
2025-03-06,GLD,HELD,9.06,HIGH,268.25,268.39,0.052,RIGHT,2025-03-07,BACKFILL
2025-03-06,QQQ,FLAT,-2.04,MEDIUM,484.59,488.16,0.737,WRONG,2025-03-07,BACKFILL
2025-03-07,BTC,LONG,7.78,HIGH,86742.67,78532.0,-9.466,WRONG,2025-03-10,BACKFILL
2025-03-07,GLD,HELD,9.0,HIGH,268.39,266.04,-0.876,WRONG,2025-03-10,BACKFILL
2025-03-07,QQQ,FLAT,-1.34,LOW,488.16,469.24,-3.876,RIGHT,2025-03-10,BACKFILL
2025-03-10,BTC,FLAT,-2.53,MEDIUM,78532.0,82862.21,5.514,WRONG,2025-03-11,BACKFILL
2025-03-10,GLD,HELD,7.92,HIGH,266.04,269.16,1.173,RIGHT,2025-03-11,BACKFILL
2025-03-10,QQQ,FLAT,-5.19,HIGH,469.24,468.11,-0.241,RIGHT,2025-03-11,BACKFILL
2025-03-11,BTC,LONG,2.66,MEDIUM,82862.21,83722.36,1.038,RIGHT,2025-03-12,BACKFILL
2025-03-11,GLD,HELD,9.06,HIGH,269.16,270.33,0.435,RIGHT,2025-03-12,BACKFILL
2025-03-11,QQQ,FLAT,-5.45,HIGH,468.11,473.4,1.13,WRONG,2025-03-12,BACKFILL
2025-03-12,BTC,LONG,3.47,MEDIUM,83722.36,81066.7,-3.172,WRONG,2025-03-13,BACKFILL
2025-03-12,GLD,HELD,9.39,HIGH,270.33,275.13,1.776,RIGHT,2025-03-13,BACKFILL
2025-03-12,QQQ,FLAT,-4.43,MEDIUM,473.4,464.88,-1.8,RIGHT,2025-03-13,BACKFILL
2025-03-13,BTC,FLAT,-0.02,LOW,81066.7,83969.1,3.58,WRONG,2025-03-14,BACKFILL
2025-03-13,GLD,HELD,11.17,HIGH,275.13,275.24,0.04,RIGHT,2025-03-14,BACKFILL
2025-03-13,QQQ,FLAT,-6.19,HIGH,464.88,476.12,2.418,WRONG,2025-03-14,BACKFILL
2025-03-14,BTC,LONG,3.32,MEDIUM,83969.1,84075.69,0.127,RIGHT,2025-03-17,BACKFILL
2025-03-14,GLD,HELD,11.05,HIGH,275.24,276.73,0.541,RIGHT,2025-03-17,BACKFILL
2025-03-14,QQQ,FLAT,-3.98,MEDIUM,476.12,479.2,0.647,WRONG,2025-03-17,BACKFILL
2025-03-17,BTC,LONG,3.26,MEDIUM,84075.69,82718.5,-1.614,WRONG,2025-03-18,BACKFILL
2025-03-17,GLD,HELD,11.5,HIGH,276.73,279.96,1.167,RIGHT,2025-03-18,BACKFILL
2025-03-17,QQQ,FLAT,-3.41,MEDIUM,479.2,471.03,-1.705,RIGHT,2025-03-18,BACKFILL
2025-03-18,BTC,LONG,1.41,LOW,82718.5,86854.23,5.0,RIGHT,2025-03-19,BACKFILL
2025-03-18,GLD,HELD,12.63,HIGH,279.96,281.11,0.411,RIGHT,2025-03-19,BACKFILL
2025-03-18,QQQ,FLAT,-5.08,HIGH,471.03,477.34,1.34,WRONG,2025-03-19,BACKFILL
2025-03-19,BTC,LONG,6.24,HIGH,86854.23,84167.2,-3.094,WRONG,2025-03-20,BACKFILL
2025-03-19,GLD,HELD,12.93,HIGH,281.11,280.75,-0.128,WRONG,2025-03-20,BACKFILL
2025-03-19,QQQ,FLAT,-3.85,MEDIUM,477.34,475.72,-0.339,RIGHT,2025-03-20,BACKFILL
2025-03-20,BTC,LONG,2.76,MEDIUM,84167.2,84043.24,-0.147,WRONG,2025-03-21,BACKFILL
2025-03-20,GLD,HELD,12.63,HIGH,280.75,278.49,-0.805,WRONG,2025-03-21,BACKFILL
2025-03-20,QQQ,FLAT,-4.2,MEDIUM,475.72,477.29,0.33,WRONG,2025-03-21,BACKFILL
2025-03-21,BTC,LONG,2.4,MEDIUM,84043.24,87498.91,4.112,RIGHT,2025-03-24,BACKFILL
2025-03-21,GLD,HELD,11.57,HIGH,278.49,277.25,-0.445,WRONG,2025-03-24,BACKFILL
2025-03-21,QQQ,FLAT,-3.91,MEDIUM,477.29,487.76,2.194,WRONG,2025-03-24,BACKFILL
2025-03-24,BTC,LONG,6.35,HIGH,87498.91,87471.7,-0.031,WRONG,2025-03-25,BACKFILL
2025-03-24,GLD,HELD,10.92,HIGH,277.25,278.47,0.44,RIGHT,2025-03-25,BACKFILL
2025-03-24,QQQ,FLAT,-1.83,LOW,487.76,490.54,0.57,WRONG,2025-03-25,BACKFILL
2025-03-25,BTC,LONG,6.07,HIGH,87471.7,86900.88,-0.653,WRONG,2025-03-26,BACKFILL
2025-03-25,GLD,HELD,11.27,HIGH,278.47,278.24,-0.083,WRONG,2025-03-26,BACKFILL
2025-03-25,QQQ,FLAT,-1.29,LOW,490.54,481.52,-1.839,RIGHT,2025-03-26,BACKFILL
2025-03-26,BTC,LONG,5.14,HIGH,86900.88,87177.1,0.318,RIGHT,2025-03-27,BACKFILL
2025-03-26,GLD,HELD,11.04,HIGH,278.24,281.97,1.341,RIGHT,2025-03-27,BACKFILL
2025-03-26,QQQ,FLAT,-3.12,MEDIUM,481.52,478.77,-0.571,RIGHT,2025-03-27,BACKFILL
2025-03-27,BTC,LONG,5.24,HIGH,87177.1,84353.15,-3.239,WRONG,2025-03-28,BACKFILL
2025-03-27,GLD,HELD,12.38,HIGH,281.97,284.06,0.741,RIGHT,2025-03-28,BACKFILL
2025-03-27,QQQ,FLAT,-3.67,MEDIUM,478.77,466.17,-2.632,RIGHT,2025-03-28,BACKFILL
2025-03-28,BTC,LONG,1.64,LOW,84353.15,82548.91,-2.139,WRONG,2025-03-31,BACKFILL
2025-03-28,GLD,HELD,13.06,HIGH,284.06,288.14,1.436,RIGHT,2025-03-31,BACKFILL
2025-03-28,QQQ,FLAT,-6.19,HIGH,466.17,466.15,-0.004,RIGHT,2025-03-31,BACKFILL
2025-03-31,BTC,FLAT,-0.71,LOW,82548.91,85169.17,3.174,WRONG,2025-04-01,BACKFILL
2025-03-31,GLD,HELD,14.5,HIGH,288.14,287.57,-0.198,WRONG,2025-04-01,BACKFILL
2025-03-31,QQQ,FLAT,-6.19,HIGH,466.15,469.91,0.807,WRONG,2025-04-01,BACKFILL
2025-04-01,BTC,LONG,2.27,MEDIUM,85169.17,82485.71,-3.151,WRONG,2025-04-02,BACKFILL
2025-04-01,GLD,HELD,14.11,HIGH,287.57,288.16,0.205,RIGHT,2025-04-02,BACKFILL
2025-04-01,QQQ,FLAT,-5.43,HIGH,469.91,473.34,0.73,WRONG,2025-04-02,BACKFILL
2025-04-02,BTC,FLAT,-1.11,LOW,82485.71,83102.83,0.748,WRONG,2025-04-03,BACKFILL
2025-04-02,GLD,HELD,14.18,HIGH,288.16,286.42,-0.604,WRONG,2025-04-03,BACKFILL
2025-04-02,QQQ,FLAT,-4.74,MEDIUM,473.34,448.0,-5.353,RIGHT,2025-04-03,BACKFILL
2025-04-03,BTC,FLAT,-0.56,LOW,83102.83,83843.8,0.892,WRONG,2025-04-04,BACKFILL
2025-04-03,GLD,HELD,13.33,HIGH,286.42,279.72,-2.339,WRONG,2025-04-04,BACKFILL
2025-04-03,QQQ,FLAT,-9.82,HIGH,448.0,420.17,-6.212,RIGHT,2025-04-04,BACKFILL
2025-04-04,BTC,LONG,0.13,LOW,83843.8,79235.34,-5.496,WRONG,2025-04-07,BACKFILL
2025-04-04,GLD,HELD,10.54,HIGH,279.72,273.71,-2.149,WRONG,2025-04-07,BACKFILL
2025-04-04,QQQ,FLAT,-15.36,HIGH,420.17,421.19,0.243,WRONG,2025-04-07,BACKFILL
2025-04-07,BTC,FLAT,-5.52,HIGH,79235.34,76271.95,-3.74,RIGHT,2025-04-08,BACKFILL
2025-04-07,GLD,HELD,8.05,HIGH,273.71,275.2,0.544,RIGHT,2025-04-08,BACKFILL
2025-04-07,QQQ,FLAT,-15.11,HIGH,421.19,413.6,-1.802,RIGHT,2025-04-08,BACKFILL
2025-04-08,BTC,FLAT,-9.18,HIGH,76271.95,82573.95,8.263,WRONG,2025-04-09,BACKFILL
2025-04-08,GLD,HELD,8.51,HIGH,275.2,285.38,3.699,RIGHT,2025-04-09,BACKFILL
2025-04-08,QQQ,FLAT,-16.57,HIGH,413.6,463.25,12.004,WRONG,2025-04-09,BACKFILL
2025-04-09,BTC,FLAT,-1.87,LOW,82573.95,79626.14,-3.57,RIGHT,2025-04-10,BACKFILL
2025-04-09,GLD,HELD,12.36,HIGH,285.38,292.35,2.442,RIGHT,2025-04-10,BACKFILL
2025-04-09,QQQ,FLAT,-6.57,HIGH,463.25,443.54,-4.255,RIGHT,2025-04-10,BACKFILL
2025-04-10,BTC,FLAT,-5.54,HIGH,79626.14,83404.84,4.746,WRONG,2025-04-11,BACKFILL
2025-04-10,GLD,HELD,14.92,HIGH,292.35,297.93,1.909,RIGHT,2025-04-11,BACKFILL
2025-04-10,QQQ,FLAT,-10.53,HIGH,443.54,451.71,1.842,WRONG,2025-04-11,BACKFILL
2025-04-11,BTC,FLAT,-1.27,LOW,83404.84,84542.39,1.364,WRONG,2025-04-14,BACKFILL
2025-04-11,GLD,HELD,16.91,HIGH,297.93,296.23,-0.571,WRONG,2025-04-14,BACKFILL
2025-04-11,QQQ,FLAT,-8.87,HIGH,451.71,454.78,0.68,WRONG,2025-04-14,BACKFILL
2025-04-14,BTC,FLAT,-0.16,LOW,84542.39,83668.99,-1.033,RIGHT,2025-04-15,BACKFILL
2025-04-14,GLD,HELD,16.04,HIGH,296.23,297.78,0.523,RIGHT,2025-04-15,BACKFILL
2025-04-14,QQQ,FLAT,-8.27,HIGH,454.78,455.28,0.11,WRONG,2025-04-15,BACKFILL
2025-04-15,BTC,FLAT,-1.4,LOW,83668.99,84033.87,0.436,WRONG,2025-04-16,BACKFILL
2025-04-15,GLD,HELD,16.45,HIGH,297.78,307.47,3.254,RIGHT,2025-04-16,BACKFILL
2025-04-15,QQQ,FLAT,-8.17,HIGH,455.28,441.56,-3.014,RIGHT,2025-04-16,BACKFILL
2025-04-16,BTC,FLAT,-1.17,LOW,84033.87,84895.75,1.026,WRONG,2025-04-17,BACKFILL
2025-04-16,GLD,HELD,20.01,HIGH,307.47,306.12,-0.439,WRONG,2025-04-17,BACKFILL
2025-04-16,QQQ,FLAT,-10.93,HIGH,441.56,441.48,-0.018,RIGHT,2025-04-17,BACKFILL
2025-04-17,BTC,FLAT,-0.37,LOW,84895.75,87518.91,3.09,WRONG,2025-04-21,BACKFILL
2025-04-17,GLD,HELD,19.25,HIGH,306.12,315.59,3.094,RIGHT,2025-04-21,BACKFILL
2025-04-17,QQQ,FLAT,-10.92,HIGH,441.48,430.55,-2.476,RIGHT,2025-04-21,BACKFILL
2025-04-21,BTC,LONG,2.47,MEDIUM,87518.91,93441.89,6.768,RIGHT,2025-04-22,BACKFILL
2025-04-21,GLD,HELD,22.69,HIGH,315.59,311.11,-1.42,WRONG,2025-04-22,BACKFILL
2025-04-21,QQQ,FLAT,-13.08,HIGH,430.55,441.85,2.625,WRONG,2025-04-22,BACKFILL
2025-04-22,BTC,LONG,9.12,HIGH,93441.89,93699.11,0.275,RIGHT,2025-04-23,BACKFILL
2025-04-22,GLD,HELD,20.72,HIGH,311.11,303.65,-2.398,WRONG,2025-04-23,BACKFILL
2025-04-22,QQQ,FLAT,-10.76,HIGH,441.85,451.87,2.268,WRONG,2025-04-23,BACKFILL
2025-04-23,BTC,LONG,9.12,HIGH,93699.11,93943.8,0.261,RIGHT,2025-04-24,BACKFILL
2025-04-23,GLD,HELD,17.63,HIGH,303.65,308.07,1.456,RIGHT,2025-04-24,BACKFILL
2025-04-23,QQQ,FLAT,-8.72,HIGH,451.87,464.59,2.815,WRONG,2025-04-24,BACKFILL
2025-04-24,BTC,LONG,9.12,HIGH,93943.8,94720.5,0.827,RIGHT,2025-04-25,BACKFILL
2025-04-24,GLD,HELD,19.12,HIGH,308.07,304.73,-1.084,WRONG,2025-04-25,BACKFILL
2025-04-24,QQQ,FLAT,-6.14,HIGH,464.59,469.77,1.115,WRONG,2025-04-25,BACKFILL
2025-04-25,BTC,LONG,9.74,HIGH,94720.5,94978.75,0.273,RIGHT,2025-04-28,BACKFILL
2025-04-25,GLD,HELD,17.62,HIGH,304.73,309.07,1.424,RIGHT,2025-04-28,BACKFILL
2025-04-25,QQQ,FLAT,-5.1,HIGH,469.77,469.62,-0.032,RIGHT,2025-04-28,BACKFILL
2025-04-28,BTC,LONG,9.77,HIGH,94978.75,94284.79,-0.731,WRONG,2025-04-29,BACKFILL
2025-04-28,GLD,HELD,19.08,HIGH,309.07,306.06,-0.974,WRONG,2025-04-29,BACKFILL
2025-04-28,QQQ,FLAT,-5.12,HIGH,469.62,472.72,0.66,WRONG,2025-04-29,BACKFILL
2025-04-29,BTC,LONG,8.71,HIGH,94284.79,94207.31,-0.082,WRONG,2025-04-30,BACKFILL
2025-04-29,GLD,HELD,17.73,HIGH,306.06,303.77,-0.748,WRONG,2025-04-30,BACKFILL
2025-04-29,QQQ,FLAT,-4.49,MEDIUM,472.72,472.66,-0.013,RIGHT,2025-04-30,BACKFILL
2025-04-30,BTC,LONG,8.36,HIGH,94207.31,96492.34,2.426,RIGHT,2025-05-01,BACKFILL
2025-04-30,GLD,HELD,16.66,HIGH,303.77,297.46,-2.077,WRONG,2025-05-01,BACKFILL
2025-04-30,QQQ,FLAT,-4.49,MEDIUM,472.66,478.83,1.305,WRONG,2025-05-01,BACKFILL
2025-05-01,BTC,LONG,10.72,HIGH,96492.34,96910.07,0.433,RIGHT,2025-05-02,BACKFILL
2025-05-01,GLD,HELD,14.09,HIGH,297.46,297.98,0.175,RIGHT,2025-05-02,BACKFILL
2025-05-01,QQQ,FLAT,-3.24,MEDIUM,478.83,485.94,1.485,WRONG,2025-05-02,BACKFILL
2025-05-02,BTC,LONG,10.91,HIGH,96910.07,94748.05,-2.231,WRONG,2025-05-05,BACKFILL
2025-05-02,GLD,HELD,14.14,HIGH,297.98,306.88,2.987,RIGHT,2025-05-05,BACKFILL
2025-05-02,QQQ,FLAT,-1.81,LOW,485.94,483.06,-0.593,RIGHT,2025-05-05,BACKFILL
2025-05-05,BTC,LONG,8.19,HIGH,94748.05,96802.48,2.168,RIGHT,2025-05-06,BACKFILL
2025-05-05,GLD,HELD,17.37,HIGH,306.88,315.48,2.802,RIGHT,2025-05-06,BACKFILL
2025-05-05,QQQ,FLAT,-2.39,MEDIUM,483.06,478.57,-0.929,RIGHT,2025-05-06,BACKFILL
2025-05-06,BTC,LONG,10.28,HIGH,96802.48,97032.32,0.237,RIGHT,2025-05-07,BACKFILL
2025-05-06,GLD,HELD,20.44,HIGH,315.48,310.75,-1.499,WRONG,2025-05-07,BACKFILL
2025-05-06,QQQ,FLAT,-3.29,MEDIUM,478.57,480.44,0.391,WRONG,2025-05-07,BACKFILL
2025-05-07,BTC,LONG,10.26,HIGH,97032.32,103241.46,6.399,RIGHT,2025-05-08,BACKFILL
2025-05-07,GLD,HELD,18.43,HIGH,310.75,304.63,-1.969,WRONG,2025-05-08,BACKFILL
2025-05-07,QQQ,FLAT,-2.91,MEDIUM,480.44,485.4,1.032,WRONG,2025-05-08,BACKFILL
2025-05-08,BTC,LONG,16.94,HIGH,103241.46,102970.85,-0.262,WRONG,2025-05-09,BACKFILL
2025-05-08,GLD,HELD,15.92,HIGH,304.63,306.84,0.725,RIGHT,2025-05-09,BACKFILL
2025-05-08,QQQ,FLAT,-1.92,LOW,485.4,485.09,-0.064,RIGHT,2025-05-09,BACKFILL
2025-05-09,BTC,LONG,16.26,HIGH,102970.85,102812.95,-0.153,WRONG,2025-05-12,BACKFILL
2025-05-09,GLD,HELD,16.58,HIGH,306.84,298.19,-2.819,WRONG,2025-05-12,BACKFILL
2025-05-09,QQQ,FLAT,-1.99,LOW,485.09,504.85,4.073,WRONG,2025-05-12,BACKFILL
2025-05-12,BTC,LONG,15.71,HIGH,102812.95,104169.81,1.32,RIGHT,2025-05-13,BACKFILL
2025-05-12,GLD,HELD,13.15,HIGH,298.19,299.46,0.426,RIGHT,2025-05-13,BACKFILL
2025-05-12,QQQ,LONG,1.96,LOW,504.85,512.54,1.523,RIGHT,2025-05-13,BACKFILL
2025-05-13,BTC,LONG,16.87,HIGH,104169.81,103539.41,-0.605,WRONG,2025-05-14,BACKFILL
2025-05-13,GLD,HELD,13.47,HIGH,299.46,293.16,-2.104,WRONG,2025-05-14,BACKFILL
2025-05-13,QQQ,LONG,3.47,MEDIUM,512.54,515.61,0.599,RIGHT,2025-05-14,BACKFILL
2025-05-14,BTC,LONG,15.81,HIGH,103539.41,103744.64,0.198,RIGHT,2025-05-15,BACKFILL
2025-05-14,GLD,HELD,10.95,HIGH,293.16,297.84,1.596,RIGHT,2025-05-15,BACKFILL
2025-05-14,QQQ,LONG,4.04,MEDIUM,515.61,516.18,0.111,RIGHT,2025-05-15,BACKFILL
2025-05-15,BTC,LONG,15.68,HIGH,103744.64,103489.29,-0.246,WRONG,2025-05-16,BACKFILL
2025-05-15,GLD,HELD,12.56,HIGH,297.84,294.24,-1.209,WRONG,2025-05-16,BACKFILL
2025-05-15,QQQ,LONG,4.11,MEDIUM,516.18,518.43,0.436,RIGHT,2025-05-16,BACKFILL
2025-05-16,BTC,LONG,15.02,HIGH,103489.29,105606.18,2.046,RIGHT,2025-05-19,BACKFILL
2025-05-16,GLD,HELD,11.05,HIGH,294.24,298.03,1.288,RIGHT,2025-05-19,BACKFILL
2025-05-16,QQQ,LONG,4.52,MEDIUM,518.43,518.93,0.096,RIGHT,2025-05-19,BACKFILL
2025-05-19,BTC,LONG,16.98,HIGH,105606.18,106791.09,1.122,RIGHT,2025-05-20,BACKFILL
2025-05-19,GLD,HELD,12.33,HIGH,298.03,303.58,1.862,RIGHT,2025-05-20,BACKFILL
2025-05-19,QQQ,LONG,4.58,MEDIUM,518.93,517.2,-0.333,WRONG,2025-05-20,BACKFILL
2025-05-20,BTC,LONG,17.91,HIGH,106791.09,109678.08,2.703,RIGHT,2025-05-21,BACKFILL
2025-05-20,GLD,HELD,14.25,HIGH,303.58,305.82,0.738,RIGHT,2025-05-21,BACKFILL
2025-05-20,QQQ,LONG,4.19,MEDIUM,517.2,510.01,-1.39,WRONG,2025-05-21,BACKFILL
2025-05-21,BTC,LONG,20.71,HIGH,109678.08,111673.28,1.819,RIGHT,2025-05-22,BACKFILL
2025-05-21,GLD,HELD,14.92,HIGH,305.82,303.11,-0.886,WRONG,2025-05-22,BACKFILL
2025-05-21,QQQ,LONG,2.72,MEDIUM,510.01,510.96,0.186,RIGHT,2025-05-22,BACKFILL
2025-05-22,BTC,LONG,22.51,HIGH,111673.28,107287.8,-3.927,WRONG,2025-05-23,BACKFILL
2025-05-22,GLD,HELD,13.74,HIGH,303.11,309.75,2.191,RIGHT,2025-05-23,BACKFILL
2025-05-22,QQQ,LONG,2.88,MEDIUM,510.96,506.23,-0.926,WRONG,2025-05-23,BACKFILL
2025-05-23,BTC,LONG,17.35,HIGH,107287.8,108994.64,1.591,RIGHT,2025-05-27,BACKFILL
2025-05-23,GLD,HELD,16.05,HIGH,309.75,304.5,-1.695,WRONG,2025-05-27,BACKFILL
2025-05-23,QQQ,LONG,1.9,LOW,506.23,518.14,2.353,RIGHT,2025-05-27,BACKFILL
2025-05-27,BTC,LONG,18.86,HIGH,108994.64,107802.33,-1.094,WRONG,2025-05-28,BACKFILL
2025-05-27,GLD,HELD,13.92,HIGH,304.5,303.81,-0.227,WRONG,2025-05-28,BACKFILL
2025-05-27,QQQ,LONG,4.25,MEDIUM,518.14,515.84,-0.444,WRONG,2025-05-28,BACKFILL
2025-05-28,BTC,LONG,17.23,HIGH,107802.33,105641.76,-2.004,WRONG,2025-05-29,BACKFILL
2025-05-28,GLD,HELD,13.51,HIGH,303.81,305.61,0.592,RIGHT,2025-05-29,BACKFILL
2025-05-28,QQQ,LONG,3.75,MEDIUM,515.84,516.86,0.198,RIGHT,2025-05-29,BACKFILL
2025-05-29,BTC,LONG,14.56,HIGH,105641.76,103998.57,-1.555,WRONG,2025-05-30,BACKFILL
2025-05-29,GLD,HELD,14.03,HIGH,305.61,303.6,-0.658,WRONG,2025-05-30,BACKFILL
2025-05-29,QQQ,LONG,3.92,MEDIUM,516.86,516.04,-0.159,WRONG,2025-05-30,BACKFILL
2025-05-30,BTC,LONG,12.48,HIGH,103998.57,105881.53,1.811,RIGHT,2025-06-02,BACKFILL
2025-05-30,GLD,HELD,13.14,HIGH,303.6,311.67,2.658,RIGHT,2025-06-02,BACKFILL
2025-05-30,QQQ,LONG,3.73,MEDIUM,516.04,520.12,0.791,RIGHT,2025-06-02,BACKFILL
2025-06-02,BTC,LONG,14.19,HIGH,105881.53,105432.47,-0.424,WRONG,2025-06-03,BACKFILL
2025-06-02,GLD,HELD,15.97,HIGH,311.67,308.91,-0.886,WRONG,2025-06-03,BACKFILL
2025-06-02,QQQ,LONG,4.49,MEDIUM,520.12,524.18,0.781,RIGHT,2025-06-03,BACKFILL
2025-06-03,BTC,LONG,13.4,HIGH,105432.47,104731.98,-0.664,WRONG,2025-06-04,BACKFILL
2025-06-03,GLD,HELD,14.79,HIGH,308.91,310.9,0.644,RIGHT,2025-06-04,BACKFILL
2025-06-03,QQQ,LONG,5.26,HIGH,524.18,525.65,0.28,RIGHT,2025-06-04,BACKFILL
2025-06-04,BTC,LONG,12.34,HIGH,104731.98,101575.95,-3.013,WRONG,2025-06-05,BACKFILL
2025-06-04,GLD,HELD,15.36,HIGH,310.9,309.33,-0.505,WRONG,2025-06-05,BACKFILL
2025-06-04,QQQ,LONG,5.51,HIGH,525.65,521.69,-0.753,WRONG,2025-06-05,BACKFILL
2025-06-05,BTC,LONG,8.71,HIGH,101575.95,104390.34,2.771,RIGHT,2025-06-06,BACKFILL
2025-06-05,GLD,HELD,14.62,HIGH,309.33,305.18,-1.342,WRONG,2025-06-06,BACKFILL
2025-06-05,QQQ,LONG,4.67,MEDIUM,521.69,526.79,0.978,RIGHT,2025-06-06,BACKFILL
2025-06-06,BTC,LONG,11.47,HIGH,104390.34,110294.1,5.655,RIGHT,2025-06-09,BACKFILL
2025-06-06,GLD,HELD,12.95,HIGH,305.18,306.62,0.472,RIGHT,2025-06-09,BACKFILL
2025-06-06,QQQ,LONG,5.65,HIGH,526.79,527.56,0.146,RIGHT,2025-06-09,BACKFILL
2025-06-09,BTC,LONG,17.46,HIGH,110294.1,110257.23,-0.033,WRONG,2025-06-10,BACKFILL
2025-06-09,GLD,HELD,13.34,HIGH,306.62,306.71,0.029,RIGHT,2025-06-10,BACKFILL
2025-06-09,QQQ,LONG,5.75,HIGH,527.56,531.05,0.662,RIGHT,2025-06-10,BACKFILL
2025-06-10,BTC,LONG,17.08,HIGH,110257.23,108686.62,-1.424,WRONG,2025-06-11,BACKFILL
2025-06-10,GLD,HELD,13.23,HIGH,306.71,308.37,0.541,RIGHT,2025-06-11,BACKFILL
2025-06-10,QQQ,LONG,6.38,HIGH,531.05,529.26,-0.337,WRONG,2025-06-11,BACKFILL
2025-06-11,BTC,LONG,15.1,HIGH,108686.62,105929.05,-2.537,WRONG,2025-06-12,BACKFILL
2025-06-11,GLD,HELD,13.68,HIGH,308.37,312.2,1.242,RIGHT,2025-06-12,BACKFILL
2025-06-11,QQQ,LONG,5.95,HIGH,529.26,530.51,0.236,RIGHT,2025-06-12,BACKFILL
2025-06-12,BTC,LONG,11.88,HIGH,105929.05,106090.97,0.153,RIGHT,2025-06-13,BACKFILL
2025-06-12,GLD,HELD,14.93,HIGH,312.2,316.29,1.31,RIGHT,2025-06-13,BACKFILL
2025-06-12,QQQ,LONG,6.13,HIGH,530.51,523.85,-1.255,WRONG,2025-06-13,BACKFILL
2025-06-13,BTC,LONG,11.76,HIGH,106090.97,106796.76,0.665,RIGHT,2025-06-16,BACKFILL
2025-06-13,GLD,HELD,16.25,HIGH,316.29,311.78,-1.426,WRONG,2025-06-16,BACKFILL
2025-06-13,QQQ,LONG,4.75,MEDIUM,523.85,531.13,1.39,RIGHT,2025-06-16,BACKFILL
2025-06-16,BTC,LONG,12.26,HIGH,106796.76,104601.12,-2.056,WRONG,2025-06-17,BACKFILL
2025-06-16,GLD,HELD,14.41,HIGH,311.78,311.94,0.051,RIGHT,2025-06-17,BACKFILL
2025-06-16,QQQ,LONG,6.16,HIGH,531.13,525.95,-0.975,WRONG,2025-06-17,BACKFILL
2025-06-17,BTC,LONG,9.73,HIGH,104601.12,104883.33,0.27,RIGHT,2025-06-18,BACKFILL
2025-06-17,GLD,HELD,14.3,HIGH,311.94,310.26,-0.539,WRONG,2025-06-18,BACKFILL
2025-06-17,QQQ,LONG,5.1,HIGH,525.95,525.86,-0.017,WRONG,2025-06-18,BACKFILL
2025-06-18,BTC,LONG,9.81,HIGH,104883.33,103309.6,-1.5,WRONG,2025-06-20,BACKFILL
2025-06-18,GLD,HELD,13.51,HIGH,310.26,310.13,-0.042,WRONG,2025-06-20,BACKFILL
2025-06-18,QQQ,LONG,5.06,HIGH,525.86,523.72,-0.407,WRONG,2025-06-20,BACKFILL
2025-06-20,BTC,LONG,8.05,HIGH,103309.6,105577.77,2.196,RIGHT,2025-06-23,BACKFILL
2025-06-20,GLD,HELD,13.27,HIGH,310.13,311.08,0.306,RIGHT,2025-06-23,BACKFILL
2025-06-20,QQQ,LONG,4.62,MEDIUM,523.72,529.1,1.027,RIGHT,2025-06-23,BACKFILL
2025-06-23,BTC,LONG,10.28,HIGH,105577.77,106045.63,0.443,RIGHT,2025-06-24,BACKFILL
2025-06-23,GLD,HELD,13.42,HIGH,311.08,306.19,-1.572,WRONG,2025-06-24,BACKFILL
2025-06-23,QQQ,LONG,5.66,HIGH,529.1,537.19,1.529,RIGHT,2025-06-24,BACKFILL
2025-06-24,BTC,LONG,10.65,HIGH,106045.63,107361.26,1.241,RIGHT,2025-06-25,BACKFILL
2025-06-24,GLD,HELD,11.45,HIGH,306.19,307.12,0.304,RIGHT,2025-06-25,BACKFILL
2025-06-24,QQQ,LONG,7.24,HIGH,537.19,538.57,0.257,RIGHT,2025-06-25,BACKFILL
2025-06-25,BTC,LONG,11.87,HIGH,107361.26,106960.0,-0.374,WRONG,2025-06-26,BACKFILL
2025-06-25,GLD,HELD,11.6,HIGH,307.12,306.78,-0.111,WRONG,2025-06-26,BACKFILL
2025-06-25,QQQ,LONG,7.46,HIGH,538.57,543.6,0.934,RIGHT,2025-06-26,BACKFILL
2025-06-26,BTC,LONG,11.33,HIGH,106960.0,107088.43,0.12,RIGHT,2025-06-27,BACKFILL
2025-06-26,GLD,HELD,11.29,HIGH,306.78,301.22,-1.812,WRONG,2025-06-27,BACKFILL
2025-06-26,QQQ,LONG,8.39,HIGH,543.6,545.46,0.342,RIGHT,2025-06-27,BACKFILL
2025-06-27,BTC,LONG,11.34,HIGH,107088.43,107135.34,0.044,RIGHT,2025-06-30,BACKFILL
2025-06-27,GLD,HELD,9.11,HIGH,301.22,304.83,1.198,RIGHT,2025-06-30,BACKFILL
2025-06-27,QQQ,LONG,8.69,HIGH,545.46,549.0,0.649,RIGHT,2025-06-30,BACKFILL
2025-06-30,BTC,LONG,11.27,HIGH,107135.34,105698.28,-1.341,WRONG,2025-07-01,BACKFILL
2025-06-30,GLD,HELD,10.26,HIGH,304.83,307.55,0.892,RIGHT,2025-07-01,BACKFILL
2025-06-30,QQQ,LONG,9.32,HIGH,549.0,544.37,-0.843,WRONG,2025-07-01,BACKFILL
2025-07-01,BTC,LONG,9.69,HIGH,105698.28,108859.32,2.991,RIGHT,2025-07-02,BACKFILL
2025-07-01,GLD,HELD,11.07,HIGH,307.55,309.25,0.553,RIGHT,2025-07-02,BACKFILL
2025-07-01,QQQ,LONG,8.33,HIGH,544.37,548.16,0.696,RIGHT,2025-07-02,BACKFILL
2025-07-02,BTC,LONG,12.89,HIGH,108859.32,109647.98,0.724,RIGHT,2025-07-03,BACKFILL
2025-07-02,GLD,HELD,11.52,HIGH,309.25,307.14,-0.682,WRONG,2025-07-03,BACKFILL
2025-07-02,QQQ,LONG,9.02,HIGH,548.16,553.55,0.983,RIGHT,2025-07-03,BACKFILL
2025-07-03,BTC,LONG,13.63,HIGH,109647.98,108299.85,-1.23,WRONG,2025-07-07,BACKFILL
2025-07-03,GLD,HELD,10.61,HIGH,307.14,307.37,0.075,RIGHT,2025-07-07,BACKFILL
2025-07-03,QQQ,LONG,10.02,HIGH,553.55,549.38,-0.753,WRONG,2025-07-07,BACKFILL
2025-07-07,BTC,LONG,12.11,HIGH,108299.85,108950.27,0.601,RIGHT,2025-07-08,BACKFILL
2025-07-07,GLD,HELD,10.52,HIGH,307.37,304.16,-1.044,WRONG,2025-07-08,BACKFILL
2025-07-07,QQQ,LONG,9.12,HIGH,549.38,549.69,0.056,RIGHT,2025-07-08,BACKFILL
2025-07-08,BTC,LONG,12.65,HIGH,108950.27,111326.55,2.181,RIGHT,2025-07-09,BACKFILL
2025-07-08,GLD,HELD,9.2,HIGH,304.16,305.52,0.447,RIGHT,2025-07-09,BACKFILL
2025-07-08,QQQ,LONG,9.11,HIGH,549.69,553.58,0.708,RIGHT,2025-07-09,BACKFILL
2025-07-09,BTC,LONG,14.99,HIGH,111326.55,115987.2,4.186,RIGHT,2025-07-10,BACKFILL
2025-07-09,GLD,HELD,9.53,HIGH,305.52,306.2,0.223,RIGHT,2025-07-10,BACKFILL
2025-07-09,QQQ,LONG,9.81,HIGH,553.58,552.79,-0.143,WRONG,2025-07-10,BACKFILL
2025-07-10,BTC,LONG,19.65,HIGH,115987.2,117516.99,1.319,RIGHT,2025-07-11,BACKFILL
2025-07-10,GLD,HELD,9.61,HIGH,306.2,309.14,0.96,RIGHT,2025-07-11,BACKFILL
2025-07-10,QQQ,LONG,9.58,HIGH,552.79,551.54,-0.226,WRONG,2025-07-11,BACKFILL
2025-07-11,BTC,LONG,21.05,HIGH,117516.99,119849.7,1.985,RIGHT,2025-07-14,BACKFILL
2025-07-11,GLD,HELD,10.49,HIGH,309.14,308.01,-0.366,WRONG,2025-07-14,BACKFILL
2025-07-11,QQQ,LONG,9.28,HIGH,551.54,553.54,0.363,RIGHT,2025-07-14,BACKFILL
2025-07-14,BTC,LONG,23.25,HIGH,119849.7,117777.19,-1.729,WRONG,2025-07-15,BACKFILL
2025-07-14,GLD,HELD,9.92,HIGH,308.01,306.73,-0.416,WRONG,2025-07-15,BACKFILL
2025-07-14,QQQ,LONG,9.61,HIGH,553.54,554.05,0.092,RIGHT,2025-07-15,BACKFILL
2025-07-15,BTC,LONG,20.96,HIGH,117777.19,118738.51,0.816,RIGHT,2025-07-16,BACKFILL
2025-07-15,GLD,HELD,9.3,HIGH,306.73,308.26,0.499,RIGHT,2025-07-16,BACKFILL
2025-07-15,QQQ,LONG,9.66,HIGH,554.05,554.62,0.103,RIGHT,2025-07-16,BACKFILL
2025-07-16,BTC,LONG,21.76,HIGH,118738.51,119289.84,0.464,RIGHT,2025-07-17,BACKFILL
2025-07-16,GLD,HELD,9.68,HIGH,308.26,307.59,-0.217,WRONG,2025-07-17,BACKFILL
2025-07-16,QQQ,LONG,9.72,HIGH,554.62,559.11,0.81,RIGHT,2025-07-17,BACKFILL
2025-07-17,BTC,LONG,22.16,HIGH,119289.84,118003.23,-1.079,WRONG,2025-07-18,BACKFILL
2025-07-17,GLD,HELD,9.27,HIGH,307.59,308.39,0.26,RIGHT,2025-07-18,BACKFILL
2025-07-17,QQQ,LONG,10.56,HIGH,559.11,558.57,-0.097,WRONG,2025-07-18,BACKFILL
2025-07-18,BTC,LONG,20.68,HIGH,118003.23,117439.54,-0.478,WRONG,2025-07-21,BACKFILL
2025-07-18,GLD,HELD,9.39,HIGH,308.39,313.13,1.537,RIGHT,2025-07-21,BACKFILL
2025-07-18,QQQ,LONG,10.39,HIGH,558.57,561.47,0.519,RIGHT,2025-07-21,BACKFILL
2025-07-21,BTC,LONG,19.93,HIGH,117439.54,119995.41,2.176,RIGHT,2025-07-22,BACKFILL
2025-07-21,GLD,HELD,10.9,HIGH,313.13,316.1,0.948,RIGHT,2025-07-22,BACKFILL
2025-07-21,QQQ,LONG,10.9,HIGH,561.47,558.56,-0.518,WRONG,2025-07-22,BACKFILL
2025-07-22,BTC,LONG,22.38,HIGH,119995.41,118754.96,-1.034,WRONG,2025-07-23,BACKFILL
2025-07-22,GLD,HELD,11.78,HIGH,316.1,312.18,-1.24,WRONG,2025-07-23,BACKFILL
2025-07-22,QQQ,LONG,10.27,HIGH,558.56,561.11,0.457,RIGHT,2025-07-23,BACKFILL
2025-07-23,BTC,LONG,20.97,HIGH,118754.96,118368.0,-0.326,WRONG,2025-07-24,BACKFILL
2025-07-23,GLD,HELD,10.23,HIGH,312.18,310.27,-0.612,WRONG,2025-07-24,BACKFILL
2025-07-23,QQQ,LONG,10.72,HIGH,561.11,562.3,0.212,RIGHT,2025-07-24,BACKFILL
2025-07-24,BTC,LONG,20.43,HIGH,118368.0,117635.88,-0.619,WRONG,2025-07-25,BACKFILL
2025-07-24,GLD,HELD,9.38,HIGH,310.27,307.4,-0.925,WRONG,2025-07-25,BACKFILL
2025-07-24,QQQ,LONG,10.9,HIGH,562.3,563.66,0.242,RIGHT,2025-07-25,BACKFILL
2025-07-25,BTC,LONG,19.59,HIGH,117635.88,117924.48,0.245,RIGHT,2025-07-28,BACKFILL
2025-07-25,GLD,HELD,8.21,HIGH,307.4,305.41,-0.647,WRONG,2025-07-28,BACKFILL
2025-07-25,QQQ,LONG,11.12,HIGH,563.66,565.42,0.312,RIGHT,2025-07-28,BACKFILL
2025-07-28,BTC,LONG,19.79,HIGH,117924.48,117922.15,-0.002,WRONG,2025-07-29,BACKFILL
2025-07-28,GLD,HELD,7.36,HIGH,305.41,306.25,0.275,RIGHT,2025-07-29,BACKFILL
2025-07-28,QQQ,LONG,11.42,HIGH,565.42,564.54,-0.156,WRONG,2025-07-29,BACKFILL
2025-07-29,BTC,LONG,19.64,HIGH,117922.15,117831.19,-0.077,WRONG,2025-07-30,BACKFILL
2025-07-29,GLD,HELD,7.48,HIGH,306.25,300.96,-1.727,WRONG,2025-07-30,BACKFILL
2025-07-29,QQQ,LONG,11.17,HIGH,564.54,565.3,0.135,RIGHT,2025-07-30,BACKFILL
2025-07-30,BTC,LONG,19.39,HIGH,117831.19,115758.2,-1.759,WRONG,2025-07-31,BACKFILL
2025-07-30,GLD,HELD,5.48,HIGH,300.96,302.96,0.665,RIGHT,2025-07-31,BACKFILL
2025-07-30,QQQ,LONG,11.24,HIGH,565.3,562.3,-0.531,WRONG,2025-07-31,BACKFILL
2025-07-31,BTC,LONG,17.14,HIGH,115758.2,113320.09,-2.106,WRONG,2025-08-01,BACKFILL
2025-07-31,GLD,HELD,6.03,HIGH,302.96,309.11,2.03,RIGHT,2025-08-01,BACKFILL
2025-07-31,QQQ,LONG,10.58,HIGH,562.3,551.23,-1.969,WRONG,2025-08-01,BACKFILL
2025-08-01,BTC,LONG,14.53,HIGH,113320.09,115071.88,1.546,RIGHT,2025-08-04,BACKFILL
2025-08-01,GLD,HELD,8.01,HIGH,309.11,310.91,0.582,RIGHT,2025-08-04,BACKFILL
2025-08-01,QQQ,LONG,8.36,HIGH,551.23,561.4,1.845,RIGHT,2025-08-04,BACKFILL
2025-08-04,BTC,LONG,16.18,HIGH,115071.88,114141.45,-0.809,WRONG,2025-08-05,BACKFILL
2025-08-04,GLD,HELD,8.46,HIGH,310.91,311.16,0.08,RIGHT,2025-08-05,BACKFILL
2025-08-04,QQQ,LONG,10.3,HIGH,561.4,557.58,-0.68,WRONG,2025-08-05,BACKFILL
2025-08-05,BTC,LONG,15.09,HIGH,114141.45,115028.0,0.777,RIGHT,2025-08-06,BACKFILL
2025-08-05,GLD,HELD,8.38,HIGH,311.16,310.5,-0.212,WRONG,2025-08-06,BACKFILL
2025-08-05,QQQ,LONG,9.51,HIGH,557.58,564.6,1.259,RIGHT,2025-08-06,BACKFILL
2025-08-06,BTC,LONG,15.83,HIGH,115028.0,117496.9,2.146,RIGHT,2025-08-07,BACKFILL
2025-08-06,GLD,HELD,7.97,HIGH,310.5,313.12,0.844,RIGHT,2025-08-07,BACKFILL
2025-08-06,QQQ,LONG,10.82,HIGH,564.6,566.51,0.338,RIGHT,2025-08-07,BACKFILL
2025-08-07,BTC,LONG,18.11,HIGH,117496.9,116688.73,-0.688,WRONG,2025-08-08,BACKFILL
2025-08-07,GLD,HELD,8.7,HIGH,313.12,313.05,-0.022,WRONG,2025-08-08,BACKFILL
2025-08-07,QQQ,LONG,11.11,HIGH,566.51,571.8,0.934,RIGHT,2025-08-08,BACKFILL
2025-08-08,BTC,LONG,17.12,HIGH,116688.73,118731.45,1.751,RIGHT,2025-08-11,BACKFILL
2025-08-08,GLD,HELD,8.5,HIGH,313.05,308.55,-1.437,WRONG,2025-08-11,BACKFILL
2025-08-08,QQQ,LONG,12.06,HIGH,571.8,570.1,-0.297,WRONG,2025-08-11,BACKFILL
2025-08-11,BTC,LONG,19.0,HIGH,118731.45,120172.91,1.214,RIGHT,2025-08-12,BACKFILL
2025-08-11,GLD,HELD,6.78,HIGH,308.55,308.27,-0.091,WRONG,2025-08-12,BACKFILL
2025-08-11,QQQ,LONG,11.63,HIGH,570.1,577.27,1.258,RIGHT,2025-08-12,BACKFILL
2025-08-12,BTC,LONG,20.26,HIGH,120172.91,123344.06,2.639,RIGHT,2025-08-13,BACKFILL
2025-08-12,GLD,HELD,6.53,HIGH,308.27,309.21,0.305,RIGHT,2025-08-13,BACKFILL
2025-08-12,QQQ,LONG,12.94,HIGH,577.27,577.56,0.05,RIGHT,2025-08-13,BACKFILL
2025-08-13,BTC,LONG,23.26,HIGH,123344.06,118359.58,-4.041,WRONG,2025-08-14,BACKFILL
2025-08-13,GLD,HELD,6.69,HIGH,309.21,307.25,-0.634,WRONG,2025-08-14,BACKFILL
2025-08-13,QQQ,LONG,12.92,HIGH,577.56,577.11,-0.078,WRONG,2025-08-14,BACKFILL
2025-08-14,BTC,LONG,18.11,HIGH,118359.58,117398.35,-0.812,WRONG,2025-08-15,BACKFILL
2025-08-14,GLD,HELD,5.86,HIGH,307.25,307.43,0.059,RIGHT,2025-08-15,BACKFILL
2025-08-14,QQQ,LONG,12.73,HIGH,577.11,574.57,-0.44,WRONG,2025-08-15,BACKFILL
2025-08-15,BTC,LONG,16.98,HIGH,117398.35,116252.31,-0.976,WRONG,2025-08-18,BACKFILL
2025-08-15,GLD,HELD,5.77,HIGH,307.43,306.95,-0.156,WRONG,2025-08-18,BACKFILL
2025-08-15,QQQ,LONG,12.14,HIGH,574.57,574.34,-0.04,WRONG,2025-08-18,BACKFILL
2025-08-18,BTC,LONG,15.67,HIGH,116252.31,112831.18,-2.943,WRONG,2025-08-19,BACKFILL
2025-08-18,GLD,HELD,5.47,HIGH,306.95,305.27,-0.547,WRONG,2025-08-19,BACKFILL
2025-08-18,QQQ,LONG,12.0,HIGH,574.34,566.55,-1.356,WRONG,2025-08-19,BACKFILL
2025-08-19,BTC,LONG,12.13,HIGH,112831.18,114274.74,1.279,RIGHT,2025-08-20,BACKFILL
2025-08-19,GLD,HELD,4.75,MEDIUM,305.27,308.36,1.012,RIGHT,2025-08-20,BACKFILL
2025-08-19,QQQ,LONG,10.38,HIGH,566.55,563.19,-0.593,WRONG,2025-08-20,BACKFILL
2025-08-20,BTC,LONG,13.43,HIGH,114274.74,112419.03,-1.624,WRONG,2025-08-21,BACKFILL
2025-08-20,GLD,HELD,5.66,HIGH,308.36,307.29,-0.347,WRONG,2025-08-21,BACKFILL
2025-08-20,QQQ,LONG,9.64,HIGH,563.19,560.58,-0.463,WRONG,2025-08-21,BACKFILL
2025-08-21,BTC,LONG,11.5,HIGH,112419.03,116874.09,3.963,RIGHT,2025-08-22,BACKFILL
2025-08-21,GLD,HELD,5.15,HIGH,307.29,310.58,1.071,RIGHT,2025-08-22,BACKFILL
2025-08-21,QQQ,LONG,9.07,HIGH,560.58,569.23,1.543,RIGHT,2025-08-22,BACKFILL
2025-08-22,BTC,LONG,15.79,HIGH,116874.09,110124.35,-5.775,WRONG,2025-08-25,BACKFILL
2025-08-22,GLD,HELD,6.13,HIGH,310.58,309.83,-0.241,WRONG,2025-08-25,BACKFILL
2025-08-22,QQQ,LONG,10.66,HIGH,569.23,567.59,-0.288,WRONG,2025-08-25,BACKFILL
2025-08-25,BTC,LONG,9.06,HIGH,110124.35,111802.66,1.524,RIGHT,2025-08-26,BACKFILL
2025-08-25,GLD,HELD,5.73,HIGH,309.83,312.08,0.726,RIGHT,2025-08-26,BACKFILL
2025-08-25,QQQ,LONG,10.27,HIGH,567.59,569.87,0.402,RIGHT,2025-08-26,BACKFILL
2025-08-26,BTC,LONG,10.68,HIGH,111802.66,111222.06,-0.519,WRONG,2025-08-27,BACKFILL
2025-08-26,GLD,HELD,6.36,HIGH,312.08,312.71,0.202,RIGHT,2025-08-27,BACKFILL
2025-08-26,QQQ,LONG,10.65,HIGH,569.87,570.74,0.153,RIGHT,2025-08-27,BACKFILL
2025-08-27,BTC,LONG,10.05,HIGH,111222.06,112544.8,1.189,RIGHT,2025-08-28,BACKFILL
2025-08-27,GLD,HELD,6.43,HIGH,312.71,315.03,0.742,RIGHT,2025-08-28,BACKFILL
2025-08-27,QQQ,LONG,10.75,HIGH,570.74,574.31,0.626,RIGHT,2025-08-28,BACKFILL
2025-08-28,BTC,LONG,11.3,HIGH,112544.8,108410.84,-3.673,WRONG,2025-08-29,BACKFILL
2025-08-28,GLD,HELD,7.07,HIGH,315.03,318.07,0.965,RIGHT,2025-08-29,BACKFILL
2025-08-28,QQQ,LONG,11.38,HIGH,574.31,567.67,-1.156,WRONG,2025-08-29,BACKFILL
2025-08-29,BTC,LONG,7.19,HIGH,108410.84,111200.59,2.573,RIGHT,2025-09-02,BACKFILL
2025-08-29,GLD,HELD,7.95,HIGH,318.07,325.59,2.364,RIGHT,2025-09-02,BACKFILL
2025-08-29,QQQ,LONG,10.03,HIGH,567.67,562.91,-0.839,WRONG,2025-09-02,BACKFILL
2025-09-02,BTC,LONG,9.88,HIGH,111200.59,111723.21,0.47,RIGHT,2025-09-03,BACKFILL
2025-09-02,GLD,HELD,10.32,HIGH,325.59,328.14,0.783,RIGHT,2025-09-03,BACKFILL
2025-09-02,QQQ,LONG,9.04,HIGH,562.91,567.34,0.787,RIGHT,2025-09-03,BACKFILL
2025-09-03,BTC,LONG,10.32,HIGH,111723.21,110723.6,-0.895,WRONG,2025-09-04,BACKFILL
2025-09-03,GLD,HELD,11.0,HIGH,328.14,326.69,-0.442,WRONG,2025-09-04,BACKFILL
2025-09-03,QQQ,LONG,9.82,HIGH,567.34,572.47,0.904,RIGHT,2025-09-04,BACKFILL
2025-09-04,BTC,LONG,9.28,HIGH,110723.6,110650.98,-0.066,WRONG,2025-09-05,BACKFILL
2025-09-04,GLD,HELD,10.33,HIGH,326.69,331.05,1.335,RIGHT,2025-09-05,BACKFILL
2025-09-04,QQQ,LONG,10.74,HIGH,572.47,573.3,0.145,RIGHT,2025-09-05,BACKFILL
2025-09-05,BTC,LONG,9.17,HIGH,110650.98,112071.43,1.284,RIGHT,2025-09-08,BACKFILL
2025-09-05,GLD,HELD,11.62,HIGH,331.05,334.82,1.139,RIGHT,2025-09-08,BACKFILL
2025-09-05,QQQ,LONG,10.82,HIGH,573.3,576.1,0.488,RIGHT,2025-09-08,BACKFILL
2025-09-08,BTC,LONG,10.5,HIGH,112071.43,111530.55,-0.483,WRONG,2025-09-09,BACKFILL
2025-09-08,GLD,HELD,12.7,HIGH,334.82,334.06,-0.227,WRONG,2025-09-09,BACKFILL
2025-09-08,QQQ,LONG,11.28,HIGH,576.1,577.73,0.283,RIGHT,2025-09-09,BACKFILL
2025-09-09,BTC,LONG,9.89,HIGH,111530.55,113955.36,2.174,RIGHT,2025-09-10,BACKFILL
2025-09-09,GLD,HELD,12.26,HIGH,334.06,335.26,0.359,RIGHT,2025-09-10,BACKFILL
2025-09-09,QQQ,LONG,11.5,HIGH,577.73,577.92,0.033,RIGHT,2025-09-10,BACKFILL
2025-09-10,BTC,LONG,12.16,HIGH,113955.36,115507.54,1.362,RIGHT,2025-09-11,BACKFILL
2025-09-10,GLD,HELD,12.48,HIGH,335.26,334.76,-0.149,WRONG,2025-09-11,BACKFILL
2025-09-10,QQQ,LONG,11.46,HIGH,577.92,581.28,0.581,RIGHT,2025-09-11,BACKFILL
2025-09-11,BTC,LONG,13.55,HIGH,115507.54,116101.58,0.514,RIGHT,2025-09-12,BACKFILL
2025-09-11,GLD,HELD,12.13,HIGH,334.76,335.42,0.197,RIGHT,2025-09-12,BACKFILL
2025-09-11,QQQ,LONG,12.02,HIGH,581.28,583.85,0.442,RIGHT,2025-09-12,BACKFILL
2025-09-12,BTC,LONG,13.99,HIGH,116101.58,115444.88,-0.566,WRONG,2025-09-15,BACKFILL
2025-09-12,GLD,HELD,12.17,HIGH,335.42,338.91,1.04,RIGHT,2025-09-15,BACKFILL
2025-09-12,QQQ,LONG,12.43,HIGH,583.85,588.84,0.855,RIGHT,2025-09-15,BACKFILL
2025-09-15,BTC,LONG,13.2,HIGH,115444.88,116843.19,1.211,RIGHT,2025-09-16,BACKFILL
2025-09-15,GLD,HELD,13.15,HIGH,338.91,339.59,0.201,RIGHT,2025-09-16,BACKFILL
2025-09-15,QQQ,LONG,13.29,HIGH,588.84,588.35,-0.083,WRONG,2025-09-16,BACKFILL
2025-09-16,BTC,LONG,14.43,HIGH,116843.19,116468.51,-0.321,WRONG,2025-09-17,BACKFILL
2025-09-16,GLD,HELD,13.2,HIGH,339.59,336.97,-0.772,WRONG,2025-09-17,BACKFILL
2025-09-16,QQQ,LONG,13.11,HIGH,588.35,587.17,-0.201,WRONG,2025-09-17,BACKFILL
2025-09-17,BTC,LONG,13.91,HIGH,116468.51,117137.2,0.574,RIGHT,2025-09-18,BACKFILL
2025-09-17,GLD,HELD,12.15,HIGH,336.97,335.62,-0.401,WRONG,2025-09-18,BACKFILL
2025-09-17,QQQ,LONG,12.79,HIGH,587.17,592.47,0.903,RIGHT,2025-09-18,BACKFILL
2025-09-18,BTC,LONG,14.42,HIGH,117137.2,115688.86,-1.236,WRONG,2025-09-19,BACKFILL
2025-09-18,GLD,HELD,11.53,HIGH,335.62,339.18,1.061,RIGHT,2025-09-19,BACKFILL
2025-09-18,QQQ,LONG,13.71,HIGH,592.47,596.48,0.677,RIGHT,2025-09-19,BACKFILL
2025-09-19,BTC,LONG,12.86,HIGH,115688.86,112748.51,-2.542,WRONG,2025-09-22,BACKFILL
2025-09-19,GLD,HELD,12.55,HIGH,339.18,345.05,1.731,RIGHT,2025-09-22,BACKFILL
2025-09-19,QQQ,LONG,14.38,HIGH,596.48,600.01,0.592,RIGHT,2025-09-22,BACKFILL
2025-09-22,BTC,LONG,9.89,HIGH,112748.51,112014.5,-0.651,WRONG,2025-09-23,BACKFILL
2025-09-22,GLD,HELD,14.29,HIGH,345.05,346.46,0.409,RIGHT,2025-09-23,BACKFILL
2025-09-22,QQQ,LONG,14.96,HIGH,600.01,596.02,-0.665,WRONG,2025-09-23,BACKFILL
2025-09-23,BTC,LONG,9.05,HIGH,112014.5,113328.63,1.173,RIGHT,2025-09-24,BACKFILL
2025-09-23,GLD,HELD,14.57,HIGH,346.46,343.32,-0.906,WRONG,2025-09-24,BACKFILL
2025-09-23,QQQ,LONG,14.11,HIGH,596.02,593.93,-0.351,WRONG,2025-09-24,BACKFILL
2025-09-24,BTC,LONG,10.21,HIGH,113328.63,109049.29,-3.776,WRONG,2025-09-25,BACKFILL
2025-09-24,GLD,HELD,13.35,HIGH,343.32,344.75,0.417,RIGHT,2025-09-25,BACKFILL
2025-09-24,QQQ,LONG,13.62,HIGH,593.93,591.37,-0.431,WRONG,2025-09-25,BACKFILL
2025-09-25,BTC,LONG,5.98,HIGH,109049.29,109712.83,0.608,RIGHT,2025-09-26,BACKFILL
2025-09-25,GLD,HELD,13.64,HIGH,344.75,346.74,0.577,RIGHT,2025-09-26,BACKFILL
2025-09-25,QQQ,LONG,13.05,HIGH,591.37,593.8,0.411,RIGHT,2025-09-26,BACKFILL
2025-09-26,BTC,LONG,6.53,HIGH,109712.83,114400.38,4.273,RIGHT,2025-09-29,BACKFILL
2025-09-26,GLD,HELD,14.1,HIGH,346.74,352.46,1.65,RIGHT,2025-09-29,BACKFILL
2025-09-26,QQQ,LONG,13.41,HIGH,593.8,596.55,0.463,RIGHT,2025-09-29,BACKFILL
2025-09-29,BTC,LONG,10.92,HIGH,114400.38,114056.09,-0.301,WRONG,2025-09-30,BACKFILL
2025-09-29,GLD,HELD,15.78,HIGH,352.46,355.47,0.854,RIGHT,2025-09-30,BACKFILL
2025-09-29,QQQ,LONG,13.82,HIGH,596.55,598.19,0.275,RIGHT,2025-09-30,BACKFILL
2025-09-30,BTC,LONG,10.4,HIGH,114056.09,118648.93,4.027,RIGHT,2025-10-01,BACKFILL
2025-09-30,GLD,HELD,16.55,HIGH,355.47,356.03,0.158,RIGHT,2025-10-01,BACKFILL
2025-09-30,QQQ,LONG,14.01,HIGH,598.19,601.05,0.478,RIGHT,2025-10-01,BACKFILL
2025-10-01,BTC,LONG,14.59,HIGH,118648.93,120681.26,1.713,RIGHT,2025-10-02,BACKFILL
2025-10-01,GLD,HELD,16.51,HIGH,356.03,354.79,-0.348,WRONG,2025-10-02,BACKFILL
2025-10-01,QQQ,LONG,14.42,HIGH,601.05,603.53,0.413,RIGHT,2025-10-02,BACKFILL
2025-10-02,BTC,LONG,16.29,HIGH,120681.26,122266.53,1.314,RIGHT,2025-10-03,BACKFILL
2025-10-02,GLD,HELD,15.88,HIGH,354.79,357.64,0.803,RIGHT,2025-10-03,BACKFILL
2025-10-02,QQQ,LONG,14.74,HIGH,603.53,600.98,-0.423,WRONG,2025-10-03,BACKFILL
2025-10-03,BTC,LONG,17.53,HIGH,122266.53,124752.53,2.033,RIGHT,2025-10-06,BACKFILL
2025-10-03,GLD,HELD,16.57,HIGH,357.64,364.38,1.885,RIGHT,2025-10-06,BACKFILL
2025-10-03,QQQ,LONG,14.11,HIGH,600.98,605.5,0.752,RIGHT,2025-10-06,BACKFILL
2025-10-06,BTC,LONG,19.62,HIGH,124752.53,121451.38,-2.646,WRONG,2025-10-07,BACKFILL
2025-10-06,GLD,HELD,18.51,HIGH,364.38,366.26,0.516,RIGHT,2025-10-07,BACKFILL
2025-10-06,QQQ,LONG,14.81,HIGH,605.5,602.31,-0.527,WRONG,2025-10-07,BACKFILL
2025-10-07,BTC,LONG,16.2,HIGH,121451.38,123354.87,1.567,RIGHT,2025-10-08,BACKFILL
2025-10-07,GLD,HELD,18.88,HIGH,366.26,372.3,1.649,RIGHT,2025-10-08,BACKFILL
2025-10-07,QQQ,LONG,14.04,HIGH,602.31,609.21,1.146,RIGHT,2025-10-08,BACKFILL
2025-10-08,BTC,LONG,17.78,HIGH,123354.87,121705.59,-1.337,WRONG,2025-10-09,BACKFILL
2025-10-08,GLD,HELD,20.57,HIGH,372.3,365.43,-1.845,WRONG,2025-10-09,BACKFILL
2025-10-08,QQQ,LONG,15.19,HIGH,609.21,608.48,-0.12,WRONG,2025-10-09,BACKFILL
2025-10-09,BTC,LONG,15.97,HIGH,121705.59,113214.37,-6.977,WRONG,2025-10-10,BACKFILL
2025-10-09,GLD,HELD,18.09,HIGH,365.43,369.12,1.01,RIGHT,2025-10-10,BACKFILL
2025-10-09,QQQ,LONG,14.87,HIGH,608.48,587.35,-3.473,WRONG,2025-10-10,BACKFILL
2025-10-10,BTC,LONG,7.7,HIGH,113214.37,115271.08,1.817,RIGHT,2025-10-13,BACKFILL
2025-10-10,GLD,HELD,19.03,HIGH,369.12,378.09,2.43,RIGHT,2025-10-13,BACKFILL
2025-10-10,QQQ,LONG,10.74,HIGH,587.35,599.82,2.123,RIGHT,2025-10-13,BACKFILL
2025-10-13,BTC,LONG,9.4,HIGH,115271.08,113118.66,-1.867,WRONG,2025-10-14,BACKFILL
2025-10-13,GLD,HELD,21.63,HIGH,378.09,380.79,0.714,RIGHT,2025-10-14,BACKFILL
2025-10-13,QQQ,LONG,12.91,HIGH,599.82,595.82,-0.667,WRONG,2025-10-14,BACKFILL
2025-10-14,BTC,LONG,7.15,HIGH,113118.66,110783.16,-2.065,WRONG,2025-10-15,BACKFILL
2025-10-14,GLD,HELD,22.2,HIGH,380.79,387.39,1.733,RIGHT,2025-10-15,BACKFILL
2025-10-14,QQQ,LONG,11.98,HIGH,595.82,600.03,0.707,RIGHT,2025-10-15,BACKFILL
2025-10-15,BTC,LONG,4.76,MEDIUM,110783.16,108186.04,-2.344,WRONG,2025-10-16,BACKFILL
2025-10-15,GLD,HELD,24.01,HIGH,387.39,396.45,2.339,RIGHT,2025-10-16,BACKFILL
2025-10-15,QQQ,LONG,12.59,HIGH,600.03,597.81,-0.37,WRONG,2025-10-16,BACKFILL
2025-10-16,BTC,LONG,2.13,MEDIUM,108186.04,106467.79,-1.588,WRONG,2025-10-17,BACKFILL
2025-10-16,GLD,HELD,26.58,HIGH,396.45,388.99,-1.882,WRONG,2025-10-17,BACKFILL
2025-10-16,QQQ,LONG,11.99,HIGH,597.81,601.73,0.656,RIGHT,2025-10-17,BACKFILL
2025-10-17,BTC,LONG,0.36,LOW,106467.79,110588.93,3.871,RIGHT,2025-10-20,BACKFILL
2025-10-17,GLD,HELD,23.9,HIGH,388.99,403.15,3.64,RIGHT,2025-10-20,BACKFILL
2025-10-17,QQQ,LONG,12.54,HIGH,601.73,609.31,1.26,RIGHT,2025-10-20,BACKFILL
2025-10-20,BTC,LONG,4.08,MEDIUM,110588.93,108476.89,-1.91,WRONG,2025-10-21,BACKFILL
2025-10-20,GLD,HELD,28.07,HIGH,403.15,377.24,-6.427,WRONG,2025-10-21,BACKFILL
2025-10-20,QQQ,LONG,13.78,HIGH,609.31,609.15,-0.026,WRONG,2025-10-21,BACKFILL
2025-10-21,BTC,LONG,1.92,LOW,108476.89,107688.59,-0.727,WRONG,2025-10-22,BACKFILL
2025-10-21,GLD,HELD,19.59,HIGH,377.24,377.28,0.011,RIGHT,2025-10-22,BACKFILL
2025-10-21,QQQ,LONG,13.55,HIGH,609.15,603.29,-0.962,WRONG,2025-10-22,BACKFILL
2025-10-22,BTC,LONG,1.05,LOW,107688.59,110069.73,2.211,RIGHT,2025-10-23,BACKFILL
2025-10-22,GLD,HELD,19.36,HIGH,377.28,378.79,0.4,RIGHT,2025-10-23,BACKFILL
2025-10-22,QQQ,LONG,12.28,HIGH,603.29,608.36,0.84,RIGHT,2025-10-23,BACKFILL
2025-10-23,BTC,LONG,3.12,MEDIUM,110069.73,111033.92,0.876,RIGHT,2025-10-24,BACKFILL
2025-10-23,GLD,HELD,19.59,HIGH,378.79,377.52,-0.335,WRONG,2025-10-24,BACKFILL
2025-10-23,QQQ,LONG,13.04,HIGH,608.36,614.85,1.067,RIGHT,2025-10-24,BACKFILL
2025-10-24,BTC,LONG,3.85,MEDIUM,111033.92,114119.33,2.779,RIGHT,2025-10-27,BACKFILL
2025-10-24,GLD,HELD,18.94,HIGH,377.52,367.01,-2.784,WRONG,2025-10-27,BACKFILL
2025-10-24,QQQ,LONG,14.05,HIGH,614.85,625.8,1.781,RIGHT,2025-10-27,BACKFILL
2025-10-27,BTC,LONG,6.55,HIGH,114119.33,112956.16,-1.019,WRONG,2025-10-28,BACKFILL
2025-10-27,GLD,HELD,15.41,HIGH,367.01,364.38,-0.717,WRONG,2025-10-28,BACKFILL
2025-10-27,QQQ,LONG,15.89,HIGH,625.8,630.62,0.77,RIGHT,2025-10-28,BACKFILL
2025-10-28,BTC,LONG,5.3,HIGH,112956.16,110055.3,-2.568,WRONG,2025-10-29,BACKFILL
2025-10-28,GLD,HELD,14.38,HIGH,364.38,363.0,-0.379,WRONG,2025-10-29,BACKFILL
2025-10-28,QQQ,LONG,16.58,HIGH,630.62,633.46,0.45,RIGHT,2025-10-29,BACKFILL
2025-10-29,BTC,LONG,2.45,MEDIUM,110055.3,108305.55,-1.59,WRONG,2025-10-30,BACKFILL
2025-10-29,GLD,HELD,13.75,HIGH,363.0,370.13,1.964,RIGHT,2025-10-30,BACKFILL
2025-10-29,QQQ,LONG,16.88,HIGH,633.46,623.77,-1.53,WRONG,2025-10-30,BACKFILL
2025-10-30,BTC,LONG,0.69,LOW,108305.55,109556.16,1.155,RIGHT,2025-10-31,BACKFILL
2025-10-30,GLD,HELD,15.77,HIGH,370.13,368.12,-0.543,WRONG,2025-10-31,BACKFILL
2025-10-30,QQQ,LONG,14.89,HIGH,623.77,626.78,0.483,RIGHT,2025-10-31,BACKFILL
2025-10-31,BTC,LONG,1.69,LOW,109556.16,106547.52,-2.746,WRONG,2025-11-03,BACKFILL
2025-10-31,GLD,HELD,14.94,HIGH,368.12,368.78,0.179,RIGHT,2025-11-03,BACKFILL
2025-10-31,QQQ,LONG,15.22,HIGH,626.78,629.78,0.479,RIGHT,2025-11-03,BACKFILL
2025-11-03,BTC,FLAT,-1.25,LOW,106547.52,101590.52,-4.652,RIGHT,2025-11-04,BACKFILL
2025-11-03,GLD,HELD,14.95,HIGH,368.78,362.32,-1.752,WRONG,2025-11-04,BACKFILL
2025-11-03,QQQ,LONG,15.54,HIGH,629.78,617.0,-2.029,WRONG,2025-11-04,BACKFILL
2025-11-04,BTC,FLAT,-5.94,HIGH,101590.52,103891.84,2.265,WRONG,2025-11-05,BACKFILL
2025-11-04,GLD,HELD,12.76,HIGH,362.32,366.51,1.156,RIGHT,2025-11-05,BACKFILL
2025-11-04,QQQ,LONG,12.99,HIGH,617.0,621.01,0.65,RIGHT,2025-11-05,BACKFILL
2025-11-05,BTC,FLAT,-3.93,MEDIUM,103891.84,101301.29,-2.494,RIGHT,2025-11-06,BACKFILL
2025-11-05,GLD,HELD,13.88,HIGH,366.51,366.07,-0.12,WRONG,2025-11-06,BACKFILL
2025-11-05,QQQ,LONG,13.52,HIGH,621.01,609.44,-1.863,WRONG,2025-11-06,BACKFILL
2025-11-06,BTC,FLAT,-6.43,HIGH,101301.29,103372.41,2.045,WRONG,2025-11-07,BACKFILL
2025-11-06,GLD,HELD,13.56,HIGH,366.07,368.31,0.612,RIGHT,2025-11-07,BACKFILL
2025-11-06,QQQ,LONG,11.19,HIGH,609.44,607.52,-0.315,WRONG,2025-11-07,BACKFILL
2025-11-07,BTC,FLAT,-4.63,MEDIUM,103372.41,105996.59,2.539,WRONG,2025-11-10,BACKFILL
2025-11-07,GLD,HELD,14.04,HIGH,368.31,378.38,2.734,RIGHT,2025-11-10,BACKFILL
2025-11-07,QQQ,LONG,10.58,HIGH,607.52,620.96,2.212,RIGHT,2025-11-10,BACKFILL
2025-11-10,BTC,FLAT,-2.37,MEDIUM,105996.59,102997.47,-2.829,RIGHT,2025-11-11,BACKFILL
2025-11-10,GLD,HELD,16.91,HIGH,378.38,379.87,0.394,RIGHT,2025-11-11,BACKFILL
2025-11-10,QQQ,LONG,12.76,HIGH,620.96,619.31,-0.266,WRONG,2025-11-11,BACKFILL
2025-11-11,BTC,FLAT,-5.29,HIGH,102997.47,101663.19,-1.295,RIGHT,2025-11-12,BACKFILL
2025-11-11,GLD,HELD,17.12,HIGH,379.87,385.99,1.611,RIGHT,2025-11-12,BACKFILL
2025-11-11,QQQ,LONG,12.18,HIGH,619.31,618.82,-0.079,WRONG,2025-11-12,BACKFILL
2025-11-12,BTC,FLAT,-6.63,HIGH,101663.19,99697.49,-1.934,RIGHT,2025-11-13,BACKFILL
2025-11-12,GLD,HELD,18.76,HIGH,385.99,382.87,-0.808,WRONG,2025-11-13,BACKFILL
2025-11-12,QQQ,LONG,11.88,HIGH,618.82,606.19,-2.041,WRONG,2025-11-13,BACKFILL
2025-11-13,BTC,FLAT,-8.55,HIGH,99697.49,94397.79,-5.316,RIGHT,2025-11-14,BACKFILL
2025-11-13,GLD,HELD,17.58,HIGH,382.87,375.96,-1.805,WRONG,2025-11-14,BACKFILL
2025-11-13,QQQ,LONG,9.38,HIGH,606.19,606.64,0.074,RIGHT,2025-11-14,BACKFILL
2025-11-14,BTC,FLAT,-13.47,HIGH,94397.79,92093.88,-2.441,RIGHT,2025-11-17,BACKFILL
2025-11-14,GLD,HELD,15.27,HIGH,375.96,371.65,-1.146,WRONG,2025-11-17,BACKFILL
2025-11-14,QQQ,LONG,9.26,HIGH,606.64,601.46,-0.854,WRONG,2025-11-17,BACKFILL
2025-11-17,BTC,FLAT,-15.62,HIGH,92093.88,92948.88,0.928,WRONG,2025-11-18,BACKFILL
2025-11-17,GLD,HELD,13.78,HIGH,371.65,374.35,0.726,RIGHT,2025-11-18,BACKFILL
2025-11-17,QQQ,LONG,8.13,HIGH,601.46,594.14,-1.217,WRONG,2025-11-18,BACKFILL
2025-11-18,BTC,FLAT,-14.88,HIGH,92948.88,91465.99,-1.595,RIGHT,2025-11-19,BACKFILL
2025-11-18,GLD,HELD,14.42,HIGH,374.35,374.96,0.163,RIGHT,2025-11-19,BACKFILL
2025-11-18,QQQ,LONG,6.64,HIGH,594.14,597.69,0.598,RIGHT,2025-11-19,BACKFILL
2025-11-19,BTC,FLAT,-16.28,HIGH,91465.99,86631.9,-5.285,RIGHT,2025-11-20,BACKFILL
2025-11-19,GLD,HELD,14.45,HIGH,374.96,374.85,-0.029,WRONG,2025-11-20,BACKFILL
2025-11-19,QQQ,LONG,7.08,HIGH,597.69,583.54,-2.367,WRONG,2025-11-20,BACKFILL
2025-11-20,BTC,FLAT,-20.71,HIGH,86631.9,85090.69,-1.779,RIGHT,2025-11-21,BACKFILL
2025-11-20,GLD,HELD,14.26,HIGH,374.85,374.27,-0.155,WRONG,2025-11-21,BACKFILL
2025-11-20,QQQ,LONG,4.37,MEDIUM,583.54,587.92,0.751,RIGHT,2025-11-21,BACKFILL
2025-11-21,BTC,FLAT,-22.11,HIGH,85090.69,88270.56,3.737,WRONG,2025-11-24,BACKFILL
2025-11-21,GLD,HELD,13.95,HIGH,374.27,380.2,1.584,RIGHT,2025-11-24,BACKFILL
2025-11-21,QQQ,LONG,4.95,MEDIUM,587.92,602.96,2.558,RIGHT,2025-11-24,BACKFILL
2025-11-24,BTC,FLAT,-19.17,HIGH,88270.56,87341.89,-1.052,RIGHT,2025-11-25,BACKFILL
2025-11-24,GLD,HELD,15.59,HIGH,380.2,380.08,-0.032,WRONG,2025-11-25,BACKFILL
2025-11-24,QQQ,LONG,7.43,HIGH,602.96,606.67,0.615,RIGHT,2025-11-25,BACKFILL
2025-11-25,BTC,FLAT,-19.99,HIGH,87341.89,90518.37,3.637,WRONG,2025-11-26,BACKFILL
2025-11-25,GLD,HELD,15.37,HIGH,380.08,383.12,0.8,RIGHT,2025-11-26,BACKFILL
2025-11-25,QQQ,LONG,7.89,HIGH,606.67,612.03,0.884,RIGHT,2025-11-26,BACKFILL
2025-11-26,BTC,FLAT,-17.07,HIGH,90518.37,90919.27,0.443,WRONG,2025-11-28,BACKFILL
2025-11-26,GLD,HELD,16.12,HIGH,383.12,387.88,1.242,RIGHT,2025-11-28,BACKFILL
2025-11-26,QQQ,LONG,8.66,HIGH,612.03,617.0,0.812,RIGHT,2025-11-28,BACKFILL
2025-11-28,BTC,FLAT,-16.68,HIGH,90919.27,86321.57,-5.057,RIGHT,2025-12-01,BACKFILL
2025-11-28,GLD,HELD,17.37,HIGH,387.88,389.75,0.482,RIGHT,2025-12-01,BACKFILL
2025-11-28,QQQ,LONG,9.35,HIGH,617.0,614.92,-0.337,WRONG,2025-12-01,BACKFILL
2025-12-01,BTC,FLAT,-20.85,HIGH,86321.57,91350.2,5.825,WRONG,2025-12-02,BACKFILL
2025-12-01,GLD,HELD,17.74,HIGH,389.75,387.24,-0.644,WRONG,2025-12-02,BACKFILL
2025-12-01,QQQ,LONG,8.79,HIGH,614.92,619.74,0.784,RIGHT,2025-12-02,BACKFILL
2025-12-02,BTC,FLAT,-16.22,HIGH,91350.2,93527.8,2.384,WRONG,2025-12-03,BACKFILL
2025-12-02,GLD,HELD,16.79,HIGH,387.24,386.88,-0.093,WRONG,2025-12-03,BACKFILL
2025-12-02,QQQ,LONG,9.46,HIGH,619.74,621.25,0.244,RIGHT,2025-12-03,BACKFILL
2025-12-03,BTC,FLAT,-14.22,HIGH,93527.8,92141.62,-1.482,RIGHT,2025-12-04,BACKFILL
2025-12-03,GLD,HELD,16.49,HIGH,386.88,387.13,0.065,RIGHT,2025-12-04,BACKFILL
2025-12-03,QQQ,LONG,9.53,HIGH,621.25,620.67,-0.093,WRONG,2025-12-04,BACKFILL
2025-12-04,BTC,FLAT,-15.47,HIGH,92141.62,89387.76,-2.989,RIGHT,2025-12-05,BACKFILL
2025-12-04,GLD,HELD,16.35,HIGH,387.13,386.44,-0.178,WRONG,2025-12-05,BACKFILL
2025-12-04,QQQ,LONG,9.25,HIGH,620.67,623.2,0.408,RIGHT,2025-12-05,BACKFILL
2025-12-05,BTC,FLAT,-17.96,HIGH,89387.76,90640.2,1.401,WRONG,2025-12-08,BACKFILL
2025-12-05,GLD,HELD,15.94,HIGH,386.44,385.42,-0.264,WRONG,2025-12-08,BACKFILL
2025-12-05,QQQ,LONG,9.52,HIGH,623.2,622.01,-0.191,WRONG,2025-12-08,BACKFILL
2025-12-08,BTC,FLAT,-16.79,HIGH,90640.2,92691.71,2.263,WRONG,2025-12-09,BACKFILL
2025-12-08,GLD,HELD,15.45,HIGH,385.42,387.4,0.514,RIGHT,2025-12-09,BACKFILL
2025-12-08,QQQ,LONG,9.13,HIGH,622.01,622.78,0.124,RIGHT,2025-12-09,BACKFILL
2025-12-09,BTC,FLAT,-14.89,HIGH,92691.71,92020.95,-0.724,RIGHT,2025-12-10,BACKFILL
2025-12-09,GLD,HELD,15.88,HIGH,387.4,389.05,0.426,RIGHT,2025-12-10,BACKFILL
2025-12-09,QQQ,LONG,9.08,HIGH,622.78,625.33,0.409,RIGHT,2025-12-10,BACKFILL
2025-12-10,BTC,FLAT,-15.48,HIGH,92020.95,92511.34,0.533,WRONG,2025-12-11,BACKFILL
2025-12-10,GLD,HELD,16.19,HIGH,389.05,393.24,1.077,RIGHT,2025-12-11,BACKFILL
2025-12-10,QQQ,LONG,9.34,HIGH,625.33,623.3,-0.325,WRONG,2025-12-11,BACKFILL
2025-12-11,BTC,FLAT,-14.97,HIGH,92511.34,90270.41,-2.422,RIGHT,2025-12-12,BACKFILL
2025-12-11,GLD,HELD,17.24,HIGH,393.24,395.44,0.559,RIGHT,2025-12-12,BACKFILL
2025-12-11,QQQ,LONG,8.81,HIGH,623.3,611.39,-1.911,WRONG,2025-12-12,BACKFILL
2025-12-12,BTC,FLAT,-16.97,HIGH,90270.41,86419.78,-4.266,RIGHT,2025-12-15,BACKFILL
2025-12-12,GLD,HELD,17.69,HIGH,395.44,395.8,0.091,RIGHT,2025-12-15,BACKFILL
2025-12-12,QQQ,LONG,6.58,HIGH,611.39,608.32,-0.502,WRONG,2025-12-15,BACKFILL
2025-12-15,BTC,FLAT,-20.43,HIGH,86419.78,87843.98,1.648,WRONG,2025-12-16,BACKFILL
2025-12-15,GLD,HELD,17.57,HIGH,395.8,395.89,0.023,RIGHT,2025-12-16,BACKFILL
2025-12-15,QQQ,LONG,5.91,HIGH,608.32,609.52,0.197,RIGHT,2025-12-16,BACKFILL
2025-12-16,BTC,FLAT,-19.03,HIGH,87843.98,86143.76,-1.935,RIGHT,2025-12-17,BACKFILL
2025-12-16,GLD,HELD,17.37,HIGH,395.89,399.29,0.859,RIGHT,2025-12-17,BACKFILL
2025-12-16,QQQ,LONG,6.0,HIGH,609.52,598.22,-1.854,WRONG,2025-12-17,BACKFILL
2025-12-17,BTC,FLAT,-20.52,HIGH,86143.76,85462.51,-0.791,RIGHT,2025-12-18,BACKFILL
2025-12-17,GLD,HELD,18.13,HIGH,399.29,398.57,-0.18,WRONG,2025-12-18,BACKFILL
2025-12-17,QQQ,LONG,3.94,MEDIUM,598.22,606.89,1.449,RIGHT,2025-12-18,BACKFILL
2025-12-18,BTC,FLAT,-21.06,HIGH,85462.51,88103.38,3.09,WRONG,2025-12-19,BACKFILL
2025-12-18,GLD,HELD,17.68,HIGH,398.57,399.02,0.113,RIGHT,2025-12-19,BACKFILL
2025-12-18,QQQ,LONG,5.33,HIGH,606.89,614.8,1.303,RIGHT,2025-12-19,BACKFILL
2025-12-19,BTC,FLAT,-18.54,HIGH,88103.38,88490.02,0.439,WRONG,2025-12-22,BACKFILL
2025-12-19,GLD,HELD,17.57,HIGH,399.02,408.23,2.308,RIGHT,2025-12-22,BACKFILL
2025-12-19,QQQ,LONG,6.59,HIGH,614.8,617.75,0.48,RIGHT,2025-12-22,BACKFILL
2025-12-22,BTC,FLAT,-18.1,HIGH,88490.02,87414.0,-1.216,RIGHT,2025-12-23,BACKFILL
2025-12-22,GLD,HELD,20.03,HIGH,408.23,413.64,1.325,RIGHT,2025-12-23,BACKFILL
2025-12-22,QQQ,LONG,6.98,HIGH,617.75,620.64,0.468,RIGHT,2025-12-23,BACKFILL
2025-12-23,BTC,FLAT,-19.0,HIGH,87414.0,87611.96,0.226,WRONG,2025-12-24,BACKFILL
2025-12-23,GLD,HELD,21.35,HIGH,413.64,411.93,-0.413,WRONG,2025-12-24,BACKFILL
2025-12-23,QQQ,LONG,7.35,HIGH,620.64,622.46,0.293,RIGHT,2025-12-24,BACKFILL
2025-12-24,BTC,FLAT,-18.7,HIGH,87611.96,87301.43,-0.354,RIGHT,2025-12-26,BACKFILL
2025-12-24,GLD,HELD,20.6,HIGH,411.93,416.74,1.168,RIGHT,2025-12-26,BACKFILL
2025-12-24,QQQ,LONG,7.53,HIGH,622.46,622.42,-0.006,WRONG,2025-12-26,BACKFILL
2025-12-26,BTC,FLAT,-18.87,HIGH,87301.43,87138.14,-0.187,RIGHT,2025-12-29,BACKFILL
2025-12-26,GLD,HELD,21.74,HIGH,416.74,398.6,-4.353,WRONG,2025-12-29,BACKFILL
2025-12-26,QQQ,LONG,7.38,HIGH,622.42,619.41,-0.484,WRONG,2025-12-29,BACKFILL
2025-12-29,BTC,FLAT,-18.92,HIGH,87138.14,88430.13,1.483,WRONG,2025-12-30,BACKFILL
2025-12-29,GLD,HELD,16.24,HIGH,398.6,398.89,0.073,RIGHT,2025-12-30,BACKFILL
2025-12-29,QQQ,LONG,6.72,HIGH,619.41,617.97,-0.232,WRONG,2025-12-30,BACKFILL
2025-12-30,BTC,FLAT,-17.61,HIGH,88430.13,87508.83,-1.042,RIGHT,2025-12-31,BACKFILL
2025-12-30,GLD,HELD,16.11,HIGH,398.89,396.31,-0.647,WRONG,2025-12-31,BACKFILL
2025-12-30,QQQ,LONG,6.35,HIGH,617.97,612.86,-0.827,WRONG,2025-12-31,BACKFILL
2025-12-31,BTC,FLAT,-18.37,HIGH,87508.83,89944.7,2.784,WRONG,2026-01-02,BACKFILL
2025-12-31,GLD,HELD,15.15,HIGH,396.31,398.28,0.497,RIGHT,2026-01-02,BACKFILL
2025-12-31,QQQ,LONG,5.36,HIGH,612.86,611.68,-0.193,WRONG,2026-01-02,BACKFILL
2026-01-02,BTC,FLAT,-16.01,HIGH,89944.7,93882.55,4.378,WRONG,2026-01-05,BACKFILL
2026-01-02,GLD,HELD,15.52,HIGH,398.28,408.76,2.631,RIGHT,2026-01-05,BACKFILL
2026-01-02,QQQ,LONG,5.04,HIGH,611.68,616.53,0.793,RIGHT,2026-01-05,BACKFILL
2026-01-05,BTC,FLAT,-12.28,HIGH,93882.55,93729.03,-0.164,RIGHT,2026-01-06,BACKFILL
2026-01-05,GLD,HELD,18.32,HIGH,408.76,413.18,1.081,RIGHT,2026-01-06,BACKFILL
2026-01-05,QQQ,LONG,5.75,HIGH,616.53,621.95,0.879,RIGHT,2026-01-06,BACKFILL
2026-01-06,BTC,FLAT,-12.36,HIGH,93729.03,91308.05,-2.583,RIGHT,2026-01-07,BACKFILL
2026-01-06,GLD,HELD,19.36,HIGH,413.18,409.23,-0.956,WRONG,2026-01-07,BACKFILL
2026-01-06,QQQ,LONG,6.56,HIGH,621.95,622.55,0.096,RIGHT,2026-01-07,BACKFILL
2026-01-07,BTC,FLAT,-14.54,HIGH,91308.05,91027.12,-0.308,RIGHT,2026-01-08,BACKFILL
2026-01-07,GLD,HELD,17.99,HIGH,409.23,411.49,0.552,RIGHT,2026-01-08,BACKFILL
2026-01-07,QQQ,LONG,6.54,HIGH,622.55,619.01,-0.569,WRONG,2026-01-08,BACKFILL
2026-01-08,BTC,FLAT,-14.73,HIGH,91027.12,90513.1,-0.565,RIGHT,2026-01-09,BACKFILL
2026-01-08,GLD,HELD,18.42,HIGH,411.49,414.47,0.724,RIGHT,2026-01-09,BACKFILL
2026-01-08,QQQ,LONG,5.82,HIGH,619.01,625.17,0.995,RIGHT,2026-01-09,BACKFILL
2026-01-09,BTC,FLAT,-15.16,HIGH,90513.1,91192.99,0.751,WRONG,2026-01-12,BACKFILL
2026-01-09,GLD,HELD,19.04,HIGH,414.47,422.23,1.872,RIGHT,2026-01-12,BACKFILL
2026-01-09,QQQ,LONG,6.75,HIGH,625.17,625.69,0.083,RIGHT,2026-01-12,BACKFILL
2026-01-12,BTC,FLAT,-14.45,HIGH,91192.99,95321.78,4.528,WRONG,2026-01-13,BACKFILL
2026-01-12,GLD,HELD,20.99,HIGH,422.23,421.63,-0.142,WRONG,2026-01-13,BACKFILL
2026-01-12,QQQ,LONG,6.72,HIGH,625.69,624.76,-0.149,WRONG,2026-01-13,BACKFILL
2026-01-13,BTC,FLAT,-10.49,HIGH,95321.78,96929.33,1.686,WRONG,2026-01-14,BACKFILL
2026-01-13,GLD,HELD,20.56,HIGH,421.63,425.94,1.022,RIGHT,2026-01-14,BACKFILL
2026-01-13,QQQ,LONG,6.44,HIGH,624.76,618.09,-1.068,WRONG,2026-01-14,BACKFILL
2026-01-14,BTC,FLAT,-8.91,HIGH,96929.33,95551.19,-1.422,RIGHT,2026-01-15,BACKFILL
2026-01-14,GLD,HELD,21.51,HIGH,425.94,423.33,-0.613,WRONG,2026-01-15,BACKFILL
2026-01-14,QQQ,LONG,5.2,HIGH,618.09,620.32,0.361,RIGHT,2026-01-15,BACKFILL
2026-01-15,BTC,FLAT,-10.13,HIGH,95551.19,95525.12,-0.027,RIGHT,2026-01-16,BACKFILL
2026-01-15,GLD,HELD,20.5,HIGH,423.33,421.29,-0.482,WRONG,2026-01-16,BACKFILL
2026-01-15,QQQ,LONG,5.47,HIGH,620.32,619.8,-0.084,WRONG,2026-01-16,BACKFILL
2026-01-16,BTC,FLAT,-10.09,HIGH,95525.12,88310.91,-7.552,RIGHT,2026-01-20,BACKFILL
2026-01-16,GLD,HELD,19.68,HIGH,421.29,437.23,3.784,RIGHT,2026-01-20,BACKFILL
2026-01-16,QQQ,LONG,5.28,HIGH,619.8,606.63,-2.125,WRONG,2026-01-20,BACKFILL
2026-01-20,BTC,FLAT,-16.79,HIGH,88310.91,89376.96,1.207,WRONG,2026-01-21,BACKFILL
2026-01-20,GLD,HELD,23.92,HIGH,437.23,443.6,1.457,RIGHT,2026-01-21,BACKFILL
2026-01-20,QQQ,LONG,2.94,MEDIUM,606.63,614.83,1.352,RIGHT,2026-01-21,BACKFILL
2026-01-21,BTC,FLAT,-15.69,HIGH,89376.96,89462.45,0.096,WRONG,2026-01-22,BACKFILL
2026-01-21,GLD,HELD,25.41,HIGH,443.6,451.79,1.846,RIGHT,2026-01-22,BACKFILL
2026-01-21,QQQ,LONG,4.23,MEDIUM,614.83,619.3,0.727,RIGHT,2026-01-22,BACKFILL
2026-01-22,BTC,FLAT,-15.53,HIGH,89462.45,89503.88,0.046,WRONG,2026-01-23,BACKFILL
2026-01-22,GLD,HELD,27.39,HIGH,451.79,458.0,1.375,RIGHT,2026-01-23,BACKFILL
2026-01-22,QQQ,LONG,4.88,MEDIUM,619.3,621.25,0.315,RIGHT,2026-01-23,BACKFILL
2026-01-23,BTC,FLAT,-15.41,HIGH,89503.88,88267.14,-1.382,RIGHT,2026-01-26,BACKFILL
2026-01-23,GLD,HELD,28.79,HIGH,458.0,464.7,1.463,RIGHT,2026-01-26,BACKFILL
2026-01-23,QQQ,LONG,5.1,HIGH,621.25,623.99,0.441,RIGHT,2026-01-26,BACKFILL
2026-01-26,BTC,FLAT,-16.5,HIGH,88267.14,89102.57,0.946,WRONG,2026-01-27,BACKFILL
2026-01-26,GLD,HELD,30.29,HIGH,464.7,476.1,2.453,RIGHT,2026-01-27,BACKFILL
2026-01-26,QQQ,LONG,5.44,HIGH,623.99,629.64,0.905,RIGHT,2026-01-27,BACKFILL
2026-01-27,BTC,FLAT,-15.62,HIGH,89102.57,89184.57,0.092,WRONG,2026-01-28,BACKFILL
2026-01-27,GLD,HELD,33.08,HIGH,476.1,494.56,3.877,RIGHT,2026-01-28,BACKFILL
2026-01-27,QQQ,LONG,6.28,HIGH,629.64,631.73,0.332,RIGHT,2026-01-28,BACKFILL
2026-01-28,BTC,FLAT,-15.46,HIGH,89184.57,84561.59,-5.184,RIGHT,2026-01-29,BACKFILL
2026-01-28,GLD,HELD,37.75,HIGH,494.56,495.9,0.271,RIGHT,2026-01-29,BACKFILL
2026-01-28,QQQ,LONG,6.52,HIGH,631.73,627.95,-0.598,WRONG,2026-01-29,BACKFILL
2026-01-29,BTC,FLAT,-19.72,HIGH,84561.59,84128.66,-0.512,RIGHT,2026-01-30,BACKFILL
2026-01-29,GLD,HELD,37.65,HIGH,495.9,444.95,-10.274,WRONG,2026-01-30,BACKFILL
2026-01-29,QQQ,LONG,5.77,HIGH,627.95,620.41,-1.201,WRONG,2026-01-30,BACKFILL
2026-01-30,BTC,FLAT,-20.02,HIGH,84128.66,78688.77,-6.466,RIGHT,2026-02-02,BACKFILL
2026-01-30,GLD,HELD,23.19,HIGH,444.95,427.13,-4.005,WRONG,2026-02-02,BACKFILL
2026-01-30,QQQ,LONG,4.41,MEDIUM,620.41,624.67,0.687,RIGHT,2026-02-02,BACKFILL
2026-02-02,BTC,FLAT,-25.06,HIGH,78688.77,75633.55,-3.883,RIGHT,2026-02-03,BACKFILL
2026-02-02,GLD,HELD,17.98,HIGH,427.13,454.29,6.359,RIGHT,2026-02-03,BACKFILL
2026-02-02,QQQ,LONG,5.04,HIGH,624.67,615.07,-1.537,WRONG,2026-02-03,BACKFILL
2026-02-03,BTC,FLAT,-27.82,HIGH,75633.55,73019.7,-3.456,RIGHT,2026-02-04,BACKFILL
2026-02-03,GLD,HELD,25.14,HIGH,454.29,453.97,-0.07,WRONG,2026-02-04,BACKFILL
2026-02-03,QQQ,LONG,3.35,MEDIUM,615.07,604.32,-1.748,WRONG,2026-02-04,BACKFILL
2026-02-04,BTC,FLAT,-30.17,HIGH,73019.7,62702.1,-14.13,RIGHT,2026-02-05,BACKFILL
2026-02-04,GLD,HELD,24.71,HIGH,453.97,441.88,-2.663,WRONG,2026-02-05,BACKFILL
2026-02-04,QQQ,LONG,1.47,LOW,604.32,595.62,-1.44,WRONG,2026-02-05,BACKFILL
2026-02-05,BTC,FLAT,-39.86,HIGH,62702.1,70555.39,12.525,WRONG,2026-02-06,BACKFILL
2026-02-05,GLD,HELD,21.1,HIGH,441.88,455.46,3.073,RIGHT,2026-02-06,BACKFILL
2026-02-05,QQQ,FLAT,-0.04,LOW,595.62,608.21,2.114,WRONG,2026-02-06,BACKFILL
2026-02-06,BTC,FLAT,-32.16,HIGH,70555.39,70120.78,-0.616,RIGHT,2026-02-09,BACKFILL
2026-02-06,GLD,HELD,24.48,HIGH,455.46,467.03,2.54,RIGHT,2026-02-09,BACKFILL
2026-02-06,QQQ,LONG,2.01,MEDIUM,608.21,612.87,0.766,RIGHT,2026-02-09,BACKFILL
2026-02-09,BTC,FLAT,-32.41,HIGH,70120.78,68793.96,-1.892,RIGHT,2026-02-10,BACKFILL
2026-02-09,GLD,HELD,27.28,HIGH,467.03,462.4,-0.991,WRONG,2026-02-10,BACKFILL
2026-02-09,QQQ,LONG,2.72,MEDIUM,612.87,610.03,-0.463,WRONG,2026-02-10,BACKFILL
2026-02-10,BTC,FLAT,-33.52,HIGH,68793.96,66991.97,-2.619,RIGHT,2026-02-11,BACKFILL
2026-02-10,GLD,HELD,25.65,HIGH,462.4,467.63,1.131,RIGHT,2026-02-11,BACKFILL
2026-02-10,QQQ,LONG,2.17,MEDIUM,610.03,611.67,0.269,RIGHT,2026-02-11,BACKFILL
2026-02-11,BTC,FLAT,-35.07,HIGH,66991.97,66221.84,-1.15,RIGHT,2026-02-12,BACKFILL
2026-02-11,GLD,HELD,26.7,HIGH,467.63,451.39,-3.473,WRONG,2026-02-12,BACKFILL
2026-02-11,QQQ,LONG,2.38,MEDIUM,611.67,599.23,-2.034,WRONG,2026-02-12,BACKFILL
2026-02-12,BTC,FLAT,-35.61,HIGH,66221.84,68857.84,3.981,WRONG,2026-02-13,BACKFILL
2026-02-12,GLD,HELD,21.98,HIGH,451.39,462.62,2.488,RIGHT,2026-02-13,BACKFILL
2026-02-12,QQQ,LONG,0.25,LOW,599.23,600.5,0.212,RIGHT,2026-02-13,BACKFILL
2026-02-13,BTC,FLAT,-32.84,HIGH,68857.84,67494.22,-1.98,RIGHT,2026-02-17,BACKFILL
2026-02-13,GLD,HELD,24.67,HIGH,462.62,448.2,-3.117,WRONG,2026-02-17,BACKFILL
2026-02-13,QQQ,LONG,0.4,LOW,600.5,599.88,-0.103,WRONG,2026-02-17,BACKFILL
2026-02-17,BTC,FLAT,-33.94,HIGH,67494.22,66425.32,-1.584,RIGHT,2026-02-18,BACKFILL
2026-02-17,GLD,HELD,20.48,HIGH,448.2,458.28,2.249,RIGHT,2026-02-18,BACKFILL
2026-02-17,QQQ,LONG,0.25,LOW,599.88,604.36,0.747,RIGHT,2026-02-18,BACKFILL
2026-02-18,BTC,FLAT,-34.77,HIGH,66425.32,66957.52,0.801,WRONG,2026-02-19,BACKFILL
2026-02-18,GLD,HELD,22.86,HIGH,458.28,459.56,0.279,RIGHT,2026-02-19,BACKFILL
2026-02-18,QQQ,LONG,0.94,LOW,604.36,602.05,-0.382,WRONG,2026-02-19,BACKFILL
2026-02-19,BTC,FLAT,-34.02,HIGH,66957.52,68005.42,1.565,WRONG,2026-02-20,BACKFILL
2026-02-19,GLD,HELD,22.87,HIGH,459.56,468.62,1.971,RIGHT,2026-02-20,BACKFILL
2026-02-19,QQQ,LONG,0.5,LOW,602.05,607.38,0.885,RIGHT,2026-02-20,BACKFILL
2026-02-20,BTC,FLAT,-32.77,HIGH,68005.42,64616.74,-4.983,RIGHT,2026-02-23,BACKFILL
2026-02-20,GLD,HELD,24.93,HIGH,468.62,481.28,2.702,RIGHT,2026-02-23,BACKFILL
2026-02-20,QQQ,LONG,1.34,LOW,607.38,599.99,-1.217,WRONG,2026-02-23,BACKFILL
2026-02-23,BTC,FLAT,-35.89,HIGH,64616.74,64080.04,-0.831,RIGHT,2026-02-24,BACKFILL
2026-02-23,GLD,HELD,27.91,HIGH,481.28,474.61,-1.386,WRONG,2026-02-24,BACKFILL
2026-02-23,QQQ,LONG,0.06,LOW,599.99,606.44,1.075,RIGHT,2026-02-24,BACKFILL
2026-02-24,BTC,FLAT,-36.2,HIGH,64080.04,67960.12,6.055,WRONG,2026-02-25,BACKFILL
2026-02-24,GLD,HELD,25.78,HIGH,474.61,473.42,-0.251,WRONG,2026-02-25,BACKFILL
2026-02-24,QQQ,LONG,1.08,LOW,606.44,615.23,1.449,RIGHT,2026-02-25,BACKFILL
2026-02-25,BTC,FLAT,-32.1,HIGH,67960.12,67453.77,-0.745,RIGHT,2026-02-26,BACKFILL
2026-02-25,GLD,HELD,25.12,HIGH,473.42,477.48,0.858,RIGHT,2026-02-26,BACKFILL
2026-02-25,QQQ,LONG,2.48,MEDIUM,615.23,607.8,-1.208,WRONG,2026-02-26,BACKFILL
2026-02-26,BTC,FLAT,-32.37,HIGH,67453.77,65881.8,-2.33,RIGHT,2026-02-27,BACKFILL
2026-02-26,GLD,HELD,25.83,HIGH,477.48,483.75,1.313,RIGHT,2026-02-27,BACKFILL
2026-02-26,QQQ,LONG,1.19,LOW,607.8,605.86,-0.319,WRONG,2026-02-27,BACKFILL
2026-02-27,BTC,FLAT,-33.72,HIGH,65881.8,68775.85,4.393,WRONG,2026-03-02,BACKFILL
2026-02-27,GLD,HELD,27.09,HIGH,483.75,490.0,1.292,RIGHT,2026-03-02,BACKFILL
2026-02-27,QQQ,LONG,0.82,LOW,605.86,606.66,0.132,RIGHT,2026-03-02,BACKFILL
2026-03-02,BTC,FLAT,-30.58,HIGH,68775.85,68293.65,-0.701,RIGHT,2026-03-03,BACKFILL
2026-03-02,GLD,HELD,28.32,HIGH,490.0,468.14,-4.461,WRONG,2026-03-03,BACKFILL
2026-03-02,QQQ,LONG,0.91,LOW,606.66,600.16,-1.071,WRONG,2026-03-03,BACKFILL
2026-03-03,BTC,FLAT,-30.83,HIGH,68293.65,72710.58,6.468,WRONG,2026-03-04,BACKFILL
2026-03-03,GLD,HELD,22.25,HIGH,468.14,471.8,0.782,RIGHT,2026-03-04,BACKFILL
2026-03-03,QQQ,FLAT,-0.21,LOW,600.16,609.31,1.525,WRONG,2026-03-04,BACKFILL
2026-03-04,BTC,FLAT,-26.14,HIGH,72710.58,70841.12,-2.571,RIGHT,2026-03-05,BACKFILL
2026-03-04,GLD,HELD,22.85,HIGH,471.8,466.13,-1.202,WRONG,2026-03-05,BACKFILL
2026-03-04,QQQ,LONG,1.26,LOW,609.31,607.48,-0.3,WRONG,2026-03-05,BACKFILL
2026-03-05,BTC,FLAT,-27.81,HIGH,70841.12,68136.49,-3.818,RIGHT,2026-03-06,BACKFILL
2026-03-05,GLD,HELD,21.03,HIGH,466.13,473.51,1.583,RIGHT,2026-03-06,BACKFILL
2026-03-05,QQQ,LONG,0.91,LOW,607.48,598.34,-1.505,WRONG,2026-03-06,BACKFILL
2026-03-06,BTC,FLAT,-30.34,HIGH,68136.49,68402.38,0.39,WRONG,2026-03-09,BACKFILL
2026-03-06,GLD,HELD,22.58,HIGH,473.51,472.53,-0.207,WRONG,2026-03-09,BACKFILL
2026-03-06,QQQ,FLAT,-0.65,LOW,598.34,606.33,1.335,WRONG,2026-03-09,BACKFILL
2026-03-09,BTC,FLAT,-29.85,HIGH,68402.38,69926.92,2.229,WRONG,2026-03-10,BACKFILL
2026-03-09,GLD,HELD,21.98,HIGH,472.53,477.86,1.128,RIGHT,2026-03-10,BACKFILL
2026-03-09,QQQ,LONG,0.61,LOW,606.33,606.34,0.002,RIGHT,2026-03-10,BACKFILL
2026-03-10,BTC,FLAT,-28.06,HIGH,69926.92,70204.88,0.398,WRONG,2026-03-11,BACKFILL
2026-03-10,GLD,HELD,23.01,HIGH,477.86,476.24,-0.339,WRONG,2026-03-11,BACKFILL
2026-03-10,QQQ,LONG,0.57,LOW,606.34,606.26,-0.013,WRONG,2026-03-11,BACKFILL
2026-03-11,BTC,FLAT,-27.56,HIGH,70204.88,70493.46,0.411,WRONG,2026-03-12,BACKFILL
2026-03-11,GLD,HELD,22.24,HIGH,476.24,466.88,-1.965,WRONG,2026-03-12,BACKFILL
2026-03-11,QQQ,LONG,0.5,LOW,606.26,595.85,-1.717,WRONG,2026-03-12,BACKFILL
2026-03-12,BTC,FLAT,-27.04,HIGH,70493.46,70968.27,0.674,WRONG,2026-03-13,BACKFILL
2026-03-12,GLD,HELD,19.52,HIGH,466.88,460.84,-1.294,WRONG,2026-03-13,BACKFILL
2026-03-12,QQQ,FLAT,-1.26,LOW,595.85,592.32,-0.592,RIGHT,2026-03-13,BACKFILL
2026-03-13,BTC,FLAT,-26.31,HIGH,70968.27,74861.09,5.485,WRONG,2026-03-16,BACKFILL
2026-03-13,GLD,HELD,17.68,HIGH,460.84,460.43,-0.089,WRONG,2026-03-16,BACKFILL
2026-03-13,QQQ,FLAT,-1.87,LOW,592.32,598.97,1.123,WRONG,2026-03-16,BACKFILL
2026-03-16,BTC,FLAT,-22.04,HIGH,74861.09,73922.48,-1.254,RIGHT,2026-03-17,BACKFILL
2026-03-16,GLD,HELD,17.28,HIGH,460.43,459.27,-0.252,WRONG,2026-03-17,BACKFILL
2026-03-16,QQQ,FLAT,-0.8,LOW,598.97,601.89,0.488,WRONG,2026-03-17,BACKFILL
2026-03-17,BTC,FLAT,-22.78,HIGH,73922.48,71245.58,-3.621,RIGHT,2026-03-18,BACKFILL
2026-03-17,GLD,HELD,16.69,HIGH,459.27,444.74,-3.164,WRONG,2026-03-18,BACKFILL
2026-03-17,QQQ,FLAT,-0.35,LOW,601.89,593.5,-1.394,RIGHT,2026-03-18,BACKFILL
2026-03-18,BTC,FLAT,-25.32,HIGH,71245.58,69912.79,-1.871,RIGHT,2026-03-19,BACKFILL
2026-03-18,GLD,HELD,12.73,HIGH,444.74,426.41,-4.122,WRONG,2026-03-19,BACKFILL
2026-03-18,QQQ,FLAT,-1.76,LOW,593.5,591.62,-0.317,RIGHT,2026-03-19,BACKFILL
2026-03-19,BTC,FLAT,-26.44,HIGH,69912.79,70522.59,0.872,WRONG,2026-03-20,BACKFILL
2026-03-19,GLD,HELD,7.87,HIGH,426.41,413.38,-3.056,WRONG,2026-03-20,BACKFILL
2026-03-19,QQQ,FLAT,-2.09,MEDIUM,591.62,580.69,-1.847,RIGHT,2026-03-20,BACKFILL
2026-03-20,BTC,FLAT,-25.55,HIGH,70522.59,70914.86,0.556,WRONG,2026-03-23,BACKFILL
2026-03-20,GLD,HELD,4.39,MEDIUM,413.38,404.04,-2.259,WRONG,2026-03-23,BACKFILL
2026-03-20,QQQ,FLAT,-3.9,MEDIUM,580.69,587.35,1.147,WRONG,2026-03-23,BACKFILL
2026-03-23,BTC,FLAT,-24.89,HIGH,70914.86,70517.86,-0.56,RIGHT,2026-03-24,BACKFILL
2026-03-23,GLD,HELD,1.87,LOW,404.04,404.13,0.022,RIGHT,2026-03-24,BACKFILL
2026-03-23,QQQ,FLAT,-2.81,MEDIUM,587.35,583.34,-0.683,RIGHT,2026-03-24,BACKFILL
2026-03-24,BTC,FLAT,-25.07,HIGH,70517.86,71309.88,1.123,WRONG,2026-03-25,BACKFILL
2026-03-24,GLD,HELD,1.72,LOW,404.13,416.29,3.009,RIGHT,2026-03-25,BACKFILL
2026-03-24,QQQ,FLAT,-3.48,MEDIUM,583.34,587.17,0.657,WRONG,2026-03-25,BACKFILL
2026-03-25,BTC,FLAT,-24.01,HIGH,71309.88,68791.62,-3.531,RIGHT,2026-03-26,BACKFILL
2026-03-25,GLD,HELD,4.59,MEDIUM,416.29,400.64,-3.759,WRONG,2026-03-26,BACKFILL
2026-03-25,QQQ,FLAT,-2.87,MEDIUM,587.17,573.16,-2.386,RIGHT,2026-03-26,BACKFILL
2026-03-26,BTC,FLAT,-26.45,HIGH,68791.62,66338.38,-3.566,RIGHT,2026-03-27,BACKFILL
2026-03-26,GLD,HELD,0.5,LOW,400.64,414.7,3.509,RIGHT,2026-03-27,BACKFILL
2026-03-26,QQQ,FLAT,-5.2,HIGH,573.16,561.96,-1.954,RIGHT,2026-03-27,BACKFILL
2026-03-27,BTC,FLAT,-28.84,HIGH,66338.38,66691.45,0.532,WRONG,2026-03-30,BACKFILL
2026-03-27,GLD,HELD,3.84,MEDIUM,414.7,414.58,-0.029,WRONG,2026-03-30,BACKFILL
2026-03-27,QQQ,FLAT,-7.05,HIGH,561.96,557.67,-0.763,RIGHT,2026-03-30,BACKFILL
2026-03-30,BTC,FLAT,-28.21,HIGH,66691.45,68233.31,2.312,WRONG,2026-03-31,BACKFILL
2026-03-30,GLD,HELD,3.63,MEDIUM,414.58,430.29,3.789,RIGHT,2026-03-31,BACKFILL
2026-03-30,QQQ,FLAT,-7.75,HIGH,557.67,576.55,3.386,WRONG,2026-03-31,BACKFILL
2026-03-31,BTC,FLAT,-26.32,HIGH,68233.31,68078.55,-0.227,RIGHT,2026-04-01,BACKFILL
2026-03-31,GLD,HELD,7.34,HIGH,430.29,437.82,1.75,RIGHT,2026-04-01,BACKFILL
2026-03-31,QQQ,FLAT,-4.64,MEDIUM,576.55,583.67,1.235,WRONG,2026-04-01,BACKFILL
2026-04-01,BTC,FLAT,-26.26,HIGH,68078.55,66888.57,-1.748,RIGHT,2026-04-02,BACKFILL
2026-04-01,GLD,HELD,8.99,HIGH,437.82,429.41,-1.921,WRONG,2026-04-02,BACKFILL
2026-04-01,QQQ,FLAT,-3.48,MEDIUM,583.67,584.34,0.115,WRONG,2026-04-02,BACKFILL
2026-04-02,BTC,FLAT,-27.32,HIGH,66888.57,68859.83,2.947,WRONG,2026-04-06,BACKFILL
2026-04-02,GLD,HELD,6.69,HIGH,429.41,427.65,-0.41,WRONG,2026-04-06,BACKFILL
2026-04-02,QQQ,FLAT,-3.38,MEDIUM,584.34,587.85,0.601,WRONG,2026-04-06,BACKFILL
2026-04-06,BTC,FLAT,-24.94,HIGH,68859.83,71940.7,4.474,WRONG,2026-04-07,BACKFILL
2026-04-06,GLD,HELD,6.06,HIGH,427.65,431.81,0.973,RIGHT,2026-04-07,BACKFILL
2026-04-06,QQQ,FLAT,-2.81,MEDIUM,587.85,587.94,0.015,WRONG,2026-04-07,BACKFILL
2026-04-07,BTC,FLAT,-21.37,HIGH,71940.7,71123.36,-1.136,RIGHT,2026-04-08,BACKFILL
2026-04-07,GLD,HELD,6.89,HIGH,431.81,434.53,0.63,RIGHT,2026-04-08,BACKFILL
2026-04-07,QQQ,FLAT,-2.82,MEDIUM,587.94,605.42,2.973,WRONG,2026-04-08,BACKFILL
2026-04-08,BTC,FLAT,-22.03,HIGH,71123.36,71767.83,0.906,WRONG,2026-04-09,BACKFILL
2026-04-08,GLD,HELD,7.37,HIGH,434.53,437.91,0.778,RIGHT,2026-04-09,BACKFILL
2026-04-08,QQQ,LONG,0.02,LOW,605.42,609.52,0.677,RIGHT,2026-04-09,BACKFILL
2026-04-09,BTC,FLAT,-21.1,HIGH,71767.83,72979.05,1.688,WRONG,2026-04-10,BACKFILL
2026-04-09,GLD,HELD,8.01,HIGH,437.91,437.13,-0.178,WRONG,2026-04-10,BACKFILL
2026-04-09,QQQ,LONG,0.65,LOW,609.52,610.4,0.144,RIGHT,2026-04-10,BACKFILL
2026-04-10,BTC,FLAT,-19.54,HIGH,72979.05,74484.64,2.063,WRONG,2026-04-13,BACKFILL
2026-04-10,GLD,HELD,7.62,HIGH,437.13,435.36,-0.405,WRONG,2026-04-13,BACKFILL
2026-04-10,QQQ,LONG,0.76,LOW,610.4,616.71,1.034,RIGHT,2026-04-13,BACKFILL
2026-04-13,BTC,FLAT,-17.66,HIGH,74484.64,74181.61,-0.407,RIGHT,2026-04-14,BACKFILL
2026-04-13,GLD,HELD,7.0,HIGH,435.36,445.09,2.235,RIGHT,2026-04-14,BACKFILL
2026-04-13,QQQ,LONG,1.75,LOW,616.71,627.91,1.816,RIGHT,2026-04-14,BACKFILL
2026-04-14,BTC,FLAT,-17.77,HIGH,74181.61,74805.08,0.84,WRONG,2026-04-15,BACKFILL
2026-04-14,GLD,HELD,9.2,HIGH,445.09,440.46,-1.04,WRONG,2026-04-15,BACKFILL
2026-04-14,QQQ,LONG,3.54,MEDIUM,627.91,636.7,1.4,RIGHT,2026-04-15,BACKFILL
2026-04-15,BTC,FLAT,-16.85,HIGH,74805.08,75152.13,0.464,WRONG,2026-04-16,BACKFILL
2026-04-15,GLD,HELD,7.87,HIGH,440.46,440.08,-0.086,WRONG,2026-04-16,BACKFILL
2026-04-15,QQQ,LONG,4.92,MEDIUM,636.7,639.77,0.482,RIGHT,2026-04-16,BACKFILL
2026-04-16,BTC,FLAT,-16.23,HIGH,75152.13,77126.88,2.628,WRONG,2026-04-17,BACKFILL
2026-04-16,GLD,HELD,7.6,HIGH,440.08,445.93,1.329,RIGHT,2026-04-17,BACKFILL
2026-04-16,QQQ,LONG,5.35,HIGH,639.77,648.14,1.308,RIGHT,2026-04-17,BACKFILL
2026-04-17,BTC,FLAT,-13.78,HIGH,77126.88,75872.52,-1.626,RIGHT,2026-04-20,BACKFILL
2026-04-17,GLD,HELD,8.83,HIGH,445.93,442.09,-0.861,WRONG,2026-04-20,BACKFILL
2026-04-17,QQQ,LONG,6.65,HIGH,648.14,646.08,-0.318,WRONG,2026-04-20,BACKFILL
2026-04-20,BTC,FLAT,-14.93,HIGH,75872.52,76352.77,0.633,WRONG,2026-04-21,BACKFILL
2026-04-20,GLD,HELD,7.7,HIGH,442.09,429.57,-2.832,WRONG,2026-04-21,BACKFILL
2026-04-20,QQQ,LONG,6.24,HIGH,646.08,643.62,-0.381,WRONG,2026-04-21,BACKFILL
2026-04-21,BTC,FLAT,-14.14,HIGH,76352.77,78203.1,2.423,WRONG,2026-04-22,BACKFILL
2026-04-21,GLD,HELD,4.5,MEDIUM,429.57,435.26,1.325,RIGHT,2026-04-22,BACKFILL
2026-04-21,QQQ,LONG,5.77,HIGH,643.62,654.39,1.673,RIGHT,2026-04-22,BACKFILL
2026-04-22,BTC,FLAT,-11.8,HIGH,78203.1,78268.95,0.084,WRONG,2026-04-23,BACKFILL
2026-04-22,GLD,HELD,5.72,HIGH,435.26,431.04,-0.97,WRONG,2026-04-23,BACKFILL
2026-04-22,QQQ,LONG,7.47,HIGH,654.39,650.7,-0.564,WRONG,2026-04-23,BACKFILL
2026-04-23,BTC,FLAT,-11.47,HIGH,78268.95,77455.31,-1.04,RIGHT,2026-04-24,BACKFILL
2026-04-23,GLD,HELD,4.54,MEDIUM,431.04,433.25,0.513,RIGHT,2026-04-24,BACKFILL
2026-04-23,QQQ,LONG,6.79,HIGH,650.7,663.15,1.913,RIGHT,2026-04-24,BACKFILL
2026-04-24,BTC,FLAT,-12.13,HIGH,77455.31,77366.62,-0.115,RIGHT,2026-04-27,BACKFILL
2026-04-24,GLD,HELD,4.91,MEDIUM,433.25,429.89,-0.776,WRONG,2026-04-27,BACKFILL
2026-04-24,QQQ,LONG,8.75,HIGH,663.15,663.5,0.053,RIGHT,2026-04-27,BACKFILL
2026-04-27,BTC,FLAT,-11.97,HIGH,77366.62,76350.67,-1.313,RIGHT,2026-04-28,BACKFILL
2026-04-27,GLD,HELD,3.94,MEDIUM,429.89,421.91,-1.856,WRONG,2026-04-28,BACKFILL
2026-04-27,QQQ,LONG,8.72,HIGH,663.5,656.83,-1.005,WRONG,2026-04-28,BACKFILL
2026-04-28,BTC,FLAT,-12.89,HIGH,76350.67,75776.13,-0.753,RIGHT,2026-04-29,BACKFILL
2026-04-28,GLD,HELD,1.89,LOW,421.91,417.41,-1.067,WRONG,2026-04-29,BACKFILL
2026-04-28,QQQ,LONG,7.56,HIGH,656.83,660.84,0.611,RIGHT,2026-04-29,BACKFILL
2026-04-29,BTC,FLAT,-13.31,HIGH,75776.13,76304.32,0.697,WRONG,2026-04-30,BACKFILL
2026-04-29,GLD,HELD,0.68,LOW,417.41,423.66,1.497,RIGHT,2026-04-30,BACKFILL
2026-04-29,QQQ,LONG,8.14,HIGH,660.84,667.01,0.934,RIGHT,2026-04-30,BACKFILL
2026-04-30,BTC,FLAT,-12.46,HIGH,76304.32,78179.0,2.457,WRONG,2026-05-01,BACKFILL
2026-04-30,GLD,HELD,2.06,MEDIUM,423.66,423.18,-0.113,WRONG,2026-05-01,BACKFILL
2026-04-30,QQQ,LONG,9.07,HIGH,667.01,673.41,0.96,RIGHT,2026-05-01,BACKFILL
2026-05-01,BTC,FLAT,-10.09,HIGH,78179.0,79827.91,2.109,WRONG,2026-05-04,BACKFILL
2026-05-01,GLD,HELD,1.82,LOW,423.18,414.71,-2.002,WRONG,2026-05-04,BACKFILL
2026-05-01,QQQ,LONG,10.01,HIGH,673.41,672.14,-0.189,WRONG,2026-05-04,BACKFILL
2026-05-04,BTC,FLAT,-7.99,HIGH,79827.91,80927.05,1.377,WRONG,2026-05-05,BACKFILL
2026-05-04,GLD,HELD,-0.33,LOW,414.71,418.27,0.858,RIGHT,2026-05-05,BACKFILL
2026-05-04,QQQ,LONG,9.71,HIGH,672.14,680.86,1.297,RIGHT,2026-05-05,BACKFILL
2026-05-05,BTC,FLAT,-6.48,HIGH,80927.05,81427.53,0.618,WRONG,2026-05-06,BACKFILL
2026-05-05,GLD,HELD,0.42,LOW,418.27,430.96,3.034,RIGHT,2026-05-06,BACKFILL
2026-05-05,QQQ,LONG,11.03,HIGH,680.86,695.01,2.078,RIGHT,2026-05-06,BACKFILL
2026-05-06,BTC,FLAT,-5.66,HIGH,81427.53,80009.99,-1.741,RIGHT,2026-05-07,BACKFILL
2026-05-06,GLD,HELD,3.34,MEDIUM,430.96,431.68,0.167,RIGHT,2026-05-07,BACKFILL
2026-05-06,QQQ,LONG,13.22,HIGH,695.01,694.18,-0.119,WRONG,2026-05-07,BACKFILL
2026-05-07,BTC,FLAT,-7.03,HIGH,80009.99,80186.77,0.221,WRONG,2026-05-08,BACKFILL
2026-05-07,GLD,HELD,3.39,MEDIUM,431.68,433.77,0.484,RIGHT,2026-05-08,BACKFILL
2026-05-07,QQQ,LONG,12.97,HIGH,694.18,710.45,2.344,RIGHT,2026-05-08,BACKFILL
2026-05-08,BTC,FLAT,-6.53,HIGH,80186.77,81728.3,1.922,WRONG,2026-05-11,BACKFILL
2026-05-08,GLD,HELD,3.76,MEDIUM,433.77,434.65,0.203,RIGHT,2026-05-11,BACKFILL
2026-05-08,QQQ,LONG,15.49,HIGH,710.45,712.51,0.29,RIGHT,2026-05-11,BACKFILL
2026-05-11,BTC,FLAT,-4.43,MEDIUM,81728.3,80477.49,-1.53,RIGHT,2026-05-12,BACKFILL
2026-05-11,GLD,HELD,3.84,MEDIUM,434.65,432.93,-0.396,WRONG,2026-05-12,BACKFILL
2026-05-11,QQQ,LONG,15.68,HIGH,712.51,706.46,-0.849,WRONG,2026-05-12,BACKFILL
2026-05-12,BTC,FLAT,-5.57,HIGH,80477.49,79277.12,-1.492,RIGHT,2026-05-13,BACKFILL
2026-05-12,GLD,HELD,3.32,MEDIUM,432.93,430.5,-0.561,WRONG,2026-05-13,BACKFILL
2026-05-12,QQQ,LONG,14.57,HIGH,706.46,713.93,1.057,RIGHT,2026-05-13,BACKFILL
2026-05-13,BTC,FLAT,-6.67,HIGH,79277.12,81051.25,2.238,WRONG,2026-05-14,BACKFILL
2026-05-13,GLD,HELD,2.63,MEDIUM,430.5,427.21,-0.764,WRONG,2026-05-14,BACKFILL
2026-05-13,QQQ,LONG,15.65,HIGH,713.93,719.0,0.71,RIGHT,2026-05-14,BACKFILL
2026-05-14,BTC,FLAT,-4.26,MEDIUM,81051.25,79065.68,-2.45,RIGHT,2026-05-15,BACKFILL
2026-05-14,GLD,HELD,1.76,LOW,427.21,417.29,-2.322,WRONG,2026-05-15,BACKFILL
2026-05-14,QQQ,LONG,16.33,HIGH,719.0,708.15,-1.509,WRONG,2026-05-15,BACKFILL
2026-05-15,BTC,FLAT,-6.29,HIGH,79065.68,76954.17,-2.671,RIGHT,2026-05-18,BACKFILL
2026-05-15,GLD,HELD,-0.69,LOW,417.29,418.43,0.273,RIGHT,2026-05-18,BACKFILL
2026-05-15,QQQ,LONG,14.45,HIGH,708.15,705.11,-0.429,WRONG,2026-05-18,BACKFILL
2026-05-18,BTC,FLAT,-8.53,HIGH,76954.17,76750.91,-0.264,RIGHT,2026-05-19,BACKFILL
2026-05-18,GLD,HELD,-0.49,LOW,418.43,411.5,-1.656,WRONG,2026-05-19,BACKFILL
2026-05-18,QQQ,LONG,13.82,HIGH,705.11,700.76,-0.617,WRONG,2026-05-19,BACKFILL
2026-05-19,BTC,FLAT,-8.49,HIGH,76750.91,77457.77,0.921,WRONG,2026-05-20,BACKFILL
2026-05-19,GLD,HELD,-2.19,MEDIUM,411.5,417.4,1.434,RIGHT,2026-05-20,BACKFILL
2026-05-19,QQQ,LONG,12.99,HIGH,700.76,712.37,1.657,RIGHT,2026-05-20,BACKFILL
2026-05-20,BTC,FLAT,-7.39,HIGH,77457.77,77539.17,0.105,WRONG,2026-05-21,BACKFILL
2026-05-20,GLD,HELD,-0.85,LOW,417.4,416.99,-0.098,WRONG,2026-05-21,BACKFILL
2026-05-20,QQQ,LONG,14.72,HIGH,712.37,713.73,0.191,RIGHT,2026-05-21,BACKFILL
2026-05-21,BTC,FLAT,-7.05,HIGH,77539.17,75488.24,-2.645,RIGHT,2026-05-22,BACKFILL
2026-05-21,GLD,HELD,-0.99,LOW,416.99,413.82,-0.76,WRONG,2026-05-22,BACKFILL
2026-05-21,QQQ,LONG,14.8,HIGH,713.73,716.75,0.423,RIGHT,2026-05-22,BACKFILL
2026-05-22,BTC,FLAT,-9.27,HIGH,75488.24,75825.73,0.447,WRONG,2026-05-26,BACKFILL
2026-05-22,GLD,HELD,-1.77,LOW,413.82,414.0,0.043,RIGHT,2026-05-26,BACKFILL
2026-05-22,QQQ,LONG,15.14,HIGH,716.75,729.48,1.776,RIGHT,2026-05-26,BACKFILL
2026-05-26,BTC,FLAT,-8.64,HIGH,75825.73,74344.7,-1.953,RIGHT,2026-05-27,BACKFILL
2026-05-26,GLD,HELD,-1.77,LOW,414.0,408.49,-1.331,WRONG,2026-05-27,BACKFILL
2026-05-26,QQQ,LONG,17.02,HIGH,729.48,728.65,-0.114,WRONG,2026-05-27,BACKFILL
2026-05-27,BTC,FLAT,-10.16,HIGH,74344.7,73536.55,-1.087,RIGHT,2026-05-28,BACKFILL
2026-05-27,GLD,HELD,-3.08,MEDIUM,408.49,412.77,1.048,RIGHT,2026-05-28,BACKFILL
2026-05-27,QQQ,LONG,16.74,HIGH,728.65,734.79,0.843,RIGHT,2026-05-28,BACKFILL
2026-05-28,BTC,FLAT,-10.89,HIGH,73536.55,73372.52,-0.223,RIGHT,2026-05-29,BACKFILL
2026-05-28,GLD,HELD,-2.12,MEDIUM,412.77,417.12,1.054,RIGHT,2026-05-29,BACKFILL
2026-05-28,QQQ,LONG,17.57,HIGH,734.79,737.5,0.369,RIGHT,2026-05-29,BACKFILL
2026-05-29,BTC,FLAT,-10.84,HIGH,73372.52,71319.77,-2.798,RIGHT,2026-06-01,BACKFILL
2026-05-29,GLD,HELD,-1.15,LOW,417.12,411.26,-1.405,WRONG,2026-06-01,BACKFILL
2026-05-29,QQQ,LONG,17.83,HIGH,737.5,741.92,0.599,RIGHT,2026-06-01,BACKFILL
2026-06-01,BTC,FLAT,-13.06,HIGH,71319.77,66703.66,-6.472,RIGHT,2026-06-02,BACKFILL
2026-06-01,GLD,HELD,-2.59,MEDIUM,411.26,411.95,0.168,RIGHT,2026-06-02,BACKFILL
2026-06-01,QQQ,LONG,18.37,HIGH,741.92,745.34,0.461,RIGHT,2026-06-02,BACKFILL
2026-06-02,BTC,FLAT,-18.39,HIGH,66703.66,64014.37,-4.032,RIGHT,2026-06-03,BACKFILL
2026-06-02,GLD,HELD,-2.48,MEDIUM,411.95,407.87,-0.99,WRONG,2026-06-03,BACKFILL
2026-06-02,QQQ,LONG,18.75,HIGH,745.34,743.39,-0.262,WRONG,2026-06-03,BACKFILL
2026-06-03,BTC,FLAT,-21.36,HIGH,64014.37,63801.57,-0.332,RIGHT,2026-06-04,BACKFILL
2026-06-03,GLD,HELD,-3.51,MEDIUM,407.87,411.27,0.834,RIGHT,2026-06-04,BACKFILL
2026-06-03,QQQ,LONG,18.29,HIGH,743.39,739.8,-0.483,WRONG,2026-06-04,BACKFILL
2026-06-04,BTC,FLAT,-21.31,HIGH,63801.57,60922.67,-4.512,RIGHT,2026-06-05,BACKFILL
2026-06-04,GLD,HELD,-2.78,MEDIUM,411.27,396.24,-3.655,WRONG,2026-06-05,BACKFILL
2026-06-04,QQQ,LONG,17.58,HIGH,739.8,704.29,-4.8,WRONG,2026-06-05,BACKFILL
2026-06-05,BTC,FLAT,-24.55,HIGH,60922.67,63090.59,3.558,WRONG,2026-06-08,BACKFILL
2026-06-05,GLD,HELD,-6.38,HIGH,396.24,397.27,0.26,RIGHT,2026-06-08,BACKFILL
2026-06-05,QQQ,LONG,11.86,HIGH,704.29,715.28,1.56,RIGHT,2026-06-08,BACKFILL
2026-06-08,BTC,FLAT,-21.57,HIGH,63090.59,61643.78,-2.293,RIGHT,2026-06-09,BACKFILL
2026-06-08,GLD,HELD,-6.18,HIGH,397.27,390.78,-1.634,WRONG,2026-06-09,BACKFILL
2026-06-08,QQQ,LONG,13.49,HIGH,715.28,707.05,-1.151,WRONG,2026-06-09,BACKFILL
2026-06-09,BTC,FLAT,-23.07,HIGH,61643.78,61449.29,-0.316,RIGHT,2026-06-10,BACKFILL
2026-06-09,GLD,HELD,-7.74,HIGH,390.78,374.58,-4.146,WRONG,2026-06-10,BACKFILL
2026-06-09,QQQ,LONG,12.09,HIGH,707.05,692.93,-1.997,WRONG,2026-06-10,BACKFILL
2026-06-10,BTC,FLAT,-23.02,HIGH,61449.29,63561.05,3.437,WRONG,2026-06-11,BACKFILL
2026-06-10,GLD,HELD,-11.57,HIGH,374.58,386.32,3.134,RIGHT,2026-06-11,BACKFILL
2026-06-10,QQQ,LONG,9.78,HIGH,692.93,716.33,3.377,RIGHT,2026-06-11,BACKFILL
2026-06-11,BTC,FLAT,-20.12,HIGH,63561.05,63543.2,-0.028,RIGHT,2026-06-12,BACKFILL
2026-06-11,GLD,HELD,-8.84,HIGH,386.32,386.54,0.057,RIGHT,2026-06-12,BACKFILL
2026-06-11,QQQ,LONG,13.37,HIGH,716.33,720.55,0.589,RIGHT,2026-06-12,BACKFILL
2026-06-12,BTC,FLAT,-19.87,HIGH,63543.2,66289.5,4.322,WRONG,2026-06-15,BACKFILL
2026-06-12,GLD,HELD,-8.81,HIGH,386.54,396.55,2.59,RIGHT,2026-06-15,BACKFILL
2026-06-12,QQQ,LONG,13.91,HIGH,720.55,743.18,3.141,RIGHT,2026-06-15,BACKFILL
2026-06-15,BTC,FLAT,-16.16,HIGH,66289.5,65600.64,-1.039,RIGHT,2026-06-16,BACKFILL
2026-06-15,GLD,HELD,-6.5,HIGH,396.55,397.63,0.272,RIGHT,2026-06-16,BACKFILL
2026-06-15,QQQ,LONG,17.33,HIGH,743.18,729.06,-1.9,WRONG,2026-06-16,BACKFILL
2026-06-16,BTC,FLAT,-16.77,HIGH,65600.64,64418.45,-1.802,RIGHT,2026-06-17,BACKFILL
2026-06-16,GLD,HELD,-6.29,HIGH,397.63,388.6,-2.271,WRONG,2026-06-17,BACKFILL
2026-06-16,QQQ,LONG,14.95,HIGH,729.06,721.72,-1.007,WRONG,2026-06-17,BACKFILL
2026-06-17,BTC,FLAT,-17.98,HIGH,64418.45,62896.47,-2.363,RIGHT,2026-06-18,BACKFILL
2026-06-17,GLD,HELD,-8.43,HIGH,388.6,387.12,-0.381,WRONG,2026-06-18,BACKFILL
2026-06-17,QQQ,LONG,13.67,HIGH,721.72,739.81,2.507,RIGHT,2026-06-18,BACKFILL
2026-06-18,BTC,FLAT,-19.65,HIGH,62896.47,63952.11,1.678,WRONG,2026-06-22,BACKFILL
2026-06-18,GLD,HELD,-8.79,HIGH,387.12,384.59,-0.654,WRONG,2026-06-22,BACKFILL
2026-06-18,QQQ,LONG,16.38,HIGH,739.81,737.95,-0.251,WRONG,2026-06-22,BACKFILL
2026-06-22,BTC,FLAT,-18.03,HIGH,63952.11,62668.02,-2.008,RIGHT,2026-06-23,BACKFILL
2026-06-22,GLD,HELD,-9.38,HIGH,384.59,377.32,-1.89,WRONG,2026-06-23,BACKFILL
2026-06-22,QQQ,LONG,15.94,HIGH,737.95,713.65,-3.293,WRONG,2026-06-23,BACKFILL
2026-06-23,BTC,FLAT,-19.42,HIGH,62668.02,60995.13,-2.669,RIGHT,2026-06-24,BACKFILL
2026-06-23,GLD,HELD,-11.09,HIGH,377.32,365.92,-3.021,WRONG,2026-06-24,BACKFILL
2026-06-23,QQQ,LONG,11.99,HIGH,713.65,710.62,-0.425,WRONG,2026-06-24,BACKFILL
2026-06-24,BTC,FLAT,-21.35,HIGH,60995.13,59721.68,-2.088,RIGHT,2026-06-25,BACKFILL
2026-06-24,GLD,HELD,-13.76,HIGH,365.92,369.46,0.967,RIGHT,2026-06-25,BACKFILL
2026-06-24,QQQ,LONG,11.4,HIGH,710.62,716.38,0.811,RIGHT,2026-06-25,BACKFILL
2026-06-25,BTC,FLAT,-22.78,HIGH,59721.68,60016.43,0.494,WRONG,2026-06-26,BACKFILL
2026-06-25,GLD,HELD,-12.92,HIGH,369.46,373.63,1.129,RIGHT,2026-06-26,BACKFILL
2026-06-25,QQQ,LONG,12.17,HIGH,716.38,706.52,-1.376,WRONG,2026-06-26,BACKFILL
2026-06-26,BTC,FLAT,-22.18,HIGH,60016.43,60138.38,0.203,WRONG,2026-06-29,BACKFILL
2026-06-26,GLD,HELD,-11.94,HIGH,373.63,368.58,-1.352,WRONG,2026-06-29,BACKFILL
2026-06-26,QQQ,LONG,10.49,HIGH,706.52,724.08,2.485,RIGHT,2026-06-29,BACKFILL
2026-06-29,BTC,FLAT,-21.81,HIGH,60138.38,58558.86,-2.626,RIGHT,2026-06-30,BACKFILL
2026-06-29,GLD,HELD,-13.12,HIGH,368.58,368.38,-0.054,WRONG,2026-06-30,BACKFILL
2026-06-29,QQQ,LONG,13.09,HIGH,724.08,736.4,1.701,RIGHT,2026-06-30,BACKFILL
2026-06-30,BTC,FLAT,-23.67,HIGH,58558.86,60003.76,2.467,WRONG,2026-07-01,BACKFILL
2026-06-30,GLD,HELD,-13.16,HIGH,368.38,370.6,0.603,RIGHT,2026-07-01,BACKFILL
2026-06-30,QQQ,LONG,14.83,HIGH,736.4,725.17,-1.525,WRONG,2026-07-01,BACKFILL
2026-07-01,BTC,FLAT,-21.62,HIGH,60003.76,61485.3,2.469,WRONG,2026-07-02,BACKFILL
2026-07-01,GLD,HELD,-12.63,HIGH,370.6,378.13,2.032,RIGHT,2026-07-02,BACKFILL
2026-07-01,QQQ,LONG,12.92,HIGH,725.17,712.6,-1.733,WRONG,2026-07-02,BACKFILL
2026-07-02,BTC,FLAT,-19.5,HIGH,61485.3,63995.02,4.082,WRONG,2026-07-06,BACKFILL
2026-07-02,GLD,HELD,-10.85,HIGH,378.13,382.13,1.058,RIGHT,2026-07-06,BACKFILL
2026-07-02,QQQ,LONG,10.83,HIGH,712.6,722.82,1.434,RIGHT,2026-07-06,BACKFILL
2026-07-06,BTC,FLAT,-16.04,HIGH,63995.02,63297.39,-1.09,RIGHT,2026-07-07,BACKFILL
2026-07-06,GLD,HELD,-9.91,HIGH,382.13,377.49,-1.214,WRONG,2026-07-07,BACKFILL
2026-07-06,QQQ,LONG,12.29,HIGH,722.82,709.43,-1.852,WRONG,2026-07-07,BACKFILL
2026-07-07,BTC,FLAT,-16.76,HIGH,63297.39,62257.57,-1.643,RIGHT,2026-07-08,BACKFILL
2026-07-07,GLD,HELD,-11.0,HIGH,377.49,374.45,-0.805,WRONG,2026-07-08,BACKFILL
2026-07-07,QQQ,LONG,10.1,HIGH,709.43,711.44,0.283,RIGHT,2026-07-08,BACKFILL
2026-07-08,BTC,FLAT,-17.92,HIGH,62257.57,63193.15,1.503,WRONG,2026-07-09,BACKFILL
2026-07-08,GLD,HELD,-11.7,HIGH,374.45,378.18,0.996,RIGHT,2026-07-09,BACKFILL
2026-07-08,QQQ,LONG,10.3,HIGH,711.44,723.28,1.664,RIGHT,2026-07-09,BACKFILL
2026-07-09,BTC,FLAT,-16.51,HIGH,63193.15,64127.14,1.478,WRONG,2026-07-10,BACKFILL
2026-07-09,GLD,HELD,-10.8,HIGH,378.18,377.01,-0.309,WRONG,2026-07-10,BACKFILL
2026-07-09,QQQ,LONG,12.01,HIGH,723.28,725.51,0.308,RIGHT,2026-07-10,BACKFILL
2026-07-10,BTC,FLAT,-15.08,HIGH,64127.14,62239.12,-2.944,RIGHT,2026-07-13,BACKFILL
2026-07-10,GLD,HELD,-11.06,HIGH,377.01,367.13,-2.621,WRONG,2026-07-13,BACKFILL
2026-07-10,QQQ,LONG,12.24,HIGH,725.51,711.74,-1.898,WRONG,2026-07-13,BACKFILL
2026-07-13,BTC,FLAT,-17.35,HIGH,62239.12,64956.11,4.365,WRONG,2026-07-14,BACKFILL
2026-07-13,GLD,HELD,-13.37,HIGH,367.13,372.15,1.367,RIGHT,2026-07-14,BACKFILL
2026-07-13,QQQ,LONG,10.0,HIGH,711.74,719.69,1.117,RIGHT,2026-07-14,BACKFILL
2026-07-14,BTC,FLAT,-13.53,HIGH,64956.11,64712.38,-0.375,RIGHT,2026-07-15,BACKFILL
2026-07-14,GLD,HELD,-12.16,HIGH,372.15,372.35,0.054,RIGHT,2026-07-15,BACKFILL
2026-07-14,QQQ,LONG,11.12,HIGH,719.69,717.74,-0.271,WRONG,2026-07-15,BACKFILL
2026-07-15,BTC,FLAT,-13.67,HIGH,64712.38,63789.28,-1.426,RIGHT,2026-07-16,BACKFILL
2026-07-15,GLD,HELD,-12.09,HIGH,372.35,364.96,-1.985,WRONG,2026-07-16,BACKFILL
2026-07-15,QQQ,LONG,10.71,HIGH,717.74,705.94,-1.644,WRONG,2026-07-16,BACKFILL
2026-07-16,BTC,FLAT,-14.7,HIGH,63789.28,63899.46,0.173,WRONG,2026-07-17,BACKFILL
2026-07-16,GLD,HELD,-13.81,HIGH,364.96,368.41,0.945,RIGHT,2026-07-17,BACKFILL
2026-07-16,QQQ,LONG,8.79,HIGH,705.94,695.33,-1.503,WRONG,2026-07-17,BACKFILL
2026-07-17,BTC,FLAT,-14.33,HIGH,63899.46,65230.03,2.082,WRONG,2026-07-20,BACKFILL
2026-07-17,GLD,HELD,-12.97,HIGH,368.41,367.6,-0.22,WRONG,2026-07-20,BACKFILL
2026-07-17,QQQ,LONG,7.08,HIGH,695.33,696.06,0.105,RIGHT,2026-07-20,BACKFILL
2026-07-20,BTC,FLAT,-12.33,HIGH,65230.03,66505.12,1.955,WRONG,2026-07-21,BACKFILL
2026-07-20,GLD,HELD,-13.13,HIGH,367.6,374.81,1.961,RIGHT,2026-07-21,BACKFILL
2026-07-20,QQQ,LONG,7.11,HIGH,696.06,708.97,1.855,RIGHT,2026-07-21,BACKFILL
2026-07-21,BTC,FLAT,-10.41,HIGH,66505.12,66100.8,-0.608,RIGHT,2026-07-22,BACKFILL
2026-07-21,GLD,HELD,-11.4,HIGH,374.81,379.12,1.15,RIGHT,2026-07-22,BACKFILL
2026-07-21,QQQ,LONG,9.01,HIGH,708.97,705.35,-0.511,WRONG,2026-07-22,BACKFILL
2026-07-22,BTC,FLAT,-10.76,HIGH,66100.8,65044.81,-1.598,RIGHT,2026-07-23,BACKFILL
2026-07-22,GLD,HELD,-10.36,HIGH,379.12,371.52,-2.005,WRONG,2026-07-23,BACKFILL
2026-07-22,QQQ,LONG,8.34,HIGH,705.35,691.96,-1.898,WRONG,2026-07-23,BACKFILL
2026-07-23,BTC,FLAT,-12.02,HIGH,65044.81,64098.5,-1.455,RIGHT,2026-07-24,BACKFILL
2026-07-23,GLD,HELD,-12.12,HIGH,371.52,371.9,0.102,RIGHT,2026-07-24,BACKFILL
2026-07-23,QQQ,LONG,6.2,HIGH,691.96,684.23,-1.117,WRONG,2026-07-24,BACKFILL
2026-07-24,BTC,FLAT,-13.11,HIGH,64098.5,63724.9,-0.583,RIGHT,2026-07-27,BACKFILL
2026-07-24,GLD,HELD,-12.0,HIGH,371.9,374.63,0.734,RIGHT,2026-07-27,BACKFILL
2026-07-24,QQQ,LONG,4.93,MEDIUM,684.23,682.12,-0.308,WRONG,2026-07-27,BACKFILL
2026-07-27,BTC,FLAT,-13.44,HIGH,63724.9,63871.36,0.23,WRONG,2026-07-28,BACKFILL
2026-07-27,GLD,HELD,-11.32,HIGH,374.63,369.37,-1.404,WRONG,2026-07-28,BACKFILL
2026-07-27,QQQ,LONG,4.52,MEDIUM,682.12,675.49,-0.972,WRONG,2026-07-28,BACKFILL
2026-07-28,BTC,FLAT,-13.08,HIGH,63871.36,63908.17,0.058,WRONG,2026-07-29,BACKFILL
2026-07-28,GLD,HELD,-12.52,HIGH,369.37,371.08,0.463,RIGHT,2026-07-29,BACKFILL
2026-07-28,QQQ,LONG,3.43,MEDIUM,675.49,661.73,-2.037,WRONG,2026-07-29,BACKFILL
2026-07-29,BTC,FLAT,-12.83,HIGH,63908.17,64725.31,1.279,WRONG,2026-07-30,BACKFILL
2026-07-29,GLD,HELD,-12.08,HIGH,371.08,377.16,1.638,RIGHT,2026-07-30,BACKFILL
2026-07-29,QQQ,LONG,1.27,LOW,661.73,683.55,3.297,RIGHT,2026-07-30,BACKFILL
2026-07-30,BTC,FLAT,-11.53,HIGH,64725.31,62813.75,-2.953,RIGHT,2026-07-31,BACKFILL
2026-07-30,GLD,HELD,-10.6,HIGH,377.16,371.54,-1.49,WRONG,2026-07-31,BACKFILL
2026-07-30,QQQ,LONG,4.54,MEDIUM,683.55,687.99,0.65,RIGHT,2026-07-31,BACKFILL
2026-07-31,BTC,FLAT,-13.95,HIGH,62813.75,63460.9,1.03,WRONG,2026-08-03,BACKFILL
2026-07-31,GLD,HELD,-11.87,HIGH,371.54,371.71,0.046,RIGHT,2026-08-03,BACKFILL
2026-07-31,QQQ,LONG,5.15,HIGH,687.99,700.07,1.756,RIGHT,2026-08-03,BACKFILL
2026-08-03,BTC,FLAT,-12.87,HIGH,63460.9,64055.95,0.938,WRONG,2026-08-04,BACKFILL
2026-08-03,GLD,HELD,-11.77,HIGH,371.71,374.16,0.659,RIGHT,2026-08-04,BACKFILL
2026-08-03,QQQ,LONG,6.91,HIGH,700.07,723.85,3.397,RIGHT,2026-08-04,BACKFILL
2026-08-04,BTC,FLAT,-11.87,HIGH,64055.95,64597.5,0.845,WRONG,2026-08-05,BACKFILL
2026-08-04,GLD,HELD,-11.13,HIGH,374.16,389.64,4.137,RIGHT,2026-08-05,BACKFILL
2026-08-04,QQQ,LONG,10.43,HIGH,723.85,717.3,-0.905,WRONG,2026-08-05,BACKFILL
2026-08-05,BTC,FLAT,-10.94,HIGH,64597.5,64262.11,-0.519,RIGHT,2026-08-06,BACKFILL
2026-08-05,GLD,HELD,-7.44,HIGH,389.64,389.67,0.008,RIGHT,2026-08-06,BACKFILL
2026-08-05,QQQ,LONG,9.32,HIGH,717.3,714.65,-0.369,WRONG,2026-08-06,BACKFILL
2026-08-06,BTC,FLAT,-11.2,HIGH,64262.11,64880.19,0.962,WRONG,2026-08-07,BACKFILL
2026-08-06,GLD,HELD,-7.42,HIGH,389.67,398.47,2.258,RIGHT,2026-08-07,BACKFILL
2026-08-06,QQQ,LONG,8.81,HIGH,714.65,723.03,1.173,RIGHT,2026-08-07,BACKFILL
2026-08-07,BTC,FLAT,-10.16,HIGH,64880.19,63910.59,-1.494,RIGHT,2026-08-10,BACKFILL
2026-08-07,GLD,HELD,-5.33,HIGH,398.47,402.54,1.021,RIGHT,2026-08-10,BACKFILL
2026-08-07,QQQ,LONG,9.96,HIGH,723.03,720.87,-0.299,WRONG,2026-08-10,BACKFILL
2026-08-10,BTC,FLAT,-11.29,HIGH,63910.59,63551.88,-0.561,RIGHT,2026-08-11,BACKFILL
2026-08-10,GLD,HELD,-4.37,MEDIUM,402.54,400.96,-0.393,WRONG,2026-08-11,BACKFILL
2026-08-10,QQQ,LONG,9.51,HIGH,720.87,718.45,-0.336,WRONG,2026-08-11,BACKFILL
2026-08-11,BTC,FLAT,-11.54,HIGH,63551.88,63402.43,-0.235,RIGHT,2026-08-12,BACKFILL
2026-08-11,GLD,HELD,-4.74,MEDIUM,400.96,404.92,0.988,RIGHT,2026-08-12,BACKFILL
2026-08-11,QQQ,LONG,9.03,HIGH,718.45,723.7,0.731,RIGHT,2026-08-12,BACKFILL
2026-08-12,BTC,FLAT,-11.5,HIGH,63402.43,63402.17,-0.0,RIGHT,2026-08-13,BACKFILL
2026-08-12,GLD,HELD,-3.78,MEDIUM,404.92,398.96,-1.472,WRONG,2026-08-13,BACKFILL
2026-08-12,QQQ,LONG,9.72,HIGH,723.7,732.07,1.157,RIGHT,2026-08-13,BACKFILL
2026-08-13,BTC,FLAT,-11.27,HIGH,63402.17,62975.59,-0.673,RIGHT,2026-08-14,BACKFILL
2026-08-13,GLD,HELD,-5.18,HIGH,398.96,401.48,0.632,RIGHT,2026-08-14,BACKFILL
2026-08-13,QQQ,LONG,10.86,HIGH,732.07,731.07,-0.137,WRONG,2026-08-14,BACKFILL
2026-08-14,BTC,FLAT,-11.63,HIGH,62975.59,64506.25,2.431,WRONG,2026-08-17,BACKFILL
2026-08-14,GLD,HELD,-4.57,MEDIUM,401.48,405.49,0.999,RIGHT,2026-08-17,BACKFILL
2026-08-14,QQQ,LONG,10.59,HIGH,731.07,729.87,-0.164,WRONG,2026-08-17,BACKFILL
2026-08-17,BTC,FLAT,-9.26,HIGH,64506.25,64680.71,0.27,WRONG,2026-08-18,BACKFILL
2026-08-17,GLD,HELD,-3.6,MEDIUM,405.49,398.55,-1.712,WRONG,2026-08-18,BACKFILL
2026-08-17,QQQ,LONG,10.29,HIGH,729.87,717.51,-1.693,WRONG,2026-08-18,BACKFILL
2026-08-18,BTC,FLAT,-8.79,HIGH,64680.71,69266.19,7.089,WRONG,2026-08-19,BACKFILL
2026-08-18,GLD,HELD,-5.22,HIGH,398.55,413.84,3.836,RIGHT,2026-08-19,BACKFILL
2026-08-18,QQQ,LONG,8.32,HIGH,717.51,716.08,-0.199,WRONG,2026-08-19,BACKFILL
2026-08-19,BTC,FLAT,-2.09,MEDIUM,69266.19,73032.76,5.438,WRONG,2026-08-20,BACKFILL
2026-08-19,GLD,HELD,-1.57,LOW,413.84,415.26,0.343,RIGHT,2026-08-20,BACKFILL
2026-08-19,QQQ,LONG,8.01,HIGH,716.08,710.93,-0.719,WRONG,2026-08-20,BACKFILL
2026-08-20,BTC,LONG,3.47,MEDIUM,73032.76,78335.19,7.26,RIGHT,2026-08-21,BACKFILL
2026-08-20,GLD,HELD,-1.22,LOW,415.26,423.36,1.951,RIGHT,2026-08-21,BACKFILL
2026-08-20,QQQ,LONG,7.13,HIGH,710.93,713.44,0.353,RIGHT,2026-08-21,BACKFILL
2026-08-21,BTC,LONG,11.16,HIGH,78335.19,78964.48,0.803,RIGHT,2026-08-24,BACKFILL
2026-08-21,GLD,HELD,0.71,LOW,423.36,426.69,0.787,RIGHT,2026-08-24,BACKFILL
2026-08-21,QQQ,LONG,7.41,HIGH,713.44,706.32,-0.998,WRONG,2026-08-24,BACKFILL
2026-08-24,BTC,LONG,12.23,HIGH,78964.48,78564.98,-0.506,WRONG,2026-08-25,BACKFILL
2026-08-24,GLD,HELD,1.49,LOW,426.69,428.07,0.323,RIGHT,2026-08-25,BACKFILL
2026-08-24,QQQ,LONG,6.24,HIGH,706.32,710.72,0.623,RIGHT,2026-08-25,BACKFILL
2026-08-25,BTC,LONG,11.77,HIGH,78564.98,79027.42,0.589,RIGHT,2026-08-26,BACKFILL
2026-08-25,GLD,HELD,1.84,LOW,428.07,421.32,-1.577,WRONG,2026-08-26,BACKFILL
2026-08-25,QQQ,LONG,6.79,HIGH,710.72,711.37,0.091,RIGHT,2026-08-26,BACKFILL
2026-08-26,BTC,LONG,12.54,HIGH,79027.42,80257.54,1.557,RIGHT,2026-08-27,BACKFILL
2026-08-26,GLD,HELD,0.27,LOW,421.32,422.6,0.304,RIGHT,2026-08-27,BACKFILL
2026-08-26,QQQ,LONG,6.79,HIGH,711.37,721.11,1.369,RIGHT,2026-08-27,BACKFILL
2026-08-27,BTC,LONG,14.39,HIGH,80257.54,77830.29,-3.024,WRONG,2026-08-28,BACKFILL
2026-08-27,GLD,HELD,0.62,LOW,422.6,408.89,-3.244,WRONG,2026-08-28,BACKFILL
2026-08-27,QQQ,LONG,8.14,HIGH,721.11,716.43,-0.649,WRONG,2026-08-28,BACKFILL
2026-08-28,BTC,LONG,11.05,HIGH,77830.29,78548.63,0.923,RIGHT,2026-08-31,BACKFILL
2026-08-28,GLD,HELD,-2.57,MEDIUM,408.89,408.42,-0.115,WRONG,2026-08-31,BACKFILL
2026-08-28,QQQ,LONG,7.33,HIGH,716.43,716.76,0.046,RIGHT,2026-08-31,BACKFILL
2026-08-31,BTC,LONG,12.18,HIGH,78548.63,77403.62,-1.458,WRONG,2026-09-01,BACKFILL
2026-08-31,GLD,HELD,-2.59,MEDIUM,408.42,396.75,-2.857,WRONG,2026-09-01,BACKFILL
2026-08-31,QQQ,LONG,7.28,HIGH,716.76,707.64,-1.272,WRONG,2026-09-01,BACKFILL
2026-09-01,BTC,LONG,10.67,HIGH,77403.62,77300.48,-0.133,WRONG,2026-09-02,BACKFILL
2026-09-01,GLD,HELD,-5.26,HIGH,396.75,402.78,1.52,RIGHT,2026-09-02,BACKFILL
2026-09-01,QQQ,LONG,5.84,HIGH,707.64,709.24,0.226,RIGHT,2026-09-02,BACKFILL
2026-09-02,BTC,LONG,10.65,HIGH,77300.48,81271.74,5.137,RIGHT,2026-09-03,BACKFILL
2026-09-02,GLD,HELD,-3.68,MEDIUM,402.78,410.22,1.847,RIGHT,2026-09-03,BACKFILL
2026-09-02,QQQ,LONG,5.99,HIGH,709.24,717.67,1.189,RIGHT,2026-09-03,BACKFILL
2026-09-03,BTC,LONG,16.37,HIGH,81271.74,79671.97,-1.968,WRONG,2026-09-04,BACKFILL
2026-09-03,GLD,HELD,-1.76,LOW,410.22,406.77,-0.841,WRONG,2026-09-04,BACKFILL
2026-09-03,QQQ,LONG,7.16,HIGH,717.67,718.96,0.18,RIGHT,2026-09-04,BACKFILL
2026-09-04,BTC,LONG,14.12,HIGH,79671.97,78438.58,-1.548,WRONG,2026-09-08,BACKFILL
2026-09-04,GLD,HELD,-2.53,MEDIUM,406.77,399.72,-1.733,WRONG,2026-09-08,BACKFILL
2026-09-04,QQQ,LONG,7.25,HIGH,718.96,718.36,-0.083,WRONG,2026-09-08,BACKFILL
2026-09-08,BTC,LONG,12.36,HIGH,78438.58,78288.6,-0.191,WRONG,2026-09-09,BACKFILL
2026-09-08,GLD,HELD,-4.18,MEDIUM,399.72,403.35,0.908,RIGHT,2026-09-09,BACKFILL
2026-09-08,QQQ,LONG,7.06,HIGH,718.36,716.31,-0.285,WRONG,2026-09-09,BACKFILL
2026-09-09,BTC,LONG,11.56,HIGH,78288.6,76542.0,-2.231,WRONG,2026-09-10,LIVE
2026-09-09,GLD,HELD,-3.23,MEDIUM,403.35,396.36,-1.733,WRONG,2026-09-10,LIVE
2026-09-09,QQQ,LONG,6.64,HIGH,716.31,708.69,-1.064,WRONG,2026-09-10,LIVE
2026-09-10,BTC,LONG,9.05,HIGH,76542.0,77210.9,0.874,RIGHT,2026-09-11,LIVE
2026-09-10,GLD,HELD,-4.82,MEDIUM,396.36,398.77,0.608,RIGHT,2026-09-11,LIVE
2026-09-10,QQQ,LONG,5.4,HIGH,708.69,714.88,0.873,RIGHT,2026-09-11,LIVE
2026-09-11,BTC,LONG,9.97,HIGH,77210.9,,,,,LIVE
2026-09-11,GLD,HELD,-4.17,MEDIUM,398.77,,,,,LIVE
2026-09-11,QQQ,LONG,6.2,HIGH,714.88,,,,,LIVE
